matrix_index	peptide_length	backbone	source_path	tmalign_pdb_path	tsne_component_1	tsne_component_2	cluster	cluster_probability
0	8	length_08_macrocycle_08_0_model_0	/home/dkouv/work/tfr1-binder-design/experiments/007_RFD3_macrocycles/monomer_self_consistency/rfd3_backbones/length_08/length_08_macrocycle_08_0_model_0.cif.gz	/home/dkouv/work/tfr1-binder-design/experiments/007_RFD3_macrocycles/monomer_self_consistency/structural_tsne/tmalign_inputs/length_08_macrocycle_08_0_model_0.pdb	-27.491264	-1.7572536	10	0.98693067
1	8	length_08_macrocycle_08_0_model_1	/home/dkouv/work/tfr1-binder-design/experiments/007_RFD3_macrocycles/monomer_self_consistency/rfd3_backbones/length_08/length_08_macrocycle_08_0_model_1.cif.gz	/home/dkouv/work/tfr1-binder-design/experiments/007_RFD3_macrocycles/monomer_self_consistency/structural_tsne/tmalign_inputs/length_08_macrocycle_08_0_model_1.pdb	-48.04096	-9.083545	28	0.9855227
2	8	length_08_macrocycle_08_0_model_2	/home/dkouv/work/tfr1-binder-design/experiments/007_RFD3_macrocycles/monomer_self_consistency/rfd3_backbones/length_08/length_08_macrocycle_08_0_model_2.cif.gz	/home/dkouv/work/tfr1-binder-design/experiments/007_RFD3_macrocycles/monomer_self_consistency/structural_tsne/tmalign_inputs/length_08_macrocycle_08_0_model_2.pdb	-45.385284	12.152661	36	0.645816
3	8	length_08_macrocycle_08_0_model_3	/home/dkouv/work/tfr1-binder-design/experiments/007_RFD3_macrocycles/monomer_self_consistency/rfd3_backbones/length_08/length_08_macrocycle_08_0_model_3.cif.gz	/home/dkouv/work/tfr1-binder-design/experiments/007_RFD3_macrocycles/monomer_self_consistency/structural_tsne/tmalign_inputs/length_08_macrocycle_08_0_model_3.pdb	-39.220776	-6.6798124	35	0.97835743
4	8	length_08_macrocycle_08_0_model_4	/home/dkouv/work/tfr1-binder-design/experiments/007_RFD3_macrocycles/monomer_self_consistency/rfd3_backbones/length_08/length_08_macrocycle_08_0_model_4.cif.gz	/home/dkouv/work/tfr1-binder-design/experiments/007_RFD3_macrocycles/monomer_self_consistency/structural_tsne/tmalign_inputs/length_08_macrocycle_08_0_model_4.pdb	-39.973038	6.01175	31	0.98861355
5	8	length_08_macrocycle_08_0_model_5	/home/dkouv/work/tfr1-binder-design/experiments/007_RFD3_macrocycles/monomer_self_consistency/rfd3_backbones/length_08/length_08_macrocycle_08_0_model_5.cif.gz	/home/dkouv/work/tfr1-binder-design/experiments/007_RFD3_macrocycles/monomer_self_consistency/structural_tsne/tmalign_inputs/length_08_macrocycle_08_0_model_5.pdb	-28.749916	-1.4638146	10	0.97243994
6	8	length_08_macrocycle_08_0_model_6	/home/dkouv/work/tfr1-binder-design/experiments/007_RFD3_macrocycles/monomer_self_consistency/rfd3_backbones/length_08/length_08_macrocycle_08_0_model_6.cif.gz	/home/dkouv/work/tfr1-binder-design/experiments/007_RFD3_macrocycles/monomer_self_consistency/structural_tsne/tmalign_inputs/length_08_macrocycle_08_0_model_6.pdb	-33.984837	-13.336893	16	0.92370373
7	8	length_08_macrocycle_08_0_model_7	/home/dkouv/work/tfr1-binder-design/experiments/007_RFD3_macrocycles/monomer_self_consistency/rfd3_backbones/length_08/length_08_macrocycle_08_0_model_7.cif.gz	/home/dkouv/work/tfr1-binder-design/experiments/007_RFD3_macrocycles/monomer_self_consistency/structural_tsne/tmalign_inputs/length_08_macrocycle_08_0_model_7.pdb	-27.328175	-3.448995	10	0.9792957
8	8	length_08_macrocycle_08_0_model_8	/home/dkouv/work/tfr1-binder-design/experiments/007_RFD3_macrocycles/monomer_self_consistency/rfd3_backbones/length_08/length_08_macrocycle_08_0_model_8.cif.gz	/home/dkouv/work/tfr1-binder-design/experiments/007_RFD3_macrocycles/monomer_self_consistency/structural_tsne/tmalign_inputs/length_08_macrocycle_08_0_model_8.pdb	-46.76038	2.924391	4	0.98587
9	8	length_08_macrocycle_08_0_model_9	/home/dkouv/work/tfr1-binder-design/experiments/007_RFD3_macrocycles/monomer_self_consistency/rfd3_backbones/length_08/length_08_macrocycle_08_0_model_9.cif.gz	/home/dkouv/work/tfr1-binder-design/experiments/007_RFD3_macrocycles/monomer_self_consistency/structural_tsne/tmalign_inputs/length_08_macrocycle_08_0_model_9.pdb	-28.715193	10.786635	13	0.991761
10	8	length_08_macrocycle_08_0_model_10	/home/dkouv/work/tfr1-binder-design/experiments/007_RFD3_macrocycles/monomer_self_consistency/rfd3_backbones/length_08/length_08_macrocycle_08_0_model_10.cif.gz	/home/dkouv/work/tfr1-binder-design/experiments/007_RFD3_macrocycles/monomer_self_consistency/structural_tsne/tmalign_inputs/length_08_macrocycle_08_0_model_10.pdb	-27.312605	0.28259695	10	0.98148584
11	8	length_08_macrocycle_08_0_model_11	/home/dkouv/work/tfr1-binder-design/experiments/007_RFD3_macrocycles/monomer_self_consistency/rfd3_backbones/length_08/length_08_macrocycle_08_0_model_11.cif.gz	/home/dkouv/work/tfr1-binder-design/experiments/007_RFD3_macrocycles/monomer_self_consistency/structural_tsne/tmalign_inputs/length_08_macrocycle_08_0_model_11.pdb	-41.949387	11.426867	31	0.9975283
12	8	length_08_macrocycle_08_0_model_12	/home/dkouv/work/tfr1-binder-design/experiments/007_RFD3_macrocycles/monomer_self_consistency/rfd3_backbones/length_08/length_08_macrocycle_08_0_model_12.cif.gz	/home/dkouv/work/tfr1-binder-design/experiments/007_RFD3_macrocycles/monomer_self_consistency/structural_tsne/tmalign_inputs/length_08_macrocycle_08_0_model_12.pdb	-49.89707	-8.964944	28	0.9936667
13	8	length_08_macrocycle_08_0_model_13	/home/dkouv/work/tfr1-binder-design/experiments/007_RFD3_macrocycles/monomer_self_consistency/rfd3_backbones/length_08/length_08_macrocycle_08_0_model_13.cif.gz	/home/dkouv/work/tfr1-binder-design/experiments/007_RFD3_macrocycles/monomer_self_consistency/structural_tsne/tmalign_inputs/length_08_macrocycle_08_0_model_13.pdb	-28.564453	-1.2226471	10	0.97438616
14	8	length_08_macrocycle_08_0_model_14	/home/dkouv/work/tfr1-binder-design/experiments/007_RFD3_macrocycles/monomer_self_consistency/rfd3_backbones/length_08/length_08_macrocycle_08_0_model_14.cif.gz	/home/dkouv/work/tfr1-binder-design/experiments/007_RFD3_macrocycles/monomer_self_consistency/structural_tsne/tmalign_inputs/length_08_macrocycle_08_0_model_14.pdb	-35.392464	-10.712607	16	0.95087606
15	8	length_08_macrocycle_08_0_model_15	/home/dkouv/work/tfr1-binder-design/experiments/007_RFD3_macrocycles/monomer_self_consistency/rfd3_backbones/length_08/length_08_macrocycle_08_0_model_15.cif.gz	/home/dkouv/work/tfr1-binder-design/experiments/007_RFD3_macrocycles/monomer_self_consistency/structural_tsne/tmalign_inputs/length_08_macrocycle_08_0_model_15.pdb	-36.37547	0.6092724	35	0.5112427
16	8	length_08_macrocycle_08_0_model_16	/home/dkouv/work/tfr1-binder-design/experiments/007_RFD3_macrocycles/monomer_self_consistency/rfd3_backbones/length_08/length_08_macrocycle_08_0_model_16.cif.gz	/home/dkouv/work/tfr1-binder-design/experiments/007_RFD3_macrocycles/monomer_self_consistency/structural_tsne/tmalign_inputs/length_08_macrocycle_08_0_model_16.pdb	-31.99575	12.78743	13	0.9912174
17	8	length_08_macrocycle_08_0_model_17	/home/dkouv/work/tfr1-binder-design/experiments/007_RFD3_macrocycles/monomer_self_consistency/rfd3_backbones/length_08/length_08_macrocycle_08_0_model_17.cif.gz	/home/dkouv/work/tfr1-binder-design/experiments/007_RFD3_macrocycles/monomer_self_consistency/structural_tsne/tmalign_inputs/length_08_macrocycle_08_0_model_17.pdb	-45.8858	2.0068626	4	0.9751857
18	8	length_08_macrocycle_08_0_model_18	/home/dkouv/work/tfr1-binder-design/experiments/007_RFD3_macrocycles/monomer_self_consistency/rfd3_backbones/length_08/length_08_macrocycle_08_0_model_18.cif.gz	/home/dkouv/work/tfr1-binder-design/experiments/007_RFD3_macrocycles/monomer_self_consistency/structural_tsne/tmalign_inputs/length_08_macrocycle_08_0_model_18.pdb	-49.120747	12.978478	36	0.984165
19	8	length_08_macrocycle_08_0_model_19	/home/dkouv/work/tfr1-binder-design/experiments/007_RFD3_macrocycles/monomer_self_consistency/rfd3_backbones/length_08/length_08_macrocycle_08_0_model_19.cif.gz	/home/dkouv/work/tfr1-binder-design/experiments/007_RFD3_macrocycles/monomer_self_consistency/structural_tsne/tmalign_inputs/length_08_macrocycle_08_0_model_19.pdb	-33.522015	-12.150325	16	0.8007217
20	8	length_08_macrocycle_08_0_model_20	/home/dkouv/work/tfr1-binder-design/experiments/007_RFD3_macrocycles/monomer_self_consistency/rfd3_backbones/length_08/length_08_macrocycle_08_0_model_20.cif.gz	/home/dkouv/work/tfr1-binder-design/experiments/007_RFD3_macrocycles/monomer_self_consistency/structural_tsne/tmalign_inputs/length_08_macrocycle_08_0_model_20.pdb	-40.140274	-10.159415	35	0.5384552
21	8	length_08_macrocycle_08_0_model_21	/home/dkouv/work/tfr1-binder-design/experiments/007_RFD3_macrocycles/monomer_self_consistency/rfd3_backbones/length_08/length_08_macrocycle_08_0_model_21.cif.gz	/home/dkouv/work/tfr1-binder-design/experiments/007_RFD3_macrocycles/monomer_self_consistency/structural_tsne/tmalign_inputs/length_08_macrocycle_08_0_model_21.pdb	-30.42965	4.394605	35	0.95567924
22	8	length_08_macrocycle_08_0_model_22	/home/dkouv/work/tfr1-binder-design/experiments/007_RFD3_macrocycles/monomer_self_consistency/rfd3_backbones/length_08/length_08_macrocycle_08_0_model_22.cif.gz	/home/dkouv/work/tfr1-binder-design/experiments/007_RFD3_macrocycles/monomer_self_consistency/structural_tsne/tmalign_inputs/length_08_macrocycle_08_0_model_22.pdb	-31.270607	-2.3901072	35	0.5591807
23	8	length_08_macrocycle_08_0_model_23	/home/dkouv/work/tfr1-binder-design/experiments/007_RFD3_macrocycles/monomer_self_consistency/rfd3_backbones/length_08/length_08_macrocycle_08_0_model_23.cif.gz	/home/dkouv/work/tfr1-binder-design/experiments/007_RFD3_macrocycles/monomer_self_consistency/structural_tsne/tmalign_inputs/length_08_macrocycle_08_0_model_23.pdb	-26.68462	-8.14685	37	0.9991745
24	8	length_08_macrocycle_08_0_model_24	/home/dkouv/work/tfr1-binder-design/experiments/007_RFD3_macrocycles/monomer_self_consistency/rfd3_backbones/length_08/length_08_macrocycle_08_0_model_24.cif.gz	/home/dkouv/work/tfr1-binder-design/experiments/007_RFD3_macrocycles/monomer_self_consistency/structural_tsne/tmalign_inputs/length_08_macrocycle_08_0_model_24.pdb	-46.115707	-9.560543	28	0.93851537
25	8	length_08_macrocycle_08_0_model_25	/home/dkouv/work/tfr1-binder-design/experiments/007_RFD3_macrocycles/monomer_self_consistency/rfd3_backbones/length_08/length_08_macrocycle_08_0_model_25.cif.gz	/home/dkouv/work/tfr1-binder-design/experiments/007_RFD3_macrocycles/monomer_self_consistency/structural_tsne/tmalign_inputs/length_08_macrocycle_08_0_model_25.pdb	-31.389462	-7.8068614	10	0.89249253
26	8	length_08_macrocycle_08_0_model_26	/home/dkouv/work/tfr1-binder-design/experiments/007_RFD3_macrocycles/monomer_self_consistency/rfd3_backbones/length_08/length_08_macrocycle_08_0_model_26.cif.gz	/home/dkouv/work/tfr1-binder-design/experiments/007_RFD3_macrocycles/monomer_self_consistency/structural_tsne/tmalign_inputs/length_08_macrocycle_08_0_model_26.pdb	-45.75962	0.8876263	4	0.9835875
27	8	length_08_macrocycle_08_0_model_27	/home/dkouv/work/tfr1-binder-design/experiments/007_RFD3_macrocycles/monomer_self_consistency/rfd3_backbones/length_08/length_08_macrocycle_08_0_model_27.cif.gz	/home/dkouv/work/tfr1-binder-design/experiments/007_RFD3_macrocycles/monomer_self_consistency/structural_tsne/tmalign_inputs/length_08_macrocycle_08_0_model_27.pdb	-39.064667	-9.556344	35	0.5463341
28	8	length_08_macrocycle_08_0_model_28	/home/dkouv/work/tfr1-binder-design/experiments/007_RFD3_macrocycles/monomer_self_consistency/rfd3_backbones/length_08/length_08_macrocycle_08_0_model_28.cif.gz	/home/dkouv/work/tfr1-binder-design/experiments/007_RFD3_macrocycles/monomer_self_consistency/structural_tsne/tmalign_inputs/length_08_macrocycle_08_0_model_28.pdb	-34.069386	11.967483	13	0.9978003
29	8	length_08_macrocycle_08_0_model_29	/home/dkouv/work/tfr1-binder-design/experiments/007_RFD3_macrocycles/monomer_self_consistency/rfd3_backbones/length_08/length_08_macrocycle_08_0_model_29.cif.gz	/home/dkouv/work/tfr1-binder-design/experiments/007_RFD3_macrocycles/monomer_self_consistency/structural_tsne/tmalign_inputs/length_08_macrocycle_08_0_model_29.pdb	-33.00445	-12.000421	16	0.62725234
30	8	length_08_macrocycle_08_0_model_30	/home/dkouv/work/tfr1-binder-design/experiments/007_RFD3_macrocycles/monomer_self_consistency/rfd3_backbones/length_08/length_08_macrocycle_08_0_model_30.cif.gz	/home/dkouv/work/tfr1-binder-design/experiments/007_RFD3_macrocycles/monomer_self_consistency/structural_tsne/tmalign_inputs/length_08_macrocycle_08_0_model_30.pdb	-36.368263	0.6977106	35	0.5028026
31	8	length_08_macrocycle_08_0_model_31	/home/dkouv/work/tfr1-binder-design/experiments/007_RFD3_macrocycles/monomer_self_consistency/rfd3_backbones/length_08/length_08_macrocycle_08_0_model_31.cif.gz	/home/dkouv/work/tfr1-binder-design/experiments/007_RFD3_macrocycles/monomer_self_consistency/structural_tsne/tmalign_inputs/length_08_macrocycle_08_0_model_31.pdb	-39.302296	-3.330782	35	0.8974244
32	8	length_08_macrocycle_08_0_model_32	/home/dkouv/work/tfr1-binder-design/experiments/007_RFD3_macrocycles/monomer_self_consistency/rfd3_backbones/length_08/length_08_macrocycle_08_0_model_32.cif.gz	/home/dkouv/work/tfr1-binder-design/experiments/007_RFD3_macrocycles/monomer_self_consistency/structural_tsne/tmalign_inputs/length_08_macrocycle_08_0_model_32.pdb	-29.4657	-2.5604928	10	0.96430755
33	8	length_08_macrocycle_08_0_model_33	/home/dkouv/work/tfr1-binder-design/experiments/007_RFD3_macrocycles/monomer_self_consistency/rfd3_backbones/length_08/length_08_macrocycle_08_0_model_33.cif.gz	/home/dkouv/work/tfr1-binder-design/experiments/007_RFD3_macrocycles/monomer_self_consistency/structural_tsne/tmalign_inputs/length_08_macrocycle_08_0_model_33.pdb	-46.86586	0.67656016	4	0.995908
34	8	length_08_macrocycle_08_0_model_34	/home/dkouv/work/tfr1-binder-design/experiments/007_RFD3_macrocycles/monomer_self_consistency/rfd3_backbones/length_08/length_08_macrocycle_08_0_model_34.cif.gz	/home/dkouv/work/tfr1-binder-design/experiments/007_RFD3_macrocycles/monomer_self_consistency/structural_tsne/tmalign_inputs/length_08_macrocycle_08_0_model_34.pdb	-47.82756	12.710652	36	0.99468786
35	8	length_08_macrocycle_08_0_model_35	/home/dkouv/work/tfr1-binder-design/experiments/007_RFD3_macrocycles/monomer_self_consistency/rfd3_backbones/length_08/length_08_macrocycle_08_0_model_35.cif.gz	/home/dkouv/work/tfr1-binder-design/experiments/007_RFD3_macrocycles/monomer_self_consistency/structural_tsne/tmalign_inputs/length_08_macrocycle_08_0_model_35.pdb	-39.485203	5.826588	31	0.98276806
36	8	length_08_macrocycle_08_0_model_36	/home/dkouv/work/tfr1-binder-design/experiments/007_RFD3_macrocycles/monomer_self_consistency/rfd3_backbones/length_08/length_08_macrocycle_08_0_model_36.cif.gz	/home/dkouv/work/tfr1-binder-design/experiments/007_RFD3_macrocycles/monomer_self_consistency/structural_tsne/tmalign_inputs/length_08_macrocycle_08_0_model_36.pdb	-40.08331	7.8288865	31	0.9968074
37	8	length_08_macrocycle_08_0_model_37	/home/dkouv/work/tfr1-binder-design/experiments/007_RFD3_macrocycles/monomer_self_consistency/rfd3_backbones/length_08/length_08_macrocycle_08_0_model_37.cif.gz	/home/dkouv/work/tfr1-binder-design/experiments/007_RFD3_macrocycles/monomer_self_consistency/structural_tsne/tmalign_inputs/length_08_macrocycle_08_0_model_37.pdb	-31.248737	-4.356708	10	0.8196973
38	8	length_08_macrocycle_08_0_model_38	/home/dkouv/work/tfr1-binder-design/experiments/007_RFD3_macrocycles/monomer_self_consistency/rfd3_backbones/length_08/length_08_macrocycle_08_0_model_38.cif.gz	/home/dkouv/work/tfr1-binder-design/experiments/007_RFD3_macrocycles/monomer_self_consistency/structural_tsne/tmalign_inputs/length_08_macrocycle_08_0_model_38.pdb	-37.484596	2.451346	31	0.75906116
39	8	length_08_macrocycle_08_0_model_39	/home/dkouv/work/tfr1-binder-design/experiments/007_RFD3_macrocycles/monomer_self_consistency/rfd3_backbones/length_08/length_08_macrocycle_08_0_model_39.cif.gz	/home/dkouv/work/tfr1-binder-design/experiments/007_RFD3_macrocycles/monomer_self_consistency/structural_tsne/tmalign_inputs/length_08_macrocycle_08_0_model_39.pdb	-31.456179	-4.1597834	10	0.70153695
40	8	length_08_macrocycle_08_0_model_40	/home/dkouv/work/tfr1-binder-design/experiments/007_RFD3_macrocycles/monomer_self_consistency/rfd3_backbones/length_08/length_08_macrocycle_08_0_model_40.cif.gz	/home/dkouv/work/tfr1-binder-design/experiments/007_RFD3_macrocycles/monomer_self_consistency/structural_tsne/tmalign_inputs/length_08_macrocycle_08_0_model_40.pdb	-48.06778	12.900905	36	0.9951998
41	8	length_08_macrocycle_08_0_model_41	/home/dkouv/work/tfr1-binder-design/experiments/007_RFD3_macrocycles/monomer_self_consistency/rfd3_backbones/length_08/length_08_macrocycle_08_0_model_41.cif.gz	/home/dkouv/work/tfr1-binder-design/experiments/007_RFD3_macrocycles/monomer_self_consistency/structural_tsne/tmalign_inputs/length_08_macrocycle_08_0_model_41.pdb	-28.743813	-12.287317	37	0.9852929
42	8	length_08_macrocycle_08_0_model_42	/home/dkouv/work/tfr1-binder-design/experiments/007_RFD3_macrocycles/monomer_self_consistency/rfd3_backbones/length_08/length_08_macrocycle_08_0_model_42.cif.gz	/home/dkouv/work/tfr1-binder-design/experiments/007_RFD3_macrocycles/monomer_self_consistency/structural_tsne/tmalign_inputs/length_08_macrocycle_08_0_model_42.pdb	-42.995663	1.429336	31	0.55636996
43	8	length_08_macrocycle_08_0_model_43	/home/dkouv/work/tfr1-binder-design/experiments/007_RFD3_macrocycles/monomer_self_consistency/rfd3_backbones/length_08/length_08_macrocycle_08_0_model_43.cif.gz	/home/dkouv/work/tfr1-binder-design/experiments/007_RFD3_macrocycles/monomer_self_consistency/structural_tsne/tmalign_inputs/length_08_macrocycle_08_0_model_43.pdb	-43.643997	-10.0834	28	0.48350525
44	8	length_08_macrocycle_08_0_model_44	/home/dkouv/work/tfr1-binder-design/experiments/007_RFD3_macrocycles/monomer_self_consistency/rfd3_backbones/length_08/length_08_macrocycle_08_0_model_44.cif.gz	/home/dkouv/work/tfr1-binder-design/experiments/007_RFD3_macrocycles/monomer_self_consistency/structural_tsne/tmalign_inputs/length_08_macrocycle_08_0_model_44.pdb	-42.098473	4.8919816	31	0.9763312
45	8	length_08_macrocycle_08_0_model_45	/home/dkouv/work/tfr1-binder-design/experiments/007_RFD3_macrocycles/monomer_self_consistency/rfd3_backbones/length_08/length_08_macrocycle_08_0_model_45.cif.gz	/home/dkouv/work/tfr1-binder-design/experiments/007_RFD3_macrocycles/monomer_self_consistency/structural_tsne/tmalign_inputs/length_08_macrocycle_08_0_model_45.pdb	-33.125896	11.725136	13	0.9986387
46	8	length_08_macrocycle_08_0_model_46	/home/dkouv/work/tfr1-binder-design/experiments/007_RFD3_macrocycles/monomer_self_consistency/rfd3_backbones/length_08/length_08_macrocycle_08_0_model_46.cif.gz	/home/dkouv/work/tfr1-binder-design/experiments/007_RFD3_macrocycles/monomer_self_consistency/structural_tsne/tmalign_inputs/length_08_macrocycle_08_0_model_46.pdb	-37.604565	-10.234869	16	0.82343733
47	8	length_08_macrocycle_08_0_model_47	/home/dkouv/work/tfr1-binder-design/experiments/007_RFD3_macrocycles/monomer_self_consistency/rfd3_backbones/length_08/length_08_macrocycle_08_0_model_47.cif.gz	/home/dkouv/work/tfr1-binder-design/experiments/007_RFD3_macrocycles/monomer_self_consistency/structural_tsne/tmalign_inputs/length_08_macrocycle_08_0_model_47.pdb	-48.820183	-8.648107	28	0.9906191
48	8	length_08_macrocycle_08_0_model_48	/home/dkouv/work/tfr1-binder-design/experiments/007_RFD3_macrocycles/monomer_self_consistency/rfd3_backbones/length_08/length_08_macrocycle_08_0_model_48.cif.gz	/home/dkouv/work/tfr1-binder-design/experiments/007_RFD3_macrocycles/monomer_self_consistency/structural_tsne/tmalign_inputs/length_08_macrocycle_08_0_model_48.pdb	-40.004066	-7.198711	35	0.9688349
49	8	length_08_macrocycle_08_0_model_49	/home/dkouv/work/tfr1-binder-design/experiments/007_RFD3_macrocycles/monomer_self_consistency/rfd3_backbones/length_08/length_08_macrocycle_08_0_model_49.cif.gz	/home/dkouv/work/tfr1-binder-design/experiments/007_RFD3_macrocycles/monomer_self_consistency/structural_tsne/tmalign_inputs/length_08_macrocycle_08_0_model_49.pdb	-48.07774	13.375118	36	0.99584913
50	8	length_08_macrocycle_08_0_model_50	/home/dkouv/work/tfr1-binder-design/experiments/007_RFD3_macrocycles/monomer_self_consistency/rfd3_backbones/length_08/length_08_macrocycle_08_0_model_50.cif.gz	/home/dkouv/work/tfr1-binder-design/experiments/007_RFD3_macrocycles/monomer_self_consistency/structural_tsne/tmalign_inputs/length_08_macrocycle_08_0_model_50.pdb	-29.472645	-4.2572722	10	0.982315
51	8	length_08_macrocycle_08_0_model_51	/home/dkouv/work/tfr1-binder-design/experiments/007_RFD3_macrocycles/monomer_self_consistency/rfd3_backbones/length_08/length_08_macrocycle_08_0_model_51.cif.gz	/home/dkouv/work/tfr1-binder-design/experiments/007_RFD3_macrocycles/monomer_self_consistency/structural_tsne/tmalign_inputs/length_08_macrocycle_08_0_model_51.pdb	-27.622854	-9.005921	37	0.9985015
52	8	length_08_macrocycle_08_0_model_52	/home/dkouv/work/tfr1-binder-design/experiments/007_RFD3_macrocycles/monomer_self_consistency/rfd3_backbones/length_08/length_08_macrocycle_08_0_model_52.cif.gz	/home/dkouv/work/tfr1-binder-design/experiments/007_RFD3_macrocycles/monomer_self_consistency/structural_tsne/tmalign_inputs/length_08_macrocycle_08_0_model_52.pdb	-48.12349	13.83688	36	0.99548835
53	8	length_08_macrocycle_08_0_model_53	/home/dkouv/work/tfr1-binder-design/experiments/007_RFD3_macrocycles/monomer_self_consistency/rfd3_backbones/length_08/length_08_macrocycle_08_0_model_53.cif.gz	/home/dkouv/work/tfr1-binder-design/experiments/007_RFD3_macrocycles/monomer_self_consistency/structural_tsne/tmalign_inputs/length_08_macrocycle_08_0_model_53.pdb	-33.85357	6.017298	35	0.53738356
54	8	length_08_macrocycle_08_0_model_54	/home/dkouv/work/tfr1-binder-design/experiments/007_RFD3_macrocycles/monomer_self_consistency/rfd3_backbones/length_08/length_08_macrocycle_08_0_model_54.cif.gz	/home/dkouv/work/tfr1-binder-design/experiments/007_RFD3_macrocycles/monomer_self_consistency/structural_tsne/tmalign_inputs/length_08_macrocycle_08_0_model_54.pdb	-39.69753	10.828551	31	0.9786786
55	8	length_08_macrocycle_08_0_model_55	/home/dkouv/work/tfr1-binder-design/experiments/007_RFD3_macrocycles/monomer_self_consistency/rfd3_backbones/length_08/length_08_macrocycle_08_0_model_55.cif.gz	/home/dkouv/work/tfr1-binder-design/experiments/007_RFD3_macrocycles/monomer_self_consistency/structural_tsne/tmalign_inputs/length_08_macrocycle_08_0_model_55.pdb	-37.989677	2.8777037	31	0.8276242
56	8	length_08_macrocycle_08_0_model_56	/home/dkouv/work/tfr1-binder-design/experiments/007_RFD3_macrocycles/monomer_self_consistency/rfd3_backbones/length_08/length_08_macrocycle_08_0_model_56.cif.gz	/home/dkouv/work/tfr1-binder-design/experiments/007_RFD3_macrocycles/monomer_self_consistency/structural_tsne/tmalign_inputs/length_08_macrocycle_08_0_model_56.pdb	-43.117546	-2.3425405	4	0.63454425
57	8	length_08_macrocycle_08_0_model_57	/home/dkouv/work/tfr1-binder-design/experiments/007_RFD3_macrocycles/monomer_self_consistency/rfd3_backbones/length_08/length_08_macrocycle_08_0_model_57.cif.gz	/home/dkouv/work/tfr1-binder-design/experiments/007_RFD3_macrocycles/monomer_self_consistency/structural_tsne/tmalign_inputs/length_08_macrocycle_08_0_model_57.pdb	-46.463634	-9.684912	28	0.95566607
58	8	length_08_macrocycle_08_0_model_58	/home/dkouv/work/tfr1-binder-design/experiments/007_RFD3_macrocycles/monomer_self_consistency/rfd3_backbones/length_08/length_08_macrocycle_08_0_model_58.cif.gz	/home/dkouv/work/tfr1-binder-design/experiments/007_RFD3_macrocycles/monomer_self_consistency/structural_tsne/tmalign_inputs/length_08_macrocycle_08_0_model_58.pdb	-26.316578	2.0593164	10	0.9782833
59	8	length_08_macrocycle_08_0_model_59	/home/dkouv/work/tfr1-binder-design/experiments/007_RFD3_macrocycles/monomer_self_consistency/rfd3_backbones/length_08/length_08_macrocycle_08_0_model_59.cif.gz	/home/dkouv/work/tfr1-binder-design/experiments/007_RFD3_macrocycles/monomer_self_consistency/structural_tsne/tmalign_inputs/length_08_macrocycle_08_0_model_59.pdb	-32.33404	-10.122463	10	0.4789302
60	8	length_08_macrocycle_08_0_model_60	/home/dkouv/work/tfr1-binder-design/experiments/007_RFD3_macrocycles/monomer_self_consistency/rfd3_backbones/length_08/length_08_macrocycle_08_0_model_60.cif.gz	/home/dkouv/work/tfr1-binder-design/experiments/007_RFD3_macrocycles/monomer_self_consistency/structural_tsne/tmalign_inputs/length_08_macrocycle_08_0_model_60.pdb	-45.672848	-7.337994	28	0.674318
61	8	length_08_macrocycle_08_0_model_61	/home/dkouv/work/tfr1-binder-design/experiments/007_RFD3_macrocycles/monomer_self_consistency/rfd3_backbones/length_08/length_08_macrocycle_08_0_model_61.cif.gz	/home/dkouv/work/tfr1-binder-design/experiments/007_RFD3_macrocycles/monomer_self_consistency/structural_tsne/tmalign_inputs/length_08_macrocycle_08_0_model_61.pdb	-34.1883	0.092172444	35	0.7009959
62	8	length_08_macrocycle_08_0_model_62	/home/dkouv/work/tfr1-binder-design/experiments/007_RFD3_macrocycles/monomer_self_consistency/rfd3_backbones/length_08/length_08_macrocycle_08_0_model_62.cif.gz	/home/dkouv/work/tfr1-binder-design/experiments/007_RFD3_macrocycles/monomer_self_consistency/structural_tsne/tmalign_inputs/length_08_macrocycle_08_0_model_62.pdb	-30.137537	11.373465	13	0.9974421
63	8	length_08_macrocycle_08_0_model_63	/home/dkouv/work/tfr1-binder-design/experiments/007_RFD3_macrocycles/monomer_self_consistency/rfd3_backbones/length_08/length_08_macrocycle_08_0_model_63.cif.gz	/home/dkouv/work/tfr1-binder-design/experiments/007_RFD3_macrocycles/monomer_self_consistency/structural_tsne/tmalign_inputs/length_08_macrocycle_08_0_model_63.pdb	-42.992165	4.1877747	31	0.9458108
64	8	length_08_macrocycle_08_0_model_64	/home/dkouv/work/tfr1-binder-design/experiments/007_RFD3_macrocycles/monomer_self_consistency/rfd3_backbones/length_08/length_08_macrocycle_08_0_model_64.cif.gz	/home/dkouv/work/tfr1-binder-design/experiments/007_RFD3_macrocycles/monomer_self_consistency/structural_tsne/tmalign_inputs/length_08_macrocycle_08_0_model_64.pdb	-33.957245	11.233947	13	0.9967408
65	8	length_08_macrocycle_08_0_model_65	/home/dkouv/work/tfr1-binder-design/experiments/007_RFD3_macrocycles/monomer_self_consistency/rfd3_backbones/length_08/length_08_macrocycle_08_0_model_65.cif.gz	/home/dkouv/work/tfr1-binder-design/experiments/007_RFD3_macrocycles/monomer_self_consistency/structural_tsne/tmalign_inputs/length_08_macrocycle_08_0_model_65.pdb	-35.67246	2.1425588	31	0.56383526
66	8	length_08_macrocycle_08_0_model_66	/home/dkouv/work/tfr1-binder-design/experiments/007_RFD3_macrocycles/monomer_self_consistency/rfd3_backbones/length_08/length_08_macrocycle_08_0_model_66.cif.gz	/home/dkouv/work/tfr1-binder-design/experiments/007_RFD3_macrocycles/monomer_self_consistency/structural_tsne/tmalign_inputs/length_08_macrocycle_08_0_model_66.pdb	-30.30739	-4.9985685	10	0.9705555
67	8	length_08_macrocycle_08_0_model_67	/home/dkouv/work/tfr1-binder-design/experiments/007_RFD3_macrocycles/monomer_self_consistency/rfd3_backbones/length_08/length_08_macrocycle_08_0_model_67.cif.gz	/home/dkouv/work/tfr1-binder-design/experiments/007_RFD3_macrocycles/monomer_self_consistency/structural_tsne/tmalign_inputs/length_08_macrocycle_08_0_model_67.pdb	-46.63513	0.29119802	4	0.9949132
68	8	length_08_macrocycle_08_0_model_68	/home/dkouv/work/tfr1-binder-design/experiments/007_RFD3_macrocycles/monomer_self_consistency/rfd3_backbones/length_08/length_08_macrocycle_08_0_model_68.cif.gz	/home/dkouv/work/tfr1-binder-design/experiments/007_RFD3_macrocycles/monomer_self_consistency/structural_tsne/tmalign_inputs/length_08_macrocycle_08_0_model_68.pdb	-37.501354	6.5456395	31	0.9536071
69	8	length_08_macrocycle_08_0_model_69	/home/dkouv/work/tfr1-binder-design/experiments/007_RFD3_macrocycles/monomer_self_consistency/rfd3_backbones/length_08/length_08_macrocycle_08_0_model_69.cif.gz	/home/dkouv/work/tfr1-binder-design/experiments/007_RFD3_macrocycles/monomer_self_consistency/structural_tsne/tmalign_inputs/length_08_macrocycle_08_0_model_69.pdb	-26.334352	2.498855	10	0.97510296
70	8	length_08_macrocycle_08_0_model_70	/home/dkouv/work/tfr1-binder-design/experiments/007_RFD3_macrocycles/monomer_self_consistency/rfd3_backbones/length_08/length_08_macrocycle_08_0_model_70.cif.gz	/home/dkouv/work/tfr1-binder-design/experiments/007_RFD3_macrocycles/monomer_self_consistency/structural_tsne/tmalign_inputs/length_08_macrocycle_08_0_model_70.pdb	-37.41611	2.9565184	31	0.79563075
71	8	length_08_macrocycle_08_0_model_71	/home/dkouv/work/tfr1-binder-design/experiments/007_RFD3_macrocycles/monomer_self_consistency/rfd3_backbones/length_08/length_08_macrocycle_08_0_model_71.cif.gz	/home/dkouv/work/tfr1-binder-design/experiments/007_RFD3_macrocycles/monomer_self_consistency/structural_tsne/tmalign_inputs/length_08_macrocycle_08_0_model_71.pdb	-35.536064	3.992183	31	0.6765493
72	8	length_08_macrocycle_08_0_model_72	/home/dkouv/work/tfr1-binder-design/experiments/007_RFD3_macrocycles/monomer_self_consistency/rfd3_backbones/length_08/length_08_macrocycle_08_0_model_72.cif.gz	/home/dkouv/work/tfr1-binder-design/experiments/007_RFD3_macrocycles/monomer_self_consistency/structural_tsne/tmalign_inputs/length_08_macrocycle_08_0_model_72.pdb	-28.7783	1.0529021	10	0.850096
73	8	length_08_macrocycle_08_0_model_73	/home/dkouv/work/tfr1-binder-design/experiments/007_RFD3_macrocycles/monomer_self_consistency/rfd3_backbones/length_08/length_08_macrocycle_08_0_model_73.cif.gz	/home/dkouv/work/tfr1-binder-design/experiments/007_RFD3_macrocycles/monomer_self_consistency/structural_tsne/tmalign_inputs/length_08_macrocycle_08_0_model_73.pdb	-29.043798	-4.9267607	10	0.98074293
74	8	length_08_macrocycle_08_0_model_74	/home/dkouv/work/tfr1-binder-design/experiments/007_RFD3_macrocycles/monomer_self_consistency/rfd3_backbones/length_08/length_08_macrocycle_08_0_model_74.cif.gz	/home/dkouv/work/tfr1-binder-design/experiments/007_RFD3_macrocycles/monomer_self_consistency/structural_tsne/tmalign_inputs/length_08_macrocycle_08_0_model_74.pdb	-47.610844	13.451229	36	0.9925719
75	8	length_08_macrocycle_08_0_model_75	/home/dkouv/work/tfr1-binder-design/experiments/007_RFD3_macrocycles/monomer_self_consistency/rfd3_backbones/length_08/length_08_macrocycle_08_0_model_75.cif.gz	/home/dkouv/work/tfr1-binder-design/experiments/007_RFD3_macrocycles/monomer_self_consistency/structural_tsne/tmalign_inputs/length_08_macrocycle_08_0_model_75.pdb	-38.45789	-6.8790345	35	0.9713597
76	8	length_08_macrocycle_08_0_model_76	/home/dkouv/work/tfr1-binder-design/experiments/007_RFD3_macrocycles/monomer_self_consistency/rfd3_backbones/length_08/length_08_macrocycle_08_0_model_76.cif.gz	/home/dkouv/work/tfr1-binder-design/experiments/007_RFD3_macrocycles/monomer_self_consistency/structural_tsne/tmalign_inputs/length_08_macrocycle_08_0_model_76.pdb	-46.504883	-6.5790114	28	0.70797765
77	8	length_08_macrocycle_08_0_model_77	/home/dkouv/work/tfr1-binder-design/experiments/007_RFD3_macrocycles/monomer_self_consistency/rfd3_backbones/length_08/length_08_macrocycle_08_0_model_77.cif.gz	/home/dkouv/work/tfr1-binder-design/experiments/007_RFD3_macrocycles/monomer_self_consistency/structural_tsne/tmalign_inputs/length_08_macrocycle_08_0_model_77.pdb	-47.62489	-8.2312155	28	0.97597235
78	8	length_08_macrocycle_08_0_model_78	/home/dkouv/work/tfr1-binder-design/experiments/007_RFD3_macrocycles/monomer_self_consistency/rfd3_backbones/length_08/length_08_macrocycle_08_0_model_78.cif.gz	/home/dkouv/work/tfr1-binder-design/experiments/007_RFD3_macrocycles/monomer_self_consistency/structural_tsne/tmalign_inputs/length_08_macrocycle_08_0_model_78.pdb	-42.22159	7.3478966	31	0.93700355
79	8	length_08_macrocycle_08_0_model_79	/home/dkouv/work/tfr1-binder-design/experiments/007_RFD3_macrocycles/monomer_self_consistency/rfd3_backbones/length_08/length_08_macrocycle_08_0_model_79.cif.gz	/home/dkouv/work/tfr1-binder-design/experiments/007_RFD3_macrocycles/monomer_self_consistency/structural_tsne/tmalign_inputs/length_08_macrocycle_08_0_model_79.pdb	-34.810085	-4.585791	35	0.8869121
80	8	length_08_macrocycle_08_0_model_80	/home/dkouv/work/tfr1-binder-design/experiments/007_RFD3_macrocycles/monomer_self_consistency/rfd3_backbones/length_08/length_08_macrocycle_08_0_model_80.cif.gz	/home/dkouv/work/tfr1-binder-design/experiments/007_RFD3_macrocycles/monomer_self_consistency/structural_tsne/tmalign_inputs/length_08_macrocycle_08_0_model_80.pdb	-34.300816	0.562403	35	0.6714653
81	8	length_08_macrocycle_08_0_model_81	/home/dkouv/work/tfr1-binder-design/experiments/007_RFD3_macrocycles/monomer_self_consistency/rfd3_backbones/length_08/length_08_macrocycle_08_0_model_81.cif.gz	/home/dkouv/work/tfr1-binder-design/experiments/007_RFD3_macrocycles/monomer_self_consistency/structural_tsne/tmalign_inputs/length_08_macrocycle_08_0_model_81.pdb	-39.382618	-3.362723	35	0.9005271
82	8	length_08_macrocycle_08_0_model_82	/home/dkouv/work/tfr1-binder-design/experiments/007_RFD3_macrocycles/monomer_self_consistency/rfd3_backbones/length_08/length_08_macrocycle_08_0_model_82.cif.gz	/home/dkouv/work/tfr1-binder-design/experiments/007_RFD3_macrocycles/monomer_self_consistency/structural_tsne/tmalign_inputs/length_08_macrocycle_08_0_model_82.pdb	-34.499992	11.054639	13	0.9922066
83	8	length_08_macrocycle_08_0_model_83	/home/dkouv/work/tfr1-binder-design/experiments/007_RFD3_macrocycles/monomer_self_consistency/rfd3_backbones/length_08/length_08_macrocycle_08_0_model_83.cif.gz	/home/dkouv/work/tfr1-binder-design/experiments/007_RFD3_macrocycles/monomer_self_consistency/structural_tsne/tmalign_inputs/length_08_macrocycle_08_0_model_83.pdb	-47.328754	2.4822397	4	0.9947073
84	8	length_08_macrocycle_08_0_model_84	/home/dkouv/work/tfr1-binder-design/experiments/007_RFD3_macrocycles/monomer_self_consistency/rfd3_backbones/length_08/length_08_macrocycle_08_0_model_84.cif.gz	/home/dkouv/work/tfr1-binder-design/experiments/007_RFD3_macrocycles/monomer_self_consistency/structural_tsne/tmalign_inputs/length_08_macrocycle_08_0_model_84.pdb	-37.136036	-0.011408042	35	0.5365613
85	8	length_08_macrocycle_08_0_model_85	/home/dkouv/work/tfr1-binder-design/experiments/007_RFD3_macrocycles/monomer_self_consistency/rfd3_backbones/length_08/length_08_macrocycle_08_0_model_85.cif.gz	/home/dkouv/work/tfr1-binder-design/experiments/007_RFD3_macrocycles/monomer_self_consistency/structural_tsne/tmalign_inputs/length_08_macrocycle_08_0_model_85.pdb	-28.584997	-3.470728	10	0.9869024
86	8	length_08_macrocycle_08_0_model_86	/home/dkouv/work/tfr1-binder-design/experiments/007_RFD3_macrocycles/monomer_self_consistency/rfd3_backbones/length_08/length_08_macrocycle_08_0_model_86.cif.gz	/home/dkouv/work/tfr1-binder-design/experiments/007_RFD3_macrocycles/monomer_self_consistency/structural_tsne/tmalign_inputs/length_08_macrocycle_08_0_model_86.pdb	-33.396492	0.30112454	35	0.74820006
87	8	length_08_macrocycle_08_0_model_87	/home/dkouv/work/tfr1-binder-design/experiments/007_RFD3_macrocycles/monomer_self_consistency/rfd3_backbones/length_08/length_08_macrocycle_08_0_model_87.cif.gz	/home/dkouv/work/tfr1-binder-design/experiments/007_RFD3_macrocycles/monomer_self_consistency/structural_tsne/tmalign_inputs/length_08_macrocycle_08_0_model_87.pdb	-37.29021	0.45749268	31	0.5284917
88	8	length_08_macrocycle_08_0_model_88	/home/dkouv/work/tfr1-binder-design/experiments/007_RFD3_macrocycles/monomer_self_consistency/rfd3_backbones/length_08/length_08_macrocycle_08_0_model_88.cif.gz	/home/dkouv/work/tfr1-binder-design/experiments/007_RFD3_macrocycles/monomer_self_consistency/structural_tsne/tmalign_inputs/length_08_macrocycle_08_0_model_88.pdb	-34.583744	-9.099423	16	0.6962927
89	8	length_08_macrocycle_08_0_model_89	/home/dkouv/work/tfr1-binder-design/experiments/007_RFD3_macrocycles/monomer_self_consistency/rfd3_backbones/length_08/length_08_macrocycle_08_0_model_89.cif.gz	/home/dkouv/work/tfr1-binder-design/experiments/007_RFD3_macrocycles/monomer_self_consistency/structural_tsne/tmalign_inputs/length_08_macrocycle_08_0_model_89.pdb	-50.23737	-7.107028	28	0.99404216
90	8	length_08_macrocycle_08_0_model_90	/home/dkouv/work/tfr1-binder-design/experiments/007_RFD3_macrocycles/monomer_self_consistency/rfd3_backbones/length_08/length_08_macrocycle_08_0_model_90.cif.gz	/home/dkouv/work/tfr1-binder-design/experiments/007_RFD3_macrocycles/monomer_self_consistency/structural_tsne/tmalign_inputs/length_08_macrocycle_08_0_model_90.pdb	-36.54524	11.692601	13	0.95962745
91	8	length_08_macrocycle_08_0_model_91	/home/dkouv/work/tfr1-binder-design/experiments/007_RFD3_macrocycles/monomer_self_consistency/rfd3_backbones/length_08/length_08_macrocycle_08_0_model_91.cif.gz	/home/dkouv/work/tfr1-binder-design/experiments/007_RFD3_macrocycles/monomer_self_consistency/structural_tsne/tmalign_inputs/length_08_macrocycle_08_0_model_91.pdb	-35.649254	-14.329755	16	0.99445456
92	8	length_08_macrocycle_08_0_model_92	/home/dkouv/work/tfr1-binder-design/experiments/007_RFD3_macrocycles/monomer_self_consistency/rfd3_backbones/length_08/length_08_macrocycle_08_0_model_92.cif.gz	/home/dkouv/work/tfr1-binder-design/experiments/007_RFD3_macrocycles/monomer_self_consistency/structural_tsne/tmalign_inputs/length_08_macrocycle_08_0_model_92.pdb	-50.041786	-10.233622	28	0.98956066
93	8	length_08_macrocycle_08_0_model_93	/home/dkouv/work/tfr1-binder-design/experiments/007_RFD3_macrocycles/monomer_self_consistency/rfd3_backbones/length_08/length_08_macrocycle_08_0_model_93.cif.gz	/home/dkouv/work/tfr1-binder-design/experiments/007_RFD3_macrocycles/monomer_self_consistency/structural_tsne/tmalign_inputs/length_08_macrocycle_08_0_model_93.pdb	-32.76416	-0.6999866	35	0.8040285
94	8	length_08_macrocycle_08_0_model_94	/home/dkouv/work/tfr1-binder-design/experiments/007_RFD3_macrocycles/monomer_self_consistency/rfd3_backbones/length_08/length_08_macrocycle_08_0_model_94.cif.gz	/home/dkouv/work/tfr1-binder-design/experiments/007_RFD3_macrocycles/monomer_self_consistency/structural_tsne/tmalign_inputs/length_08_macrocycle_08_0_model_94.pdb	-33.882114	5.986658	35	0.53186494
95	8	length_08_macrocycle_08_0_model_95	/home/dkouv/work/tfr1-binder-design/experiments/007_RFD3_macrocycles/monomer_self_consistency/rfd3_backbones/length_08/length_08_macrocycle_08_0_model_95.cif.gz	/home/dkouv/work/tfr1-binder-design/experiments/007_RFD3_macrocycles/monomer_self_consistency/structural_tsne/tmalign_inputs/length_08_macrocycle_08_0_model_95.pdb	-27.059124	-8.5715	37	0.99914247
96	8	length_08_macrocycle_08_0_model_96	/home/dkouv/work/tfr1-binder-design/experiments/007_RFD3_macrocycles/monomer_self_consistency/rfd3_backbones/length_08/length_08_macrocycle_08_0_model_96.cif.gz	/home/dkouv/work/tfr1-binder-design/experiments/007_RFD3_macrocycles/monomer_self_consistency/structural_tsne/tmalign_inputs/length_08_macrocycle_08_0_model_96.pdb	-26.803894	0.9893616	10	0.9813314
97	8	length_08_macrocycle_08_0_model_97	/home/dkouv/work/tfr1-binder-design/experiments/007_RFD3_macrocycles/monomer_self_consistency/rfd3_backbones/length_08/length_08_macrocycle_08_0_model_97.cif.gz	/home/dkouv/work/tfr1-binder-design/experiments/007_RFD3_macrocycles/monomer_self_consistency/structural_tsne/tmalign_inputs/length_08_macrocycle_08_0_model_97.pdb	-29.363747	-9.69055	37	0.97109383
98	8	length_08_macrocycle_08_0_model_98	/home/dkouv/work/tfr1-binder-design/experiments/007_RFD3_macrocycles/monomer_self_consistency/rfd3_backbones/length_08/length_08_macrocycle_08_0_model_98.cif.gz	/home/dkouv/work/tfr1-binder-design/experiments/007_RFD3_macrocycles/monomer_self_consistency/structural_tsne/tmalign_inputs/length_08_macrocycle_08_0_model_98.pdb	-50.048073	-8.040375	28	0.9944939
99	8	length_08_macrocycle_08_0_model_99	/home/dkouv/work/tfr1-binder-design/experiments/007_RFD3_macrocycles/monomer_self_consistency/rfd3_backbones/length_08/length_08_macrocycle_08_0_model_99.cif.gz	/home/dkouv/work/tfr1-binder-design/experiments/007_RFD3_macrocycles/monomer_self_consistency/structural_tsne/tmalign_inputs/length_08_macrocycle_08_0_model_99.pdb	-43.047672	1.3835757	31	0.5274336
100	8	length_08_macrocycle_08_0_model_100	/home/dkouv/work/tfr1-binder-design/experiments/007_RFD3_macrocycles/monomer_self_consistency/rfd3_backbones/length_08/length_08_macrocycle_08_0_model_100.cif.gz	/home/dkouv/work/tfr1-binder-design/experiments/007_RFD3_macrocycles/monomer_self_consistency/structural_tsne/tmalign_inputs/length_08_macrocycle_08_0_model_100.pdb	-34.133385	-2.236598	35	0.7993208
101	8	length_08_macrocycle_08_0_model_101	/home/dkouv/work/tfr1-binder-design/experiments/007_RFD3_macrocycles/monomer_self_consistency/rfd3_backbones/length_08/length_08_macrocycle_08_0_model_101.cif.gz	/home/dkouv/work/tfr1-binder-design/experiments/007_RFD3_macrocycles/monomer_self_consistency/structural_tsne/tmalign_inputs/length_08_macrocycle_08_0_model_101.pdb	-37.5822	6.5457134	31	0.9563147
102	8	length_08_macrocycle_08_0_model_102	/home/dkouv/work/tfr1-binder-design/experiments/007_RFD3_macrocycles/monomer_self_consistency/rfd3_backbones/length_08/length_08_macrocycle_08_0_model_102.cif.gz	/home/dkouv/work/tfr1-binder-design/experiments/007_RFD3_macrocycles/monomer_self_consistency/structural_tsne/tmalign_inputs/length_08_macrocycle_08_0_model_102.pdb	-44.75343	8.784882	36	0.8338513
103	8	length_08_macrocycle_08_0_model_103	/home/dkouv/work/tfr1-binder-design/experiments/007_RFD3_macrocycles/monomer_self_consistency/rfd3_backbones/length_08/length_08_macrocycle_08_0_model_103.cif.gz	/home/dkouv/work/tfr1-binder-design/experiments/007_RFD3_macrocycles/monomer_self_consistency/structural_tsne/tmalign_inputs/length_08_macrocycle_08_0_model_103.pdb	-37.794823	4.695219	31	0.9155833
104	8	length_08_macrocycle_08_0_model_104	/home/dkouv/work/tfr1-binder-design/experiments/007_RFD3_macrocycles/monomer_self_consistency/rfd3_backbones/length_08/length_08_macrocycle_08_0_model_104.cif.gz	/home/dkouv/work/tfr1-binder-design/experiments/007_RFD3_macrocycles/monomer_self_consistency/structural_tsne/tmalign_inputs/length_08_macrocycle_08_0_model_104.pdb	-41.351284	-12.710052	16	0.76948965
105	8	length_08_macrocycle_08_0_model_105	/home/dkouv/work/tfr1-binder-design/experiments/007_RFD3_macrocycles/monomer_self_consistency/rfd3_backbones/length_08/length_08_macrocycle_08_0_model_105.cif.gz	/home/dkouv/work/tfr1-binder-design/experiments/007_RFD3_macrocycles/monomer_self_consistency/structural_tsne/tmalign_inputs/length_08_macrocycle_08_0_model_105.pdb	-41.848515	-5.6693416	35	0.8475849
106	8	length_08_macrocycle_08_0_model_106	/home/dkouv/work/tfr1-binder-design/experiments/007_RFD3_macrocycles/monomer_self_consistency/rfd3_backbones/length_08/length_08_macrocycle_08_0_model_106.cif.gz	/home/dkouv/work/tfr1-binder-design/experiments/007_RFD3_macrocycles/monomer_self_consistency/structural_tsne/tmalign_inputs/length_08_macrocycle_08_0_model_106.pdb	-28.90046	10.897668	13	0.9935701
107	8	length_08_macrocycle_08_0_model_107	/home/dkouv/work/tfr1-binder-design/experiments/007_RFD3_macrocycles/monomer_self_consistency/rfd3_backbones/length_08/length_08_macrocycle_08_0_model_107.cif.gz	/home/dkouv/work/tfr1-binder-design/experiments/007_RFD3_macrocycles/monomer_self_consistency/structural_tsne/tmalign_inputs/length_08_macrocycle_08_0_model_107.pdb	-30.34455	-5.2396364	10	0.97163945
108	8	length_08_macrocycle_08_0_model_108	/home/dkouv/work/tfr1-binder-design/experiments/007_RFD3_macrocycles/monomer_self_consistency/rfd3_backbones/length_08/length_08_macrocycle_08_0_model_108.cif.gz	/home/dkouv/work/tfr1-binder-design/experiments/007_RFD3_macrocycles/monomer_self_consistency/structural_tsne/tmalign_inputs/length_08_macrocycle_08_0_model_108.pdb	-29.166359	-5.067732	10	0.979609
109	8	length_08_macrocycle_08_0_model_109	/home/dkouv/work/tfr1-binder-design/experiments/007_RFD3_macrocycles/monomer_self_consistency/rfd3_backbones/length_08/length_08_macrocycle_08_0_model_109.cif.gz	/home/dkouv/work/tfr1-binder-design/experiments/007_RFD3_macrocycles/monomer_self_consistency/structural_tsne/tmalign_inputs/length_08_macrocycle_08_0_model_109.pdb	-48.982243	-5.953519	28	0.9556109
110	8	length_08_macrocycle_08_0_model_110	/home/dkouv/work/tfr1-binder-design/experiments/007_RFD3_macrocycles/monomer_self_consistency/rfd3_backbones/length_08/length_08_macrocycle_08_0_model_110.cif.gz	/home/dkouv/work/tfr1-binder-design/experiments/007_RFD3_macrocycles/monomer_self_consistency/structural_tsne/tmalign_inputs/length_08_macrocycle_08_0_model_110.pdb	-48.67053	-8.941635	28	0.9898985
111	8	length_08_macrocycle_08_0_model_111	/home/dkouv/work/tfr1-binder-design/experiments/007_RFD3_macrocycles/monomer_self_consistency/rfd3_backbones/length_08/length_08_macrocycle_08_0_model_111.cif.gz	/home/dkouv/work/tfr1-binder-design/experiments/007_RFD3_macrocycles/monomer_self_consistency/structural_tsne/tmalign_inputs/length_08_macrocycle_08_0_model_111.pdb	-49.46936	-10.163874	28	0.98941904
112	8	length_08_macrocycle_08_0_model_112	/home/dkouv/work/tfr1-binder-design/experiments/007_RFD3_macrocycles/monomer_self_consistency/rfd3_backbones/length_08/length_08_macrocycle_08_0_model_112.cif.gz	/home/dkouv/work/tfr1-binder-design/experiments/007_RFD3_macrocycles/monomer_self_consistency/structural_tsne/tmalign_inputs/length_08_macrocycle_08_0_model_112.pdb	-49.330334	12.9586735	36	0.9717229
113	8	length_08_macrocycle_08_0_model_113	/home/dkouv/work/tfr1-binder-design/experiments/007_RFD3_macrocycles/monomer_self_consistency/rfd3_backbones/length_08/length_08_macrocycle_08_0_model_113.cif.gz	/home/dkouv/work/tfr1-binder-design/experiments/007_RFD3_macrocycles/monomer_self_consistency/structural_tsne/tmalign_inputs/length_08_macrocycle_08_0_model_113.pdb	-26.618792	-8.174476	37	0.99926126
114	8	length_08_macrocycle_08_0_model_114	/home/dkouv/work/tfr1-binder-design/experiments/007_RFD3_macrocycles/monomer_self_consistency/rfd3_backbones/length_08/length_08_macrocycle_08_0_model_114.cif.gz	/home/dkouv/work/tfr1-binder-design/experiments/007_RFD3_macrocycles/monomer_self_consistency/structural_tsne/tmalign_inputs/length_08_macrocycle_08_0_model_114.pdb	-48.979515	-9.896271	28	0.9894139
115	8	length_08_macrocycle_08_0_model_115	/home/dkouv/work/tfr1-binder-design/experiments/007_RFD3_macrocycles/monomer_self_consistency/rfd3_backbones/length_08/length_08_macrocycle_08_0_model_115.cif.gz	/home/dkouv/work/tfr1-binder-design/experiments/007_RFD3_macrocycles/monomer_self_consistency/structural_tsne/tmalign_inputs/length_08_macrocycle_08_0_model_115.pdb	-39.04507	-3.136835	35	0.88016874
116	8	length_08_macrocycle_08_0_model_116	/home/dkouv/work/tfr1-binder-design/experiments/007_RFD3_macrocycles/monomer_self_consistency/rfd3_backbones/length_08/length_08_macrocycle_08_0_model_116.cif.gz	/home/dkouv/work/tfr1-binder-design/experiments/007_RFD3_macrocycles/monomer_self_consistency/structural_tsne/tmalign_inputs/length_08_macrocycle_08_0_model_116.pdb	-30.895031	-8.14021	10	0.7805708
117	8	length_08_macrocycle_08_0_model_117	/home/dkouv/work/tfr1-binder-design/experiments/007_RFD3_macrocycles/monomer_self_consistency/rfd3_backbones/length_08/length_08_macrocycle_08_0_model_117.cif.gz	/home/dkouv/work/tfr1-binder-design/experiments/007_RFD3_macrocycles/monomer_self_consistency/structural_tsne/tmalign_inputs/length_08_macrocycle_08_0_model_117.pdb	-31.926943	-11.562751	37	0.6108253
118	8	length_08_macrocycle_08_0_model_118	/home/dkouv/work/tfr1-binder-design/experiments/007_RFD3_macrocycles/monomer_self_consistency/rfd3_backbones/length_08/length_08_macrocycle_08_0_model_118.cif.gz	/home/dkouv/work/tfr1-binder-design/experiments/007_RFD3_macrocycles/monomer_self_consistency/structural_tsne/tmalign_inputs/length_08_macrocycle_08_0_model_118.pdb	-38.96707	-6.5615892	35	0.97851616
119	8	length_08_macrocycle_08_0_model_119	/home/dkouv/work/tfr1-binder-design/experiments/007_RFD3_macrocycles/monomer_self_consistency/rfd3_backbones/length_08/length_08_macrocycle_08_0_model_119.cif.gz	/home/dkouv/work/tfr1-binder-design/experiments/007_RFD3_macrocycles/monomer_self_consistency/structural_tsne/tmalign_inputs/length_08_macrocycle_08_0_model_119.pdb	-1.3153776	-1.5655279	26	0.99587154
120	8	length_08_macrocycle_08_0_model_120	/home/dkouv/work/tfr1-binder-design/experiments/007_RFD3_macrocycles/monomer_self_consistency/rfd3_backbones/length_08/length_08_macrocycle_08_0_model_120.cif.gz	/home/dkouv/work/tfr1-binder-design/experiments/007_RFD3_macrocycles/monomer_self_consistency/structural_tsne/tmalign_inputs/length_08_macrocycle_08_0_model_120.pdb	-39.27082	5.6756206	31	0.9784736
121	8	length_08_macrocycle_08_0_model_121	/home/dkouv/work/tfr1-binder-design/experiments/007_RFD3_macrocycles/monomer_self_consistency/rfd3_backbones/length_08/length_08_macrocycle_08_0_model_121.cif.gz	/home/dkouv/work/tfr1-binder-design/experiments/007_RFD3_macrocycles/monomer_self_consistency/structural_tsne/tmalign_inputs/length_08_macrocycle_08_0_model_121.pdb	-42.356632	-8.75293	35	0.86154675
122	8	length_08_macrocycle_08_0_model_122	/home/dkouv/work/tfr1-binder-design/experiments/007_RFD3_macrocycles/monomer_self_consistency/rfd3_backbones/length_08/length_08_macrocycle_08_0_model_122.cif.gz	/home/dkouv/work/tfr1-binder-design/experiments/007_RFD3_macrocycles/monomer_self_consistency/structural_tsne/tmalign_inputs/length_08_macrocycle_08_0_model_122.pdb	-29.215057	-9.818092	37	0.98168147
123	8	length_08_macrocycle_08_0_model_123	/home/dkouv/work/tfr1-binder-design/experiments/007_RFD3_macrocycles/monomer_self_consistency/rfd3_backbones/length_08/length_08_macrocycle_08_0_model_123.cif.gz	/home/dkouv/work/tfr1-binder-design/experiments/007_RFD3_macrocycles/monomer_self_consistency/structural_tsne/tmalign_inputs/length_08_macrocycle_08_0_model_123.pdb	-26.430544	2.5451808	10	0.97361434
124	8	length_08_macrocycle_08_0_model_124	/home/dkouv/work/tfr1-binder-design/experiments/007_RFD3_macrocycles/monomer_self_consistency/rfd3_backbones/length_08/length_08_macrocycle_08_0_model_124.cif.gz	/home/dkouv/work/tfr1-binder-design/experiments/007_RFD3_macrocycles/monomer_self_consistency/structural_tsne/tmalign_inputs/length_08_macrocycle_08_0_model_124.pdb	-28.424107	-7.638454	37	0.90329206
125	8	length_08_macrocycle_08_0_model_125	/home/dkouv/work/tfr1-binder-design/experiments/007_RFD3_macrocycles/monomer_self_consistency/rfd3_backbones/length_08/length_08_macrocycle_08_0_model_125.cif.gz	/home/dkouv/work/tfr1-binder-design/experiments/007_RFD3_macrocycles/monomer_self_consistency/structural_tsne/tmalign_inputs/length_08_macrocycle_08_0_model_125.pdb	-30.960985	-8.156145	10	0.78911203
126	8	length_08_macrocycle_08_0_model_126	/home/dkouv/work/tfr1-binder-design/experiments/007_RFD3_macrocycles/monomer_self_consistency/rfd3_backbones/length_08/length_08_macrocycle_08_0_model_126.cif.gz	/home/dkouv/work/tfr1-binder-design/experiments/007_RFD3_macrocycles/monomer_self_consistency/structural_tsne/tmalign_inputs/length_08_macrocycle_08_0_model_126.pdb	-48.865276	-9.33323	28	0.99043864
127	8	length_08_macrocycle_08_0_model_127	/home/dkouv/work/tfr1-binder-design/experiments/007_RFD3_macrocycles/monomer_self_consistency/rfd3_backbones/length_08/length_08_macrocycle_08_0_model_127.cif.gz	/home/dkouv/work/tfr1-binder-design/experiments/007_RFD3_macrocycles/monomer_self_consistency/structural_tsne/tmalign_inputs/length_08_macrocycle_08_0_model_127.pdb	-37.956615	-5.9786797	35	0.9696622
128	8	length_08_macrocycle_08_0_model_128	/home/dkouv/work/tfr1-binder-design/experiments/007_RFD3_macrocycles/monomer_self_consistency/rfd3_backbones/length_08/length_08_macrocycle_08_0_model_128.cif.gz	/home/dkouv/work/tfr1-binder-design/experiments/007_RFD3_macrocycles/monomer_self_consistency/structural_tsne/tmalign_inputs/length_08_macrocycle_08_0_model_128.pdb	-32.431484	11.67658	13	0.998702
129	8	length_08_macrocycle_08_0_model_129	/home/dkouv/work/tfr1-binder-design/experiments/007_RFD3_macrocycles/monomer_self_consistency/rfd3_backbones/length_08/length_08_macrocycle_08_0_model_129.cif.gz	/home/dkouv/work/tfr1-binder-design/experiments/007_RFD3_macrocycles/monomer_self_consistency/structural_tsne/tmalign_inputs/length_08_macrocycle_08_0_model_129.pdb	-45.935905	2.1473153	4	0.97467244
130	8	length_08_macrocycle_08_0_model_130	/home/dkouv/work/tfr1-binder-design/experiments/007_RFD3_macrocycles/monomer_self_consistency/rfd3_backbones/length_08/length_08_macrocycle_08_0_model_130.cif.gz	/home/dkouv/work/tfr1-binder-design/experiments/007_RFD3_macrocycles/monomer_self_consistency/structural_tsne/tmalign_inputs/length_08_macrocycle_08_0_model_130.pdb	-48.018528	-7.1144304	28	0.96635085
131	8	length_08_macrocycle_08_0_model_131	/home/dkouv/work/tfr1-binder-design/experiments/007_RFD3_macrocycles/monomer_self_consistency/rfd3_backbones/length_08/length_08_macrocycle_08_0_model_131.cif.gz	/home/dkouv/work/tfr1-binder-design/experiments/007_RFD3_macrocycles/monomer_self_consistency/structural_tsne/tmalign_inputs/length_08_macrocycle_08_0_model_131.pdb	-35.51504	4.0853715	31	0.6793346
132	8	length_08_macrocycle_08_0_model_132	/home/dkouv/work/tfr1-binder-design/experiments/007_RFD3_macrocycles/monomer_self_consistency/rfd3_backbones/length_08/length_08_macrocycle_08_0_model_132.cif.gz	/home/dkouv/work/tfr1-binder-design/experiments/007_RFD3_macrocycles/monomer_self_consistency/structural_tsne/tmalign_inputs/length_08_macrocycle_08_0_model_132.pdb	-44.57787	-8.190754	28	0.51184666
133	8	length_08_macrocycle_08_0_model_133	/home/dkouv/work/tfr1-binder-design/experiments/007_RFD3_macrocycles/monomer_self_consistency/rfd3_backbones/length_08/length_08_macrocycle_08_0_model_133.cif.gz	/home/dkouv/work/tfr1-binder-design/experiments/007_RFD3_macrocycles/monomer_self_consistency/structural_tsne/tmalign_inputs/length_08_macrocycle_08_0_model_133.pdb	-42.057636	7.3575034	31	0.9608244
134	8	length_08_macrocycle_08_0_model_134	/home/dkouv/work/tfr1-binder-design/experiments/007_RFD3_macrocycles/monomer_self_consistency/rfd3_backbones/length_08/length_08_macrocycle_08_0_model_134.cif.gz	/home/dkouv/work/tfr1-binder-design/experiments/007_RFD3_macrocycles/monomer_self_consistency/structural_tsne/tmalign_inputs/length_08_macrocycle_08_0_model_134.pdb	-37.623928	6.5683055	31	0.9580482
135	8	length_08_macrocycle_08_0_model_135	/home/dkouv/work/tfr1-binder-design/experiments/007_RFD3_macrocycles/monomer_self_consistency/rfd3_backbones/length_08/length_08_macrocycle_08_0_model_135.cif.gz	/home/dkouv/work/tfr1-binder-design/experiments/007_RFD3_macrocycles/monomer_self_consistency/structural_tsne/tmalign_inputs/length_08_macrocycle_08_0_model_135.pdb	-47.46446	13.106551	36	0.9926637
136	8	length_08_macrocycle_08_0_model_136	/home/dkouv/work/tfr1-binder-design/experiments/007_RFD3_macrocycles/monomer_self_consistency/rfd3_backbones/length_08/length_08_macrocycle_08_0_model_136.cif.gz	/home/dkouv/work/tfr1-binder-design/experiments/007_RFD3_macrocycles/monomer_self_consistency/structural_tsne/tmalign_inputs/length_08_macrocycle_08_0_model_136.pdb	-48.990685	-8.26903	28	0.9911393
137	8	length_08_macrocycle_08_0_model_137	/home/dkouv/work/tfr1-binder-design/experiments/007_RFD3_macrocycles/monomer_self_consistency/rfd3_backbones/length_08/length_08_macrocycle_08_0_model_137.cif.gz	/home/dkouv/work/tfr1-binder-design/experiments/007_RFD3_macrocycles/monomer_self_consistency/structural_tsne/tmalign_inputs/length_08_macrocycle_08_0_model_137.pdb	-35.446934	-7.5518274	35	0.83598
138	8	length_08_macrocycle_08_0_model_138	/home/dkouv/work/tfr1-binder-design/experiments/007_RFD3_macrocycles/monomer_self_consistency/rfd3_backbones/length_08/length_08_macrocycle_08_0_model_138.cif.gz	/home/dkouv/work/tfr1-binder-design/experiments/007_RFD3_macrocycles/monomer_self_consistency/structural_tsne/tmalign_inputs/length_08_macrocycle_08_0_model_138.pdb	-42.068916	-8.391931	35	0.8887731
139	8	length_08_macrocycle_08_0_model_139	/home/dkouv/work/tfr1-binder-design/experiments/007_RFD3_macrocycles/monomer_self_consistency/rfd3_backbones/length_08/length_08_macrocycle_08_0_model_139.cif.gz	/home/dkouv/work/tfr1-binder-design/experiments/007_RFD3_macrocycles/monomer_self_consistency/structural_tsne/tmalign_inputs/length_08_macrocycle_08_0_model_139.pdb	-31.535444	10.268292	13	0.97832674
140	8	length_08_macrocycle_08_0_model_140	/home/dkouv/work/tfr1-binder-design/experiments/007_RFD3_macrocycles/monomer_self_consistency/rfd3_backbones/length_08/length_08_macrocycle_08_0_model_140.cif.gz	/home/dkouv/work/tfr1-binder-design/experiments/007_RFD3_macrocycles/monomer_self_consistency/structural_tsne/tmalign_inputs/length_08_macrocycle_08_0_model_140.pdb	-32.803936	-0.58178675	35	0.80046314
141	8	length_08_macrocycle_08_0_model_141	/home/dkouv/work/tfr1-binder-design/experiments/007_RFD3_macrocycles/monomer_self_consistency/rfd3_backbones/length_08/length_08_macrocycle_08_0_model_141.cif.gz	/home/dkouv/work/tfr1-binder-design/experiments/007_RFD3_macrocycles/monomer_self_consistency/structural_tsne/tmalign_inputs/length_08_macrocycle_08_0_model_141.pdb	-47.905464	-10.189465	28	0.98243916
142	8	length_08_macrocycle_08_0_model_142	/home/dkouv/work/tfr1-binder-design/experiments/007_RFD3_macrocycles/monomer_self_consistency/rfd3_backbones/length_08/length_08_macrocycle_08_0_model_142.cif.gz	/home/dkouv/work/tfr1-binder-design/experiments/007_RFD3_macrocycles/monomer_self_consistency/structural_tsne/tmalign_inputs/length_08_macrocycle_08_0_model_142.pdb	-31.665207	-13.956675	16	0.505315
143	8	length_08_macrocycle_08_0_model_143	/home/dkouv/work/tfr1-binder-design/experiments/007_RFD3_macrocycles/monomer_self_consistency/rfd3_backbones/length_08/length_08_macrocycle_08_0_model_143.cif.gz	/home/dkouv/work/tfr1-binder-design/experiments/007_RFD3_macrocycles/monomer_self_consistency/structural_tsne/tmalign_inputs/length_08_macrocycle_08_0_model_143.pdb	-32.88505	3.8250844	35	0.7447964
144	8	length_08_macrocycle_08_0_model_144	/home/dkouv/work/tfr1-binder-design/experiments/007_RFD3_macrocycles/monomer_self_consistency/rfd3_backbones/length_08/length_08_macrocycle_08_0_model_144.cif.gz	/home/dkouv/work/tfr1-binder-design/experiments/007_RFD3_macrocycles/monomer_self_consistency/structural_tsne/tmalign_inputs/length_08_macrocycle_08_0_model_144.pdb	-44.876915	9.144999	36	0.87733483
145	8	length_08_macrocycle_08_0_model_145	/home/dkouv/work/tfr1-binder-design/experiments/007_RFD3_macrocycles/monomer_self_consistency/rfd3_backbones/length_08/length_08_macrocycle_08_0_model_145.cif.gz	/home/dkouv/work/tfr1-binder-design/experiments/007_RFD3_macrocycles/monomer_self_consistency/structural_tsne/tmalign_inputs/length_08_macrocycle_08_0_model_145.pdb	-31.081367	-11.797601	37	0.84970903
146	8	length_08_macrocycle_08_0_model_146	/home/dkouv/work/tfr1-binder-design/experiments/007_RFD3_macrocycles/monomer_self_consistency/rfd3_backbones/length_08/length_08_macrocycle_08_0_model_146.cif.gz	/home/dkouv/work/tfr1-binder-design/experiments/007_RFD3_macrocycles/monomer_self_consistency/structural_tsne/tmalign_inputs/length_08_macrocycle_08_0_model_146.pdb	-30.35601	-2.563906	10	0.8583787
147	8	length_08_macrocycle_08_0_model_147	/home/dkouv/work/tfr1-binder-design/experiments/007_RFD3_macrocycles/monomer_self_consistency/rfd3_backbones/length_08/length_08_macrocycle_08_0_model_147.cif.gz	/home/dkouv/work/tfr1-binder-design/experiments/007_RFD3_macrocycles/monomer_self_consistency/structural_tsne/tmalign_inputs/length_08_macrocycle_08_0_model_147.pdb	-42.31945	7.57781	31	0.9316821
148	8	length_08_macrocycle_08_0_model_148	/home/dkouv/work/tfr1-binder-design/experiments/007_RFD3_macrocycles/monomer_self_consistency/rfd3_backbones/length_08/length_08_macrocycle_08_0_model_148.cif.gz	/home/dkouv/work/tfr1-binder-design/experiments/007_RFD3_macrocycles/monomer_self_consistency/structural_tsne/tmalign_inputs/length_08_macrocycle_08_0_model_148.pdb	-41.99232	-5.816829	35	0.83333015
149	8	length_08_macrocycle_08_0_model_149	/home/dkouv/work/tfr1-binder-design/experiments/007_RFD3_macrocycles/monomer_self_consistency/rfd3_backbones/length_08/length_08_macrocycle_08_0_model_149.cif.gz	/home/dkouv/work/tfr1-binder-design/experiments/007_RFD3_macrocycles/monomer_self_consistency/structural_tsne/tmalign_inputs/length_08_macrocycle_08_0_model_149.pdb	-37.88164	2.8998399	31	0.8227133
150	8	length_08_macrocycle_08_0_model_150	/home/dkouv/work/tfr1-binder-design/experiments/007_RFD3_macrocycles/monomer_self_consistency/rfd3_backbones/length_08/length_08_macrocycle_08_0_model_150.cif.gz	/home/dkouv/work/tfr1-binder-design/experiments/007_RFD3_macrocycles/monomer_self_consistency/structural_tsne/tmalign_inputs/length_08_macrocycle_08_0_model_150.pdb	-34.248566	-0.7277305	35	0.7337279
151	8	length_08_macrocycle_08_0_model_151	/home/dkouv/work/tfr1-binder-design/experiments/007_RFD3_macrocycles/monomer_self_consistency/rfd3_backbones/length_08/length_08_macrocycle_08_0_model_151.cif.gz	/home/dkouv/work/tfr1-binder-design/experiments/007_RFD3_macrocycles/monomer_self_consistency/structural_tsne/tmalign_inputs/length_08_macrocycle_08_0_model_151.pdb	-29.489487	-1.7923243	10	0.94099927
152	8	length_08_macrocycle_08_0_model_152	/home/dkouv/work/tfr1-binder-design/experiments/007_RFD3_macrocycles/monomer_self_consistency/rfd3_backbones/length_08/length_08_macrocycle_08_0_model_152.cif.gz	/home/dkouv/work/tfr1-binder-design/experiments/007_RFD3_macrocycles/monomer_self_consistency/structural_tsne/tmalign_inputs/length_08_macrocycle_08_0_model_152.pdb	-30.139128	0.49529064	35	0.6627137
153	8	length_08_macrocycle_08_0_model_153	/home/dkouv/work/tfr1-binder-design/experiments/007_RFD3_macrocycles/monomer_self_consistency/rfd3_backbones/length_08/length_08_macrocycle_08_0_model_153.cif.gz	/home/dkouv/work/tfr1-binder-design/experiments/007_RFD3_macrocycles/monomer_self_consistency/structural_tsne/tmalign_inputs/length_08_macrocycle_08_0_model_153.pdb	-46.00106	-10.289394	28	0.93718714
154	8	length_08_macrocycle_08_0_model_154	/home/dkouv/work/tfr1-binder-design/experiments/007_RFD3_macrocycles/monomer_self_consistency/rfd3_backbones/length_08/length_08_macrocycle_08_0_model_154.cif.gz	/home/dkouv/work/tfr1-binder-design/experiments/007_RFD3_macrocycles/monomer_self_consistency/structural_tsne/tmalign_inputs/length_08_macrocycle_08_0_model_154.pdb	-36.326843	-9.783079	16	0.81661457
155	8	length_08_macrocycle_08_0_model_155	/home/dkouv/work/tfr1-binder-design/experiments/007_RFD3_macrocycles/monomer_self_consistency/rfd3_backbones/length_08/length_08_macrocycle_08_0_model_155.cif.gz	/home/dkouv/work/tfr1-binder-design/experiments/007_RFD3_macrocycles/monomer_self_consistency/structural_tsne/tmalign_inputs/length_08_macrocycle_08_0_model_155.pdb	-40.02627	7.91585	31	0.99684256
156	8	length_08_macrocycle_08_0_model_156	/home/dkouv/work/tfr1-binder-design/experiments/007_RFD3_macrocycles/monomer_self_consistency/rfd3_backbones/length_08/length_08_macrocycle_08_0_model_156.cif.gz	/home/dkouv/work/tfr1-binder-design/experiments/007_RFD3_macrocycles/monomer_self_consistency/structural_tsne/tmalign_inputs/length_08_macrocycle_08_0_model_156.pdb	-30.56402	-5.7542343	10	0.9685684
157	8	length_08_macrocycle_08_0_model_157	/home/dkouv/work/tfr1-binder-design/experiments/007_RFD3_macrocycles/monomer_self_consistency/rfd3_backbones/length_08/length_08_macrocycle_08_0_model_157.cif.gz	/home/dkouv/work/tfr1-binder-design/experiments/007_RFD3_macrocycles/monomer_self_consistency/structural_tsne/tmalign_inputs/length_08_macrocycle_08_0_model_157.pdb	-32.645157	-9.195755	10	0.66087455
158	8	length_08_macrocycle_08_0_model_158	/home/dkouv/work/tfr1-binder-design/experiments/007_RFD3_macrocycles/monomer_self_consistency/rfd3_backbones/length_08/length_08_macrocycle_08_0_model_158.cif.gz	/home/dkouv/work/tfr1-binder-design/experiments/007_RFD3_macrocycles/monomer_self_consistency/structural_tsne/tmalign_inputs/length_08_macrocycle_08_0_model_158.pdb	-29.132824	-4.955275	10	0.98110354
159	8	length_08_macrocycle_08_0_model_159	/home/dkouv/work/tfr1-binder-design/experiments/007_RFD3_macrocycles/monomer_self_consistency/rfd3_backbones/length_08/length_08_macrocycle_08_0_model_159.cif.gz	/home/dkouv/work/tfr1-binder-design/experiments/007_RFD3_macrocycles/monomer_self_consistency/structural_tsne/tmalign_inputs/length_08_macrocycle_08_0_model_159.pdb	-27.57644	-2.1471543	10	0.98719764
160	8	length_08_macrocycle_08_0_model_160	/home/dkouv/work/tfr1-binder-design/experiments/007_RFD3_macrocycles/monomer_self_consistency/rfd3_backbones/length_08/length_08_macrocycle_08_0_model_160.cif.gz	/home/dkouv/work/tfr1-binder-design/experiments/007_RFD3_macrocycles/monomer_self_consistency/structural_tsne/tmalign_inputs/length_08_macrocycle_08_0_model_160.pdb	-45.135868	8.976888	36	0.869622
161	8	length_08_macrocycle_08_0_model_161	/home/dkouv/work/tfr1-binder-design/experiments/007_RFD3_macrocycles/monomer_self_consistency/rfd3_backbones/length_08/length_08_macrocycle_08_0_model_161.cif.gz	/home/dkouv/work/tfr1-binder-design/experiments/007_RFD3_macrocycles/monomer_self_consistency/structural_tsne/tmalign_inputs/length_08_macrocycle_08_0_model_161.pdb	-48.831112	8.595848	4	0.5729722
162	8	length_08_macrocycle_08_0_model_162	/home/dkouv/work/tfr1-binder-design/experiments/007_RFD3_macrocycles/monomer_self_consistency/rfd3_backbones/length_08/length_08_macrocycle_08_0_model_162.cif.gz	/home/dkouv/work/tfr1-binder-design/experiments/007_RFD3_macrocycles/monomer_self_consistency/structural_tsne/tmalign_inputs/length_08_macrocycle_08_0_model_162.pdb	-30.676218	1.990678	35	0.91544974
163	8	length_08_macrocycle_08_0_model_163	/home/dkouv/work/tfr1-binder-design/experiments/007_RFD3_macrocycles/monomer_self_consistency/rfd3_backbones/length_08/length_08_macrocycle_08_0_model_163.cif.gz	/home/dkouv/work/tfr1-binder-design/experiments/007_RFD3_macrocycles/monomer_self_consistency/structural_tsne/tmalign_inputs/length_08_macrocycle_08_0_model_163.pdb	-33.16496	0.06556059	35	0.7689651
164	8	length_08_macrocycle_08_0_model_164	/home/dkouv/work/tfr1-binder-design/experiments/007_RFD3_macrocycles/monomer_self_consistency/rfd3_backbones/length_08/length_08_macrocycle_08_0_model_164.cif.gz	/home/dkouv/work/tfr1-binder-design/experiments/007_RFD3_macrocycles/monomer_self_consistency/structural_tsne/tmalign_inputs/length_08_macrocycle_08_0_model_164.pdb	-34.832466	-4.6284747	35	0.88861895
165	8	length_08_macrocycle_08_0_model_165	/home/dkouv/work/tfr1-binder-design/experiments/007_RFD3_macrocycles/monomer_self_consistency/rfd3_backbones/length_08/length_08_macrocycle_08_0_model_165.cif.gz	/home/dkouv/work/tfr1-binder-design/experiments/007_RFD3_macrocycles/monomer_self_consistency/structural_tsne/tmalign_inputs/length_08_macrocycle_08_0_model_165.pdb	-28.645206	2.17216	10	0.71614414
166	8	length_08_macrocycle_08_0_model_166	/home/dkouv/work/tfr1-binder-design/experiments/007_RFD3_macrocycles/monomer_self_consistency/rfd3_backbones/length_08/length_08_macrocycle_08_0_model_166.cif.gz	/home/dkouv/work/tfr1-binder-design/experiments/007_RFD3_macrocycles/monomer_self_consistency/structural_tsne/tmalign_inputs/length_08_macrocycle_08_0_model_166.pdb	-47.501564	-9.351275	28	0.9795558
167	8	length_08_macrocycle_08_0_model_167	/home/dkouv/work/tfr1-binder-design/experiments/007_RFD3_macrocycles/monomer_self_consistency/rfd3_backbones/length_08/length_08_macrocycle_08_0_model_167.cif.gz	/home/dkouv/work/tfr1-binder-design/experiments/007_RFD3_macrocycles/monomer_self_consistency/structural_tsne/tmalign_inputs/length_08_macrocycle_08_0_model_167.pdb	-29.97453	11.35626	13	0.99725145
168	8	length_08_macrocycle_08_0_model_168	/home/dkouv/work/tfr1-binder-design/experiments/007_RFD3_macrocycles/monomer_self_consistency/rfd3_backbones/length_08/length_08_macrocycle_08_0_model_168.cif.gz	/home/dkouv/work/tfr1-binder-design/experiments/007_RFD3_macrocycles/monomer_self_consistency/structural_tsne/tmalign_inputs/length_08_macrocycle_08_0_model_168.pdb	-31.031439	-11.799648	37	0.85901535
169	8	length_08_macrocycle_08_0_model_169	/home/dkouv/work/tfr1-binder-design/experiments/007_RFD3_macrocycles/monomer_self_consistency/rfd3_backbones/length_08/length_08_macrocycle_08_0_model_169.cif.gz	/home/dkouv/work/tfr1-binder-design/experiments/007_RFD3_macrocycles/monomer_self_consistency/structural_tsne/tmalign_inputs/length_08_macrocycle_08_0_model_169.pdb	-28.639948	-6.751953	10	0.49966368
170	8	length_08_macrocycle_08_0_model_170	/home/dkouv/work/tfr1-binder-design/experiments/007_RFD3_macrocycles/monomer_self_consistency/rfd3_backbones/length_08/length_08_macrocycle_08_0_model_170.cif.gz	/home/dkouv/work/tfr1-binder-design/experiments/007_RFD3_macrocycles/monomer_self_consistency/structural_tsne/tmalign_inputs/length_08_macrocycle_08_0_model_170.pdb	-41.4314	-6.7922587	35	0.9156802
171	8	length_08_macrocycle_08_0_model_171	/home/dkouv/work/tfr1-binder-design/experiments/007_RFD3_macrocycles/monomer_self_consistency/rfd3_backbones/length_08/length_08_macrocycle_08_0_model_171.cif.gz	/home/dkouv/work/tfr1-binder-design/experiments/007_RFD3_macrocycles/monomer_self_consistency/structural_tsne/tmalign_inputs/length_08_macrocycle_08_0_model_171.pdb	-37.360367	3.0713904	31	0.8001717
172	8	length_08_macrocycle_08_0_model_172	/home/dkouv/work/tfr1-binder-design/experiments/007_RFD3_macrocycles/monomer_self_consistency/rfd3_backbones/length_08/length_08_macrocycle_08_0_model_172.cif.gz	/home/dkouv/work/tfr1-binder-design/experiments/007_RFD3_macrocycles/monomer_self_consistency/structural_tsne/tmalign_inputs/length_08_macrocycle_08_0_model_172.pdb	-28.689322	0.61352164	10	0.9066497
173	8	length_08_macrocycle_08_0_model_173	/home/dkouv/work/tfr1-binder-design/experiments/007_RFD3_macrocycles/monomer_self_consistency/rfd3_backbones/length_08/length_08_macrocycle_08_0_model_173.cif.gz	/home/dkouv/work/tfr1-binder-design/experiments/007_RFD3_macrocycles/monomer_self_consistency/structural_tsne/tmalign_inputs/length_08_macrocycle_08_0_model_173.pdb	-41.96699	11.446914	31	0.9974902
174	8	length_08_macrocycle_08_0_model_174	/home/dkouv/work/tfr1-binder-design/experiments/007_RFD3_macrocycles/monomer_self_consistency/rfd3_backbones/length_08/length_08_macrocycle_08_0_model_174.cif.gz	/home/dkouv/work/tfr1-binder-design/experiments/007_RFD3_macrocycles/monomer_self_consistency/structural_tsne/tmalign_inputs/length_08_macrocycle_08_0_model_174.pdb	-40.258305	-11.894941	16	0.82701623
175	8	length_08_macrocycle_08_0_model_175	/home/dkouv/work/tfr1-binder-design/experiments/007_RFD3_macrocycles/monomer_self_consistency/rfd3_backbones/length_08/length_08_macrocycle_08_0_model_175.cif.gz	/home/dkouv/work/tfr1-binder-design/experiments/007_RFD3_macrocycles/monomer_self_consistency/structural_tsne/tmalign_inputs/length_08_macrocycle_08_0_model_175.pdb	-47.08876	5.948071	4	0.9197841
176	8	length_08_macrocycle_08_0_model_176	/home/dkouv/work/tfr1-binder-design/experiments/007_RFD3_macrocycles/monomer_self_consistency/rfd3_backbones/length_08/length_08_macrocycle_08_0_model_176.cif.gz	/home/dkouv/work/tfr1-binder-design/experiments/007_RFD3_macrocycles/monomer_self_consistency/structural_tsne/tmalign_inputs/length_08_macrocycle_08_0_model_176.pdb	-33.886013	-14.174478	16	0.93309057
177	8	length_08_macrocycle_08_0_model_177	/home/dkouv/work/tfr1-binder-design/experiments/007_RFD3_macrocycles/monomer_self_consistency/rfd3_backbones/length_08/length_08_macrocycle_08_0_model_177.cif.gz	/home/dkouv/work/tfr1-binder-design/experiments/007_RFD3_macrocycles/monomer_self_consistency/structural_tsne/tmalign_inputs/length_08_macrocycle_08_0_model_177.pdb	-26.880016	-2.083776	10	0.98367995
178	8	length_08_macrocycle_08_0_model_178	/home/dkouv/work/tfr1-binder-design/experiments/007_RFD3_macrocycles/monomer_self_consistency/rfd3_backbones/length_08/length_08_macrocycle_08_0_model_178.cif.gz	/home/dkouv/work/tfr1-binder-design/experiments/007_RFD3_macrocycles/monomer_self_consistency/structural_tsne/tmalign_inputs/length_08_macrocycle_08_0_model_178.pdb	-36.27586	11.66572	13	0.9714403
179	8	length_08_macrocycle_08_0_model_179	/home/dkouv/work/tfr1-binder-design/experiments/007_RFD3_macrocycles/monomer_self_consistency/rfd3_backbones/length_08/length_08_macrocycle_08_0_model_179.cif.gz	/home/dkouv/work/tfr1-binder-design/experiments/007_RFD3_macrocycles/monomer_self_consistency/structural_tsne/tmalign_inputs/length_08_macrocycle_08_0_model_179.pdb	-44.911827	8.595296	36	0.80456465
180	8	length_08_macrocycle_08_0_model_180	/home/dkouv/work/tfr1-binder-design/experiments/007_RFD3_macrocycles/monomer_self_consistency/rfd3_backbones/length_08/length_08_macrocycle_08_0_model_180.cif.gz	/home/dkouv/work/tfr1-binder-design/experiments/007_RFD3_macrocycles/monomer_self_consistency/structural_tsne/tmalign_inputs/length_08_macrocycle_08_0_model_180.pdb	-25.58286	1.6299487	10	0.97748923
181	8	length_08_macrocycle_08_0_model_181	/home/dkouv/work/tfr1-binder-design/experiments/007_RFD3_macrocycles/monomer_self_consistency/rfd3_backbones/length_08/length_08_macrocycle_08_0_model_181.cif.gz	/home/dkouv/work/tfr1-binder-design/experiments/007_RFD3_macrocycles/monomer_self_consistency/structural_tsne/tmalign_inputs/length_08_macrocycle_08_0_model_181.pdb	-47.879604	13.388374	36	0.9950703
182	8	length_08_macrocycle_08_0_model_182	/home/dkouv/work/tfr1-binder-design/experiments/007_RFD3_macrocycles/monomer_self_consistency/rfd3_backbones/length_08/length_08_macrocycle_08_0_model_182.cif.gz	/home/dkouv/work/tfr1-binder-design/experiments/007_RFD3_macrocycles/monomer_self_consistency/structural_tsne/tmalign_inputs/length_08_macrocycle_08_0_model_182.pdb	-29.167013	-9.826962	37	0.98358995
183	8	length_08_macrocycle_08_0_model_183	/home/dkouv/work/tfr1-binder-design/experiments/007_RFD3_macrocycles/monomer_self_consistency/rfd3_backbones/length_08/length_08_macrocycle_08_0_model_183.cif.gz	/home/dkouv/work/tfr1-binder-design/experiments/007_RFD3_macrocycles/monomer_self_consistency/structural_tsne/tmalign_inputs/length_08_macrocycle_08_0_model_183.pdb	-31.33617	10.442059	13	0.9885475
184	8	length_08_macrocycle_08_0_model_184	/home/dkouv/work/tfr1-binder-design/experiments/007_RFD3_macrocycles/monomer_self_consistency/rfd3_backbones/length_08/length_08_macrocycle_08_0_model_184.cif.gz	/home/dkouv/work/tfr1-binder-design/experiments/007_RFD3_macrocycles/monomer_self_consistency/structural_tsne/tmalign_inputs/length_08_macrocycle_08_0_model_184.pdb	-28.686752	-6.6259747	10	0.5885041
185	8	length_08_macrocycle_08_0_model_185	/home/dkouv/work/tfr1-binder-design/experiments/007_RFD3_macrocycles/monomer_self_consistency/rfd3_backbones/length_08/length_08_macrocycle_08_0_model_185.cif.gz	/home/dkouv/work/tfr1-binder-design/experiments/007_RFD3_macrocycles/monomer_self_consistency/structural_tsne/tmalign_inputs/length_08_macrocycle_08_0_model_185.pdb	-44.290047	0.2530174	4	0.90172124
186	8	length_08_macrocycle_08_0_model_186	/home/dkouv/work/tfr1-binder-design/experiments/007_RFD3_macrocycles/monomer_self_consistency/rfd3_backbones/length_08/length_08_macrocycle_08_0_model_186.cif.gz	/home/dkouv/work/tfr1-binder-design/experiments/007_RFD3_macrocycles/monomer_self_consistency/structural_tsne/tmalign_inputs/length_08_macrocycle_08_0_model_186.pdb	-30.603626	11.460927	13	0.9979112
187	8	length_08_macrocycle_08_0_model_187	/home/dkouv/work/tfr1-binder-design/experiments/007_RFD3_macrocycles/monomer_self_consistency/rfd3_backbones/length_08/length_08_macrocycle_08_0_model_187.cif.gz	/home/dkouv/work/tfr1-binder-design/experiments/007_RFD3_macrocycles/monomer_self_consistency/structural_tsne/tmalign_inputs/length_08_macrocycle_08_0_model_187.pdb	-27.559952	0.3137733	10	0.97840226
188	8	length_08_macrocycle_08_0_model_188	/home/dkouv/work/tfr1-binder-design/experiments/007_RFD3_macrocycles/monomer_self_consistency/rfd3_backbones/length_08/length_08_macrocycle_08_0_model_188.cif.gz	/home/dkouv/work/tfr1-binder-design/experiments/007_RFD3_macrocycles/monomer_self_consistency/structural_tsne/tmalign_inputs/length_08_macrocycle_08_0_model_188.pdb	-28.485977	-3.4170291	10	0.98714477
189	8	length_08_macrocycle_08_0_model_189	/home/dkouv/work/tfr1-binder-design/experiments/007_RFD3_macrocycles/monomer_self_consistency/rfd3_backbones/length_08/length_08_macrocycle_08_0_model_189.cif.gz	/home/dkouv/work/tfr1-binder-design/experiments/007_RFD3_macrocycles/monomer_self_consistency/structural_tsne/tmalign_inputs/length_08_macrocycle_08_0_model_189.pdb	-48.62301	-7.478103	28	0.98508435
190	8	length_08_macrocycle_08_0_model_190	/home/dkouv/work/tfr1-binder-design/experiments/007_RFD3_macrocycles/monomer_self_consistency/rfd3_backbones/length_08/length_08_macrocycle_08_0_model_190.cif.gz	/home/dkouv/work/tfr1-binder-design/experiments/007_RFD3_macrocycles/monomer_self_consistency/structural_tsne/tmalign_inputs/length_08_macrocycle_08_0_model_190.pdb	-43.061977	4.101972	31	0.93521714
191	8	length_08_macrocycle_08_0_model_191	/home/dkouv/work/tfr1-binder-design/experiments/007_RFD3_macrocycles/monomer_self_consistency/rfd3_backbones/length_08/length_08_macrocycle_08_0_model_191.cif.gz	/home/dkouv/work/tfr1-binder-design/experiments/007_RFD3_macrocycles/monomer_self_consistency/structural_tsne/tmalign_inputs/length_08_macrocycle_08_0_model_191.pdb	-31.064873	-9.637666	37	0.6070295
192	8	length_08_macrocycle_08_0_model_192	/home/dkouv/work/tfr1-binder-design/experiments/007_RFD3_macrocycles/monomer_self_consistency/rfd3_backbones/length_08/length_08_macrocycle_08_0_model_192.cif.gz	/home/dkouv/work/tfr1-binder-design/experiments/007_RFD3_macrocycles/monomer_self_consistency/structural_tsne/tmalign_inputs/length_08_macrocycle_08_0_model_192.pdb	-35.415157	-7.5315886	35	0.83875185
193	8	length_08_macrocycle_08_0_model_193	/home/dkouv/work/tfr1-binder-design/experiments/007_RFD3_macrocycles/monomer_self_consistency/rfd3_backbones/length_08/length_08_macrocycle_08_0_model_193.cif.gz	/home/dkouv/work/tfr1-binder-design/experiments/007_RFD3_macrocycles/monomer_self_consistency/structural_tsne/tmalign_inputs/length_08_macrocycle_08_0_model_193.pdb	-35.379276	-15.983911	16	0.99265665
194	8	length_08_macrocycle_08_0_model_194	/home/dkouv/work/tfr1-binder-design/experiments/007_RFD3_macrocycles/monomer_self_consistency/rfd3_backbones/length_08/length_08_macrocycle_08_0_model_194.cif.gz	/home/dkouv/work/tfr1-binder-design/experiments/007_RFD3_macrocycles/monomer_self_consistency/structural_tsne/tmalign_inputs/length_08_macrocycle_08_0_model_194.pdb	-48.002953	-8.263719	28	0.98265326
195	8	length_08_macrocycle_08_0_model_195	/home/dkouv/work/tfr1-binder-design/experiments/007_RFD3_macrocycles/monomer_self_consistency/rfd3_backbones/length_08/length_08_macrocycle_08_0_model_195.cif.gz	/home/dkouv/work/tfr1-binder-design/experiments/007_RFD3_macrocycles/monomer_self_consistency/structural_tsne/tmalign_inputs/length_08_macrocycle_08_0_model_195.pdb	-44.804165	9.096009	36	0.8679877
196	8	length_08_macrocycle_08_0_model_196	/home/dkouv/work/tfr1-binder-design/experiments/007_RFD3_macrocycles/monomer_self_consistency/rfd3_backbones/length_08/length_08_macrocycle_08_0_model_196.cif.gz	/home/dkouv/work/tfr1-binder-design/experiments/007_RFD3_macrocycles/monomer_self_consistency/structural_tsne/tmalign_inputs/length_08_macrocycle_08_0_model_196.pdb	-34.20587	-1.8484955	35	0.7826931
197	8	length_08_macrocycle_08_0_model_197	/home/dkouv/work/tfr1-binder-design/experiments/007_RFD3_macrocycles/monomer_self_consistency/rfd3_backbones/length_08/length_08_macrocycle_08_0_model_197.cif.gz	/home/dkouv/work/tfr1-binder-design/experiments/007_RFD3_macrocycles/monomer_self_consistency/structural_tsne/tmalign_inputs/length_08_macrocycle_08_0_model_197.pdb	-34.659767	-1.2701297	35	0.74348956
198	8	length_08_macrocycle_08_0_model_198	/home/dkouv/work/tfr1-binder-design/experiments/007_RFD3_macrocycles/monomer_self_consistency/rfd3_backbones/length_08/length_08_macrocycle_08_0_model_198.cif.gz	/home/dkouv/work/tfr1-binder-design/experiments/007_RFD3_macrocycles/monomer_self_consistency/structural_tsne/tmalign_inputs/length_08_macrocycle_08_0_model_198.pdb	-28.737787	-12.302278	37	0.98510313
199	8	length_08_macrocycle_08_0_model_199	/home/dkouv/work/tfr1-binder-design/experiments/007_RFD3_macrocycles/monomer_self_consistency/rfd3_backbones/length_08/length_08_macrocycle_08_0_model_199.cif.gz	/home/dkouv/work/tfr1-binder-design/experiments/007_RFD3_macrocycles/monomer_self_consistency/structural_tsne/tmalign_inputs/length_08_macrocycle_08_0_model_199.pdb	-42.82363	-5.7896495	35	0.6966726
200	10	length_10_macrocycle_10_0_model_0	/home/dkouv/work/tfr1-binder-design/experiments/007_RFD3_macrocycles/monomer_self_consistency/rfd3_backbones/length_10/length_10_macrocycle_10_0_model_0.cif.gz	/home/dkouv/work/tfr1-binder-design/experiments/007_RFD3_macrocycles/monomer_self_consistency/structural_tsne/tmalign_inputs/length_10_macrocycle_10_0_model_0.pdb	44.27924	-5.3039346	20	1.0
201	10	length_10_macrocycle_10_0_model_1	/home/dkouv/work/tfr1-binder-design/experiments/007_RFD3_macrocycles/monomer_self_consistency/rfd3_backbones/length_10/length_10_macrocycle_10_0_model_1.cif.gz	/home/dkouv/work/tfr1-binder-design/experiments/007_RFD3_macrocycles/monomer_self_consistency/structural_tsne/tmalign_inputs/length_10_macrocycle_10_0_model_1.pdb	49.85468	-4.861581	20	1.0
202	10	length_10_macrocycle_10_0_model_2	/home/dkouv/work/tfr1-binder-design/experiments/007_RFD3_macrocycles/monomer_self_consistency/rfd3_backbones/length_10/length_10_macrocycle_10_0_model_2.cif.gz	/home/dkouv/work/tfr1-binder-design/experiments/007_RFD3_macrocycles/monomer_self_consistency/structural_tsne/tmalign_inputs/length_10_macrocycle_10_0_model_2.pdb	53.499317	12.282603	22	1.0
203	10	length_10_macrocycle_10_0_model_3	/home/dkouv/work/tfr1-binder-design/experiments/007_RFD3_macrocycles/monomer_self_consistency/rfd3_backbones/length_10/length_10_macrocycle_10_0_model_3.cif.gz	/home/dkouv/work/tfr1-binder-design/experiments/007_RFD3_macrocycles/monomer_self_consistency/structural_tsne/tmalign_inputs/length_10_macrocycle_10_0_model_3.pdb	11.790305	-11.555414	11	0.98488706
204	10	length_10_macrocycle_10_0_model_4	/home/dkouv/work/tfr1-binder-design/experiments/007_RFD3_macrocycles/monomer_self_consistency/rfd3_backbones/length_10/length_10_macrocycle_10_0_model_4.cif.gz	/home/dkouv/work/tfr1-binder-design/experiments/007_RFD3_macrocycles/monomer_self_consistency/structural_tsne/tmalign_inputs/length_10_macrocycle_10_0_model_4.pdb	49.67545	-6.770922	20	1.0
205	10	length_10_macrocycle_10_0_model_5	/home/dkouv/work/tfr1-binder-design/experiments/007_RFD3_macrocycles/monomer_self_consistency/rfd3_backbones/length_10/length_10_macrocycle_10_0_model_5.cif.gz	/home/dkouv/work/tfr1-binder-design/experiments/007_RFD3_macrocycles/monomer_self_consistency/structural_tsne/tmalign_inputs/length_10_macrocycle_10_0_model_5.pdb	49.474224	-7.4830985	20	1.0
206	10	length_10_macrocycle_10_0_model_6	/home/dkouv/work/tfr1-binder-design/experiments/007_RFD3_macrocycles/monomer_self_consistency/rfd3_backbones/length_10/length_10_macrocycle_10_0_model_6.cif.gz	/home/dkouv/work/tfr1-binder-design/experiments/007_RFD3_macrocycles/monomer_self_consistency/structural_tsne/tmalign_inputs/length_10_macrocycle_10_0_model_6.pdb	44.16436	-4.4698606	20	1.0
207	10	length_10_macrocycle_10_0_model_7	/home/dkouv/work/tfr1-binder-design/experiments/007_RFD3_macrocycles/monomer_self_consistency/rfd3_backbones/length_10/length_10_macrocycle_10_0_model_7.cif.gz	/home/dkouv/work/tfr1-binder-design/experiments/007_RFD3_macrocycles/monomer_self_consistency/structural_tsne/tmalign_inputs/length_10_macrocycle_10_0_model_7.pdb	38.182087	-6.316158	40	0.92971694
208	10	length_10_macrocycle_10_0_model_8	/home/dkouv/work/tfr1-binder-design/experiments/007_RFD3_macrocycles/monomer_self_consistency/rfd3_backbones/length_10/length_10_macrocycle_10_0_model_8.cif.gz	/home/dkouv/work/tfr1-binder-design/experiments/007_RFD3_macrocycles/monomer_self_consistency/structural_tsne/tmalign_inputs/length_10_macrocycle_10_0_model_8.pdb	35.085705	-0.4844591	40	0.9663066
209	10	length_10_macrocycle_10_0_model_9	/home/dkouv/work/tfr1-binder-design/experiments/007_RFD3_macrocycles/monomer_self_consistency/rfd3_backbones/length_10/length_10_macrocycle_10_0_model_9.cif.gz	/home/dkouv/work/tfr1-binder-design/experiments/007_RFD3_macrocycles/monomer_self_consistency/structural_tsne/tmalign_inputs/length_10_macrocycle_10_0_model_9.pdb	55.49582	0.78607875	6	0.99999183
210	10	length_10_macrocycle_10_0_model_10	/home/dkouv/work/tfr1-binder-design/experiments/007_RFD3_macrocycles/monomer_self_consistency/rfd3_backbones/length_10/length_10_macrocycle_10_0_model_10.cif.gz	/home/dkouv/work/tfr1-binder-design/experiments/007_RFD3_macrocycles/monomer_self_consistency/structural_tsne/tmalign_inputs/length_10_macrocycle_10_0_model_10.pdb	1.5569249	-18.522507	11	0.76169205
211	10	length_10_macrocycle_10_0_model_11	/home/dkouv/work/tfr1-binder-design/experiments/007_RFD3_macrocycles/monomer_self_consistency/rfd3_backbones/length_10/length_10_macrocycle_10_0_model_11.cif.gz	/home/dkouv/work/tfr1-binder-design/experiments/007_RFD3_macrocycles/monomer_self_consistency/structural_tsne/tmalign_inputs/length_10_macrocycle_10_0_model_11.pdb	54.94539	-0.22113335	6	0.99966294
212	10	length_10_macrocycle_10_0_model_12	/home/dkouv/work/tfr1-binder-design/experiments/007_RFD3_macrocycles/monomer_self_consistency/rfd3_backbones/length_10/length_10_macrocycle_10_0_model_12.cif.gz	/home/dkouv/work/tfr1-binder-design/experiments/007_RFD3_macrocycles/monomer_self_consistency/structural_tsne/tmalign_inputs/length_10_macrocycle_10_0_model_12.pdb	11.690718	-12.080539	11	0.9821089
213	10	length_10_macrocycle_10_0_model_13	/home/dkouv/work/tfr1-binder-design/experiments/007_RFD3_macrocycles/monomer_self_consistency/rfd3_backbones/length_10/length_10_macrocycle_10_0_model_13.cif.gz	/home/dkouv/work/tfr1-binder-design/experiments/007_RFD3_macrocycles/monomer_self_consistency/structural_tsne/tmalign_inputs/length_10_macrocycle_10_0_model_13.pdb	56.539898	0.12646455	6	0.99999136
214	10	length_10_macrocycle_10_0_model_14	/home/dkouv/work/tfr1-binder-design/experiments/007_RFD3_macrocycles/monomer_self_consistency/rfd3_backbones/length_10/length_10_macrocycle_10_0_model_14.cif.gz	/home/dkouv/work/tfr1-binder-design/experiments/007_RFD3_macrocycles/monomer_self_consistency/structural_tsne/tmalign_inputs/length_10_macrocycle_10_0_model_14.pdb	52.797714	11.422491	22	1.0
215	10	length_10_macrocycle_10_0_model_15	/home/dkouv/work/tfr1-binder-design/experiments/007_RFD3_macrocycles/monomer_self_consistency/rfd3_backbones/length_10/length_10_macrocycle_10_0_model_15.cif.gz	/home/dkouv/work/tfr1-binder-design/experiments/007_RFD3_macrocycles/monomer_self_consistency/structural_tsne/tmalign_inputs/length_10_macrocycle_10_0_model_15.pdb	40.28385	4.654489	9	1.0
216	10	length_10_macrocycle_10_0_model_16	/home/dkouv/work/tfr1-binder-design/experiments/007_RFD3_macrocycles/monomer_self_consistency/rfd3_backbones/length_10/length_10_macrocycle_10_0_model_16.cif.gz	/home/dkouv/work/tfr1-binder-design/experiments/007_RFD3_macrocycles/monomer_self_consistency/structural_tsne/tmalign_inputs/length_10_macrocycle_10_0_model_16.pdb	50.87169	-4.5815525	20	1.0
217	10	length_10_macrocycle_10_0_model_17	/home/dkouv/work/tfr1-binder-design/experiments/007_RFD3_macrocycles/monomer_self_consistency/rfd3_backbones/length_10/length_10_macrocycle_10_0_model_17.cif.gz	/home/dkouv/work/tfr1-binder-design/experiments/007_RFD3_macrocycles/monomer_self_consistency/structural_tsne/tmalign_inputs/length_10_macrocycle_10_0_model_17.pdb	43.251484	-4.6929183	20	0.9999966
218	10	length_10_macrocycle_10_0_model_18	/home/dkouv/work/tfr1-binder-design/experiments/007_RFD3_macrocycles/monomer_self_consistency/rfd3_backbones/length_10/length_10_macrocycle_10_0_model_18.cif.gz	/home/dkouv/work/tfr1-binder-design/experiments/007_RFD3_macrocycles/monomer_self_consistency/structural_tsne/tmalign_inputs/length_10_macrocycle_10_0_model_18.pdb	50.79563	-3.5793471	20	1.0
219	10	length_10_macrocycle_10_0_model_19	/home/dkouv/work/tfr1-binder-design/experiments/007_RFD3_macrocycles/monomer_self_consistency/rfd3_backbones/length_10/length_10_macrocycle_10_0_model_19.cif.gz	/home/dkouv/work/tfr1-binder-design/experiments/007_RFD3_macrocycles/monomer_self_consistency/structural_tsne/tmalign_inputs/length_10_macrocycle_10_0_model_19.pdb	50.127296	8.3709	22	1.0
220	10	length_10_macrocycle_10_0_model_20	/home/dkouv/work/tfr1-binder-design/experiments/007_RFD3_macrocycles/monomer_self_consistency/rfd3_backbones/length_10/length_10_macrocycle_10_0_model_20.cif.gz	/home/dkouv/work/tfr1-binder-design/experiments/007_RFD3_macrocycles/monomer_self_consistency/structural_tsne/tmalign_inputs/length_10_macrocycle_10_0_model_20.pdb	36.187485	3.9759505	9	0.9999923
221	10	length_10_macrocycle_10_0_model_21	/home/dkouv/work/tfr1-binder-design/experiments/007_RFD3_macrocycles/monomer_self_consistency/rfd3_backbones/length_10/length_10_macrocycle_10_0_model_21.cif.gz	/home/dkouv/work/tfr1-binder-design/experiments/007_RFD3_macrocycles/monomer_self_consistency/structural_tsne/tmalign_inputs/length_10_macrocycle_10_0_model_21.pdb	55.459732	-0.7542954	6	0.9997663
222	10	length_10_macrocycle_10_0_model_22	/home/dkouv/work/tfr1-binder-design/experiments/007_RFD3_macrocycles/monomer_self_consistency/rfd3_backbones/length_10/length_10_macrocycle_10_0_model_22.cif.gz	/home/dkouv/work/tfr1-binder-design/experiments/007_RFD3_macrocycles/monomer_self_consistency/structural_tsne/tmalign_inputs/length_10_macrocycle_10_0_model_22.pdb	34.241886	-4.3259597	40	0.99888194
223	10	length_10_macrocycle_10_0_model_23	/home/dkouv/work/tfr1-binder-design/experiments/007_RFD3_macrocycles/monomer_self_consistency/rfd3_backbones/length_10/length_10_macrocycle_10_0_model_23.cif.gz	/home/dkouv/work/tfr1-binder-design/experiments/007_RFD3_macrocycles/monomer_self_consistency/structural_tsne/tmalign_inputs/length_10_macrocycle_10_0_model_23.pdb	50.20054	7.806975	22	1.0
224	10	length_10_macrocycle_10_0_model_24	/home/dkouv/work/tfr1-binder-design/experiments/007_RFD3_macrocycles/monomer_self_consistency/rfd3_backbones/length_10/length_10_macrocycle_10_0_model_24.cif.gz	/home/dkouv/work/tfr1-binder-design/experiments/007_RFD3_macrocycles/monomer_self_consistency/structural_tsne/tmalign_inputs/length_10_macrocycle_10_0_model_24.pdb	41.84762	8.723202	9	1.0
225	10	length_10_macrocycle_10_0_model_25	/home/dkouv/work/tfr1-binder-design/experiments/007_RFD3_macrocycles/monomer_self_consistency/rfd3_backbones/length_10/length_10_macrocycle_10_0_model_25.cif.gz	/home/dkouv/work/tfr1-binder-design/experiments/007_RFD3_macrocycles/monomer_self_consistency/structural_tsne/tmalign_inputs/length_10_macrocycle_10_0_model_25.pdb	51.94189	9.946123	22	1.0
226	10	length_10_macrocycle_10_0_model_26	/home/dkouv/work/tfr1-binder-design/experiments/007_RFD3_macrocycles/monomer_self_consistency/rfd3_backbones/length_10/length_10_macrocycle_10_0_model_26.cif.gz	/home/dkouv/work/tfr1-binder-design/experiments/007_RFD3_macrocycles/monomer_self_consistency/structural_tsne/tmalign_inputs/length_10_macrocycle_10_0_model_26.pdb	-44.796837	-12.310767	28	0.7784057
227	10	length_10_macrocycle_10_0_model_27	/home/dkouv/work/tfr1-binder-design/experiments/007_RFD3_macrocycles/monomer_self_consistency/rfd3_backbones/length_10/length_10_macrocycle_10_0_model_27.cif.gz	/home/dkouv/work/tfr1-binder-design/experiments/007_RFD3_macrocycles/monomer_self_consistency/structural_tsne/tmalign_inputs/length_10_macrocycle_10_0_model_27.pdb	57.557446	0.07741381	6	0.9999809
228	10	length_10_macrocycle_10_0_model_28	/home/dkouv/work/tfr1-binder-design/experiments/007_RFD3_macrocycles/monomer_self_consistency/rfd3_backbones/length_10/length_10_macrocycle_10_0_model_28.cif.gz	/home/dkouv/work/tfr1-binder-design/experiments/007_RFD3_macrocycles/monomer_self_consistency/structural_tsne/tmalign_inputs/length_10_macrocycle_10_0_model_28.pdb	40.947197	7.1259184	9	1.0
229	10	length_10_macrocycle_10_0_model_29	/home/dkouv/work/tfr1-binder-design/experiments/007_RFD3_macrocycles/monomer_self_consistency/rfd3_backbones/length_10/length_10_macrocycle_10_0_model_29.cif.gz	/home/dkouv/work/tfr1-binder-design/experiments/007_RFD3_macrocycles/monomer_self_consistency/structural_tsne/tmalign_inputs/length_10_macrocycle_10_0_model_29.pdb	45.641273	-4.758894	20	1.0
230	10	length_10_macrocycle_10_0_model_30	/home/dkouv/work/tfr1-binder-design/experiments/007_RFD3_macrocycles/monomer_self_consistency/rfd3_backbones/length_10/length_10_macrocycle_10_0_model_30.cif.gz	/home/dkouv/work/tfr1-binder-design/experiments/007_RFD3_macrocycles/monomer_self_consistency/structural_tsne/tmalign_inputs/length_10_macrocycle_10_0_model_30.pdb	-47.838917	2.068976	4	0.99757963
231	10	length_10_macrocycle_10_0_model_31	/home/dkouv/work/tfr1-binder-design/experiments/007_RFD3_macrocycles/monomer_self_consistency/rfd3_backbones/length_10/length_10_macrocycle_10_0_model_31.cif.gz	/home/dkouv/work/tfr1-binder-design/experiments/007_RFD3_macrocycles/monomer_self_consistency/structural_tsne/tmalign_inputs/length_10_macrocycle_10_0_model_31.pdb	52.834904	12.173374	22	1.0
232	10	length_10_macrocycle_10_0_model_32	/home/dkouv/work/tfr1-binder-design/experiments/007_RFD3_macrocycles/monomer_self_consistency/rfd3_backbones/length_10/length_10_macrocycle_10_0_model_32.cif.gz	/home/dkouv/work/tfr1-binder-design/experiments/007_RFD3_macrocycles/monomer_self_consistency/structural_tsne/tmalign_inputs/length_10_macrocycle_10_0_model_32.pdb	44.574043	-3.812987	20	1.0
233	10	length_10_macrocycle_10_0_model_33	/home/dkouv/work/tfr1-binder-design/experiments/007_RFD3_macrocycles/monomer_self_consistency/rfd3_backbones/length_10/length_10_macrocycle_10_0_model_33.cif.gz	/home/dkouv/work/tfr1-binder-design/experiments/007_RFD3_macrocycles/monomer_self_consistency/structural_tsne/tmalign_inputs/length_10_macrocycle_10_0_model_33.pdb	-1.1073023	-12.419599	33	0.9927423
234	10	length_10_macrocycle_10_0_model_34	/home/dkouv/work/tfr1-binder-design/experiments/007_RFD3_macrocycles/monomer_self_consistency/rfd3_backbones/length_10/length_10_macrocycle_10_0_model_34.cif.gz	/home/dkouv/work/tfr1-binder-design/experiments/007_RFD3_macrocycles/monomer_self_consistency/structural_tsne/tmalign_inputs/length_10_macrocycle_10_0_model_34.pdb	50.76406	-6.012358	20	1.0
235	10	length_10_macrocycle_10_0_model_35	/home/dkouv/work/tfr1-binder-design/experiments/007_RFD3_macrocycles/monomer_self_consistency/rfd3_backbones/length_10/length_10_macrocycle_10_0_model_35.cif.gz	/home/dkouv/work/tfr1-binder-design/experiments/007_RFD3_macrocycles/monomer_self_consistency/structural_tsne/tmalign_inputs/length_10_macrocycle_10_0_model_35.pdb	3.8784235	-17.518688	11	0.89917976
236	10	length_10_macrocycle_10_0_model_36	/home/dkouv/work/tfr1-binder-design/experiments/007_RFD3_macrocycles/monomer_self_consistency/rfd3_backbones/length_10/length_10_macrocycle_10_0_model_36.cif.gz	/home/dkouv/work/tfr1-binder-design/experiments/007_RFD3_macrocycles/monomer_self_consistency/structural_tsne/tmalign_inputs/length_10_macrocycle_10_0_model_36.pdb	50.513885	-3.2189903	20	1.0
237	10	length_10_macrocycle_10_0_model_37	/home/dkouv/work/tfr1-binder-design/experiments/007_RFD3_macrocycles/monomer_self_consistency/rfd3_backbones/length_10/length_10_macrocycle_10_0_model_37.cif.gz	/home/dkouv/work/tfr1-binder-design/experiments/007_RFD3_macrocycles/monomer_self_consistency/structural_tsne/tmalign_inputs/length_10_macrocycle_10_0_model_37.pdb	34.677483	-1.8543465	40	0.9980639
238	10	length_10_macrocycle_10_0_model_38	/home/dkouv/work/tfr1-binder-design/experiments/007_RFD3_macrocycles/monomer_self_consistency/rfd3_backbones/length_10/length_10_macrocycle_10_0_model_38.cif.gz	/home/dkouv/work/tfr1-binder-design/experiments/007_RFD3_macrocycles/monomer_self_consistency/structural_tsne/tmalign_inputs/length_10_macrocycle_10_0_model_38.pdb	48.905556	7.7060933	22	1.0
239	10	length_10_macrocycle_10_0_model_39	/home/dkouv/work/tfr1-binder-design/experiments/007_RFD3_macrocycles/monomer_self_consistency/rfd3_backbones/length_10/length_10_macrocycle_10_0_model_39.cif.gz	/home/dkouv/work/tfr1-binder-design/experiments/007_RFD3_macrocycles/monomer_self_consistency/structural_tsne/tmalign_inputs/length_10_macrocycle_10_0_model_39.pdb	41.39836	8.239178	9	1.0
240	10	length_10_macrocycle_10_0_model_40	/home/dkouv/work/tfr1-binder-design/experiments/007_RFD3_macrocycles/monomer_self_consistency/rfd3_backbones/length_10/length_10_macrocycle_10_0_model_40.cif.gz	/home/dkouv/work/tfr1-binder-design/experiments/007_RFD3_macrocycles/monomer_self_consistency/structural_tsne/tmalign_inputs/length_10_macrocycle_10_0_model_40.pdb	49.590343	-5.385779	20	1.0
241	10	length_10_macrocycle_10_0_model_41	/home/dkouv/work/tfr1-binder-design/experiments/007_RFD3_macrocycles/monomer_self_consistency/rfd3_backbones/length_10/length_10_macrocycle_10_0_model_41.cif.gz	/home/dkouv/work/tfr1-binder-design/experiments/007_RFD3_macrocycles/monomer_self_consistency/structural_tsne/tmalign_inputs/length_10_macrocycle_10_0_model_41.pdb	53.06916	11.155933	22	1.0
242	10	length_10_macrocycle_10_0_model_42	/home/dkouv/work/tfr1-binder-design/experiments/007_RFD3_macrocycles/monomer_self_consistency/rfd3_backbones/length_10/length_10_macrocycle_10_0_model_42.cif.gz	/home/dkouv/work/tfr1-binder-design/experiments/007_RFD3_macrocycles/monomer_self_consistency/structural_tsne/tmalign_inputs/length_10_macrocycle_10_0_model_42.pdb	37.790638	4.5714297	9	1.0
243	10	length_10_macrocycle_10_0_model_43	/home/dkouv/work/tfr1-binder-design/experiments/007_RFD3_macrocycles/monomer_self_consistency/rfd3_backbones/length_10/length_10_macrocycle_10_0_model_43.cif.gz	/home/dkouv/work/tfr1-binder-design/experiments/007_RFD3_macrocycles/monomer_self_consistency/structural_tsne/tmalign_inputs/length_10_macrocycle_10_0_model_43.pdb	49.94129	-6.023961	20	1.0
244	10	length_10_macrocycle_10_0_model_44	/home/dkouv/work/tfr1-binder-design/experiments/007_RFD3_macrocycles/monomer_self_consistency/rfd3_backbones/length_10/length_10_macrocycle_10_0_model_44.cif.gz	/home/dkouv/work/tfr1-binder-design/experiments/007_RFD3_macrocycles/monomer_self_consistency/structural_tsne/tmalign_inputs/length_10_macrocycle_10_0_model_44.pdb	42.208904	7.5517645	9	1.0
245	10	length_10_macrocycle_10_0_model_45	/home/dkouv/work/tfr1-binder-design/experiments/007_RFD3_macrocycles/monomer_self_consistency/rfd3_backbones/length_10/length_10_macrocycle_10_0_model_45.cif.gz	/home/dkouv/work/tfr1-binder-design/experiments/007_RFD3_macrocycles/monomer_self_consistency/structural_tsne/tmalign_inputs/length_10_macrocycle_10_0_model_45.pdb	50.589222	9.815774	22	1.0
246	10	length_10_macrocycle_10_0_model_46	/home/dkouv/work/tfr1-binder-design/experiments/007_RFD3_macrocycles/monomer_self_consistency/rfd3_backbones/length_10/length_10_macrocycle_10_0_model_46.cif.gz	/home/dkouv/work/tfr1-binder-design/experiments/007_RFD3_macrocycles/monomer_self_consistency/structural_tsne/tmalign_inputs/length_10_macrocycle_10_0_model_46.pdb	41.15025	5.1225	9	1.0
247	10	length_10_macrocycle_10_0_model_47	/home/dkouv/work/tfr1-binder-design/experiments/007_RFD3_macrocycles/monomer_self_consistency/rfd3_backbones/length_10/length_10_macrocycle_10_0_model_47.cif.gz	/home/dkouv/work/tfr1-binder-design/experiments/007_RFD3_macrocycles/monomer_self_consistency/structural_tsne/tmalign_inputs/length_10_macrocycle_10_0_model_47.pdb	-3.8136342	-10.161323	33	0.99482644
248	10	length_10_macrocycle_10_0_model_48	/home/dkouv/work/tfr1-binder-design/experiments/007_RFD3_macrocycles/monomer_self_consistency/rfd3_backbones/length_10/length_10_macrocycle_10_0_model_48.cif.gz	/home/dkouv/work/tfr1-binder-design/experiments/007_RFD3_macrocycles/monomer_self_consistency/structural_tsne/tmalign_inputs/length_10_macrocycle_10_0_model_48.pdb	44.952084	-5.425949	20	1.0
249	10	length_10_macrocycle_10_0_model_49	/home/dkouv/work/tfr1-binder-design/experiments/007_RFD3_macrocycles/monomer_self_consistency/rfd3_backbones/length_10/length_10_macrocycle_10_0_model_49.cif.gz	/home/dkouv/work/tfr1-binder-design/experiments/007_RFD3_macrocycles/monomer_self_consistency/structural_tsne/tmalign_inputs/length_10_macrocycle_10_0_model_49.pdb	55.47286	-1.73798	6	0.9981801
250	10	length_10_macrocycle_10_0_model_50	/home/dkouv/work/tfr1-binder-design/experiments/007_RFD3_macrocycles/monomer_self_consistency/rfd3_backbones/length_10/length_10_macrocycle_10_0_model_50.cif.gz	/home/dkouv/work/tfr1-binder-design/experiments/007_RFD3_macrocycles/monomer_self_consistency/structural_tsne/tmalign_inputs/length_10_macrocycle_10_0_model_50.pdb	56.998184	-0.2309974	6	0.9999823
251	10	length_10_macrocycle_10_0_model_51	/home/dkouv/work/tfr1-binder-design/experiments/007_RFD3_macrocycles/monomer_self_consistency/rfd3_backbones/length_10/length_10_macrocycle_10_0_model_51.cif.gz	/home/dkouv/work/tfr1-binder-design/experiments/007_RFD3_macrocycles/monomer_self_consistency/structural_tsne/tmalign_inputs/length_10_macrocycle_10_0_model_51.pdb	56.499622	-0.6755684	6	0.99995905
252	10	length_10_macrocycle_10_0_model_52	/home/dkouv/work/tfr1-binder-design/experiments/007_RFD3_macrocycles/monomer_self_consistency/rfd3_backbones/length_10/length_10_macrocycle_10_0_model_52.cif.gz	/home/dkouv/work/tfr1-binder-design/experiments/007_RFD3_macrocycles/monomer_self_consistency/structural_tsne/tmalign_inputs/length_10_macrocycle_10_0_model_52.pdb	49.73573	7.625957	22	1.0
253	10	length_10_macrocycle_10_0_model_53	/home/dkouv/work/tfr1-binder-design/experiments/007_RFD3_macrocycles/monomer_self_consistency/rfd3_backbones/length_10/length_10_macrocycle_10_0_model_53.cif.gz	/home/dkouv/work/tfr1-binder-design/experiments/007_RFD3_macrocycles/monomer_self_consistency/structural_tsne/tmalign_inputs/length_10_macrocycle_10_0_model_53.pdb	50.2699	-3.1913404	20	1.0
254	10	length_10_macrocycle_10_0_model_54	/home/dkouv/work/tfr1-binder-design/experiments/007_RFD3_macrocycles/monomer_self_consistency/rfd3_backbones/length_10/length_10_macrocycle_10_0_model_54.cif.gz	/home/dkouv/work/tfr1-binder-design/experiments/007_RFD3_macrocycles/monomer_self_consistency/structural_tsne/tmalign_inputs/length_10_macrocycle_10_0_model_54.pdb	51.03322	10.655137	22	1.0
255	10	length_10_macrocycle_10_0_model_55	/home/dkouv/work/tfr1-binder-design/experiments/007_RFD3_macrocycles/monomer_self_consistency/rfd3_backbones/length_10/length_10_macrocycle_10_0_model_55.cif.gz	/home/dkouv/work/tfr1-binder-design/experiments/007_RFD3_macrocycles/monomer_self_consistency/structural_tsne/tmalign_inputs/length_10_macrocycle_10_0_model_55.pdb	44.458134	-5.98572	20	0.9999995
256	10	length_10_macrocycle_10_0_model_56	/home/dkouv/work/tfr1-binder-design/experiments/007_RFD3_macrocycles/monomer_self_consistency/rfd3_backbones/length_10/length_10_macrocycle_10_0_model_56.cif.gz	/home/dkouv/work/tfr1-binder-design/experiments/007_RFD3_macrocycles/monomer_self_consistency/structural_tsne/tmalign_inputs/length_10_macrocycle_10_0_model_56.pdb	39.634823	-6.1188154	20	0.5922386
257	10	length_10_macrocycle_10_0_model_57	/home/dkouv/work/tfr1-binder-design/experiments/007_RFD3_macrocycles/monomer_self_consistency/rfd3_backbones/length_10/length_10_macrocycle_10_0_model_57.cif.gz	/home/dkouv/work/tfr1-binder-design/experiments/007_RFD3_macrocycles/monomer_self_consistency/structural_tsne/tmalign_inputs/length_10_macrocycle_10_0_model_57.pdb	41.450397	7.412412	9	1.0
258	10	length_10_macrocycle_10_0_model_58	/home/dkouv/work/tfr1-binder-design/experiments/007_RFD3_macrocycles/monomer_self_consistency/rfd3_backbones/length_10/length_10_macrocycle_10_0_model_58.cif.gz	/home/dkouv/work/tfr1-binder-design/experiments/007_RFD3_macrocycles/monomer_self_consistency/structural_tsne/tmalign_inputs/length_10_macrocycle_10_0_model_58.pdb	-18.103857	-10.904043	2	0.99892664
259	10	length_10_macrocycle_10_0_model_59	/home/dkouv/work/tfr1-binder-design/experiments/007_RFD3_macrocycles/monomer_self_consistency/rfd3_backbones/length_10/length_10_macrocycle_10_0_model_59.cif.gz	/home/dkouv/work/tfr1-binder-design/experiments/007_RFD3_macrocycles/monomer_self_consistency/structural_tsne/tmalign_inputs/length_10_macrocycle_10_0_model_59.pdb	-37.77181	-0.9781425	35	0.63870245
260	10	length_10_macrocycle_10_0_model_60	/home/dkouv/work/tfr1-binder-design/experiments/007_RFD3_macrocycles/monomer_self_consistency/rfd3_backbones/length_10/length_10_macrocycle_10_0_model_60.cif.gz	/home/dkouv/work/tfr1-binder-design/experiments/007_RFD3_macrocycles/monomer_self_consistency/structural_tsne/tmalign_inputs/length_10_macrocycle_10_0_model_60.pdb	49.576263	8.681009	22	1.0
261	10	length_10_macrocycle_10_0_model_61	/home/dkouv/work/tfr1-binder-design/experiments/007_RFD3_macrocycles/monomer_self_consistency/rfd3_backbones/length_10/length_10_macrocycle_10_0_model_61.cif.gz	/home/dkouv/work/tfr1-binder-design/experiments/007_RFD3_macrocycles/monomer_self_consistency/structural_tsne/tmalign_inputs/length_10_macrocycle_10_0_model_61.pdb	51.606556	11.105416	22	1.0
262	10	length_10_macrocycle_10_0_model_62	/home/dkouv/work/tfr1-binder-design/experiments/007_RFD3_macrocycles/monomer_self_consistency/rfd3_backbones/length_10/length_10_macrocycle_10_0_model_62.cif.gz	/home/dkouv/work/tfr1-binder-design/experiments/007_RFD3_macrocycles/monomer_self_consistency/structural_tsne/tmalign_inputs/length_10_macrocycle_10_0_model_62.pdb	49.12531	7.11893	22	1.0
263	10	length_10_macrocycle_10_0_model_63	/home/dkouv/work/tfr1-binder-design/experiments/007_RFD3_macrocycles/monomer_self_consistency/rfd3_backbones/length_10/length_10_macrocycle_10_0_model_63.cif.gz	/home/dkouv/work/tfr1-binder-design/experiments/007_RFD3_macrocycles/monomer_self_consistency/structural_tsne/tmalign_inputs/length_10_macrocycle_10_0_model_63.pdb	54.873825	1.0040671	6	0.99997276
264	10	length_10_macrocycle_10_0_model_64	/home/dkouv/work/tfr1-binder-design/experiments/007_RFD3_macrocycles/monomer_self_consistency/rfd3_backbones/length_10/length_10_macrocycle_10_0_model_64.cif.gz	/home/dkouv/work/tfr1-binder-design/experiments/007_RFD3_macrocycles/monomer_self_consistency/structural_tsne/tmalign_inputs/length_10_macrocycle_10_0_model_64.pdb	-17.585499	-10.545625	2	0.9970223
265	10	length_10_macrocycle_10_0_model_65	/home/dkouv/work/tfr1-binder-design/experiments/007_RFD3_macrocycles/monomer_self_consistency/rfd3_backbones/length_10/length_10_macrocycle_10_0_model_65.cif.gz	/home/dkouv/work/tfr1-binder-design/experiments/007_RFD3_macrocycles/monomer_self_consistency/structural_tsne/tmalign_inputs/length_10_macrocycle_10_0_model_65.pdb	40.94499	-5.967116	20	0.9762139
266	10	length_10_macrocycle_10_0_model_66	/home/dkouv/work/tfr1-binder-design/experiments/007_RFD3_macrocycles/monomer_self_consistency/rfd3_backbones/length_10/length_10_macrocycle_10_0_model_66.cif.gz	/home/dkouv/work/tfr1-binder-design/experiments/007_RFD3_macrocycles/monomer_self_consistency/structural_tsne/tmalign_inputs/length_10_macrocycle_10_0_model_66.pdb	42.502087	10.458231	9	1.0
267	10	length_10_macrocycle_10_0_model_67	/home/dkouv/work/tfr1-binder-design/experiments/007_RFD3_macrocycles/monomer_self_consistency/rfd3_backbones/length_10/length_10_macrocycle_10_0_model_67.cif.gz	/home/dkouv/work/tfr1-binder-design/experiments/007_RFD3_macrocycles/monomer_self_consistency/structural_tsne/tmalign_inputs/length_10_macrocycle_10_0_model_67.pdb	47.530857	-2.2433245	20	1.0
268	10	length_10_macrocycle_10_0_model_68	/home/dkouv/work/tfr1-binder-design/experiments/007_RFD3_macrocycles/monomer_self_consistency/rfd3_backbones/length_10/length_10_macrocycle_10_0_model_68.cif.gz	/home/dkouv/work/tfr1-binder-design/experiments/007_RFD3_macrocycles/monomer_self_consistency/structural_tsne/tmalign_inputs/length_10_macrocycle_10_0_model_68.pdb	55.960617	1.4904315	6	0.99999905
269	10	length_10_macrocycle_10_0_model_69	/home/dkouv/work/tfr1-binder-design/experiments/007_RFD3_macrocycles/monomer_self_consistency/rfd3_backbones/length_10/length_10_macrocycle_10_0_model_69.cif.gz	/home/dkouv/work/tfr1-binder-design/experiments/007_RFD3_macrocycles/monomer_self_consistency/structural_tsne/tmalign_inputs/length_10_macrocycle_10_0_model_69.pdb	26.135307	-10.863253	12	0.57949066
270	10	length_10_macrocycle_10_0_model_70	/home/dkouv/work/tfr1-binder-design/experiments/007_RFD3_macrocycles/monomer_self_consistency/rfd3_backbones/length_10/length_10_macrocycle_10_0_model_70.cif.gz	/home/dkouv/work/tfr1-binder-design/experiments/007_RFD3_macrocycles/monomer_self_consistency/structural_tsne/tmalign_inputs/length_10_macrocycle_10_0_model_70.pdb	45.057465	-3.4587908	20	1.0
271	10	length_10_macrocycle_10_0_model_71	/home/dkouv/work/tfr1-binder-design/experiments/007_RFD3_macrocycles/monomer_self_consistency/rfd3_backbones/length_10/length_10_macrocycle_10_0_model_71.cif.gz	/home/dkouv/work/tfr1-binder-design/experiments/007_RFD3_macrocycles/monomer_self_consistency/structural_tsne/tmalign_inputs/length_10_macrocycle_10_0_model_71.pdb	-18.298857	-11.215329	2	0.9993536
272	10	length_10_macrocycle_10_0_model_72	/home/dkouv/work/tfr1-binder-design/experiments/007_RFD3_macrocycles/monomer_self_consistency/rfd3_backbones/length_10/length_10_macrocycle_10_0_model_72.cif.gz	/home/dkouv/work/tfr1-binder-design/experiments/007_RFD3_macrocycles/monomer_self_consistency/structural_tsne/tmalign_inputs/length_10_macrocycle_10_0_model_72.pdb	56.730793	-1.9327357	6	0.99959576
273	10	length_10_macrocycle_10_0_model_73	/home/dkouv/work/tfr1-binder-design/experiments/007_RFD3_macrocycles/monomer_self_consistency/rfd3_backbones/length_10/length_10_macrocycle_10_0_model_73.cif.gz	/home/dkouv/work/tfr1-binder-design/experiments/007_RFD3_macrocycles/monomer_self_consistency/structural_tsne/tmalign_inputs/length_10_macrocycle_10_0_model_73.pdb	46.077526	-4.66762	20	1.0
274	10	length_10_macrocycle_10_0_model_74	/home/dkouv/work/tfr1-binder-design/experiments/007_RFD3_macrocycles/monomer_self_consistency/rfd3_backbones/length_10/length_10_macrocycle_10_0_model_74.cif.gz	/home/dkouv/work/tfr1-binder-design/experiments/007_RFD3_macrocycles/monomer_self_consistency/structural_tsne/tmalign_inputs/length_10_macrocycle_10_0_model_74.pdb	39.666935	4.49056	9	1.0
275	10	length_10_macrocycle_10_0_model_75	/home/dkouv/work/tfr1-binder-design/experiments/007_RFD3_macrocycles/monomer_self_consistency/rfd3_backbones/length_10/length_10_macrocycle_10_0_model_75.cif.gz	/home/dkouv/work/tfr1-binder-design/experiments/007_RFD3_macrocycles/monomer_self_consistency/structural_tsne/tmalign_inputs/length_10_macrocycle_10_0_model_75.pdb	-1.0783778	-12.386435	33	0.99309355
276	10	length_10_macrocycle_10_0_model_76	/home/dkouv/work/tfr1-binder-design/experiments/007_RFD3_macrocycles/monomer_self_consistency/rfd3_backbones/length_10/length_10_macrocycle_10_0_model_76.cif.gz	/home/dkouv/work/tfr1-binder-design/experiments/007_RFD3_macrocycles/monomer_self_consistency/structural_tsne/tmalign_inputs/length_10_macrocycle_10_0_model_76.pdb	40.820244	5.8832335	9	1.0
277	10	length_10_macrocycle_10_0_model_77	/home/dkouv/work/tfr1-binder-design/experiments/007_RFD3_macrocycles/monomer_self_consistency/rfd3_backbones/length_10/length_10_macrocycle_10_0_model_77.cif.gz	/home/dkouv/work/tfr1-binder-design/experiments/007_RFD3_macrocycles/monomer_self_consistency/structural_tsne/tmalign_inputs/length_10_macrocycle_10_0_model_77.pdb	43.495754	-5.9320087	20	0.99999183
278	10	length_10_macrocycle_10_0_model_78	/home/dkouv/work/tfr1-binder-design/experiments/007_RFD3_macrocycles/monomer_self_consistency/rfd3_backbones/length_10/length_10_macrocycle_10_0_model_78.cif.gz	/home/dkouv/work/tfr1-binder-design/experiments/007_RFD3_macrocycles/monomer_self_consistency/structural_tsne/tmalign_inputs/length_10_macrocycle_10_0_model_78.pdb	-41.065544	1.8863722	31	0.8580979
279	10	length_10_macrocycle_10_0_model_79	/home/dkouv/work/tfr1-binder-design/experiments/007_RFD3_macrocycles/monomer_self_consistency/rfd3_backbones/length_10/length_10_macrocycle_10_0_model_79.cif.gz	/home/dkouv/work/tfr1-binder-design/experiments/007_RFD3_macrocycles/monomer_self_consistency/structural_tsne/tmalign_inputs/length_10_macrocycle_10_0_model_79.pdb	57.308887	-4.1025996	6	0.9802384
280	10	length_10_macrocycle_10_0_model_80	/home/dkouv/work/tfr1-binder-design/experiments/007_RFD3_macrocycles/monomer_self_consistency/rfd3_backbones/length_10/length_10_macrocycle_10_0_model_80.cif.gz	/home/dkouv/work/tfr1-binder-design/experiments/007_RFD3_macrocycles/monomer_self_consistency/structural_tsne/tmalign_inputs/length_10_macrocycle_10_0_model_80.pdb	46.261707	-3.9091651	20	1.0
281	10	length_10_macrocycle_10_0_model_81	/home/dkouv/work/tfr1-binder-design/experiments/007_RFD3_macrocycles/monomer_self_consistency/rfd3_backbones/length_10/length_10_macrocycle_10_0_model_81.cif.gz	/home/dkouv/work/tfr1-binder-design/experiments/007_RFD3_macrocycles/monomer_self_consistency/structural_tsne/tmalign_inputs/length_10_macrocycle_10_0_model_81.pdb	56.44888	1.117052	6	0.9999986
282	10	length_10_macrocycle_10_0_model_82	/home/dkouv/work/tfr1-binder-design/experiments/007_RFD3_macrocycles/monomer_self_consistency/rfd3_backbones/length_10/length_10_macrocycle_10_0_model_82.cif.gz	/home/dkouv/work/tfr1-binder-design/experiments/007_RFD3_macrocycles/monomer_self_consistency/structural_tsne/tmalign_inputs/length_10_macrocycle_10_0_model_82.pdb	50.468582	-5.360385	20	1.0
283	10	length_10_macrocycle_10_0_model_83	/home/dkouv/work/tfr1-binder-design/experiments/007_RFD3_macrocycles/monomer_self_consistency/rfd3_backbones/length_10/length_10_macrocycle_10_0_model_83.cif.gz	/home/dkouv/work/tfr1-binder-design/experiments/007_RFD3_macrocycles/monomer_self_consistency/structural_tsne/tmalign_inputs/length_10_macrocycle_10_0_model_83.pdb	6.008673	-15.613852	11	0.9751066
284	10	length_10_macrocycle_10_0_model_84	/home/dkouv/work/tfr1-binder-design/experiments/007_RFD3_macrocycles/monomer_self_consistency/rfd3_backbones/length_10/length_10_macrocycle_10_0_model_84.cif.gz	/home/dkouv/work/tfr1-binder-design/experiments/007_RFD3_macrocycles/monomer_self_consistency/structural_tsne/tmalign_inputs/length_10_macrocycle_10_0_model_84.pdb	-38.021103	-1.3019484	35	0.67757046
285	10	length_10_macrocycle_10_0_model_85	/home/dkouv/work/tfr1-binder-design/experiments/007_RFD3_macrocycles/monomer_self_consistency/rfd3_backbones/length_10/length_10_macrocycle_10_0_model_85.cif.gz	/home/dkouv/work/tfr1-binder-design/experiments/007_RFD3_macrocycles/monomer_self_consistency/structural_tsne/tmalign_inputs/length_10_macrocycle_10_0_model_85.pdb	41.230057	-5.9283795	20	0.9893766
286	10	length_10_macrocycle_10_0_model_86	/home/dkouv/work/tfr1-binder-design/experiments/007_RFD3_macrocycles/monomer_self_consistency/rfd3_backbones/length_10/length_10_macrocycle_10_0_model_86.cif.gz	/home/dkouv/work/tfr1-binder-design/experiments/007_RFD3_macrocycles/monomer_self_consistency/structural_tsne/tmalign_inputs/length_10_macrocycle_10_0_model_86.pdb	-39.65607	-0.9317416	35	0.6166467
287	10	length_10_macrocycle_10_0_model_87	/home/dkouv/work/tfr1-binder-design/experiments/007_RFD3_macrocycles/monomer_self_consistency/rfd3_backbones/length_10/length_10_macrocycle_10_0_model_87.cif.gz	/home/dkouv/work/tfr1-binder-design/experiments/007_RFD3_macrocycles/monomer_self_consistency/structural_tsne/tmalign_inputs/length_10_macrocycle_10_0_model_87.pdb	-19.631964	-9.847692	2	0.99914306
288	10	length_10_macrocycle_10_0_model_88	/home/dkouv/work/tfr1-binder-design/experiments/007_RFD3_macrocycles/monomer_self_consistency/rfd3_backbones/length_10/length_10_macrocycle_10_0_model_88.cif.gz	/home/dkouv/work/tfr1-binder-design/experiments/007_RFD3_macrocycles/monomer_self_consistency/structural_tsne/tmalign_inputs/length_10_macrocycle_10_0_model_88.pdb	50.522907	-6.8821573	20	1.0
289	10	length_10_macrocycle_10_0_model_89	/home/dkouv/work/tfr1-binder-design/experiments/007_RFD3_macrocycles/monomer_self_consistency/rfd3_backbones/length_10/length_10_macrocycle_10_0_model_89.cif.gz	/home/dkouv/work/tfr1-binder-design/experiments/007_RFD3_macrocycles/monomer_self_consistency/structural_tsne/tmalign_inputs/length_10_macrocycle_10_0_model_89.pdb	49.10425	9.331595	22	1.0
290	10	length_10_macrocycle_10_0_model_90	/home/dkouv/work/tfr1-binder-design/experiments/007_RFD3_macrocycles/monomer_self_consistency/rfd3_backbones/length_10/length_10_macrocycle_10_0_model_90.cif.gz	/home/dkouv/work/tfr1-binder-design/experiments/007_RFD3_macrocycles/monomer_self_consistency/structural_tsne/tmalign_inputs/length_10_macrocycle_10_0_model_90.pdb	56.239563	-1.928993	6	0.99941033
291	10	length_10_macrocycle_10_0_model_91	/home/dkouv/work/tfr1-binder-design/experiments/007_RFD3_macrocycles/monomer_self_consistency/rfd3_backbones/length_10/length_10_macrocycle_10_0_model_91.cif.gz	/home/dkouv/work/tfr1-binder-design/experiments/007_RFD3_macrocycles/monomer_self_consistency/structural_tsne/tmalign_inputs/length_10_macrocycle_10_0_model_91.pdb	52.905388	-8.545315	20	1.0
292	10	length_10_macrocycle_10_0_model_92	/home/dkouv/work/tfr1-binder-design/experiments/007_RFD3_macrocycles/monomer_self_consistency/rfd3_backbones/length_10/length_10_macrocycle_10_0_model_92.cif.gz	/home/dkouv/work/tfr1-binder-design/experiments/007_RFD3_macrocycles/monomer_self_consistency/structural_tsne/tmalign_inputs/length_10_macrocycle_10_0_model_92.pdb	52.22922	11.77454	22	1.0
293	10	length_10_macrocycle_10_0_model_93	/home/dkouv/work/tfr1-binder-design/experiments/007_RFD3_macrocycles/monomer_self_consistency/rfd3_backbones/length_10/length_10_macrocycle_10_0_model_93.cif.gz	/home/dkouv/work/tfr1-binder-design/experiments/007_RFD3_macrocycles/monomer_self_consistency/structural_tsne/tmalign_inputs/length_10_macrocycle_10_0_model_93.pdb	14.387003	-13.166113	18	0.9987077
294	10	length_10_macrocycle_10_0_model_94	/home/dkouv/work/tfr1-binder-design/experiments/007_RFD3_macrocycles/monomer_self_consistency/rfd3_backbones/length_10/length_10_macrocycle_10_0_model_94.cif.gz	/home/dkouv/work/tfr1-binder-design/experiments/007_RFD3_macrocycles/monomer_self_consistency/structural_tsne/tmalign_inputs/length_10_macrocycle_10_0_model_94.pdb	39.58328	5.5783324	9	1.0
295	10	length_10_macrocycle_10_0_model_95	/home/dkouv/work/tfr1-binder-design/experiments/007_RFD3_macrocycles/monomer_self_consistency/rfd3_backbones/length_10/length_10_macrocycle_10_0_model_95.cif.gz	/home/dkouv/work/tfr1-binder-design/experiments/007_RFD3_macrocycles/monomer_self_consistency/structural_tsne/tmalign_inputs/length_10_macrocycle_10_0_model_95.pdb	-19.114079	-9.249748	2	0.99707735
296	10	length_10_macrocycle_10_0_model_96	/home/dkouv/work/tfr1-binder-design/experiments/007_RFD3_macrocycles/monomer_self_consistency/rfd3_backbones/length_10/length_10_macrocycle_10_0_model_96.cif.gz	/home/dkouv/work/tfr1-binder-design/experiments/007_RFD3_macrocycles/monomer_self_consistency/structural_tsne/tmalign_inputs/length_10_macrocycle_10_0_model_96.pdb	52.81134	10.421656	22	1.0
297	10	length_10_macrocycle_10_0_model_97	/home/dkouv/work/tfr1-binder-design/experiments/007_RFD3_macrocycles/monomer_self_consistency/rfd3_backbones/length_10/length_10_macrocycle_10_0_model_97.cif.gz	/home/dkouv/work/tfr1-binder-design/experiments/007_RFD3_macrocycles/monomer_self_consistency/structural_tsne/tmalign_inputs/length_10_macrocycle_10_0_model_97.pdb	55.41791	0.13890544	6	0.99996185
298	10	length_10_macrocycle_10_0_model_98	/home/dkouv/work/tfr1-binder-design/experiments/007_RFD3_macrocycles/monomer_self_consistency/rfd3_backbones/length_10/length_10_macrocycle_10_0_model_98.cif.gz	/home/dkouv/work/tfr1-binder-design/experiments/007_RFD3_macrocycles/monomer_self_consistency/structural_tsne/tmalign_inputs/length_10_macrocycle_10_0_model_98.pdb	50.021454	-7.681743	20	1.0
299	10	length_10_macrocycle_10_0_model_99	/home/dkouv/work/tfr1-binder-design/experiments/007_RFD3_macrocycles/monomer_self_consistency/rfd3_backbones/length_10/length_10_macrocycle_10_0_model_99.cif.gz	/home/dkouv/work/tfr1-binder-design/experiments/007_RFD3_macrocycles/monomer_self_consistency/structural_tsne/tmalign_inputs/length_10_macrocycle_10_0_model_99.pdb	5.5252953	-16.010405	11	0.96360886
300	10	length_10_macrocycle_10_0_model_100	/home/dkouv/work/tfr1-binder-design/experiments/007_RFD3_macrocycles/monomer_self_consistency/rfd3_backbones/length_10/length_10_macrocycle_10_0_model_100.cif.gz	/home/dkouv/work/tfr1-binder-design/experiments/007_RFD3_macrocycles/monomer_self_consistency/structural_tsne/tmalign_inputs/length_10_macrocycle_10_0_model_100.pdb	56.769306	0.7579731	6	0.9999977
301	10	length_10_macrocycle_10_0_model_101	/home/dkouv/work/tfr1-binder-design/experiments/007_RFD3_macrocycles/monomer_self_consistency/rfd3_backbones/length_10/length_10_macrocycle_10_0_model_101.cif.gz	/home/dkouv/work/tfr1-binder-design/experiments/007_RFD3_macrocycles/monomer_self_consistency/structural_tsne/tmalign_inputs/length_10_macrocycle_10_0_model_101.pdb	-44.781178	-12.345797	28	0.77345675
302	10	length_10_macrocycle_10_0_model_102	/home/dkouv/work/tfr1-binder-design/experiments/007_RFD3_macrocycles/monomer_self_consistency/rfd3_backbones/length_10/length_10_macrocycle_10_0_model_102.cif.gz	/home/dkouv/work/tfr1-binder-design/experiments/007_RFD3_macrocycles/monomer_self_consistency/structural_tsne/tmalign_inputs/length_10_macrocycle_10_0_model_102.pdb	41.503674	6.701999	9	1.0
303	10	length_10_macrocycle_10_0_model_103	/home/dkouv/work/tfr1-binder-design/experiments/007_RFD3_macrocycles/monomer_self_consistency/rfd3_backbones/length_10/length_10_macrocycle_10_0_model_103.cif.gz	/home/dkouv/work/tfr1-binder-design/experiments/007_RFD3_macrocycles/monomer_self_consistency/structural_tsne/tmalign_inputs/length_10_macrocycle_10_0_model_103.pdb	42.08562	8.504186	9	1.0
304	10	length_10_macrocycle_10_0_model_104	/home/dkouv/work/tfr1-binder-design/experiments/007_RFD3_macrocycles/monomer_self_consistency/rfd3_backbones/length_10/length_10_macrocycle_10_0_model_104.cif.gz	/home/dkouv/work/tfr1-binder-design/experiments/007_RFD3_macrocycles/monomer_self_consistency/structural_tsne/tmalign_inputs/length_10_macrocycle_10_0_model_104.pdb	44.61391	-4.912684	20	1.0
305	10	length_10_macrocycle_10_0_model_105	/home/dkouv/work/tfr1-binder-design/experiments/007_RFD3_macrocycles/monomer_self_consistency/rfd3_backbones/length_10/length_10_macrocycle_10_0_model_105.cif.gz	/home/dkouv/work/tfr1-binder-design/experiments/007_RFD3_macrocycles/monomer_self_consistency/structural_tsne/tmalign_inputs/length_10_macrocycle_10_0_model_105.pdb	46.744526	-2.8064399	20	1.0
306	10	length_10_macrocycle_10_0_model_106	/home/dkouv/work/tfr1-binder-design/experiments/007_RFD3_macrocycles/monomer_self_consistency/rfd3_backbones/length_10/length_10_macrocycle_10_0_model_106.cif.gz	/home/dkouv/work/tfr1-binder-design/experiments/007_RFD3_macrocycles/monomer_self_consistency/structural_tsne/tmalign_inputs/length_10_macrocycle_10_0_model_106.pdb	51.053493	-4.9657636	20	1.0
307	10	length_10_macrocycle_10_0_model_107	/home/dkouv/work/tfr1-binder-design/experiments/007_RFD3_macrocycles/monomer_self_consistency/rfd3_backbones/length_10/length_10_macrocycle_10_0_model_107.cif.gz	/home/dkouv/work/tfr1-binder-design/experiments/007_RFD3_macrocycles/monomer_self_consistency/structural_tsne/tmalign_inputs/length_10_macrocycle_10_0_model_107.pdb	-29.391087	11.860467	13	0.9953892
308	10	length_10_macrocycle_10_0_model_108	/home/dkouv/work/tfr1-binder-design/experiments/007_RFD3_macrocycles/monomer_self_consistency/rfd3_backbones/length_10/length_10_macrocycle_10_0_model_108.cif.gz	/home/dkouv/work/tfr1-binder-design/experiments/007_RFD3_macrocycles/monomer_self_consistency/structural_tsne/tmalign_inputs/length_10_macrocycle_10_0_model_108.pdb	-0.19340633	-12.1968565	33	0.997397
309	10	length_10_macrocycle_10_0_model_109	/home/dkouv/work/tfr1-binder-design/experiments/007_RFD3_macrocycles/monomer_self_consistency/rfd3_backbones/length_10/length_10_macrocycle_10_0_model_109.cif.gz	/home/dkouv/work/tfr1-binder-design/experiments/007_RFD3_macrocycles/monomer_self_consistency/structural_tsne/tmalign_inputs/length_10_macrocycle_10_0_model_109.pdb	-48.595367	2.9376903	4	0.99529284
310	10	length_10_macrocycle_10_0_model_110	/home/dkouv/work/tfr1-binder-design/experiments/007_RFD3_macrocycles/monomer_self_consistency/rfd3_backbones/length_10/length_10_macrocycle_10_0_model_110.cif.gz	/home/dkouv/work/tfr1-binder-design/experiments/007_RFD3_macrocycles/monomer_self_consistency/structural_tsne/tmalign_inputs/length_10_macrocycle_10_0_model_110.pdb	40.188457	5.9516225	9	1.0
311	10	length_10_macrocycle_10_0_model_111	/home/dkouv/work/tfr1-binder-design/experiments/007_RFD3_macrocycles/monomer_self_consistency/rfd3_backbones/length_10/length_10_macrocycle_10_0_model_111.cif.gz	/home/dkouv/work/tfr1-binder-design/experiments/007_RFD3_macrocycles/monomer_self_consistency/structural_tsne/tmalign_inputs/length_10_macrocycle_10_0_model_111.pdb	49.122814	8.488405	22	1.0
312	10	length_10_macrocycle_10_0_model_112	/home/dkouv/work/tfr1-binder-design/experiments/007_RFD3_macrocycles/monomer_self_consistency/rfd3_backbones/length_10/length_10_macrocycle_10_0_model_112.cif.gz	/home/dkouv/work/tfr1-binder-design/experiments/007_RFD3_macrocycles/monomer_self_consistency/structural_tsne/tmalign_inputs/length_10_macrocycle_10_0_model_112.pdb	8.427308	-13.855373	11	0.99849194
313	10	length_10_macrocycle_10_0_model_113	/home/dkouv/work/tfr1-binder-design/experiments/007_RFD3_macrocycles/monomer_self_consistency/rfd3_backbones/length_10/length_10_macrocycle_10_0_model_113.cif.gz	/home/dkouv/work/tfr1-binder-design/experiments/007_RFD3_macrocycles/monomer_self_consistency/structural_tsne/tmalign_inputs/length_10_macrocycle_10_0_model_113.pdb	51.775913	12.178261	22	1.0
314	10	length_10_macrocycle_10_0_model_114	/home/dkouv/work/tfr1-binder-design/experiments/007_RFD3_macrocycles/monomer_self_consistency/rfd3_backbones/length_10/length_10_macrocycle_10_0_model_114.cif.gz	/home/dkouv/work/tfr1-binder-design/experiments/007_RFD3_macrocycles/monomer_self_consistency/structural_tsne/tmalign_inputs/length_10_macrocycle_10_0_model_114.pdb	57.05966	-3.2651029	6	0.9956117
315	10	length_10_macrocycle_10_0_model_115	/home/dkouv/work/tfr1-binder-design/experiments/007_RFD3_macrocycles/monomer_self_consistency/rfd3_backbones/length_10/length_10_macrocycle_10_0_model_115.cif.gz	/home/dkouv/work/tfr1-binder-design/experiments/007_RFD3_macrocycles/monomer_self_consistency/structural_tsne/tmalign_inputs/length_10_macrocycle_10_0_model_115.pdb	5.5634055	-15.965863	11	0.96448785
316	10	length_10_macrocycle_10_0_model_116	/home/dkouv/work/tfr1-binder-design/experiments/007_RFD3_macrocycles/monomer_self_consistency/rfd3_backbones/length_10/length_10_macrocycle_10_0_model_116.cif.gz	/home/dkouv/work/tfr1-binder-design/experiments/007_RFD3_macrocycles/monomer_self_consistency/structural_tsne/tmalign_inputs/length_10_macrocycle_10_0_model_116.pdb	55.94947	0.36610934	6	0.99999136
317	10	length_10_macrocycle_10_0_model_117	/home/dkouv/work/tfr1-binder-design/experiments/007_RFD3_macrocycles/monomer_self_consistency/rfd3_backbones/length_10/length_10_macrocycle_10_0_model_117.cif.gz	/home/dkouv/work/tfr1-binder-design/experiments/007_RFD3_macrocycles/monomer_self_consistency/structural_tsne/tmalign_inputs/length_10_macrocycle_10_0_model_117.pdb	41.041008	5.670363	9	1.0
318	10	length_10_macrocycle_10_0_model_118	/home/dkouv/work/tfr1-binder-design/experiments/007_RFD3_macrocycles/monomer_self_consistency/rfd3_backbones/length_10/length_10_macrocycle_10_0_model_118.cif.gz	/home/dkouv/work/tfr1-binder-design/experiments/007_RFD3_macrocycles/monomer_self_consistency/structural_tsne/tmalign_inputs/length_10_macrocycle_10_0_model_118.pdb	52.89855	-8.554167	20	1.0
319	10	length_10_macrocycle_10_0_model_119	/home/dkouv/work/tfr1-binder-design/experiments/007_RFD3_macrocycles/monomer_self_consistency/rfd3_backbones/length_10/length_10_macrocycle_10_0_model_119.cif.gz	/home/dkouv/work/tfr1-binder-design/experiments/007_RFD3_macrocycles/monomer_self_consistency/structural_tsne/tmalign_inputs/length_10_macrocycle_10_0_model_119.pdb	-45.400196	-13.200515	28	0.77018344
320	10	length_10_macrocycle_10_0_model_120	/home/dkouv/work/tfr1-binder-design/experiments/007_RFD3_macrocycles/monomer_self_consistency/rfd3_backbones/length_10/length_10_macrocycle_10_0_model_120.cif.gz	/home/dkouv/work/tfr1-binder-design/experiments/007_RFD3_macrocycles/monomer_self_consistency/structural_tsne/tmalign_inputs/length_10_macrocycle_10_0_model_120.pdb	55.597878	-4.368633	6	0.767071
321	10	length_10_macrocycle_10_0_model_121	/home/dkouv/work/tfr1-binder-design/experiments/007_RFD3_macrocycles/monomer_self_consistency/rfd3_backbones/length_10/length_10_macrocycle_10_0_model_121.cif.gz	/home/dkouv/work/tfr1-binder-design/experiments/007_RFD3_macrocycles/monomer_self_consistency/structural_tsne/tmalign_inputs/length_10_macrocycle_10_0_model_121.pdb	-39.347527	-0.035078116	31	0.53559893
322	10	length_10_macrocycle_10_0_model_122	/home/dkouv/work/tfr1-binder-design/experiments/007_RFD3_macrocycles/monomer_self_consistency/rfd3_backbones/length_10/length_10_macrocycle_10_0_model_122.cif.gz	/home/dkouv/work/tfr1-binder-design/experiments/007_RFD3_macrocycles/monomer_self_consistency/structural_tsne/tmalign_inputs/length_10_macrocycle_10_0_model_122.pdb	-37.218685	-2.621012	35	0.81212556
323	10	length_10_macrocycle_10_0_model_123	/home/dkouv/work/tfr1-binder-design/experiments/007_RFD3_macrocycles/monomer_self_consistency/rfd3_backbones/length_10/length_10_macrocycle_10_0_model_123.cif.gz	/home/dkouv/work/tfr1-binder-design/experiments/007_RFD3_macrocycles/monomer_self_consistency/structural_tsne/tmalign_inputs/length_10_macrocycle_10_0_model_123.pdb	49.57101	-2.4519498	20	1.0
324	10	length_10_macrocycle_10_0_model_124	/home/dkouv/work/tfr1-binder-design/experiments/007_RFD3_macrocycles/monomer_self_consistency/rfd3_backbones/length_10/length_10_macrocycle_10_0_model_124.cif.gz	/home/dkouv/work/tfr1-binder-design/experiments/007_RFD3_macrocycles/monomer_self_consistency/structural_tsne/tmalign_inputs/length_10_macrocycle_10_0_model_124.pdb	19.591219	-7.616812	18	0.9999552
325	10	length_10_macrocycle_10_0_model_125	/home/dkouv/work/tfr1-binder-design/experiments/007_RFD3_macrocycles/monomer_self_consistency/rfd3_backbones/length_10/length_10_macrocycle_10_0_model_125.cif.gz	/home/dkouv/work/tfr1-binder-design/experiments/007_RFD3_macrocycles/monomer_self_consistency/structural_tsne/tmalign_inputs/length_10_macrocycle_10_0_model_125.pdb	42.691902	8.378151	9	1.0
326	10	length_10_macrocycle_10_0_model_126	/home/dkouv/work/tfr1-binder-design/experiments/007_RFD3_macrocycles/monomer_self_consistency/rfd3_backbones/length_10/length_10_macrocycle_10_0_model_126.cif.gz	/home/dkouv/work/tfr1-binder-design/experiments/007_RFD3_macrocycles/monomer_self_consistency/structural_tsne/tmalign_inputs/length_10_macrocycle_10_0_model_126.pdb	50.725815	-4.1182284	20	1.0
327	10	length_10_macrocycle_10_0_model_127	/home/dkouv/work/tfr1-binder-design/experiments/007_RFD3_macrocycles/monomer_self_consistency/rfd3_backbones/length_10/length_10_macrocycle_10_0_model_127.cif.gz	/home/dkouv/work/tfr1-binder-design/experiments/007_RFD3_macrocycles/monomer_self_consistency/structural_tsne/tmalign_inputs/length_10_macrocycle_10_0_model_127.pdb	2.3835542	-14.9184475	33	0.9924432
328	10	length_10_macrocycle_10_0_model_128	/home/dkouv/work/tfr1-binder-design/experiments/007_RFD3_macrocycles/monomer_self_consistency/rfd3_backbones/length_10/length_10_macrocycle_10_0_model_128.cif.gz	/home/dkouv/work/tfr1-binder-design/experiments/007_RFD3_macrocycles/monomer_self_consistency/structural_tsne/tmalign_inputs/length_10_macrocycle_10_0_model_128.pdb	42.542454	7.1244392	9	1.0
329	10	length_10_macrocycle_10_0_model_129	/home/dkouv/work/tfr1-binder-design/experiments/007_RFD3_macrocycles/monomer_self_consistency/rfd3_backbones/length_10/length_10_macrocycle_10_0_model_129.cif.gz	/home/dkouv/work/tfr1-binder-design/experiments/007_RFD3_macrocycles/monomer_self_consistency/structural_tsne/tmalign_inputs/length_10_macrocycle_10_0_model_129.pdb	56.80393	2.1727018	6	1.0
330	10	length_10_macrocycle_10_0_model_130	/home/dkouv/work/tfr1-binder-design/experiments/007_RFD3_macrocycles/monomer_self_consistency/rfd3_backbones/length_10/length_10_macrocycle_10_0_model_130.cif.gz	/home/dkouv/work/tfr1-binder-design/experiments/007_RFD3_macrocycles/monomer_self_consistency/structural_tsne/tmalign_inputs/length_10_macrocycle_10_0_model_130.pdb	49.508194	-8.310667	20	1.0
331	10	length_10_macrocycle_10_0_model_131	/home/dkouv/work/tfr1-binder-design/experiments/007_RFD3_macrocycles/monomer_self_consistency/rfd3_backbones/length_10/length_10_macrocycle_10_0_model_131.cif.gz	/home/dkouv/work/tfr1-binder-design/experiments/007_RFD3_macrocycles/monomer_self_consistency/structural_tsne/tmalign_inputs/length_10_macrocycle_10_0_model_131.pdb	-41.076103	1.9388697	31	0.8634567
332	10	length_10_macrocycle_10_0_model_132	/home/dkouv/work/tfr1-binder-design/experiments/007_RFD3_macrocycles/monomer_self_consistency/rfd3_backbones/length_10/length_10_macrocycle_10_0_model_132.cif.gz	/home/dkouv/work/tfr1-binder-design/experiments/007_RFD3_macrocycles/monomer_self_consistency/structural_tsne/tmalign_inputs/length_10_macrocycle_10_0_model_132.pdb	45.083412	-4.232044	20	1.0
333	10	length_10_macrocycle_10_0_model_133	/home/dkouv/work/tfr1-binder-design/experiments/007_RFD3_macrocycles/monomer_self_consistency/rfd3_backbones/length_10/length_10_macrocycle_10_0_model_133.cif.gz	/home/dkouv/work/tfr1-binder-design/experiments/007_RFD3_macrocycles/monomer_self_consistency/structural_tsne/tmalign_inputs/length_10_macrocycle_10_0_model_133.pdb	-48.957153	1.3141825	4	0.9982268
334	10	length_10_macrocycle_10_0_model_134	/home/dkouv/work/tfr1-binder-design/experiments/007_RFD3_macrocycles/monomer_self_consistency/rfd3_backbones/length_10/length_10_macrocycle_10_0_model_134.cif.gz	/home/dkouv/work/tfr1-binder-design/experiments/007_RFD3_macrocycles/monomer_self_consistency/structural_tsne/tmalign_inputs/length_10_macrocycle_10_0_model_134.pdb	50.115253	-5.5286436	20	1.0
335	10	length_10_macrocycle_10_0_model_135	/home/dkouv/work/tfr1-binder-design/experiments/007_RFD3_macrocycles/monomer_self_consistency/rfd3_backbones/length_10/length_10_macrocycle_10_0_model_135.cif.gz	/home/dkouv/work/tfr1-binder-design/experiments/007_RFD3_macrocycles/monomer_self_consistency/structural_tsne/tmalign_inputs/length_10_macrocycle_10_0_model_135.pdb	56.93687	-2.8402784	6	0.9979455
336	10	length_10_macrocycle_10_0_model_136	/home/dkouv/work/tfr1-binder-design/experiments/007_RFD3_macrocycles/monomer_self_consistency/rfd3_backbones/length_10/length_10_macrocycle_10_0_model_136.cif.gz	/home/dkouv/work/tfr1-binder-design/experiments/007_RFD3_macrocycles/monomer_self_consistency/structural_tsne/tmalign_inputs/length_10_macrocycle_10_0_model_136.pdb	-41.075123	1.9160763	31	0.8611878
337	10	length_10_macrocycle_10_0_model_137	/home/dkouv/work/tfr1-binder-design/experiments/007_RFD3_macrocycles/monomer_self_consistency/rfd3_backbones/length_10/length_10_macrocycle_10_0_model_137.cif.gz	/home/dkouv/work/tfr1-binder-design/experiments/007_RFD3_macrocycles/monomer_self_consistency/structural_tsne/tmalign_inputs/length_10_macrocycle_10_0_model_137.pdb	52.126133	11.002654	22	1.0
338	10	length_10_macrocycle_10_0_model_138	/home/dkouv/work/tfr1-binder-design/experiments/007_RFD3_macrocycles/monomer_self_consistency/rfd3_backbones/length_10/length_10_macrocycle_10_0_model_138.cif.gz	/home/dkouv/work/tfr1-binder-design/experiments/007_RFD3_macrocycles/monomer_self_consistency/structural_tsne/tmalign_inputs/length_10_macrocycle_10_0_model_138.pdb	39.976154	5.2028913	9	1.0
339	10	length_10_macrocycle_10_0_model_139	/home/dkouv/work/tfr1-binder-design/experiments/007_RFD3_macrocycles/monomer_self_consistency/rfd3_backbones/length_10/length_10_macrocycle_10_0_model_139.cif.gz	/home/dkouv/work/tfr1-binder-design/experiments/007_RFD3_macrocycles/monomer_self_consistency/structural_tsne/tmalign_inputs/length_10_macrocycle_10_0_model_139.pdb	-45.347115	-13.162883	28	0.7690289
340	10	length_10_macrocycle_10_0_model_140	/home/dkouv/work/tfr1-binder-design/experiments/007_RFD3_macrocycles/monomer_self_consistency/rfd3_backbones/length_10/length_10_macrocycle_10_0_model_140.cif.gz	/home/dkouv/work/tfr1-binder-design/experiments/007_RFD3_macrocycles/monomer_self_consistency/structural_tsne/tmalign_inputs/length_10_macrocycle_10_0_model_140.pdb	49.04492	-9.606464	20	1.0
341	10	length_10_macrocycle_10_0_model_141	/home/dkouv/work/tfr1-binder-design/experiments/007_RFD3_macrocycles/monomer_self_consistency/rfd3_backbones/length_10/length_10_macrocycle_10_0_model_141.cif.gz	/home/dkouv/work/tfr1-binder-design/experiments/007_RFD3_macrocycles/monomer_self_consistency/structural_tsne/tmalign_inputs/length_10_macrocycle_10_0_model_141.pdb	-8.573488	-14.99264	33	0.7367956
342	10	length_10_macrocycle_10_0_model_142	/home/dkouv/work/tfr1-binder-design/experiments/007_RFD3_macrocycles/monomer_self_consistency/rfd3_backbones/length_10/length_10_macrocycle_10_0_model_142.cif.gz	/home/dkouv/work/tfr1-binder-design/experiments/007_RFD3_macrocycles/monomer_self_consistency/structural_tsne/tmalign_inputs/length_10_macrocycle_10_0_model_142.pdb	50.758602	9.082315	22	1.0
343	10	length_10_macrocycle_10_0_model_143	/home/dkouv/work/tfr1-binder-design/experiments/007_RFD3_macrocycles/monomer_self_consistency/rfd3_backbones/length_10/length_10_macrocycle_10_0_model_143.cif.gz	/home/dkouv/work/tfr1-binder-design/experiments/007_RFD3_macrocycles/monomer_self_consistency/structural_tsne/tmalign_inputs/length_10_macrocycle_10_0_model_143.pdb	50.06647	-7.6187234	20	1.0
344	10	length_10_macrocycle_10_0_model_144	/home/dkouv/work/tfr1-binder-design/experiments/007_RFD3_macrocycles/monomer_self_consistency/rfd3_backbones/length_10/length_10_macrocycle_10_0_model_144.cif.gz	/home/dkouv/work/tfr1-binder-design/experiments/007_RFD3_macrocycles/monomer_self_consistency/structural_tsne/tmalign_inputs/length_10_macrocycle_10_0_model_144.pdb	8.420281	-13.866008	11	0.99847573
345	10	length_10_macrocycle_10_0_model_145	/home/dkouv/work/tfr1-binder-design/experiments/007_RFD3_macrocycles/monomer_self_consistency/rfd3_backbones/length_10/length_10_macrocycle_10_0_model_145.cif.gz	/home/dkouv/work/tfr1-binder-design/experiments/007_RFD3_macrocycles/monomer_self_consistency/structural_tsne/tmalign_inputs/length_10_macrocycle_10_0_model_145.pdb	1.811827	-18.152393	11	0.6139097
346	10	length_10_macrocycle_10_0_model_146	/home/dkouv/work/tfr1-binder-design/experiments/007_RFD3_macrocycles/monomer_self_consistency/rfd3_backbones/length_10/length_10_macrocycle_10_0_model_146.cif.gz	/home/dkouv/work/tfr1-binder-design/experiments/007_RFD3_macrocycles/monomer_self_consistency/structural_tsne/tmalign_inputs/length_10_macrocycle_10_0_model_146.pdb	57.11023	-1.0990477	6	0.9999075
347	10	length_10_macrocycle_10_0_model_147	/home/dkouv/work/tfr1-binder-design/experiments/007_RFD3_macrocycles/monomer_self_consistency/rfd3_backbones/length_10/length_10_macrocycle_10_0_model_147.cif.gz	/home/dkouv/work/tfr1-binder-design/experiments/007_RFD3_macrocycles/monomer_self_consistency/structural_tsne/tmalign_inputs/length_10_macrocycle_10_0_model_147.pdb	33.579548	-4.995008	40	0.9991011
348	10	length_10_macrocycle_10_0_model_148	/home/dkouv/work/tfr1-binder-design/experiments/007_RFD3_macrocycles/monomer_self_consistency/rfd3_backbones/length_10/length_10_macrocycle_10_0_model_148.cif.gz	/home/dkouv/work/tfr1-binder-design/experiments/007_RFD3_macrocycles/monomer_self_consistency/structural_tsne/tmalign_inputs/length_10_macrocycle_10_0_model_148.pdb	41.935345	6.6042476	9	1.0
349	10	length_10_macrocycle_10_0_model_149	/home/dkouv/work/tfr1-binder-design/experiments/007_RFD3_macrocycles/monomer_self_consistency/rfd3_backbones/length_10/length_10_macrocycle_10_0_model_149.cif.gz	/home/dkouv/work/tfr1-binder-design/experiments/007_RFD3_macrocycles/monomer_self_consistency/structural_tsne/tmalign_inputs/length_10_macrocycle_10_0_model_149.pdb	50.387306	10.853469	22	1.0
350	10	length_10_macrocycle_10_0_model_150	/home/dkouv/work/tfr1-binder-design/experiments/007_RFD3_macrocycles/monomer_self_consistency/rfd3_backbones/length_10/length_10_macrocycle_10_0_model_150.cif.gz	/home/dkouv/work/tfr1-binder-design/experiments/007_RFD3_macrocycles/monomer_self_consistency/structural_tsne/tmalign_inputs/length_10_macrocycle_10_0_model_150.pdb	51.094097	11.301614	22	1.0
351	10	length_10_macrocycle_10_0_model_151	/home/dkouv/work/tfr1-binder-design/experiments/007_RFD3_macrocycles/monomer_self_consistency/rfd3_backbones/length_10/length_10_macrocycle_10_0_model_151.cif.gz	/home/dkouv/work/tfr1-binder-design/experiments/007_RFD3_macrocycles/monomer_self_consistency/structural_tsne/tmalign_inputs/length_10_macrocycle_10_0_model_151.pdb	56.333874	-3.3685489	6	0.9915567
352	10	length_10_macrocycle_10_0_model_152	/home/dkouv/work/tfr1-binder-design/experiments/007_RFD3_macrocycles/monomer_self_consistency/rfd3_backbones/length_10/length_10_macrocycle_10_0_model_152.cif.gz	/home/dkouv/work/tfr1-binder-design/experiments/007_RFD3_macrocycles/monomer_self_consistency/structural_tsne/tmalign_inputs/length_10_macrocycle_10_0_model_152.pdb	42.319023	10.374935	9	1.0
353	10	length_10_macrocycle_10_0_model_153	/home/dkouv/work/tfr1-binder-design/experiments/007_RFD3_macrocycles/monomer_self_consistency/rfd3_backbones/length_10/length_10_macrocycle_10_0_model_153.cif.gz	/home/dkouv/work/tfr1-binder-design/experiments/007_RFD3_macrocycles/monomer_self_consistency/structural_tsne/tmalign_inputs/length_10_macrocycle_10_0_model_153.pdb	33.606926	-4.973119	40	0.9990973
354	10	length_10_macrocycle_10_0_model_154	/home/dkouv/work/tfr1-binder-design/experiments/007_RFD3_macrocycles/monomer_self_consistency/rfd3_backbones/length_10/length_10_macrocycle_10_0_model_154.cif.gz	/home/dkouv/work/tfr1-binder-design/experiments/007_RFD3_macrocycles/monomer_self_consistency/structural_tsne/tmalign_inputs/length_10_macrocycle_10_0_model_154.pdb	56.168186	-0.96458554	6	0.9999042
355	10	length_10_macrocycle_10_0_model_155	/home/dkouv/work/tfr1-binder-design/experiments/007_RFD3_macrocycles/monomer_self_consistency/rfd3_backbones/length_10/length_10_macrocycle_10_0_model_155.cif.gz	/home/dkouv/work/tfr1-binder-design/experiments/007_RFD3_macrocycles/monomer_self_consistency/structural_tsne/tmalign_inputs/length_10_macrocycle_10_0_model_155.pdb	42.87321	8.891399	9	1.0
356	10	length_10_macrocycle_10_0_model_156	/home/dkouv/work/tfr1-binder-design/experiments/007_RFD3_macrocycles/monomer_self_consistency/rfd3_backbones/length_10/length_10_macrocycle_10_0_model_156.cif.gz	/home/dkouv/work/tfr1-binder-design/experiments/007_RFD3_macrocycles/monomer_self_consistency/structural_tsne/tmalign_inputs/length_10_macrocycle_10_0_model_156.pdb	-48.91063	3.3956738	4	0.984341
357	10	length_10_macrocycle_10_0_model_157	/home/dkouv/work/tfr1-binder-design/experiments/007_RFD3_macrocycles/monomer_self_consistency/rfd3_backbones/length_10/length_10_macrocycle_10_0_model_157.cif.gz	/home/dkouv/work/tfr1-binder-design/experiments/007_RFD3_macrocycles/monomer_self_consistency/structural_tsne/tmalign_inputs/length_10_macrocycle_10_0_model_157.pdb	57.402603	-2.7074375	6	0.9980644
358	10	length_10_macrocycle_10_0_model_158	/home/dkouv/work/tfr1-binder-design/experiments/007_RFD3_macrocycles/monomer_self_consistency/rfd3_backbones/length_10/length_10_macrocycle_10_0_model_158.cif.gz	/home/dkouv/work/tfr1-binder-design/experiments/007_RFD3_macrocycles/monomer_self_consistency/structural_tsne/tmalign_inputs/length_10_macrocycle_10_0_model_158.pdb	3.5023353	-17.54596	11	0.9003601
359	10	length_10_macrocycle_10_0_model_159	/home/dkouv/work/tfr1-binder-design/experiments/007_RFD3_macrocycles/monomer_self_consistency/rfd3_backbones/length_10/length_10_macrocycle_10_0_model_159.cif.gz	/home/dkouv/work/tfr1-binder-design/experiments/007_RFD3_macrocycles/monomer_self_consistency/structural_tsne/tmalign_inputs/length_10_macrocycle_10_0_model_159.pdb	45.42763	-4.2681313	20	1.0
360	10	length_10_macrocycle_10_0_model_160	/home/dkouv/work/tfr1-binder-design/experiments/007_RFD3_macrocycles/monomer_self_consistency/rfd3_backbones/length_10/length_10_macrocycle_10_0_model_160.cif.gz	/home/dkouv/work/tfr1-binder-design/experiments/007_RFD3_macrocycles/monomer_self_consistency/structural_tsne/tmalign_inputs/length_10_macrocycle_10_0_model_160.pdb	45.932198	-3.572758	20	1.0
361	10	length_10_macrocycle_10_0_model_161	/home/dkouv/work/tfr1-binder-design/experiments/007_RFD3_macrocycles/monomer_self_consistency/rfd3_backbones/length_10/length_10_macrocycle_10_0_model_161.cif.gz	/home/dkouv/work/tfr1-binder-design/experiments/007_RFD3_macrocycles/monomer_self_consistency/structural_tsne/tmalign_inputs/length_10_macrocycle_10_0_model_161.pdb	42.4296	9.472486	9	1.0
362	10	length_10_macrocycle_10_0_model_162	/home/dkouv/work/tfr1-binder-design/experiments/007_RFD3_macrocycles/monomer_self_consistency/rfd3_backbones/length_10/length_10_macrocycle_10_0_model_162.cif.gz	/home/dkouv/work/tfr1-binder-design/experiments/007_RFD3_macrocycles/monomer_self_consistency/structural_tsne/tmalign_inputs/length_10_macrocycle_10_0_model_162.pdb	34.35386	-3.158942	40	0.998883
363	10	length_10_macrocycle_10_0_model_163	/home/dkouv/work/tfr1-binder-design/experiments/007_RFD3_macrocycles/monomer_self_consistency/rfd3_backbones/length_10/length_10_macrocycle_10_0_model_163.cif.gz	/home/dkouv/work/tfr1-binder-design/experiments/007_RFD3_macrocycles/monomer_self_consistency/structural_tsne/tmalign_inputs/length_10_macrocycle_10_0_model_163.pdb	34.699116	-1.7633774	40	0.99788606
364	10	length_10_macrocycle_10_0_model_164	/home/dkouv/work/tfr1-binder-design/experiments/007_RFD3_macrocycles/monomer_self_consistency/rfd3_backbones/length_10/length_10_macrocycle_10_0_model_164.cif.gz	/home/dkouv/work/tfr1-binder-design/experiments/007_RFD3_macrocycles/monomer_self_consistency/structural_tsne/tmalign_inputs/length_10_macrocycle_10_0_model_164.pdb	45.517185	-3.4288933	20	1.0
365	10	length_10_macrocycle_10_0_model_165	/home/dkouv/work/tfr1-binder-design/experiments/007_RFD3_macrocycles/monomer_self_consistency/rfd3_backbones/length_10/length_10_macrocycle_10_0_model_165.cif.gz	/home/dkouv/work/tfr1-binder-design/experiments/007_RFD3_macrocycles/monomer_self_consistency/structural_tsne/tmalign_inputs/length_10_macrocycle_10_0_model_165.pdb	38.190567	-6.3137302	40	0.9286953
366	10	length_10_macrocycle_10_0_model_166	/home/dkouv/work/tfr1-binder-design/experiments/007_RFD3_macrocycles/monomer_self_consistency/rfd3_backbones/length_10/length_10_macrocycle_10_0_model_166.cif.gz	/home/dkouv/work/tfr1-binder-design/experiments/007_RFD3_macrocycles/monomer_self_consistency/structural_tsne/tmalign_inputs/length_10_macrocycle_10_0_model_166.pdb	3.0707982	-18.86887	29	0.41407543
367	10	length_10_macrocycle_10_0_model_167	/home/dkouv/work/tfr1-binder-design/experiments/007_RFD3_macrocycles/monomer_self_consistency/rfd3_backbones/length_10/length_10_macrocycle_10_0_model_167.cif.gz	/home/dkouv/work/tfr1-binder-design/experiments/007_RFD3_macrocycles/monomer_self_consistency/structural_tsne/tmalign_inputs/length_10_macrocycle_10_0_model_167.pdb	52.178017	10.556464	22	1.0
368	10	length_10_macrocycle_10_0_model_168	/home/dkouv/work/tfr1-binder-design/experiments/007_RFD3_macrocycles/monomer_self_consistency/rfd3_backbones/length_10/length_10_macrocycle_10_0_model_168.cif.gz	/home/dkouv/work/tfr1-binder-design/experiments/007_RFD3_macrocycles/monomer_self_consistency/structural_tsne/tmalign_inputs/length_10_macrocycle_10_0_model_168.pdb	33.57667	-4.9800196	40	0.9991049
369	10	length_10_macrocycle_10_0_model_169	/home/dkouv/work/tfr1-binder-design/experiments/007_RFD3_macrocycles/monomer_self_consistency/rfd3_backbones/length_10/length_10_macrocycle_10_0_model_169.cif.gz	/home/dkouv/work/tfr1-binder-design/experiments/007_RFD3_macrocycles/monomer_self_consistency/structural_tsne/tmalign_inputs/length_10_macrocycle_10_0_model_169.pdb	43.635807	-6.3221083	20	0.99999136
370	10	length_10_macrocycle_10_0_model_170	/home/dkouv/work/tfr1-binder-design/experiments/007_RFD3_macrocycles/monomer_self_consistency/rfd3_backbones/length_10/length_10_macrocycle_10_0_model_170.cif.gz	/home/dkouv/work/tfr1-binder-design/experiments/007_RFD3_macrocycles/monomer_self_consistency/structural_tsne/tmalign_inputs/length_10_macrocycle_10_0_model_170.pdb	42.100853	9.174775	9	1.0
371	10	length_10_macrocycle_10_0_model_171	/home/dkouv/work/tfr1-binder-design/experiments/007_RFD3_macrocycles/monomer_self_consistency/rfd3_backbones/length_10/length_10_macrocycle_10_0_model_171.cif.gz	/home/dkouv/work/tfr1-binder-design/experiments/007_RFD3_macrocycles/monomer_self_consistency/structural_tsne/tmalign_inputs/length_10_macrocycle_10_0_model_171.pdb	55.676113	1.5407944	6	0.99999905
372	10	length_10_macrocycle_10_0_model_172	/home/dkouv/work/tfr1-binder-design/experiments/007_RFD3_macrocycles/monomer_self_consistency/rfd3_backbones/length_10/length_10_macrocycle_10_0_model_172.cif.gz	/home/dkouv/work/tfr1-binder-design/experiments/007_RFD3_macrocycles/monomer_self_consistency/structural_tsne/tmalign_inputs/length_10_macrocycle_10_0_model_172.pdb	43.34786	-4.995271	20	0.9999962
373	10	length_10_macrocycle_10_0_model_173	/home/dkouv/work/tfr1-binder-design/experiments/007_RFD3_macrocycles/monomer_self_consistency/rfd3_backbones/length_10/length_10_macrocycle_10_0_model_173.cif.gz	/home/dkouv/work/tfr1-binder-design/experiments/007_RFD3_macrocycles/monomer_self_consistency/structural_tsne/tmalign_inputs/length_10_macrocycle_10_0_model_173.pdb	50.09708	8.973404	22	1.0
374	10	length_10_macrocycle_10_0_model_174	/home/dkouv/work/tfr1-binder-design/experiments/007_RFD3_macrocycles/monomer_self_consistency/rfd3_backbones/length_10/length_10_macrocycle_10_0_model_174.cif.gz	/home/dkouv/work/tfr1-binder-design/experiments/007_RFD3_macrocycles/monomer_self_consistency/structural_tsne/tmalign_inputs/length_10_macrocycle_10_0_model_174.pdb	-16.208817	-11.891996	2	0.9975397
375	10	length_10_macrocycle_10_0_model_175	/home/dkouv/work/tfr1-binder-design/experiments/007_RFD3_macrocycles/monomer_self_consistency/rfd3_backbones/length_10/length_10_macrocycle_10_0_model_175.cif.gz	/home/dkouv/work/tfr1-binder-design/experiments/007_RFD3_macrocycles/monomer_self_consistency/structural_tsne/tmalign_inputs/length_10_macrocycle_10_0_model_175.pdb	-48.853954	0.8375706	4	0.99894863
376	10	length_10_macrocycle_10_0_model_176	/home/dkouv/work/tfr1-binder-design/experiments/007_RFD3_macrocycles/monomer_self_consistency/rfd3_backbones/length_10/length_10_macrocycle_10_0_model_176.cif.gz	/home/dkouv/work/tfr1-binder-design/experiments/007_RFD3_macrocycles/monomer_self_consistency/structural_tsne/tmalign_inputs/length_10_macrocycle_10_0_model_176.pdb	43.349422	-5.4282956	20	0.9999934
377	10	length_10_macrocycle_10_0_model_177	/home/dkouv/work/tfr1-binder-design/experiments/007_RFD3_macrocycles/monomer_self_consistency/rfd3_backbones/length_10/length_10_macrocycle_10_0_model_177.cif.gz	/home/dkouv/work/tfr1-binder-design/experiments/007_RFD3_macrocycles/monomer_self_consistency/structural_tsne/tmalign_inputs/length_10_macrocycle_10_0_model_177.pdb	-42.107082	-0.6127388	35	0.4425306
378	10	length_10_macrocycle_10_0_model_178	/home/dkouv/work/tfr1-binder-design/experiments/007_RFD3_macrocycles/monomer_self_consistency/rfd3_backbones/length_10/length_10_macrocycle_10_0_model_178.cif.gz	/home/dkouv/work/tfr1-binder-design/experiments/007_RFD3_macrocycles/monomer_self_consistency/structural_tsne/tmalign_inputs/length_10_macrocycle_10_0_model_178.pdb	37.113354	-5.9200754	40	0.9829007
379	10	length_10_macrocycle_10_0_model_179	/home/dkouv/work/tfr1-binder-design/experiments/007_RFD3_macrocycles/monomer_self_consistency/rfd3_backbones/length_10/length_10_macrocycle_10_0_model_179.cif.gz	/home/dkouv/work/tfr1-binder-design/experiments/007_RFD3_macrocycles/monomer_self_consistency/structural_tsne/tmalign_inputs/length_10_macrocycle_10_0_model_179.pdb	49.918453	-4.2833366	20	1.0
380	10	length_10_macrocycle_10_0_model_180	/home/dkouv/work/tfr1-binder-design/experiments/007_RFD3_macrocycles/monomer_self_consistency/rfd3_backbones/length_10/length_10_macrocycle_10_0_model_180.cif.gz	/home/dkouv/work/tfr1-binder-design/experiments/007_RFD3_macrocycles/monomer_self_consistency/structural_tsne/tmalign_inputs/length_10_macrocycle_10_0_model_180.pdb	42.790947	8.013064	9	1.0
381	10	length_10_macrocycle_10_0_model_181	/home/dkouv/work/tfr1-binder-design/experiments/007_RFD3_macrocycles/monomer_self_consistency/rfd3_backbones/length_10/length_10_macrocycle_10_0_model_181.cif.gz	/home/dkouv/work/tfr1-binder-design/experiments/007_RFD3_macrocycles/monomer_self_consistency/structural_tsne/tmalign_inputs/length_10_macrocycle_10_0_model_181.pdb	-48.288227	5.4030995	4	0.9673134
382	10	length_10_macrocycle_10_0_model_182	/home/dkouv/work/tfr1-binder-design/experiments/007_RFD3_macrocycles/monomer_self_consistency/rfd3_backbones/length_10/length_10_macrocycle_10_0_model_182.cif.gz	/home/dkouv/work/tfr1-binder-design/experiments/007_RFD3_macrocycles/monomer_self_consistency/structural_tsne/tmalign_inputs/length_10_macrocycle_10_0_model_182.pdb	-38.09942	-0.8042552	35	0.61004174
383	10	length_10_macrocycle_10_0_model_183	/home/dkouv/work/tfr1-binder-design/experiments/007_RFD3_macrocycles/monomer_self_consistency/rfd3_backbones/length_10/length_10_macrocycle_10_0_model_183.cif.gz	/home/dkouv/work/tfr1-binder-design/experiments/007_RFD3_macrocycles/monomer_self_consistency/structural_tsne/tmalign_inputs/length_10_macrocycle_10_0_model_183.pdb	2.9128873	-18.820007	11	0.5513147
384	10	length_10_macrocycle_10_0_model_184	/home/dkouv/work/tfr1-binder-design/experiments/007_RFD3_macrocycles/monomer_self_consistency/rfd3_backbones/length_10/length_10_macrocycle_10_0_model_184.cif.gz	/home/dkouv/work/tfr1-binder-design/experiments/007_RFD3_macrocycles/monomer_self_consistency/structural_tsne/tmalign_inputs/length_10_macrocycle_10_0_model_184.pdb	11.786716	-11.58016	11	0.9851483
385	10	length_10_macrocycle_10_0_model_185	/home/dkouv/work/tfr1-binder-design/experiments/007_RFD3_macrocycles/monomer_self_consistency/rfd3_backbones/length_10/length_10_macrocycle_10_0_model_185.cif.gz	/home/dkouv/work/tfr1-binder-design/experiments/007_RFD3_macrocycles/monomer_self_consistency/structural_tsne/tmalign_inputs/length_10_macrocycle_10_0_model_185.pdb	50.922035	8.717716	22	1.0
386	10	length_10_macrocycle_10_0_model_186	/home/dkouv/work/tfr1-binder-design/experiments/007_RFD3_macrocycles/monomer_self_consistency/rfd3_backbones/length_10/length_10_macrocycle_10_0_model_186.cif.gz	/home/dkouv/work/tfr1-binder-design/experiments/007_RFD3_macrocycles/monomer_self_consistency/structural_tsne/tmalign_inputs/length_10_macrocycle_10_0_model_186.pdb	-40.96135	-0.9589044	35	0.6103749
387	10	length_10_macrocycle_10_0_model_187	/home/dkouv/work/tfr1-binder-design/experiments/007_RFD3_macrocycles/monomer_self_consistency/rfd3_backbones/length_10/length_10_macrocycle_10_0_model_187.cif.gz	/home/dkouv/work/tfr1-binder-design/experiments/007_RFD3_macrocycles/monomer_self_consistency/structural_tsne/tmalign_inputs/length_10_macrocycle_10_0_model_187.pdb	8.379892	-13.89571	11	0.99838823
388	10	length_10_macrocycle_10_0_model_188	/home/dkouv/work/tfr1-binder-design/experiments/007_RFD3_macrocycles/monomer_self_consistency/rfd3_backbones/length_10/length_10_macrocycle_10_0_model_188.cif.gz	/home/dkouv/work/tfr1-binder-design/experiments/007_RFD3_macrocycles/monomer_self_consistency/structural_tsne/tmalign_inputs/length_10_macrocycle_10_0_model_188.pdb	51.477074	10.2837105	22	1.0
389	10	length_10_macrocycle_10_0_model_189	/home/dkouv/work/tfr1-binder-design/experiments/007_RFD3_macrocycles/monomer_self_consistency/rfd3_backbones/length_10/length_10_macrocycle_10_0_model_189.cif.gz	/home/dkouv/work/tfr1-binder-design/experiments/007_RFD3_macrocycles/monomer_self_consistency/structural_tsne/tmalign_inputs/length_10_macrocycle_10_0_model_189.pdb	-38.336544	-14.3752775	16	0.9921053
390	10	length_10_macrocycle_10_0_model_190	/home/dkouv/work/tfr1-binder-design/experiments/007_RFD3_macrocycles/monomer_self_consistency/rfd3_backbones/length_10/length_10_macrocycle_10_0_model_190.cif.gz	/home/dkouv/work/tfr1-binder-design/experiments/007_RFD3_macrocycles/monomer_self_consistency/structural_tsne/tmalign_inputs/length_10_macrocycle_10_0_model_190.pdb	55.72292	-2.629694	6	0.9938653
391	10	length_10_macrocycle_10_0_model_191	/home/dkouv/work/tfr1-binder-design/experiments/007_RFD3_macrocycles/monomer_self_consistency/rfd3_backbones/length_10/length_10_macrocycle_10_0_model_191.cif.gz	/home/dkouv/work/tfr1-binder-design/experiments/007_RFD3_macrocycles/monomer_self_consistency/structural_tsne/tmalign_inputs/length_10_macrocycle_10_0_model_191.pdb	35.990673	-5.643785	40	0.99524486
392	10	length_10_macrocycle_10_0_model_192	/home/dkouv/work/tfr1-binder-design/experiments/007_RFD3_macrocycles/monomer_self_consistency/rfd3_backbones/length_10/length_10_macrocycle_10_0_model_192.cif.gz	/home/dkouv/work/tfr1-binder-design/experiments/007_RFD3_macrocycles/monomer_self_consistency/structural_tsne/tmalign_inputs/length_10_macrocycle_10_0_model_192.pdb	56.040688	-0.20678924	6	0.9999757
393	10	length_10_macrocycle_10_0_model_193	/home/dkouv/work/tfr1-binder-design/experiments/007_RFD3_macrocycles/monomer_self_consistency/rfd3_backbones/length_10/length_10_macrocycle_10_0_model_193.cif.gz	/home/dkouv/work/tfr1-binder-design/experiments/007_RFD3_macrocycles/monomer_self_consistency/structural_tsne/tmalign_inputs/length_10_macrocycle_10_0_model_193.pdb	36.073532	-5.683464	40	0.9948478
394	10	length_10_macrocycle_10_0_model_194	/home/dkouv/work/tfr1-binder-design/experiments/007_RFD3_macrocycles/monomer_self_consistency/rfd3_backbones/length_10/length_10_macrocycle_10_0_model_194.cif.gz	/home/dkouv/work/tfr1-binder-design/experiments/007_RFD3_macrocycles/monomer_self_consistency/structural_tsne/tmalign_inputs/length_10_macrocycle_10_0_model_194.pdb	-39.645237	-0.92184013	35	0.61496717
395	10	length_10_macrocycle_10_0_model_195	/home/dkouv/work/tfr1-binder-design/experiments/007_RFD3_macrocycles/monomer_self_consistency/rfd3_backbones/length_10/length_10_macrocycle_10_0_model_195.cif.gz	/home/dkouv/work/tfr1-binder-design/experiments/007_RFD3_macrocycles/monomer_self_consistency/structural_tsne/tmalign_inputs/length_10_macrocycle_10_0_model_195.pdb	-42.99617	-2.2475312	4	0.5989718
396	10	length_10_macrocycle_10_0_model_196	/home/dkouv/work/tfr1-binder-design/experiments/007_RFD3_macrocycles/monomer_self_consistency/rfd3_backbones/length_10/length_10_macrocycle_10_0_model_196.cif.gz	/home/dkouv/work/tfr1-binder-design/experiments/007_RFD3_macrocycles/monomer_self_consistency/structural_tsne/tmalign_inputs/length_10_macrocycle_10_0_model_196.pdb	49.50206	9.340668	22	1.0
397	10	length_10_macrocycle_10_0_model_197	/home/dkouv/work/tfr1-binder-design/experiments/007_RFD3_macrocycles/monomer_self_consistency/rfd3_backbones/length_10/length_10_macrocycle_10_0_model_197.cif.gz	/home/dkouv/work/tfr1-binder-design/experiments/007_RFD3_macrocycles/monomer_self_consistency/structural_tsne/tmalign_inputs/length_10_macrocycle_10_0_model_197.pdb	-48.57204	5.26569	4	0.95438415
398	10	length_10_macrocycle_10_0_model_198	/home/dkouv/work/tfr1-binder-design/experiments/007_RFD3_macrocycles/monomer_self_consistency/rfd3_backbones/length_10/length_10_macrocycle_10_0_model_198.cif.gz	/home/dkouv/work/tfr1-binder-design/experiments/007_RFD3_macrocycles/monomer_self_consistency/structural_tsne/tmalign_inputs/length_10_macrocycle_10_0_model_198.pdb	36.1297	3.944531	9	0.9999895
399	10	length_10_macrocycle_10_0_model_199	/home/dkouv/work/tfr1-binder-design/experiments/007_RFD3_macrocycles/monomer_self_consistency/rfd3_backbones/length_10/length_10_macrocycle_10_0_model_199.cif.gz	/home/dkouv/work/tfr1-binder-design/experiments/007_RFD3_macrocycles/monomer_self_consistency/structural_tsne/tmalign_inputs/length_10_macrocycle_10_0_model_199.pdb	42.327557	11.062826	9	1.0
400	12	length_12_macrocycle_12_0_model_0	/home/dkouv/work/tfr1-binder-design/experiments/007_RFD3_macrocycles/monomer_self_consistency/rfd3_backbones/length_12/length_12_macrocycle_12_0_model_0.cif.gz	/home/dkouv/work/tfr1-binder-design/experiments/007_RFD3_macrocycles/monomer_self_consistency/structural_tsne/tmalign_inputs/length_12_macrocycle_12_0_model_0.pdb	-7.392348	51.296764	7	1.0
401	12	length_12_macrocycle_12_0_model_1	/home/dkouv/work/tfr1-binder-design/experiments/007_RFD3_macrocycles/monomer_self_consistency/rfd3_backbones/length_12/length_12_macrocycle_12_0_model_1.cif.gz	/home/dkouv/work/tfr1-binder-design/experiments/007_RFD3_macrocycles/monomer_self_consistency/structural_tsne/tmalign_inputs/length_12_macrocycle_12_0_model_1.pdb	10.520178	-3.9942725	34	0.9103489
402	12	length_12_macrocycle_12_0_model_2	/home/dkouv/work/tfr1-binder-design/experiments/007_RFD3_macrocycles/monomer_self_consistency/rfd3_backbones/length_12/length_12_macrocycle_12_0_model_2.cif.gz	/home/dkouv/work/tfr1-binder-design/experiments/007_RFD3_macrocycles/monomer_self_consistency/structural_tsne/tmalign_inputs/length_12_macrocycle_12_0_model_2.pdb	-18.818695	41.139038	39	0.99999136
403	12	length_12_macrocycle_12_0_model_3	/home/dkouv/work/tfr1-binder-design/experiments/007_RFD3_macrocycles/monomer_self_consistency/rfd3_backbones/length_12/length_12_macrocycle_12_0_model_3.cif.gz	/home/dkouv/work/tfr1-binder-design/experiments/007_RFD3_macrocycles/monomer_self_consistency/structural_tsne/tmalign_inputs/length_12_macrocycle_12_0_model_3.pdb	-5.5413685	47.978256	7	1.0
404	12	length_12_macrocycle_12_0_model_4	/home/dkouv/work/tfr1-binder-design/experiments/007_RFD3_macrocycles/monomer_self_consistency/rfd3_backbones/length_12/length_12_macrocycle_12_0_model_4.cif.gz	/home/dkouv/work/tfr1-binder-design/experiments/007_RFD3_macrocycles/monomer_self_consistency/structural_tsne/tmalign_inputs/length_12_macrocycle_12_0_model_4.pdb	-14.127964	14.618486	19	1.0
405	12	length_12_macrocycle_12_0_model_5	/home/dkouv/work/tfr1-binder-design/experiments/007_RFD3_macrocycles/monomer_self_consistency/rfd3_backbones/length_12/length_12_macrocycle_12_0_model_5.cif.gz	/home/dkouv/work/tfr1-binder-design/experiments/007_RFD3_macrocycles/monomer_self_consistency/structural_tsne/tmalign_inputs/length_12_macrocycle_12_0_model_5.pdb	16.900158	-9.356901	18	0.95660484
406	12	length_12_macrocycle_12_0_model_6	/home/dkouv/work/tfr1-binder-design/experiments/007_RFD3_macrocycles/monomer_self_consistency/rfd3_backbones/length_12/length_12_macrocycle_12_0_model_6.cif.gz	/home/dkouv/work/tfr1-binder-design/experiments/007_RFD3_macrocycles/monomer_self_consistency/structural_tsne/tmalign_inputs/length_12_macrocycle_12_0_model_6.pdb	-35.044914	-12.9869795	16	0.9843946
407	12	length_12_macrocycle_12_0_model_7	/home/dkouv/work/tfr1-binder-design/experiments/007_RFD3_macrocycles/monomer_self_consistency/rfd3_backbones/length_12/length_12_macrocycle_12_0_model_7.cif.gz	/home/dkouv/work/tfr1-binder-design/experiments/007_RFD3_macrocycles/monomer_self_consistency/structural_tsne/tmalign_inputs/length_12_macrocycle_12_0_model_7.pdb	-13.714332	39.13652	30	0.9999977
408	12	length_12_macrocycle_12_0_model_8	/home/dkouv/work/tfr1-binder-design/experiments/007_RFD3_macrocycles/monomer_self_consistency/rfd3_backbones/length_12/length_12_macrocycle_12_0_model_8.cif.gz	/home/dkouv/work/tfr1-binder-design/experiments/007_RFD3_macrocycles/monomer_self_consistency/structural_tsne/tmalign_inputs/length_12_macrocycle_12_0_model_8.pdb	-17.593002	41.37697	39	0.9992274
409	12	length_12_macrocycle_12_0_model_9	/home/dkouv/work/tfr1-binder-design/experiments/007_RFD3_macrocycles/monomer_self_consistency/rfd3_backbones/length_12/length_12_macrocycle_12_0_model_9.cif.gz	/home/dkouv/work/tfr1-binder-design/experiments/007_RFD3_macrocycles/monomer_self_consistency/structural_tsne/tmalign_inputs/length_12_macrocycle_12_0_model_9.pdb	-13.707533	44.629707	30	0.9800394
410	12	length_12_macrocycle_12_0_model_10	/home/dkouv/work/tfr1-binder-design/experiments/007_RFD3_macrocycles/monomer_self_consistency/rfd3_backbones/length_12/length_12_macrocycle_12_0_model_10.cif.gz	/home/dkouv/work/tfr1-binder-design/experiments/007_RFD3_macrocycles/monomer_self_consistency/structural_tsne/tmalign_inputs/length_12_macrocycle_12_0_model_10.pdb	-35.651527	-12.624869	16	0.99073297
411	12	length_12_macrocycle_12_0_model_11	/home/dkouv/work/tfr1-binder-design/experiments/007_RFD3_macrocycles/monomer_self_consistency/rfd3_backbones/length_12/length_12_macrocycle_12_0_model_11.cif.gz	/home/dkouv/work/tfr1-binder-design/experiments/007_RFD3_macrocycles/monomer_self_consistency/structural_tsne/tmalign_inputs/length_12_macrocycle_12_0_model_11.pdb	-4.551371	43.729996	7	1.0
412	12	length_12_macrocycle_12_0_model_12	/home/dkouv/work/tfr1-binder-design/experiments/007_RFD3_macrocycles/monomer_self_consistency/rfd3_backbones/length_12/length_12_macrocycle_12_0_model_12.cif.gz	/home/dkouv/work/tfr1-binder-design/experiments/007_RFD3_macrocycles/monomer_self_consistency/structural_tsne/tmalign_inputs/length_12_macrocycle_12_0_model_12.pdb	-3.6446867	46.696842	7	1.0
413	12	length_12_macrocycle_12_0_model_13	/home/dkouv/work/tfr1-binder-design/experiments/007_RFD3_macrocycles/monomer_self_consistency/rfd3_backbones/length_12/length_12_macrocycle_12_0_model_13.cif.gz	/home/dkouv/work/tfr1-binder-design/experiments/007_RFD3_macrocycles/monomer_self_consistency/structural_tsne/tmalign_inputs/length_12_macrocycle_12_0_model_13.pdb	-7.3126926	50.86955	7	1.0
414	12	length_12_macrocycle_12_0_model_14	/home/dkouv/work/tfr1-binder-design/experiments/007_RFD3_macrocycles/monomer_self_consistency/rfd3_backbones/length_12/length_12_macrocycle_12_0_model_14.cif.gz	/home/dkouv/work/tfr1-binder-design/experiments/007_RFD3_macrocycles/monomer_self_consistency/structural_tsne/tmalign_inputs/length_12_macrocycle_12_0_model_14.pdb	-3.222951	-5.078287	8	0.9945712
415	12	length_12_macrocycle_12_0_model_15	/home/dkouv/work/tfr1-binder-design/experiments/007_RFD3_macrocycles/monomer_self_consistency/rfd3_backbones/length_12/length_12_macrocycle_12_0_model_15.cif.gz	/home/dkouv/work/tfr1-binder-design/experiments/007_RFD3_macrocycles/monomer_self_consistency/structural_tsne/tmalign_inputs/length_12_macrocycle_12_0_model_15.pdb	-6.3425474	44.591583	7	1.0
416	12	length_12_macrocycle_12_0_model_16	/home/dkouv/work/tfr1-binder-design/experiments/007_RFD3_macrocycles/monomer_self_consistency/rfd3_backbones/length_12/length_12_macrocycle_12_0_model_16.cif.gz	/home/dkouv/work/tfr1-binder-design/experiments/007_RFD3_macrocycles/monomer_self_consistency/structural_tsne/tmalign_inputs/length_12_macrocycle_12_0_model_16.pdb	-44.902046	-2.0953183	4	0.939185
417	12	length_12_macrocycle_12_0_model_17	/home/dkouv/work/tfr1-binder-design/experiments/007_RFD3_macrocycles/monomer_self_consistency/rfd3_backbones/length_12/length_12_macrocycle_12_0_model_17.cif.gz	/home/dkouv/work/tfr1-binder-design/experiments/007_RFD3_macrocycles/monomer_self_consistency/structural_tsne/tmalign_inputs/length_12_macrocycle_12_0_model_17.pdb	1.4200805	-1.0022943	26	0.99404013
418	12	length_12_macrocycle_12_0_model_18	/home/dkouv/work/tfr1-binder-design/experiments/007_RFD3_macrocycles/monomer_self_consistency/rfd3_backbones/length_12/length_12_macrocycle_12_0_model_18.cif.gz	/home/dkouv/work/tfr1-binder-design/experiments/007_RFD3_macrocycles/monomer_self_consistency/structural_tsne/tmalign_inputs/length_12_macrocycle_12_0_model_18.pdb	-6.4233894	37.411	38	0.9934858
419	12	length_12_macrocycle_12_0_model_19	/home/dkouv/work/tfr1-binder-design/experiments/007_RFD3_macrocycles/monomer_self_consistency/rfd3_backbones/length_12/length_12_macrocycle_12_0_model_19.cif.gz	/home/dkouv/work/tfr1-binder-design/experiments/007_RFD3_macrocycles/monomer_self_consistency/structural_tsne/tmalign_inputs/length_12_macrocycle_12_0_model_19.pdb	-45.880463	-1.6428081	4	0.97995937
420	12	length_12_macrocycle_12_0_model_20	/home/dkouv/work/tfr1-binder-design/experiments/007_RFD3_macrocycles/monomer_self_consistency/rfd3_backbones/length_12/length_12_macrocycle_12_0_model_20.cif.gz	/home/dkouv/work/tfr1-binder-design/experiments/007_RFD3_macrocycles/monomer_self_consistency/structural_tsne/tmalign_inputs/length_12_macrocycle_12_0_model_20.pdb	-7.3359337	48.362267	7	1.0
421	12	length_12_macrocycle_12_0_model_21	/home/dkouv/work/tfr1-binder-design/experiments/007_RFD3_macrocycles/monomer_self_consistency/rfd3_backbones/length_12/length_12_macrocycle_12_0_model_21.cif.gz	/home/dkouv/work/tfr1-binder-design/experiments/007_RFD3_macrocycles/monomer_self_consistency/structural_tsne/tmalign_inputs/length_12_macrocycle_12_0_model_21.pdb	-16.598051	35.25292	17	0.9982596
422	12	length_12_macrocycle_12_0_model_22	/home/dkouv/work/tfr1-binder-design/experiments/007_RFD3_macrocycles/monomer_self_consistency/rfd3_backbones/length_12/length_12_macrocycle_12_0_model_22.cif.gz	/home/dkouv/work/tfr1-binder-design/experiments/007_RFD3_macrocycles/monomer_self_consistency/structural_tsne/tmalign_inputs/length_12_macrocycle_12_0_model_22.pdb	-51.39323	2.581504	15	0.8637858
423	12	length_12_macrocycle_12_0_model_23	/home/dkouv/work/tfr1-binder-design/experiments/007_RFD3_macrocycles/monomer_self_consistency/rfd3_backbones/length_12/length_12_macrocycle_12_0_model_23.cif.gz	/home/dkouv/work/tfr1-binder-design/experiments/007_RFD3_macrocycles/monomer_self_consistency/structural_tsne/tmalign_inputs/length_12_macrocycle_12_0_model_23.pdb	-7.8065157	46.478447	7	0.9999995
424	12	length_12_macrocycle_12_0_model_24	/home/dkouv/work/tfr1-binder-design/experiments/007_RFD3_macrocycles/monomer_self_consistency/rfd3_backbones/length_12/length_12_macrocycle_12_0_model_24.cif.gz	/home/dkouv/work/tfr1-binder-design/experiments/007_RFD3_macrocycles/monomer_self_consistency/structural_tsne/tmalign_inputs/length_12_macrocycle_12_0_model_24.pdb	-5.399165	44.99457	7	1.0
425	12	length_12_macrocycle_12_0_model_25	/home/dkouv/work/tfr1-binder-design/experiments/007_RFD3_macrocycles/monomer_self_consistency/rfd3_backbones/length_12/length_12_macrocycle_12_0_model_25.cif.gz	/home/dkouv/work/tfr1-binder-design/experiments/007_RFD3_macrocycles/monomer_self_consistency/structural_tsne/tmalign_inputs/length_12_macrocycle_12_0_model_25.pdb	-14.356685	34.915314	17	0.9783123
426	12	length_12_macrocycle_12_0_model_26	/home/dkouv/work/tfr1-binder-design/experiments/007_RFD3_macrocycles/monomer_self_consistency/rfd3_backbones/length_12/length_12_macrocycle_12_0_model_26.cif.gz	/home/dkouv/work/tfr1-binder-design/experiments/007_RFD3_macrocycles/monomer_self_consistency/structural_tsne/tmalign_inputs/length_12_macrocycle_12_0_model_26.pdb	-9.854504	50.104214	7	0.9997978
427	12	length_12_macrocycle_12_0_model_27	/home/dkouv/work/tfr1-binder-design/experiments/007_RFD3_macrocycles/monomer_self_consistency/rfd3_backbones/length_12/length_12_macrocycle_12_0_model_27.cif.gz	/home/dkouv/work/tfr1-binder-design/experiments/007_RFD3_macrocycles/monomer_self_consistency/structural_tsne/tmalign_inputs/length_12_macrocycle_12_0_model_27.pdb	-8.905067	37.75854	38	0.99811924
428	12	length_12_macrocycle_12_0_model_28	/home/dkouv/work/tfr1-binder-design/experiments/007_RFD3_macrocycles/monomer_self_consistency/rfd3_backbones/length_12/length_12_macrocycle_12_0_model_28.cif.gz	/home/dkouv/work/tfr1-binder-design/experiments/007_RFD3_macrocycles/monomer_self_consistency/structural_tsne/tmalign_inputs/length_12_macrocycle_12_0_model_28.pdb	-14.163817	14.4357605	19	1.0
429	12	length_12_macrocycle_12_0_model_29	/home/dkouv/work/tfr1-binder-design/experiments/007_RFD3_macrocycles/monomer_self_consistency/rfd3_backbones/length_12/length_12_macrocycle_12_0_model_29.cif.gz	/home/dkouv/work/tfr1-binder-design/experiments/007_RFD3_macrocycles/monomer_self_consistency/structural_tsne/tmalign_inputs/length_12_macrocycle_12_0_model_29.pdb	-5.7840266	48.741745	7	1.0
430	12	length_12_macrocycle_12_0_model_30	/home/dkouv/work/tfr1-binder-design/experiments/007_RFD3_macrocycles/monomer_self_consistency/rfd3_backbones/length_12/length_12_macrocycle_12_0_model_30.cif.gz	/home/dkouv/work/tfr1-binder-design/experiments/007_RFD3_macrocycles/monomer_self_consistency/structural_tsne/tmalign_inputs/length_12_macrocycle_12_0_model_30.pdb	-4.507304	47.40417	7	1.0
431	12	length_12_macrocycle_12_0_model_31	/home/dkouv/work/tfr1-binder-design/experiments/007_RFD3_macrocycles/monomer_self_consistency/rfd3_backbones/length_12/length_12_macrocycle_12_0_model_31.cif.gz	/home/dkouv/work/tfr1-binder-design/experiments/007_RFD3_macrocycles/monomer_self_consistency/structural_tsne/tmalign_inputs/length_12_macrocycle_12_0_model_31.pdb	-15.135481	44.777504	39	0.68621945
432	12	length_12_macrocycle_12_0_model_32	/home/dkouv/work/tfr1-binder-design/experiments/007_RFD3_macrocycles/monomer_self_consistency/rfd3_backbones/length_12/length_12_macrocycle_12_0_model_32.cif.gz	/home/dkouv/work/tfr1-binder-design/experiments/007_RFD3_macrocycles/monomer_self_consistency/structural_tsne/tmalign_inputs/length_12_macrocycle_12_0_model_32.pdb	25.598871	-6.106051	12	0.9802637
433	12	length_12_macrocycle_12_0_model_33	/home/dkouv/work/tfr1-binder-design/experiments/007_RFD3_macrocycles/monomer_self_consistency/rfd3_backbones/length_12/length_12_macrocycle_12_0_model_33.cif.gz	/home/dkouv/work/tfr1-binder-design/experiments/007_RFD3_macrocycles/monomer_self_consistency/structural_tsne/tmalign_inputs/length_12_macrocycle_12_0_model_33.pdb	-15.625518	39.64571	30	0.93763816
434	12	length_12_macrocycle_12_0_model_34	/home/dkouv/work/tfr1-binder-design/experiments/007_RFD3_macrocycles/monomer_self_consistency/rfd3_backbones/length_12/length_12_macrocycle_12_0_model_34.cif.gz	/home/dkouv/work/tfr1-binder-design/experiments/007_RFD3_macrocycles/monomer_self_consistency/structural_tsne/tmalign_inputs/length_12_macrocycle_12_0_model_34.pdb	-17.575413	39.60436	39	0.9977923
435	12	length_12_macrocycle_12_0_model_35	/home/dkouv/work/tfr1-binder-design/experiments/007_RFD3_macrocycles/monomer_self_consistency/rfd3_backbones/length_12/length_12_macrocycle_12_0_model_35.cif.gz	/home/dkouv/work/tfr1-binder-design/experiments/007_RFD3_macrocycles/monomer_self_consistency/structural_tsne/tmalign_inputs/length_12_macrocycle_12_0_model_35.pdb	-14.623305	45.457764	30	0.5488753
436	12	length_12_macrocycle_12_0_model_36	/home/dkouv/work/tfr1-binder-design/experiments/007_RFD3_macrocycles/monomer_self_consistency/rfd3_backbones/length_12/length_12_macrocycle_12_0_model_36.cif.gz	/home/dkouv/work/tfr1-binder-design/experiments/007_RFD3_macrocycles/monomer_self_consistency/structural_tsne/tmalign_inputs/length_12_macrocycle_12_0_model_36.pdb	-17.095942	35.75467	17	0.99875474
437	12	length_12_macrocycle_12_0_model_37	/home/dkouv/work/tfr1-binder-design/experiments/007_RFD3_macrocycles/monomer_self_consistency/rfd3_backbones/length_12/length_12_macrocycle_12_0_model_37.cif.gz	/home/dkouv/work/tfr1-binder-design/experiments/007_RFD3_macrocycles/monomer_self_consistency/structural_tsne/tmalign_inputs/length_12_macrocycle_12_0_model_37.pdb	26.53655	-8.611789	12	0.9844583
438	12	length_12_macrocycle_12_0_model_38	/home/dkouv/work/tfr1-binder-design/experiments/007_RFD3_macrocycles/monomer_self_consistency/rfd3_backbones/length_12/length_12_macrocycle_12_0_model_38.cif.gz	/home/dkouv/work/tfr1-binder-design/experiments/007_RFD3_macrocycles/monomer_self_consistency/structural_tsne/tmalign_inputs/length_12_macrocycle_12_0_model_38.pdb	-13.18307	45.378155	30	0.9901525
439	12	length_12_macrocycle_12_0_model_39	/home/dkouv/work/tfr1-binder-design/experiments/007_RFD3_macrocycles/monomer_self_consistency/rfd3_backbones/length_12/length_12_macrocycle_12_0_model_39.cif.gz	/home/dkouv/work/tfr1-binder-design/experiments/007_RFD3_macrocycles/monomer_self_consistency/structural_tsne/tmalign_inputs/length_12_macrocycle_12_0_model_39.pdb	-10.178017	36.12955	38	0.99911636
440	12	length_12_macrocycle_12_0_model_40	/home/dkouv/work/tfr1-binder-design/experiments/007_RFD3_macrocycles/monomer_self_consistency/rfd3_backbones/length_12/length_12_macrocycle_12_0_model_40.cif.gz	/home/dkouv/work/tfr1-binder-design/experiments/007_RFD3_macrocycles/monomer_self_consistency/structural_tsne/tmalign_inputs/length_12_macrocycle_12_0_model_40.pdb	10.306328	19.161856	24	0.9993831
441	12	length_12_macrocycle_12_0_model_41	/home/dkouv/work/tfr1-binder-design/experiments/007_RFD3_macrocycles/monomer_self_consistency/rfd3_backbones/length_12/length_12_macrocycle_12_0_model_41.cif.gz	/home/dkouv/work/tfr1-binder-design/experiments/007_RFD3_macrocycles/monomer_self_consistency/structural_tsne/tmalign_inputs/length_12_macrocycle_12_0_model_41.pdb	-4.563862	49.2942	7	1.0
442	12	length_12_macrocycle_12_0_model_42	/home/dkouv/work/tfr1-binder-design/experiments/007_RFD3_macrocycles/monomer_self_consistency/rfd3_backbones/length_12/length_12_macrocycle_12_0_model_42.cif.gz	/home/dkouv/work/tfr1-binder-design/experiments/007_RFD3_macrocycles/monomer_self_consistency/structural_tsne/tmalign_inputs/length_12_macrocycle_12_0_model_42.pdb	17.11857	-5.915468	18	0.9998197
443	12	length_12_macrocycle_12_0_model_43	/home/dkouv/work/tfr1-binder-design/experiments/007_RFD3_macrocycles/monomer_self_consistency/rfd3_backbones/length_12/length_12_macrocycle_12_0_model_43.cif.gz	/home/dkouv/work/tfr1-binder-design/experiments/007_RFD3_macrocycles/monomer_self_consistency/structural_tsne/tmalign_inputs/length_12_macrocycle_12_0_model_43.pdb	-5.32565	47.53698	7	1.0
444	12	length_12_macrocycle_12_0_model_44	/home/dkouv/work/tfr1-binder-design/experiments/007_RFD3_macrocycles/monomer_self_consistency/rfd3_backbones/length_12/length_12_macrocycle_12_0_model_44.cif.gz	/home/dkouv/work/tfr1-binder-design/experiments/007_RFD3_macrocycles/monomer_self_consistency/structural_tsne/tmalign_inputs/length_12_macrocycle_12_0_model_44.pdb	-6.298557	48.692753	7	1.0
445	12	length_12_macrocycle_12_0_model_45	/home/dkouv/work/tfr1-binder-design/experiments/007_RFD3_macrocycles/monomer_self_consistency/rfd3_backbones/length_12/length_12_macrocycle_12_0_model_45.cif.gz	/home/dkouv/work/tfr1-binder-design/experiments/007_RFD3_macrocycles/monomer_self_consistency/structural_tsne/tmalign_inputs/length_12_macrocycle_12_0_model_45.pdb	-13.231316	43.82791	30	0.9987386
446	12	length_12_macrocycle_12_0_model_46	/home/dkouv/work/tfr1-binder-design/experiments/007_RFD3_macrocycles/monomer_self_consistency/rfd3_backbones/length_12/length_12_macrocycle_12_0_model_46.cif.gz	/home/dkouv/work/tfr1-binder-design/experiments/007_RFD3_macrocycles/monomer_self_consistency/structural_tsne/tmalign_inputs/length_12_macrocycle_12_0_model_46.pdb	-3.949891	40.65081	7	0.9975653
447	12	length_12_macrocycle_12_0_model_47	/home/dkouv/work/tfr1-binder-design/experiments/007_RFD3_macrocycles/monomer_self_consistency/rfd3_backbones/length_12/length_12_macrocycle_12_0_model_47.cif.gz	/home/dkouv/work/tfr1-binder-design/experiments/007_RFD3_macrocycles/monomer_self_consistency/structural_tsne/tmalign_inputs/length_12_macrocycle_12_0_model_47.pdb	-12.433255	39.338223	30	0.9999995
448	12	length_12_macrocycle_12_0_model_48	/home/dkouv/work/tfr1-binder-design/experiments/007_RFD3_macrocycles/monomer_self_consistency/rfd3_backbones/length_12/length_12_macrocycle_12_0_model_48.cif.gz	/home/dkouv/work/tfr1-binder-design/experiments/007_RFD3_macrocycles/monomer_self_consistency/structural_tsne/tmalign_inputs/length_12_macrocycle_12_0_model_48.pdb	-7.2679524	36.31164	38	0.9992912
449	12	length_12_macrocycle_12_0_model_49	/home/dkouv/work/tfr1-binder-design/experiments/007_RFD3_macrocycles/monomer_self_consistency/rfd3_backbones/length_12/length_12_macrocycle_12_0_model_49.cif.gz	/home/dkouv/work/tfr1-binder-design/experiments/007_RFD3_macrocycles/monomer_self_consistency/structural_tsne/tmalign_inputs/length_12_macrocycle_12_0_model_49.pdb	28.281239	-8.394151	12	0.98607975
450	12	length_12_macrocycle_12_0_model_50	/home/dkouv/work/tfr1-binder-design/experiments/007_RFD3_macrocycles/monomer_self_consistency/rfd3_backbones/length_12/length_12_macrocycle_12_0_model_50.cif.gz	/home/dkouv/work/tfr1-binder-design/experiments/007_RFD3_macrocycles/monomer_self_consistency/structural_tsne/tmalign_inputs/length_12_macrocycle_12_0_model_50.pdb	-24.321394	6.7364407	10	0.94240564
451	12	length_12_macrocycle_12_0_model_51	/home/dkouv/work/tfr1-binder-design/experiments/007_RFD3_macrocycles/monomer_self_consistency/rfd3_backbones/length_12/length_12_macrocycle_12_0_model_51.cif.gz	/home/dkouv/work/tfr1-binder-design/experiments/007_RFD3_macrocycles/monomer_self_consistency/structural_tsne/tmalign_inputs/length_12_macrocycle_12_0_model_51.pdb	-7.514672	37.03639	38	0.99916494
452	12	length_12_macrocycle_12_0_model_52	/home/dkouv/work/tfr1-binder-design/experiments/007_RFD3_macrocycles/monomer_self_consistency/rfd3_backbones/length_12/length_12_macrocycle_12_0_model_52.cif.gz	/home/dkouv/work/tfr1-binder-design/experiments/007_RFD3_macrocycles/monomer_self_consistency/structural_tsne/tmalign_inputs/length_12_macrocycle_12_0_model_52.pdb	-15.390014	36.068863	17	0.96137655
453	12	length_12_macrocycle_12_0_model_53	/home/dkouv/work/tfr1-binder-design/experiments/007_RFD3_macrocycles/monomer_self_consistency/rfd3_backbones/length_12/length_12_macrocycle_12_0_model_53.cif.gz	/home/dkouv/work/tfr1-binder-design/experiments/007_RFD3_macrocycles/monomer_self_consistency/structural_tsne/tmalign_inputs/length_12_macrocycle_12_0_model_53.pdb	-7.7078133	35.396374	38	0.99957854
454	12	length_12_macrocycle_12_0_model_54	/home/dkouv/work/tfr1-binder-design/experiments/007_RFD3_macrocycles/monomer_self_consistency/rfd3_backbones/length_12/length_12_macrocycle_12_0_model_54.cif.gz	/home/dkouv/work/tfr1-binder-design/experiments/007_RFD3_macrocycles/monomer_self_consistency/structural_tsne/tmalign_inputs/length_12_macrocycle_12_0_model_54.pdb	-19.103304	41.403675	39	0.9999966
455	12	length_12_macrocycle_12_0_model_55	/home/dkouv/work/tfr1-binder-design/experiments/007_RFD3_macrocycles/monomer_self_consistency/rfd3_backbones/length_12/length_12_macrocycle_12_0_model_55.cif.gz	/home/dkouv/work/tfr1-binder-design/experiments/007_RFD3_macrocycles/monomer_self_consistency/structural_tsne/tmalign_inputs/length_12_macrocycle_12_0_model_55.pdb	-12.952497	39.714897	30	0.9999995
456	12	length_12_macrocycle_12_0_model_56	/home/dkouv/work/tfr1-binder-design/experiments/007_RFD3_macrocycles/monomer_self_consistency/rfd3_backbones/length_12/length_12_macrocycle_12_0_model_56.cif.gz	/home/dkouv/work/tfr1-binder-design/experiments/007_RFD3_macrocycles/monomer_self_consistency/structural_tsne/tmalign_inputs/length_12_macrocycle_12_0_model_56.pdb	-15.55632	46.456264	39	0.9448259
457	12	length_12_macrocycle_12_0_model_57	/home/dkouv/work/tfr1-binder-design/experiments/007_RFD3_macrocycles/monomer_self_consistency/rfd3_backbones/length_12/length_12_macrocycle_12_0_model_57.cif.gz	/home/dkouv/work/tfr1-binder-design/experiments/007_RFD3_macrocycles/monomer_self_consistency/structural_tsne/tmalign_inputs/length_12_macrocycle_12_0_model_57.pdb	-38.37095	-15.582975	16	0.9951026
458	12	length_12_macrocycle_12_0_model_58	/home/dkouv/work/tfr1-binder-design/experiments/007_RFD3_macrocycles/monomer_self_consistency/rfd3_backbones/length_12/length_12_macrocycle_12_0_model_58.cif.gz	/home/dkouv/work/tfr1-binder-design/experiments/007_RFD3_macrocycles/monomer_self_consistency/structural_tsne/tmalign_inputs/length_12_macrocycle_12_0_model_58.pdb	-48.371635	3.1705213	4	0.9955681
459	12	length_12_macrocycle_12_0_model_59	/home/dkouv/work/tfr1-binder-design/experiments/007_RFD3_macrocycles/monomer_self_consistency/rfd3_backbones/length_12/length_12_macrocycle_12_0_model_59.cif.gz	/home/dkouv/work/tfr1-binder-design/experiments/007_RFD3_macrocycles/monomer_self_consistency/structural_tsne/tmalign_inputs/length_12_macrocycle_12_0_model_59.pdb	-17.212957	45.399742	39	0.99876577
460	12	length_12_macrocycle_12_0_model_60	/home/dkouv/work/tfr1-binder-design/experiments/007_RFD3_macrocycles/monomer_self_consistency/rfd3_backbones/length_12/length_12_macrocycle_12_0_model_60.cif.gz	/home/dkouv/work/tfr1-binder-design/experiments/007_RFD3_macrocycles/monomer_self_consistency/structural_tsne/tmalign_inputs/length_12_macrocycle_12_0_model_60.pdb	-4.4809136	42.496994	7	1.0
461	12	length_12_macrocycle_12_0_model_61	/home/dkouv/work/tfr1-binder-design/experiments/007_RFD3_macrocycles/monomer_self_consistency/rfd3_backbones/length_12/length_12_macrocycle_12_0_model_61.cif.gz	/home/dkouv/work/tfr1-binder-design/experiments/007_RFD3_macrocycles/monomer_self_consistency/structural_tsne/tmalign_inputs/length_12_macrocycle_12_0_model_61.pdb	-6.383343	45.244503	7	1.0
462	12	length_12_macrocycle_12_0_model_62	/home/dkouv/work/tfr1-binder-design/experiments/007_RFD3_macrocycles/monomer_self_consistency/rfd3_backbones/length_12/length_12_macrocycle_12_0_model_62.cif.gz	/home/dkouv/work/tfr1-binder-design/experiments/007_RFD3_macrocycles/monomer_self_consistency/structural_tsne/tmalign_inputs/length_12_macrocycle_12_0_model_62.pdb	-13.914374	34.864243	17	0.9681537
463	12	length_12_macrocycle_12_0_model_63	/home/dkouv/work/tfr1-binder-design/experiments/007_RFD3_macrocycles/monomer_self_consistency/rfd3_backbones/length_12/length_12_macrocycle_12_0_model_63.cif.gz	/home/dkouv/work/tfr1-binder-design/experiments/007_RFD3_macrocycles/monomer_self_consistency/structural_tsne/tmalign_inputs/length_12_macrocycle_12_0_model_63.pdb	-8.131356	46.525288	7	0.9999986
464	12	length_12_macrocycle_12_0_model_64	/home/dkouv/work/tfr1-binder-design/experiments/007_RFD3_macrocycles/monomer_self_consistency/rfd3_backbones/length_12/length_12_macrocycle_12_0_model_64.cif.gz	/home/dkouv/work/tfr1-binder-design/experiments/007_RFD3_macrocycles/monomer_self_consistency/structural_tsne/tmalign_inputs/length_12_macrocycle_12_0_model_64.pdb	-9.640317	49.405308	7	0.9998265
465	12	length_12_macrocycle_12_0_model_65	/home/dkouv/work/tfr1-binder-design/experiments/007_RFD3_macrocycles/monomer_self_consistency/rfd3_backbones/length_12/length_12_macrocycle_12_0_model_65.cif.gz	/home/dkouv/work/tfr1-binder-design/experiments/007_RFD3_macrocycles/monomer_self_consistency/structural_tsne/tmalign_inputs/length_12_macrocycle_12_0_model_65.pdb	-38.710518	-13.442853	16	0.9821127
466	12	length_12_macrocycle_12_0_model_66	/home/dkouv/work/tfr1-binder-design/experiments/007_RFD3_macrocycles/monomer_self_consistency/rfd3_backbones/length_12/length_12_macrocycle_12_0_model_66.cif.gz	/home/dkouv/work/tfr1-binder-design/experiments/007_RFD3_macrocycles/monomer_self_consistency/structural_tsne/tmalign_inputs/length_12_macrocycle_12_0_model_66.pdb	-17.22066	41.22274	39	0.99653184
467	12	length_12_macrocycle_12_0_model_67	/home/dkouv/work/tfr1-binder-design/experiments/007_RFD3_macrocycles/monomer_self_consistency/rfd3_backbones/length_12/length_12_macrocycle_12_0_model_67.cif.gz	/home/dkouv/work/tfr1-binder-design/experiments/007_RFD3_macrocycles/monomer_self_consistency/structural_tsne/tmalign_inputs/length_12_macrocycle_12_0_model_67.pdb	-38.69069	-11.747507	16	0.9314897
468	12	length_12_macrocycle_12_0_model_68	/home/dkouv/work/tfr1-binder-design/experiments/007_RFD3_macrocycles/monomer_self_consistency/rfd3_backbones/length_12/length_12_macrocycle_12_0_model_68.cif.gz	/home/dkouv/work/tfr1-binder-design/experiments/007_RFD3_macrocycles/monomer_self_consistency/structural_tsne/tmalign_inputs/length_12_macrocycle_12_0_model_68.pdb	25.402283	-7.606428	12	0.9653109
469	12	length_12_macrocycle_12_0_model_69	/home/dkouv/work/tfr1-binder-design/experiments/007_RFD3_macrocycles/monomer_self_consistency/rfd3_backbones/length_12/length_12_macrocycle_12_0_model_69.cif.gz	/home/dkouv/work/tfr1-binder-design/experiments/007_RFD3_macrocycles/monomer_self_consistency/structural_tsne/tmalign_inputs/length_12_macrocycle_12_0_model_69.pdb	16.490143	-8.711253	18	0.81968796
470	12	length_12_macrocycle_12_0_model_70	/home/dkouv/work/tfr1-binder-design/experiments/007_RFD3_macrocycles/monomer_self_consistency/rfd3_backbones/length_12/length_12_macrocycle_12_0_model_70.cif.gz	/home/dkouv/work/tfr1-binder-design/experiments/007_RFD3_macrocycles/monomer_self_consistency/structural_tsne/tmalign_inputs/length_12_macrocycle_12_0_model_70.pdb	5.2357244	-1.473149	34	0.9661435
471	12	length_12_macrocycle_12_0_model_71	/home/dkouv/work/tfr1-binder-design/experiments/007_RFD3_macrocycles/monomer_self_consistency/rfd3_backbones/length_12/length_12_macrocycle_12_0_model_71.cif.gz	/home/dkouv/work/tfr1-binder-design/experiments/007_RFD3_macrocycles/monomer_self_consistency/structural_tsne/tmalign_inputs/length_12_macrocycle_12_0_model_71.pdb	-17.61117	45.80746	39	0.9994851
472	12	length_12_macrocycle_12_0_model_72	/home/dkouv/work/tfr1-binder-design/experiments/007_RFD3_macrocycles/monomer_self_consistency/rfd3_backbones/length_12/length_12_macrocycle_12_0_model_72.cif.gz	/home/dkouv/work/tfr1-binder-design/experiments/007_RFD3_macrocycles/monomer_self_consistency/structural_tsne/tmalign_inputs/length_12_macrocycle_12_0_model_72.pdb	-17.622662	36.31331	17	0.9877847
473	12	length_12_macrocycle_12_0_model_73	/home/dkouv/work/tfr1-binder-design/experiments/007_RFD3_macrocycles/monomer_self_consistency/rfd3_backbones/length_12/length_12_macrocycle_12_0_model_73.cif.gz	/home/dkouv/work/tfr1-binder-design/experiments/007_RFD3_macrocycles/monomer_self_consistency/structural_tsne/tmalign_inputs/length_12_macrocycle_12_0_model_73.pdb	-36.85791	-11.892161	16	0.9781802
474	12	length_12_macrocycle_12_0_model_74	/home/dkouv/work/tfr1-binder-design/experiments/007_RFD3_macrocycles/monomer_self_consistency/rfd3_backbones/length_12/length_12_macrocycle_12_0_model_74.cif.gz	/home/dkouv/work/tfr1-binder-design/experiments/007_RFD3_macrocycles/monomer_self_consistency/structural_tsne/tmalign_inputs/length_12_macrocycle_12_0_model_74.pdb	-12.977427	34.658947	17	0.91966176
475	12	length_12_macrocycle_12_0_model_75	/home/dkouv/work/tfr1-binder-design/experiments/007_RFD3_macrocycles/monomer_self_consistency/rfd3_backbones/length_12/length_12_macrocycle_12_0_model_75.cif.gz	/home/dkouv/work/tfr1-binder-design/experiments/007_RFD3_macrocycles/monomer_self_consistency/structural_tsne/tmalign_inputs/length_12_macrocycle_12_0_model_75.pdb	-1.925958	-4.6344	8	0.99907774
476	12	length_12_macrocycle_12_0_model_76	/home/dkouv/work/tfr1-binder-design/experiments/007_RFD3_macrocycles/monomer_self_consistency/rfd3_backbones/length_12/length_12_macrocycle_12_0_model_76.cif.gz	/home/dkouv/work/tfr1-binder-design/experiments/007_RFD3_macrocycles/monomer_self_consistency/structural_tsne/tmalign_inputs/length_12_macrocycle_12_0_model_76.pdb	-7.099256	45.52444	7	1.0
477	12	length_12_macrocycle_12_0_model_77	/home/dkouv/work/tfr1-binder-design/experiments/007_RFD3_macrocycles/monomer_self_consistency/rfd3_backbones/length_12/length_12_macrocycle_12_0_model_77.cif.gz	/home/dkouv/work/tfr1-binder-design/experiments/007_RFD3_macrocycles/monomer_self_consistency/structural_tsne/tmalign_inputs/length_12_macrocycle_12_0_model_77.pdb	-14.455724	39.14961	30	0.9999008
478	12	length_12_macrocycle_12_0_model_78	/home/dkouv/work/tfr1-binder-design/experiments/007_RFD3_macrocycles/monomer_self_consistency/rfd3_backbones/length_12/length_12_macrocycle_12_0_model_78.cif.gz	/home/dkouv/work/tfr1-binder-design/experiments/007_RFD3_macrocycles/monomer_self_consistency/structural_tsne/tmalign_inputs/length_12_macrocycle_12_0_model_78.pdb	-16.469423	35.888084	17	0.9970594
479	12	length_12_macrocycle_12_0_model_79	/home/dkouv/work/tfr1-binder-design/experiments/007_RFD3_macrocycles/monomer_self_consistency/rfd3_backbones/length_12/length_12_macrocycle_12_0_model_79.cif.gz	/home/dkouv/work/tfr1-binder-design/experiments/007_RFD3_macrocycles/monomer_self_consistency/structural_tsne/tmalign_inputs/length_12_macrocycle_12_0_model_79.pdb	14.763607	-12.928627	18	0.9994803
480	12	length_12_macrocycle_12_0_model_80	/home/dkouv/work/tfr1-binder-design/experiments/007_RFD3_macrocycles/monomer_self_consistency/rfd3_backbones/length_12/length_12_macrocycle_12_0_model_80.cif.gz	/home/dkouv/work/tfr1-binder-design/experiments/007_RFD3_macrocycles/monomer_self_consistency/structural_tsne/tmalign_inputs/length_12_macrocycle_12_0_model_80.pdb	-6.44479	48.377625	7	1.0
481	12	length_12_macrocycle_12_0_model_81	/home/dkouv/work/tfr1-binder-design/experiments/007_RFD3_macrocycles/monomer_self_consistency/rfd3_backbones/length_12/length_12_macrocycle_12_0_model_81.cif.gz	/home/dkouv/work/tfr1-binder-design/experiments/007_RFD3_macrocycles/monomer_self_consistency/structural_tsne/tmalign_inputs/length_12_macrocycle_12_0_model_81.pdb	-36.93362	-13.025475	16	0.99169344
482	12	length_12_macrocycle_12_0_model_82	/home/dkouv/work/tfr1-binder-design/experiments/007_RFD3_macrocycles/monomer_self_consistency/rfd3_backbones/length_12/length_12_macrocycle_12_0_model_82.cif.gz	/home/dkouv/work/tfr1-binder-design/experiments/007_RFD3_macrocycles/monomer_self_consistency/structural_tsne/tmalign_inputs/length_12_macrocycle_12_0_model_82.pdb	-38.425026	-13.117236	16	0.9815148
483	12	length_12_macrocycle_12_0_model_83	/home/dkouv/work/tfr1-binder-design/experiments/007_RFD3_macrocycles/monomer_self_consistency/rfd3_backbones/length_12/length_12_macrocycle_12_0_model_83.cif.gz	/home/dkouv/work/tfr1-binder-design/experiments/007_RFD3_macrocycles/monomer_self_consistency/structural_tsne/tmalign_inputs/length_12_macrocycle_12_0_model_83.pdb	-3.881905	49.04015	7	1.0
484	12	length_12_macrocycle_12_0_model_84	/home/dkouv/work/tfr1-binder-design/experiments/007_RFD3_macrocycles/monomer_self_consistency/rfd3_backbones/length_12/length_12_macrocycle_12_0_model_84.cif.gz	/home/dkouv/work/tfr1-binder-design/experiments/007_RFD3_macrocycles/monomer_self_consistency/structural_tsne/tmalign_inputs/length_12_macrocycle_12_0_model_84.pdb	-35.319466	-12.582774	16	0.98784506
485	12	length_12_macrocycle_12_0_model_85	/home/dkouv/work/tfr1-binder-design/experiments/007_RFD3_macrocycles/monomer_self_consistency/rfd3_backbones/length_12/length_12_macrocycle_12_0_model_85.cif.gz	/home/dkouv/work/tfr1-binder-design/experiments/007_RFD3_macrocycles/monomer_self_consistency/structural_tsne/tmalign_inputs/length_12_macrocycle_12_0_model_85.pdb	-17.436346	36.196472	17	0.99469215
486	12	length_12_macrocycle_12_0_model_86	/home/dkouv/work/tfr1-binder-design/experiments/007_RFD3_macrocycles/monomer_self_consistency/rfd3_backbones/length_12/length_12_macrocycle_12_0_model_86.cif.gz	/home/dkouv/work/tfr1-binder-design/experiments/007_RFD3_macrocycles/monomer_self_consistency/structural_tsne/tmalign_inputs/length_12_macrocycle_12_0_model_86.pdb	-17.794386	45.287823	39	0.9997044
487	12	length_12_macrocycle_12_0_model_87	/home/dkouv/work/tfr1-binder-design/experiments/007_RFD3_macrocycles/monomer_self_consistency/rfd3_backbones/length_12/length_12_macrocycle_12_0_model_87.cif.gz	/home/dkouv/work/tfr1-binder-design/experiments/007_RFD3_macrocycles/monomer_self_consistency/structural_tsne/tmalign_inputs/length_12_macrocycle_12_0_model_87.pdb	-6.2159142	43.479862	7	1.0
488	12	length_12_macrocycle_12_0_model_88	/home/dkouv/work/tfr1-binder-design/experiments/007_RFD3_macrocycles/monomer_self_consistency/rfd3_backbones/length_12/length_12_macrocycle_12_0_model_88.cif.gz	/home/dkouv/work/tfr1-binder-design/experiments/007_RFD3_macrocycles/monomer_self_consistency/structural_tsne/tmalign_inputs/length_12_macrocycle_12_0_model_88.pdb	-9.445739	36.731277	38	0.9998727
489	12	length_12_macrocycle_12_0_model_89	/home/dkouv/work/tfr1-binder-design/experiments/007_RFD3_macrocycles/monomer_self_consistency/rfd3_backbones/length_12/length_12_macrocycle_12_0_model_89.cif.gz	/home/dkouv/work/tfr1-binder-design/experiments/007_RFD3_macrocycles/monomer_self_consistency/structural_tsne/tmalign_inputs/length_12_macrocycle_12_0_model_89.pdb	-14.857897	45.017666	39	0.5334951
490	12	length_12_macrocycle_12_0_model_90	/home/dkouv/work/tfr1-binder-design/experiments/007_RFD3_macrocycles/monomer_self_consistency/rfd3_backbones/length_12/length_12_macrocycle_12_0_model_90.cif.gz	/home/dkouv/work/tfr1-binder-design/experiments/007_RFD3_macrocycles/monomer_self_consistency/structural_tsne/tmalign_inputs/length_12_macrocycle_12_0_model_90.pdb	-3.7739255	46.38433	7	1.0
491	12	length_12_macrocycle_12_0_model_91	/home/dkouv/work/tfr1-binder-design/experiments/007_RFD3_macrocycles/monomer_self_consistency/rfd3_backbones/length_12/length_12_macrocycle_12_0_model_91.cif.gz	/home/dkouv/work/tfr1-binder-design/experiments/007_RFD3_macrocycles/monomer_self_consistency/structural_tsne/tmalign_inputs/length_12_macrocycle_12_0_model_91.pdb	-3.5142736	45.772648	7	1.0
492	12	length_12_macrocycle_12_0_model_92	/home/dkouv/work/tfr1-binder-design/experiments/007_RFD3_macrocycles/monomer_self_consistency/rfd3_backbones/length_12/length_12_macrocycle_12_0_model_92.cif.gz	/home/dkouv/work/tfr1-binder-design/experiments/007_RFD3_macrocycles/monomer_self_consistency/structural_tsne/tmalign_inputs/length_12_macrocycle_12_0_model_92.pdb	16.083807	-6.230072	18	0.994136
493	12	length_12_macrocycle_12_0_model_93	/home/dkouv/work/tfr1-binder-design/experiments/007_RFD3_macrocycles/monomer_self_consistency/rfd3_backbones/length_12/length_12_macrocycle_12_0_model_93.cif.gz	/home/dkouv/work/tfr1-binder-design/experiments/007_RFD3_macrocycles/monomer_self_consistency/structural_tsne/tmalign_inputs/length_12_macrocycle_12_0_model_93.pdb	-6.5280914	51.009247	7	1.0
494	12	length_12_macrocycle_12_0_model_94	/home/dkouv/work/tfr1-binder-design/experiments/007_RFD3_macrocycles/monomer_self_consistency/rfd3_backbones/length_12/length_12_macrocycle_12_0_model_94.cif.gz	/home/dkouv/work/tfr1-binder-design/experiments/007_RFD3_macrocycles/monomer_self_consistency/structural_tsne/tmalign_inputs/length_12_macrocycle_12_0_model_94.pdb	-37.655655	-14.967526	16	0.9962044
495	12	length_12_macrocycle_12_0_model_95	/home/dkouv/work/tfr1-binder-design/experiments/007_RFD3_macrocycles/monomer_self_consistency/rfd3_backbones/length_12/length_12_macrocycle_12_0_model_95.cif.gz	/home/dkouv/work/tfr1-binder-design/experiments/007_RFD3_macrocycles/monomer_self_consistency/structural_tsne/tmalign_inputs/length_12_macrocycle_12_0_model_95.pdb	-36.118847	-13.133123	16	0.9939288
496	12	length_12_macrocycle_12_0_model_96	/home/dkouv/work/tfr1-binder-design/experiments/007_RFD3_macrocycles/monomer_self_consistency/rfd3_backbones/length_12/length_12_macrocycle_12_0_model_96.cif.gz	/home/dkouv/work/tfr1-binder-design/experiments/007_RFD3_macrocycles/monomer_self_consistency/structural_tsne/tmalign_inputs/length_12_macrocycle_12_0_model_96.pdb	-4.8040967	38.213932	38	0.8906351
497	12	length_12_macrocycle_12_0_model_97	/home/dkouv/work/tfr1-binder-design/experiments/007_RFD3_macrocycles/monomer_self_consistency/rfd3_backbones/length_12/length_12_macrocycle_12_0_model_97.cif.gz	/home/dkouv/work/tfr1-binder-design/experiments/007_RFD3_macrocycles/monomer_self_consistency/structural_tsne/tmalign_inputs/length_12_macrocycle_12_0_model_97.pdb	-35.086327	-15.420094	16	0.9890493
498	12	length_12_macrocycle_12_0_model_98	/home/dkouv/work/tfr1-binder-design/experiments/007_RFD3_macrocycles/monomer_self_consistency/rfd3_backbones/length_12/length_12_macrocycle_12_0_model_98.cif.gz	/home/dkouv/work/tfr1-binder-design/experiments/007_RFD3_macrocycles/monomer_self_consistency/structural_tsne/tmalign_inputs/length_12_macrocycle_12_0_model_98.pdb	-16.76859	45.746807	39	0.9963479
499	12	length_12_macrocycle_12_0_model_99	/home/dkouv/work/tfr1-binder-design/experiments/007_RFD3_macrocycles/monomer_self_consistency/rfd3_backbones/length_12/length_12_macrocycle_12_0_model_99.cif.gz	/home/dkouv/work/tfr1-binder-design/experiments/007_RFD3_macrocycles/monomer_self_consistency/structural_tsne/tmalign_inputs/length_12_macrocycle_12_0_model_99.pdb	-17.928226	40.861526	39	0.9997378
500	12	length_12_macrocycle_12_0_model_100	/home/dkouv/work/tfr1-binder-design/experiments/007_RFD3_macrocycles/monomer_self_consistency/rfd3_backbones/length_12/length_12_macrocycle_12_0_model_100.cif.gz	/home/dkouv/work/tfr1-binder-design/experiments/007_RFD3_macrocycles/monomer_self_consistency/structural_tsne/tmalign_inputs/length_12_macrocycle_12_0_model_100.pdb	-5.118661	-6.4555354	8	0.854799
501	12	length_12_macrocycle_12_0_model_101	/home/dkouv/work/tfr1-binder-design/experiments/007_RFD3_macrocycles/monomer_self_consistency/rfd3_backbones/length_12/length_12_macrocycle_12_0_model_101.cif.gz	/home/dkouv/work/tfr1-binder-design/experiments/007_RFD3_macrocycles/monomer_self_consistency/structural_tsne/tmalign_inputs/length_12_macrocycle_12_0_model_101.pdb	-38.491276	-15.504911	16	0.99451625
502	12	length_12_macrocycle_12_0_model_102	/home/dkouv/work/tfr1-binder-design/experiments/007_RFD3_macrocycles/monomer_self_consistency/rfd3_backbones/length_12/length_12_macrocycle_12_0_model_102.cif.gz	/home/dkouv/work/tfr1-binder-design/experiments/007_RFD3_macrocycles/monomer_self_consistency/structural_tsne/tmalign_inputs/length_12_macrocycle_12_0_model_102.pdb	-15.609422	39.651196	30	0.9415145
503	12	length_12_macrocycle_12_0_model_103	/home/dkouv/work/tfr1-binder-design/experiments/007_RFD3_macrocycles/monomer_self_consistency/rfd3_backbones/length_12/length_12_macrocycle_12_0_model_103.cif.gz	/home/dkouv/work/tfr1-binder-design/experiments/007_RFD3_macrocycles/monomer_self_consistency/structural_tsne/tmalign_inputs/length_12_macrocycle_12_0_model_103.pdb	-4.469844	-9.735226	33	0.99495065
504	12	length_12_macrocycle_12_0_model_104	/home/dkouv/work/tfr1-binder-design/experiments/007_RFD3_macrocycles/monomer_self_consistency/rfd3_backbones/length_12/length_12_macrocycle_12_0_model_104.cif.gz	/home/dkouv/work/tfr1-binder-design/experiments/007_RFD3_macrocycles/monomer_self_consistency/structural_tsne/tmalign_inputs/length_12_macrocycle_12_0_model_104.pdb	-6.5477843	41.962097	7	1.0
505	12	length_12_macrocycle_12_0_model_105	/home/dkouv/work/tfr1-binder-design/experiments/007_RFD3_macrocycles/monomer_self_consistency/rfd3_backbones/length_12/length_12_macrocycle_12_0_model_105.cif.gz	/home/dkouv/work/tfr1-binder-design/experiments/007_RFD3_macrocycles/monomer_self_consistency/structural_tsne/tmalign_inputs/length_12_macrocycle_12_0_model_105.pdb	-14.587078	39.37041	30	0.99971485
506	12	length_12_macrocycle_12_0_model_106	/home/dkouv/work/tfr1-binder-design/experiments/007_RFD3_macrocycles/monomer_self_consistency/rfd3_backbones/length_12/length_12_macrocycle_12_0_model_106.cif.gz	/home/dkouv/work/tfr1-binder-design/experiments/007_RFD3_macrocycles/monomer_self_consistency/structural_tsne/tmalign_inputs/length_12_macrocycle_12_0_model_106.pdb	-6.4613147	45.760433	7	1.0
507	12	length_12_macrocycle_12_0_model_107	/home/dkouv/work/tfr1-binder-design/experiments/007_RFD3_macrocycles/monomer_self_consistency/rfd3_backbones/length_12/length_12_macrocycle_12_0_model_107.cif.gz	/home/dkouv/work/tfr1-binder-design/experiments/007_RFD3_macrocycles/monomer_self_consistency/structural_tsne/tmalign_inputs/length_12_macrocycle_12_0_model_107.pdb	-36.72211	-13.551559	16	0.9948202
508	12	length_12_macrocycle_12_0_model_108	/home/dkouv/work/tfr1-binder-design/experiments/007_RFD3_macrocycles/monomer_self_consistency/rfd3_backbones/length_12/length_12_macrocycle_12_0_model_108.cif.gz	/home/dkouv/work/tfr1-binder-design/experiments/007_RFD3_macrocycles/monomer_self_consistency/structural_tsne/tmalign_inputs/length_12_macrocycle_12_0_model_108.pdb	-19.006237	40.52323	39	0.9999957
509	12	length_12_macrocycle_12_0_model_109	/home/dkouv/work/tfr1-binder-design/experiments/007_RFD3_macrocycles/monomer_self_consistency/rfd3_backbones/length_12/length_12_macrocycle_12_0_model_109.cif.gz	/home/dkouv/work/tfr1-binder-design/experiments/007_RFD3_macrocycles/monomer_self_consistency/structural_tsne/tmalign_inputs/length_12_macrocycle_12_0_model_109.pdb	-4.2755914	38.708683	38	0.7060567
510	12	length_12_macrocycle_12_0_model_110	/home/dkouv/work/tfr1-binder-design/experiments/007_RFD3_macrocycles/monomer_self_consistency/rfd3_backbones/length_12/length_12_macrocycle_12_0_model_110.cif.gz	/home/dkouv/work/tfr1-binder-design/experiments/007_RFD3_macrocycles/monomer_self_consistency/structural_tsne/tmalign_inputs/length_12_macrocycle_12_0_model_110.pdb	-12.158673	43.453003	30	0.9997101
511	12	length_12_macrocycle_12_0_model_111	/home/dkouv/work/tfr1-binder-design/experiments/007_RFD3_macrocycles/monomer_self_consistency/rfd3_backbones/length_12/length_12_macrocycle_12_0_model_111.cif.gz	/home/dkouv/work/tfr1-binder-design/experiments/007_RFD3_macrocycles/monomer_self_consistency/structural_tsne/tmalign_inputs/length_12_macrocycle_12_0_model_111.pdb	23.578474	-8.322866	18	0.91494954
512	12	length_12_macrocycle_12_0_model_112	/home/dkouv/work/tfr1-binder-design/experiments/007_RFD3_macrocycles/monomer_self_consistency/rfd3_backbones/length_12/length_12_macrocycle_12_0_model_112.cif.gz	/home/dkouv/work/tfr1-binder-design/experiments/007_RFD3_macrocycles/monomer_self_consistency/structural_tsne/tmalign_inputs/length_12_macrocycle_12_0_model_112.pdb	-18.33843	41.210766	39	0.99994993
513	12	length_12_macrocycle_12_0_model_113	/home/dkouv/work/tfr1-binder-design/experiments/007_RFD3_macrocycles/monomer_self_consistency/rfd3_backbones/length_12/length_12_macrocycle_12_0_model_113.cif.gz	/home/dkouv/work/tfr1-binder-design/experiments/007_RFD3_macrocycles/monomer_self_consistency/structural_tsne/tmalign_inputs/length_12_macrocycle_12_0_model_113.pdb	20.122606	-9.393308	18	0.9994899
514	12	length_12_macrocycle_12_0_model_114	/home/dkouv/work/tfr1-binder-design/experiments/007_RFD3_macrocycles/monomer_self_consistency/rfd3_backbones/length_12/length_12_macrocycle_12_0_model_114.cif.gz	/home/dkouv/work/tfr1-binder-design/experiments/007_RFD3_macrocycles/monomer_self_consistency/structural_tsne/tmalign_inputs/length_12_macrocycle_12_0_model_114.pdb	-16.964325	45.300938	39	0.9977066
515	12	length_12_macrocycle_12_0_model_115	/home/dkouv/work/tfr1-binder-design/experiments/007_RFD3_macrocycles/monomer_self_consistency/rfd3_backbones/length_12/length_12_macrocycle_12_0_model_115.cif.gz	/home/dkouv/work/tfr1-binder-design/experiments/007_RFD3_macrocycles/monomer_self_consistency/structural_tsne/tmalign_inputs/length_12_macrocycle_12_0_model_115.pdb	-6.779577	44.196213	7	1.0
516	12	length_12_macrocycle_12_0_model_116	/home/dkouv/work/tfr1-binder-design/experiments/007_RFD3_macrocycles/monomer_self_consistency/rfd3_backbones/length_12/length_12_macrocycle_12_0_model_116.cif.gz	/home/dkouv/work/tfr1-binder-design/experiments/007_RFD3_macrocycles/monomer_self_consistency/structural_tsne/tmalign_inputs/length_12_macrocycle_12_0_model_116.pdb	-15.802502	45.569344	39	0.95796186
517	12	length_12_macrocycle_12_0_model_117	/home/dkouv/work/tfr1-binder-design/experiments/007_RFD3_macrocycles/monomer_self_consistency/rfd3_backbones/length_12/length_12_macrocycle_12_0_model_117.cif.gz	/home/dkouv/work/tfr1-binder-design/experiments/007_RFD3_macrocycles/monomer_self_consistency/structural_tsne/tmalign_inputs/length_12_macrocycle_12_0_model_117.pdb	-13.090856	43.210453	30	0.9997215
518	12	length_12_macrocycle_12_0_model_118	/home/dkouv/work/tfr1-binder-design/experiments/007_RFD3_macrocycles/monomer_self_consistency/rfd3_backbones/length_12/length_12_macrocycle_12_0_model_118.cif.gz	/home/dkouv/work/tfr1-binder-design/experiments/007_RFD3_macrocycles/monomer_self_consistency/structural_tsne/tmalign_inputs/length_12_macrocycle_12_0_model_118.pdb	-18.600163	-10.386949	2	0.9987963
519	12	length_12_macrocycle_12_0_model_119	/home/dkouv/work/tfr1-binder-design/experiments/007_RFD3_macrocycles/monomer_self_consistency/rfd3_backbones/length_12/length_12_macrocycle_12_0_model_119.cif.gz	/home/dkouv/work/tfr1-binder-design/experiments/007_RFD3_macrocycles/monomer_self_consistency/structural_tsne/tmalign_inputs/length_12_macrocycle_12_0_model_119.pdb	-18.046604	41.800407	39	0.99987125
520	12	length_12_macrocycle_12_0_model_120	/home/dkouv/work/tfr1-binder-design/experiments/007_RFD3_macrocycles/monomer_self_consistency/rfd3_backbones/length_12/length_12_macrocycle_12_0_model_120.cif.gz	/home/dkouv/work/tfr1-binder-design/experiments/007_RFD3_macrocycles/monomer_self_consistency/structural_tsne/tmalign_inputs/length_12_macrocycle_12_0_model_120.pdb	-15.845988	34.220406	17	0.97921526
521	12	length_12_macrocycle_12_0_model_121	/home/dkouv/work/tfr1-binder-design/experiments/007_RFD3_macrocycles/monomer_self_consistency/rfd3_backbones/length_12/length_12_macrocycle_12_0_model_121.cif.gz	/home/dkouv/work/tfr1-binder-design/experiments/007_RFD3_macrocycles/monomer_self_consistency/structural_tsne/tmalign_inputs/length_12_macrocycle_12_0_model_121.pdb	-6.584673	43.011528	7	1.0
522	12	length_12_macrocycle_12_0_model_122	/home/dkouv/work/tfr1-binder-design/experiments/007_RFD3_macrocycles/monomer_self_consistency/rfd3_backbones/length_12/length_12_macrocycle_12_0_model_122.cif.gz	/home/dkouv/work/tfr1-binder-design/experiments/007_RFD3_macrocycles/monomer_self_consistency/structural_tsne/tmalign_inputs/length_12_macrocycle_12_0_model_122.pdb	-15.786666	35.552055	17	0.9937828
523	12	length_12_macrocycle_12_0_model_123	/home/dkouv/work/tfr1-binder-design/experiments/007_RFD3_macrocycles/monomer_self_consistency/rfd3_backbones/length_12/length_12_macrocycle_12_0_model_123.cif.gz	/home/dkouv/work/tfr1-binder-design/experiments/007_RFD3_macrocycles/monomer_self_consistency/structural_tsne/tmalign_inputs/length_12_macrocycle_12_0_model_123.pdb	-9.785396	50.35341	7	0.9998827
524	12	length_12_macrocycle_12_0_model_124	/home/dkouv/work/tfr1-binder-design/experiments/007_RFD3_macrocycles/monomer_self_consistency/rfd3_backbones/length_12/length_12_macrocycle_12_0_model_124.cif.gz	/home/dkouv/work/tfr1-binder-design/experiments/007_RFD3_macrocycles/monomer_self_consistency/structural_tsne/tmalign_inputs/length_12_macrocycle_12_0_model_124.pdb	-6.3491573	-0.31412888	26	0.9999829
525	12	length_12_macrocycle_12_0_model_125	/home/dkouv/work/tfr1-binder-design/experiments/007_RFD3_macrocycles/monomer_self_consistency/rfd3_backbones/length_12/length_12_macrocycle_12_0_model_125.cif.gz	/home/dkouv/work/tfr1-binder-design/experiments/007_RFD3_macrocycles/monomer_self_consistency/structural_tsne/tmalign_inputs/length_12_macrocycle_12_0_model_125.pdb	-5.254823	40.50483	7	0.9987467
526	12	length_12_macrocycle_12_0_model_126	/home/dkouv/work/tfr1-binder-design/experiments/007_RFD3_macrocycles/monomer_self_consistency/rfd3_backbones/length_12/length_12_macrocycle_12_0_model_126.cif.gz	/home/dkouv/work/tfr1-binder-design/experiments/007_RFD3_macrocycles/monomer_self_consistency/structural_tsne/tmalign_inputs/length_12_macrocycle_12_0_model_126.pdb	-33.97768	-16.713242	16	0.97963196
527	12	length_12_macrocycle_12_0_model_127	/home/dkouv/work/tfr1-binder-design/experiments/007_RFD3_macrocycles/monomer_self_consistency/rfd3_backbones/length_12/length_12_macrocycle_12_0_model_127.cif.gz	/home/dkouv/work/tfr1-binder-design/experiments/007_RFD3_macrocycles/monomer_self_consistency/structural_tsne/tmalign_inputs/length_12_macrocycle_12_0_model_127.pdb	-8.303169	36.332005	38	0.99991083
528	12	length_12_macrocycle_12_0_model_128	/home/dkouv/work/tfr1-binder-design/experiments/007_RFD3_macrocycles/monomer_self_consistency/rfd3_backbones/length_12/length_12_macrocycle_12_0_model_128.cif.gz	/home/dkouv/work/tfr1-binder-design/experiments/007_RFD3_macrocycles/monomer_self_consistency/structural_tsne/tmalign_inputs/length_12_macrocycle_12_0_model_128.pdb	-15.051479	34.667683	17	0.98715574
529	12	length_12_macrocycle_12_0_model_129	/home/dkouv/work/tfr1-binder-design/experiments/007_RFD3_macrocycles/monomer_self_consistency/rfd3_backbones/length_12/length_12_macrocycle_12_0_model_129.cif.gz	/home/dkouv/work/tfr1-binder-design/experiments/007_RFD3_macrocycles/monomer_self_consistency/structural_tsne/tmalign_inputs/length_12_macrocycle_12_0_model_129.pdb	21.732107	-8.161119	18	0.9993774
530	12	length_12_macrocycle_12_0_model_130	/home/dkouv/work/tfr1-binder-design/experiments/007_RFD3_macrocycles/monomer_self_consistency/rfd3_backbones/length_12/length_12_macrocycle_12_0_model_130.cif.gz	/home/dkouv/work/tfr1-binder-design/experiments/007_RFD3_macrocycles/monomer_self_consistency/structural_tsne/tmalign_inputs/length_12_macrocycle_12_0_model_130.pdb	-37.24271	-11.634908	16	0.9661209
531	12	length_12_macrocycle_12_0_model_131	/home/dkouv/work/tfr1-binder-design/experiments/007_RFD3_macrocycles/monomer_self_consistency/rfd3_backbones/length_12/length_12_macrocycle_12_0_model_131.cif.gz	/home/dkouv/work/tfr1-binder-design/experiments/007_RFD3_macrocycles/monomer_self_consistency/structural_tsne/tmalign_inputs/length_12_macrocycle_12_0_model_131.pdb	1.1614254	0.20040913	26	0.9802646
532	12	length_12_macrocycle_12_0_model_132	/home/dkouv/work/tfr1-binder-design/experiments/007_RFD3_macrocycles/monomer_self_consistency/rfd3_backbones/length_12/length_12_macrocycle_12_0_model_132.cif.gz	/home/dkouv/work/tfr1-binder-design/experiments/007_RFD3_macrocycles/monomer_self_consistency/structural_tsne/tmalign_inputs/length_12_macrocycle_12_0_model_132.pdb	-7.4527764	45.83014	7	1.0
533	12	length_12_macrocycle_12_0_model_133	/home/dkouv/work/tfr1-binder-design/experiments/007_RFD3_macrocycles/monomer_self_consistency/rfd3_backbones/length_12/length_12_macrocycle_12_0_model_133.cif.gz	/home/dkouv/work/tfr1-binder-design/experiments/007_RFD3_macrocycles/monomer_self_consistency/structural_tsne/tmalign_inputs/length_12_macrocycle_12_0_model_133.pdb	-10.209465	35.554058	38	0.99940324
534	12	length_12_macrocycle_12_0_model_134	/home/dkouv/work/tfr1-binder-design/experiments/007_RFD3_macrocycles/monomer_self_consistency/rfd3_backbones/length_12/length_12_macrocycle_12_0_model_134.cif.gz	/home/dkouv/work/tfr1-binder-design/experiments/007_RFD3_macrocycles/monomer_self_consistency/structural_tsne/tmalign_inputs/length_12_macrocycle_12_0_model_134.pdb	-15.099865	45.857174	39	0.8032659
535	12	length_12_macrocycle_12_0_model_135	/home/dkouv/work/tfr1-binder-design/experiments/007_RFD3_macrocycles/monomer_self_consistency/rfd3_backbones/length_12/length_12_macrocycle_12_0_model_135.cif.gz	/home/dkouv/work/tfr1-binder-design/experiments/007_RFD3_macrocycles/monomer_self_consistency/structural_tsne/tmalign_inputs/length_12_macrocycle_12_0_model_135.pdb	-15.637343	34.73843	17	0.9923258
536	12	length_12_macrocycle_12_0_model_136	/home/dkouv/work/tfr1-binder-design/experiments/007_RFD3_macrocycles/monomer_self_consistency/rfd3_backbones/length_12/length_12_macrocycle_12_0_model_136.cif.gz	/home/dkouv/work/tfr1-binder-design/experiments/007_RFD3_macrocycles/monomer_self_consistency/structural_tsne/tmalign_inputs/length_12_macrocycle_12_0_model_136.pdb	25.642147	-6.172539	12	0.9815064
537	12	length_12_macrocycle_12_0_model_137	/home/dkouv/work/tfr1-binder-design/experiments/007_RFD3_macrocycles/monomer_self_consistency/rfd3_backbones/length_12/length_12_macrocycle_12_0_model_137.cif.gz	/home/dkouv/work/tfr1-binder-design/experiments/007_RFD3_macrocycles/monomer_self_consistency/structural_tsne/tmalign_inputs/length_12_macrocycle_12_0_model_137.pdb	-19.558445	39.163963	39	0.9999986
538	12	length_12_macrocycle_12_0_model_138	/home/dkouv/work/tfr1-binder-design/experiments/007_RFD3_macrocycles/monomer_self_consistency/rfd3_backbones/length_12/length_12_macrocycle_12_0_model_138.cif.gz	/home/dkouv/work/tfr1-binder-design/experiments/007_RFD3_macrocycles/monomer_self_consistency/structural_tsne/tmalign_inputs/length_12_macrocycle_12_0_model_138.pdb	-12.521039	38.659683	30	1.0
539	12	length_12_macrocycle_12_0_model_139	/home/dkouv/work/tfr1-binder-design/experiments/007_RFD3_macrocycles/monomer_self_consistency/rfd3_backbones/length_12/length_12_macrocycle_12_0_model_139.cif.gz	/home/dkouv/work/tfr1-binder-design/experiments/007_RFD3_macrocycles/monomer_self_consistency/structural_tsne/tmalign_inputs/length_12_macrocycle_12_0_model_139.pdb	-12.218923	38.895058	30	0.99999905
540	12	length_12_macrocycle_12_0_model_140	/home/dkouv/work/tfr1-binder-design/experiments/007_RFD3_macrocycles/monomer_self_consistency/rfd3_backbones/length_12/length_12_macrocycle_12_0_model_140.cif.gz	/home/dkouv/work/tfr1-binder-design/experiments/007_RFD3_macrocycles/monomer_self_consistency/structural_tsne/tmalign_inputs/length_12_macrocycle_12_0_model_140.pdb	-6.078269	43.499603	7	1.0
541	12	length_12_macrocycle_12_0_model_141	/home/dkouv/work/tfr1-binder-design/experiments/007_RFD3_macrocycles/monomer_self_consistency/rfd3_backbones/length_12/length_12_macrocycle_12_0_model_141.cif.gz	/home/dkouv/work/tfr1-binder-design/experiments/007_RFD3_macrocycles/monomer_self_consistency/structural_tsne/tmalign_inputs/length_12_macrocycle_12_0_model_141.pdb	-38.810574	-15.572771	16	0.9931566
542	12	length_12_macrocycle_12_0_model_142	/home/dkouv/work/tfr1-binder-design/experiments/007_RFD3_macrocycles/monomer_self_consistency/rfd3_backbones/length_12/length_12_macrocycle_12_0_model_142.cif.gz	/home/dkouv/work/tfr1-binder-design/experiments/007_RFD3_macrocycles/monomer_self_consistency/structural_tsne/tmalign_inputs/length_12_macrocycle_12_0_model_142.pdb	-6.5549927	41.568573	7	1.0
543	12	length_12_macrocycle_12_0_model_143	/home/dkouv/work/tfr1-binder-design/experiments/007_RFD3_macrocycles/monomer_self_consistency/rfd3_backbones/length_12/length_12_macrocycle_12_0_model_143.cif.gz	/home/dkouv/work/tfr1-binder-design/experiments/007_RFD3_macrocycles/monomer_self_consistency/structural_tsne/tmalign_inputs/length_12_macrocycle_12_0_model_143.pdb	-8.439493	51.171677	7	1.0
544	12	length_12_macrocycle_12_0_model_144	/home/dkouv/work/tfr1-binder-design/experiments/007_RFD3_macrocycles/monomer_self_consistency/rfd3_backbones/length_12/length_12_macrocycle_12_0_model_144.cif.gz	/home/dkouv/work/tfr1-binder-design/experiments/007_RFD3_macrocycles/monomer_self_consistency/structural_tsne/tmalign_inputs/length_12_macrocycle_12_0_model_144.pdb	-45.45003	-2.5331457	4	0.9524619
545	12	length_12_macrocycle_12_0_model_145	/home/dkouv/work/tfr1-binder-design/experiments/007_RFD3_macrocycles/monomer_self_consistency/rfd3_backbones/length_12/length_12_macrocycle_12_0_model_145.cif.gz	/home/dkouv/work/tfr1-binder-design/experiments/007_RFD3_macrocycles/monomer_self_consistency/structural_tsne/tmalign_inputs/length_12_macrocycle_12_0_model_145.pdb	-35.720383	-11.816115	16	0.98349375
546	12	length_12_macrocycle_12_0_model_146	/home/dkouv/work/tfr1-binder-design/experiments/007_RFD3_macrocycles/monomer_self_consistency/rfd3_backbones/length_12/length_12_macrocycle_12_0_model_146.cif.gz	/home/dkouv/work/tfr1-binder-design/experiments/007_RFD3_macrocycles/monomer_self_consistency/structural_tsne/tmalign_inputs/length_12_macrocycle_12_0_model_146.pdb	-5.3802805	43.507652	7	1.0
547	12	length_12_macrocycle_12_0_model_147	/home/dkouv/work/tfr1-binder-design/experiments/007_RFD3_macrocycles/monomer_self_consistency/rfd3_backbones/length_12/length_12_macrocycle_12_0_model_147.cif.gz	/home/dkouv/work/tfr1-binder-design/experiments/007_RFD3_macrocycles/monomer_self_consistency/structural_tsne/tmalign_inputs/length_12_macrocycle_12_0_model_147.pdb	-3.2324831	45.50771	7	1.0
548	12	length_12_macrocycle_12_0_model_148	/home/dkouv/work/tfr1-binder-design/experiments/007_RFD3_macrocycles/monomer_self_consistency/rfd3_backbones/length_12/length_12_macrocycle_12_0_model_148.cif.gz	/home/dkouv/work/tfr1-binder-design/experiments/007_RFD3_macrocycles/monomer_self_consistency/structural_tsne/tmalign_inputs/length_12_macrocycle_12_0_model_148.pdb	-38.918697	-15.368106	16	0.9920566
549	12	length_12_macrocycle_12_0_model_149	/home/dkouv/work/tfr1-binder-design/experiments/007_RFD3_macrocycles/monomer_self_consistency/rfd3_backbones/length_12/length_12_macrocycle_12_0_model_149.cif.gz	/home/dkouv/work/tfr1-binder-design/experiments/007_RFD3_macrocycles/monomer_self_consistency/structural_tsne/tmalign_inputs/length_12_macrocycle_12_0_model_149.pdb	28.069942	-8.388035	12	0.98829687
550	12	length_12_macrocycle_12_0_model_150	/home/dkouv/work/tfr1-binder-design/experiments/007_RFD3_macrocycles/monomer_self_consistency/rfd3_backbones/length_12/length_12_macrocycle_12_0_model_150.cif.gz	/home/dkouv/work/tfr1-binder-design/experiments/007_RFD3_macrocycles/monomer_self_consistency/structural_tsne/tmalign_inputs/length_12_macrocycle_12_0_model_150.pdb	-6.3107643	-0.2760726	26	0.9999857
551	12	length_12_macrocycle_12_0_model_151	/home/dkouv/work/tfr1-binder-design/experiments/007_RFD3_macrocycles/monomer_self_consistency/rfd3_backbones/length_12/length_12_macrocycle_12_0_model_151.cif.gz	/home/dkouv/work/tfr1-binder-design/experiments/007_RFD3_macrocycles/monomer_self_consistency/structural_tsne/tmalign_inputs/length_12_macrocycle_12_0_model_151.pdb	-14.277443	39.832977	30	0.9998593
552	12	length_12_macrocycle_12_0_model_152	/home/dkouv/work/tfr1-binder-design/experiments/007_RFD3_macrocycles/monomer_self_consistency/rfd3_backbones/length_12/length_12_macrocycle_12_0_model_152.cif.gz	/home/dkouv/work/tfr1-binder-design/experiments/007_RFD3_macrocycles/monomer_self_consistency/structural_tsne/tmalign_inputs/length_12_macrocycle_12_0_model_152.pdb	-8.719879	50.532776	7	0.99999905
553	12	length_12_macrocycle_12_0_model_153	/home/dkouv/work/tfr1-binder-design/experiments/007_RFD3_macrocycles/monomer_self_consistency/rfd3_backbones/length_12/length_12_macrocycle_12_0_model_153.cif.gz	/home/dkouv/work/tfr1-binder-design/experiments/007_RFD3_macrocycles/monomer_self_consistency/structural_tsne/tmalign_inputs/length_12_macrocycle_12_0_model_153.pdb	-13.849385	44.21034	30	0.9810408
554	12	length_12_macrocycle_12_0_model_154	/home/dkouv/work/tfr1-binder-design/experiments/007_RFD3_macrocycles/monomer_self_consistency/rfd3_backbones/length_12/length_12_macrocycle_12_0_model_154.cif.gz	/home/dkouv/work/tfr1-binder-design/experiments/007_RFD3_macrocycles/monomer_self_consistency/structural_tsne/tmalign_inputs/length_12_macrocycle_12_0_model_154.pdb	-15.197561	46.032963	39	0.8535453
555	12	length_12_macrocycle_12_0_model_155	/home/dkouv/work/tfr1-binder-design/experiments/007_RFD3_macrocycles/monomer_self_consistency/rfd3_backbones/length_12/length_12_macrocycle_12_0_model_155.cif.gz	/home/dkouv/work/tfr1-binder-design/experiments/007_RFD3_macrocycles/monomer_self_consistency/structural_tsne/tmalign_inputs/length_12_macrocycle_12_0_model_155.pdb	-39.459187	-15.680016	16	0.9887626
556	12	length_12_macrocycle_12_0_model_156	/home/dkouv/work/tfr1-binder-design/experiments/007_RFD3_macrocycles/monomer_self_consistency/rfd3_backbones/length_12/length_12_macrocycle_12_0_model_156.cif.gz	/home/dkouv/work/tfr1-binder-design/experiments/007_RFD3_macrocycles/monomer_self_consistency/structural_tsne/tmalign_inputs/length_12_macrocycle_12_0_model_156.pdb	18.24434	-4.7275753	18	0.9995471
557	12	length_12_macrocycle_12_0_model_157	/home/dkouv/work/tfr1-binder-design/experiments/007_RFD3_macrocycles/monomer_self_consistency/rfd3_backbones/length_12/length_12_macrocycle_12_0_model_157.cif.gz	/home/dkouv/work/tfr1-binder-design/experiments/007_RFD3_macrocycles/monomer_self_consistency/structural_tsne/tmalign_inputs/length_12_macrocycle_12_0_model_157.pdb	-16.53082	40.90431	39	0.935276
558	12	length_12_macrocycle_12_0_model_158	/home/dkouv/work/tfr1-binder-design/experiments/007_RFD3_macrocycles/monomer_self_consistency/rfd3_backbones/length_12/length_12_macrocycle_12_0_model_158.cif.gz	/home/dkouv/work/tfr1-binder-design/experiments/007_RFD3_macrocycles/monomer_self_consistency/structural_tsne/tmalign_inputs/length_12_macrocycle_12_0_model_158.pdb	-12.484709	34.5809	17	0.82987237
559	12	length_12_macrocycle_12_0_model_159	/home/dkouv/work/tfr1-binder-design/experiments/007_RFD3_macrocycles/monomer_self_consistency/rfd3_backbones/length_12/length_12_macrocycle_12_0_model_159.cif.gz	/home/dkouv/work/tfr1-binder-design/experiments/007_RFD3_macrocycles/monomer_self_consistency/structural_tsne/tmalign_inputs/length_12_macrocycle_12_0_model_159.pdb	-50.199417	-11.635886	28	0.9682466
560	12	length_12_macrocycle_12_0_model_160	/home/dkouv/work/tfr1-binder-design/experiments/007_RFD3_macrocycles/monomer_self_consistency/rfd3_backbones/length_12/length_12_macrocycle_12_0_model_160.cif.gz	/home/dkouv/work/tfr1-binder-design/experiments/007_RFD3_macrocycles/monomer_self_consistency/structural_tsne/tmalign_inputs/length_12_macrocycle_12_0_model_160.pdb	-18.10332	39.967545	39	0.9998126
561	12	length_12_macrocycle_12_0_model_161	/home/dkouv/work/tfr1-binder-design/experiments/007_RFD3_macrocycles/monomer_self_consistency/rfd3_backbones/length_12/length_12_macrocycle_12_0_model_161.cif.gz	/home/dkouv/work/tfr1-binder-design/experiments/007_RFD3_macrocycles/monomer_self_consistency/structural_tsne/tmalign_inputs/length_12_macrocycle_12_0_model_161.pdb	-6.999467	50.925148	7	1.0
562	12	length_12_macrocycle_12_0_model_162	/home/dkouv/work/tfr1-binder-design/experiments/007_RFD3_macrocycles/monomer_self_consistency/rfd3_backbones/length_12/length_12_macrocycle_12_0_model_162.cif.gz	/home/dkouv/work/tfr1-binder-design/experiments/007_RFD3_macrocycles/monomer_self_consistency/structural_tsne/tmalign_inputs/length_12_macrocycle_12_0_model_162.pdb	25.378885	-7.393638	12	0.96761614
563	12	length_12_macrocycle_12_0_model_163	/home/dkouv/work/tfr1-binder-design/experiments/007_RFD3_macrocycles/monomer_self_consistency/rfd3_backbones/length_12/length_12_macrocycle_12_0_model_163.cif.gz	/home/dkouv/work/tfr1-binder-design/experiments/007_RFD3_macrocycles/monomer_self_consistency/structural_tsne/tmalign_inputs/length_12_macrocycle_12_0_model_163.pdb	26.554014	-8.831374	12	0.98148906
564	12	length_12_macrocycle_12_0_model_164	/home/dkouv/work/tfr1-binder-design/experiments/007_RFD3_macrocycles/monomer_self_consistency/rfd3_backbones/length_12/length_12_macrocycle_12_0_model_164.cif.gz	/home/dkouv/work/tfr1-binder-design/experiments/007_RFD3_macrocycles/monomer_self_consistency/structural_tsne/tmalign_inputs/length_12_macrocycle_12_0_model_164.pdb	-37.615677	-15.793799	16	0.9972281
565	12	length_12_macrocycle_12_0_model_165	/home/dkouv/work/tfr1-binder-design/experiments/007_RFD3_macrocycles/monomer_self_consistency/rfd3_backbones/length_12/length_12_macrocycle_12_0_model_165.cif.gz	/home/dkouv/work/tfr1-binder-design/experiments/007_RFD3_macrocycles/monomer_self_consistency/structural_tsne/tmalign_inputs/length_12_macrocycle_12_0_model_165.pdb	-9.862638	49.745647	7	0.9996948
566	12	length_12_macrocycle_12_0_model_166	/home/dkouv/work/tfr1-binder-design/experiments/007_RFD3_macrocycles/monomer_self_consistency/rfd3_backbones/length_12/length_12_macrocycle_12_0_model_166.cif.gz	/home/dkouv/work/tfr1-binder-design/experiments/007_RFD3_macrocycles/monomer_self_consistency/structural_tsne/tmalign_inputs/length_12_macrocycle_12_0_model_166.pdb	-15.1766	35.74727	17	0.9757662
567	12	length_12_macrocycle_12_0_model_167	/home/dkouv/work/tfr1-binder-design/experiments/007_RFD3_macrocycles/monomer_self_consistency/rfd3_backbones/length_12/length_12_macrocycle_12_0_model_167.cif.gz	/home/dkouv/work/tfr1-binder-design/experiments/007_RFD3_macrocycles/monomer_self_consistency/structural_tsne/tmalign_inputs/length_12_macrocycle_12_0_model_167.pdb	-18.501997	41.51802	39	0.99997383
568	12	length_12_macrocycle_12_0_model_168	/home/dkouv/work/tfr1-binder-design/experiments/007_RFD3_macrocycles/monomer_self_consistency/rfd3_backbones/length_12/length_12_macrocycle_12_0_model_168.cif.gz	/home/dkouv/work/tfr1-binder-design/experiments/007_RFD3_macrocycles/monomer_self_consistency/structural_tsne/tmalign_inputs/length_12_macrocycle_12_0_model_168.pdb	-35.54867	-12.091762	16	0.9864192
569	12	length_12_macrocycle_12_0_model_169	/home/dkouv/work/tfr1-binder-design/experiments/007_RFD3_macrocycles/monomer_self_consistency/rfd3_backbones/length_12/length_12_macrocycle_12_0_model_169.cif.gz	/home/dkouv/work/tfr1-binder-design/experiments/007_RFD3_macrocycles/monomer_self_consistency/structural_tsne/tmalign_inputs/length_12_macrocycle_12_0_model_169.pdb	-3.374399	47.630756	7	1.0
570	12	length_12_macrocycle_12_0_model_170	/home/dkouv/work/tfr1-binder-design/experiments/007_RFD3_macrocycles/monomer_self_consistency/rfd3_backbones/length_12/length_12_macrocycle_12_0_model_170.cif.gz	/home/dkouv/work/tfr1-binder-design/experiments/007_RFD3_macrocycles/monomer_self_consistency/structural_tsne/tmalign_inputs/length_12_macrocycle_12_0_model_170.pdb	26.88673	-7.708173	12	0.9924025
571	12	length_12_macrocycle_12_0_model_171	/home/dkouv/work/tfr1-binder-design/experiments/007_RFD3_macrocycles/monomer_self_consistency/rfd3_backbones/length_12/length_12_macrocycle_12_0_model_171.cif.gz	/home/dkouv/work/tfr1-binder-design/experiments/007_RFD3_macrocycles/monomer_self_consistency/structural_tsne/tmalign_inputs/length_12_macrocycle_12_0_model_171.pdb	-12.597379	43.620354	30	0.99985033
572	12	length_12_macrocycle_12_0_model_172	/home/dkouv/work/tfr1-binder-design/experiments/007_RFD3_macrocycles/monomer_self_consistency/rfd3_backbones/length_12/length_12_macrocycle_12_0_model_172.cif.gz	/home/dkouv/work/tfr1-binder-design/experiments/007_RFD3_macrocycles/monomer_self_consistency/structural_tsne/tmalign_inputs/length_12_macrocycle_12_0_model_172.pdb	-12.513165	45.2343	30	0.9983097
573	12	length_12_macrocycle_12_0_model_173	/home/dkouv/work/tfr1-binder-design/experiments/007_RFD3_macrocycles/monomer_self_consistency/rfd3_backbones/length_12/length_12_macrocycle_12_0_model_173.cif.gz	/home/dkouv/work/tfr1-binder-design/experiments/007_RFD3_macrocycles/monomer_self_consistency/structural_tsne/tmalign_inputs/length_12_macrocycle_12_0_model_173.pdb	25.722511	-10.620493	12	0.5083296
574	12	length_12_macrocycle_12_0_model_174	/home/dkouv/work/tfr1-binder-design/experiments/007_RFD3_macrocycles/monomer_self_consistency/rfd3_backbones/length_12/length_12_macrocycle_12_0_model_174.cif.gz	/home/dkouv/work/tfr1-binder-design/experiments/007_RFD3_macrocycles/monomer_self_consistency/structural_tsne/tmalign_inputs/length_12_macrocycle_12_0_model_174.pdb	-19.251337	37.92209	39	0.9947392
575	12	length_12_macrocycle_12_0_model_175	/home/dkouv/work/tfr1-binder-design/experiments/007_RFD3_macrocycles/monomer_self_consistency/rfd3_backbones/length_12/length_12_macrocycle_12_0_model_175.cif.gz	/home/dkouv/work/tfr1-binder-design/experiments/007_RFD3_macrocycles/monomer_self_consistency/structural_tsne/tmalign_inputs/length_12_macrocycle_12_0_model_175.pdb	-8.145304	51.281673	7	1.0
576	12	length_12_macrocycle_12_0_model_176	/home/dkouv/work/tfr1-binder-design/experiments/007_RFD3_macrocycles/monomer_self_consistency/rfd3_backbones/length_12/length_12_macrocycle_12_0_model_176.cif.gz	/home/dkouv/work/tfr1-binder-design/experiments/007_RFD3_macrocycles/monomer_self_consistency/structural_tsne/tmalign_inputs/length_12_macrocycle_12_0_model_176.pdb	-9.252664	52.097416	7	0.99999815
577	12	length_12_macrocycle_12_0_model_177	/home/dkouv/work/tfr1-binder-design/experiments/007_RFD3_macrocycles/monomer_self_consistency/rfd3_backbones/length_12/length_12_macrocycle_12_0_model_177.cif.gz	/home/dkouv/work/tfr1-binder-design/experiments/007_RFD3_macrocycles/monomer_self_consistency/structural_tsne/tmalign_inputs/length_12_macrocycle_12_0_model_177.pdb	-6.5772943	36.67682	38	0.99703896
578	12	length_12_macrocycle_12_0_model_178	/home/dkouv/work/tfr1-binder-design/experiments/007_RFD3_macrocycles/monomer_self_consistency/rfd3_backbones/length_12/length_12_macrocycle_12_0_model_178.cif.gz	/home/dkouv/work/tfr1-binder-design/experiments/007_RFD3_macrocycles/monomer_self_consistency/structural_tsne/tmalign_inputs/length_12_macrocycle_12_0_model_178.pdb	1.665787	19.616426	14	1.0
579	12	length_12_macrocycle_12_0_model_179	/home/dkouv/work/tfr1-binder-design/experiments/007_RFD3_macrocycles/monomer_self_consistency/rfd3_backbones/length_12/length_12_macrocycle_12_0_model_179.cif.gz	/home/dkouv/work/tfr1-binder-design/experiments/007_RFD3_macrocycles/monomer_self_consistency/structural_tsne/tmalign_inputs/length_12_macrocycle_12_0_model_179.pdb	-7.295329	36.25878	38	0.9993317
580	12	length_12_macrocycle_12_0_model_180	/home/dkouv/work/tfr1-binder-design/experiments/007_RFD3_macrocycles/monomer_self_consistency/rfd3_backbones/length_12/length_12_macrocycle_12_0_model_180.cif.gz	/home/dkouv/work/tfr1-binder-design/experiments/007_RFD3_macrocycles/monomer_self_consistency/structural_tsne/tmalign_inputs/length_12_macrocycle_12_0_model_180.pdb	-14.966001	36.23739	17	0.8423849
581	12	length_12_macrocycle_12_0_model_181	/home/dkouv/work/tfr1-binder-design/experiments/007_RFD3_macrocycles/monomer_self_consistency/rfd3_backbones/length_12/length_12_macrocycle_12_0_model_181.cif.gz	/home/dkouv/work/tfr1-binder-design/experiments/007_RFD3_macrocycles/monomer_self_consistency/structural_tsne/tmalign_inputs/length_12_macrocycle_12_0_model_181.pdb	-9.021227	51.451763	7	0.99999815
582	12	length_12_macrocycle_12_0_model_182	/home/dkouv/work/tfr1-binder-design/experiments/007_RFD3_macrocycles/monomer_self_consistency/rfd3_backbones/length_12/length_12_macrocycle_12_0_model_182.cif.gz	/home/dkouv/work/tfr1-binder-design/experiments/007_RFD3_macrocycles/monomer_self_consistency/structural_tsne/tmalign_inputs/length_12_macrocycle_12_0_model_182.pdb	-4.294394	47.143047	7	1.0
583	12	length_12_macrocycle_12_0_model_183	/home/dkouv/work/tfr1-binder-design/experiments/007_RFD3_macrocycles/monomer_self_consistency/rfd3_backbones/length_12/length_12_macrocycle_12_0_model_183.cif.gz	/home/dkouv/work/tfr1-binder-design/experiments/007_RFD3_macrocycles/monomer_self_consistency/structural_tsne/tmalign_inputs/length_12_macrocycle_12_0_model_183.pdb	17.171068	-5.902404	18	0.99982554
584	12	length_12_macrocycle_12_0_model_184	/home/dkouv/work/tfr1-binder-design/experiments/007_RFD3_macrocycles/monomer_self_consistency/rfd3_backbones/length_12/length_12_macrocycle_12_0_model_184.cif.gz	/home/dkouv/work/tfr1-binder-design/experiments/007_RFD3_macrocycles/monomer_self_consistency/structural_tsne/tmalign_inputs/length_12_macrocycle_12_0_model_184.pdb	-13.760638	38.84072	30	0.9999986
585	12	length_12_macrocycle_12_0_model_185	/home/dkouv/work/tfr1-binder-design/experiments/007_RFD3_macrocycles/monomer_self_consistency/rfd3_backbones/length_12/length_12_macrocycle_12_0_model_185.cif.gz	/home/dkouv/work/tfr1-binder-design/experiments/007_RFD3_macrocycles/monomer_self_consistency/structural_tsne/tmalign_inputs/length_12_macrocycle_12_0_model_185.pdb	-8.680591	52.00582	7	1.0
586	12	length_12_macrocycle_12_0_model_186	/home/dkouv/work/tfr1-binder-design/experiments/007_RFD3_macrocycles/monomer_self_consistency/rfd3_backbones/length_12/length_12_macrocycle_12_0_model_186.cif.gz	/home/dkouv/work/tfr1-binder-design/experiments/007_RFD3_macrocycles/monomer_self_consistency/structural_tsne/tmalign_inputs/length_12_macrocycle_12_0_model_186.pdb	-4.1703215	-6.7700353	8	0.87204826
587	12	length_12_macrocycle_12_0_model_187	/home/dkouv/work/tfr1-binder-design/experiments/007_RFD3_macrocycles/monomer_self_consistency/rfd3_backbones/length_12/length_12_macrocycle_12_0_model_187.cif.gz	/home/dkouv/work/tfr1-binder-design/experiments/007_RFD3_macrocycles/monomer_self_consistency/structural_tsne/tmalign_inputs/length_12_macrocycle_12_0_model_187.pdb	-7.123871	51.545	7	1.0
588	12	length_12_macrocycle_12_0_model_188	/home/dkouv/work/tfr1-binder-design/experiments/007_RFD3_macrocycles/monomer_self_consistency/rfd3_backbones/length_12/length_12_macrocycle_12_0_model_188.cif.gz	/home/dkouv/work/tfr1-binder-design/experiments/007_RFD3_macrocycles/monomer_self_consistency/structural_tsne/tmalign_inputs/length_12_macrocycle_12_0_model_188.pdb	0.55192465	-0.63176006	26	0.9994242
589	12	length_12_macrocycle_12_0_model_189	/home/dkouv/work/tfr1-binder-design/experiments/007_RFD3_macrocycles/monomer_self_consistency/rfd3_backbones/length_12/length_12_macrocycle_12_0_model_189.cif.gz	/home/dkouv/work/tfr1-binder-design/experiments/007_RFD3_macrocycles/monomer_self_consistency/structural_tsne/tmalign_inputs/length_12_macrocycle_12_0_model_189.pdb	-14.769282	34.256577	17	0.9735377
590	12	length_12_macrocycle_12_0_model_190	/home/dkouv/work/tfr1-binder-design/experiments/007_RFD3_macrocycles/monomer_self_consistency/rfd3_backbones/length_12/length_12_macrocycle_12_0_model_190.cif.gz	/home/dkouv/work/tfr1-binder-design/experiments/007_RFD3_macrocycles/monomer_self_consistency/structural_tsne/tmalign_inputs/length_12_macrocycle_12_0_model_190.pdb	-17.036665	39.49479	39	0.9741056
591	12	length_12_macrocycle_12_0_model_191	/home/dkouv/work/tfr1-binder-design/experiments/007_RFD3_macrocycles/monomer_self_consistency/rfd3_backbones/length_12/length_12_macrocycle_12_0_model_191.cif.gz	/home/dkouv/work/tfr1-binder-design/experiments/007_RFD3_macrocycles/monomer_self_consistency/structural_tsne/tmalign_inputs/length_12_macrocycle_12_0_model_191.pdb	-3.8589833	49.05482	7	1.0
592	12	length_12_macrocycle_12_0_model_192	/home/dkouv/work/tfr1-binder-design/experiments/007_RFD3_macrocycles/monomer_self_consistency/rfd3_backbones/length_12/length_12_macrocycle_12_0_model_192.cif.gz	/home/dkouv/work/tfr1-binder-design/experiments/007_RFD3_macrocycles/monomer_self_consistency/structural_tsne/tmalign_inputs/length_12_macrocycle_12_0_model_192.pdb	18.246489	-4.708955	18	0.9995328
593	12	length_12_macrocycle_12_0_model_193	/home/dkouv/work/tfr1-binder-design/experiments/007_RFD3_macrocycles/monomer_self_consistency/rfd3_backbones/length_12/length_12_macrocycle_12_0_model_193.cif.gz	/home/dkouv/work/tfr1-binder-design/experiments/007_RFD3_macrocycles/monomer_self_consistency/structural_tsne/tmalign_inputs/length_12_macrocycle_12_0_model_193.pdb	-7.1914988	45.036736	7	1.0
594	12	length_12_macrocycle_12_0_model_194	/home/dkouv/work/tfr1-binder-design/experiments/007_RFD3_macrocycles/monomer_self_consistency/rfd3_backbones/length_12/length_12_macrocycle_12_0_model_194.cif.gz	/home/dkouv/work/tfr1-binder-design/experiments/007_RFD3_macrocycles/monomer_self_consistency/structural_tsne/tmalign_inputs/length_12_macrocycle_12_0_model_194.pdb	-14.498889	35.472294	17	0.9617823
595	12	length_12_macrocycle_12_0_model_195	/home/dkouv/work/tfr1-binder-design/experiments/007_RFD3_macrocycles/monomer_self_consistency/rfd3_backbones/length_12/length_12_macrocycle_12_0_model_195.cif.gz	/home/dkouv/work/tfr1-binder-design/experiments/007_RFD3_macrocycles/monomer_self_consistency/structural_tsne/tmalign_inputs/length_12_macrocycle_12_0_model_195.pdb	-4.843574	40.27322	7	0.99265057
596	12	length_12_macrocycle_12_0_model_196	/home/dkouv/work/tfr1-binder-design/experiments/007_RFD3_macrocycles/monomer_self_consistency/rfd3_backbones/length_12/length_12_macrocycle_12_0_model_196.cif.gz	/home/dkouv/work/tfr1-binder-design/experiments/007_RFD3_macrocycles/monomer_self_consistency/structural_tsne/tmalign_inputs/length_12_macrocycle_12_0_model_196.pdb	-18.715302	42.245384	39	0.99998707
597	12	length_12_macrocycle_12_0_model_197	/home/dkouv/work/tfr1-binder-design/experiments/007_RFD3_macrocycles/monomer_self_consistency/rfd3_backbones/length_12/length_12_macrocycle_12_0_model_197.cif.gz	/home/dkouv/work/tfr1-binder-design/experiments/007_RFD3_macrocycles/monomer_self_consistency/structural_tsne/tmalign_inputs/length_12_macrocycle_12_0_model_197.pdb	25.724298	-6.190382	12	0.9832462
598	12	length_12_macrocycle_12_0_model_198	/home/dkouv/work/tfr1-binder-design/experiments/007_RFD3_macrocycles/monomer_self_consistency/rfd3_backbones/length_12/length_12_macrocycle_12_0_model_198.cif.gz	/home/dkouv/work/tfr1-binder-design/experiments/007_RFD3_macrocycles/monomer_self_consistency/structural_tsne/tmalign_inputs/length_12_macrocycle_12_0_model_198.pdb	-12.66762	40.123478	30	0.9999995
599	12	length_12_macrocycle_12_0_model_199	/home/dkouv/work/tfr1-binder-design/experiments/007_RFD3_macrocycles/monomer_self_consistency/rfd3_backbones/length_12/length_12_macrocycle_12_0_model_199.cif.gz	/home/dkouv/work/tfr1-binder-design/experiments/007_RFD3_macrocycles/monomer_self_consistency/structural_tsne/tmalign_inputs/length_12_macrocycle_12_0_model_199.pdb	0.7879683	-11.568332	33	0.99943167
600	14	length_14_macrocycle_14_0_model_0	/home/dkouv/work/tfr1-binder-design/experiments/007_RFD3_macrocycles/monomer_self_consistency/rfd3_backbones/length_14/length_14_macrocycle_14_0_model_0.cif.gz	/home/dkouv/work/tfr1-binder-design/experiments/007_RFD3_macrocycles/monomer_self_consistency/structural_tsne/tmalign_inputs/length_14_macrocycle_14_0_model_0.pdb	28.573103	-24.414335	27	0.90260315
601	14	length_14_macrocycle_14_0_model_1	/home/dkouv/work/tfr1-binder-design/experiments/007_RFD3_macrocycles/monomer_self_consistency/rfd3_backbones/length_14/length_14_macrocycle_14_0_model_1.cif.gz	/home/dkouv/work/tfr1-binder-design/experiments/007_RFD3_macrocycles/monomer_self_consistency/structural_tsne/tmalign_inputs/length_14_macrocycle_14_0_model_1.pdb	-14.51606	-13.544911	2	0.9979408
602	14	length_14_macrocycle_14_0_model_2	/home/dkouv/work/tfr1-binder-design/experiments/007_RFD3_macrocycles/monomer_self_consistency/rfd3_backbones/length_14/length_14_macrocycle_14_0_model_2.cif.gz	/home/dkouv/work/tfr1-binder-design/experiments/007_RFD3_macrocycles/monomer_self_consistency/structural_tsne/tmalign_inputs/length_14_macrocycle_14_0_model_2.pdb	-6.868607	-18.916286	21	0.7764147
603	14	length_14_macrocycle_14_0_model_3	/home/dkouv/work/tfr1-binder-design/experiments/007_RFD3_macrocycles/monomer_self_consistency/rfd3_backbones/length_14/length_14_macrocycle_14_0_model_3.cif.gz	/home/dkouv/work/tfr1-binder-design/experiments/007_RFD3_macrocycles/monomer_self_consistency/structural_tsne/tmalign_inputs/length_14_macrocycle_14_0_model_3.pdb	32.778492	-28.706303	27	0.9991506
604	14	length_14_macrocycle_14_0_model_4	/home/dkouv/work/tfr1-binder-design/experiments/007_RFD3_macrocycles/monomer_self_consistency/rfd3_backbones/length_14/length_14_macrocycle_14_0_model_4.cif.gz	/home/dkouv/work/tfr1-binder-design/experiments/007_RFD3_macrocycles/monomer_self_consistency/structural_tsne/tmalign_inputs/length_14_macrocycle_14_0_model_4.pdb	-13.715612	-14.269443	2	0.99791265
605	14	length_14_macrocycle_14_0_model_5	/home/dkouv/work/tfr1-binder-design/experiments/007_RFD3_macrocycles/monomer_self_consistency/rfd3_backbones/length_14/length_14_macrocycle_14_0_model_5.cif.gz	/home/dkouv/work/tfr1-binder-design/experiments/007_RFD3_macrocycles/monomer_self_consistency/structural_tsne/tmalign_inputs/length_14_macrocycle_14_0_model_5.pdb	9.800559	-27.8806	32	0.76148033
606	14	length_14_macrocycle_14_0_model_6	/home/dkouv/work/tfr1-binder-design/experiments/007_RFD3_macrocycles/monomer_self_consistency/rfd3_backbones/length_14/length_14_macrocycle_14_0_model_6.cif.gz	/home/dkouv/work/tfr1-binder-design/experiments/007_RFD3_macrocycles/monomer_self_consistency/structural_tsne/tmalign_inputs/length_14_macrocycle_14_0_model_6.pdb	32.36226	-28.356329	27	0.99875903
607	14	length_14_macrocycle_14_0_model_7	/home/dkouv/work/tfr1-binder-design/experiments/007_RFD3_macrocycles/monomer_self_consistency/rfd3_backbones/length_14/length_14_macrocycle_14_0_model_7.cif.gz	/home/dkouv/work/tfr1-binder-design/experiments/007_RFD3_macrocycles/monomer_self_consistency/structural_tsne/tmalign_inputs/length_14_macrocycle_14_0_model_7.pdb	26.981667	-18.980865	23	0.93297714
608	14	length_14_macrocycle_14_0_model_8	/home/dkouv/work/tfr1-binder-design/experiments/007_RFD3_macrocycles/monomer_self_consistency/rfd3_backbones/length_14/length_14_macrocycle_14_0_model_8.cif.gz	/home/dkouv/work/tfr1-binder-design/experiments/007_RFD3_macrocycles/monomer_self_consistency/structural_tsne/tmalign_inputs/length_14_macrocycle_14_0_model_8.pdb	27.954361	-25.67728	27	0.9750196
609	14	length_14_macrocycle_14_0_model_9	/home/dkouv/work/tfr1-binder-design/experiments/007_RFD3_macrocycles/monomer_self_consistency/rfd3_backbones/length_14/length_14_macrocycle_14_0_model_9.cif.gz	/home/dkouv/work/tfr1-binder-design/experiments/007_RFD3_macrocycles/monomer_self_consistency/structural_tsne/tmalign_inputs/length_14_macrocycle_14_0_model_9.pdb	33.856327	-19.27907	1	0.66351396
610	14	length_14_macrocycle_14_0_model_10	/home/dkouv/work/tfr1-binder-design/experiments/007_RFD3_macrocycles/monomer_self_consistency/rfd3_backbones/length_14/length_14_macrocycle_14_0_model_10.cif.gz	/home/dkouv/work/tfr1-binder-design/experiments/007_RFD3_macrocycles/monomer_self_consistency/structural_tsne/tmalign_inputs/length_14_macrocycle_14_0_model_10.pdb	-4.268309	-19.10929	21	0.97676426
611	14	length_14_macrocycle_14_0_model_11	/home/dkouv/work/tfr1-binder-design/experiments/007_RFD3_macrocycles/monomer_self_consistency/rfd3_backbones/length_14/length_14_macrocycle_14_0_model_11.cif.gz	/home/dkouv/work/tfr1-binder-design/experiments/007_RFD3_macrocycles/monomer_self_consistency/structural_tsne/tmalign_inputs/length_14_macrocycle_14_0_model_11.pdb	26.699041	-19.4817	23	0.8990954
612	14	length_14_macrocycle_14_0_model_12	/home/dkouv/work/tfr1-binder-design/experiments/007_RFD3_macrocycles/monomer_self_consistency/rfd3_backbones/length_14/length_14_macrocycle_14_0_model_12.cif.gz	/home/dkouv/work/tfr1-binder-design/experiments/007_RFD3_macrocycles/monomer_self_consistency/structural_tsne/tmalign_inputs/length_14_macrocycle_14_0_model_12.pdb	6.7020626	-18.742252	29	0.95235753
613	14	length_14_macrocycle_14_0_model_13	/home/dkouv/work/tfr1-binder-design/experiments/007_RFD3_macrocycles/monomer_self_consistency/rfd3_backbones/length_14/length_14_macrocycle_14_0_model_13.cif.gz	/home/dkouv/work/tfr1-binder-design/experiments/007_RFD3_macrocycles/monomer_self_consistency/structural_tsne/tmalign_inputs/length_14_macrocycle_14_0_model_13.pdb	5.028713	-21.245735	29	0.79328394
614	14	length_14_macrocycle_14_0_model_14	/home/dkouv/work/tfr1-binder-design/experiments/007_RFD3_macrocycles/monomer_self_consistency/rfd3_backbones/length_14/length_14_macrocycle_14_0_model_14.cif.gz	/home/dkouv/work/tfr1-binder-design/experiments/007_RFD3_macrocycles/monomer_self_consistency/structural_tsne/tmalign_inputs/length_14_macrocycle_14_0_model_14.pdb	-2.4751387	-0.064196035	26	0.9999966
615	14	length_14_macrocycle_14_0_model_15	/home/dkouv/work/tfr1-binder-design/experiments/007_RFD3_macrocycles/monomer_self_consistency/rfd3_backbones/length_14/length_14_macrocycle_14_0_model_15.cif.gz	/home/dkouv/work/tfr1-binder-design/experiments/007_RFD3_macrocycles/monomer_self_consistency/structural_tsne/tmalign_inputs/length_14_macrocycle_14_0_model_15.pdb	21.263746	-15.021039	18	0.7714714
616	14	length_14_macrocycle_14_0_model_16	/home/dkouv/work/tfr1-binder-design/experiments/007_RFD3_macrocycles/monomer_self_consistency/rfd3_backbones/length_14/length_14_macrocycle_14_0_model_16.cif.gz	/home/dkouv/work/tfr1-binder-design/experiments/007_RFD3_macrocycles/monomer_self_consistency/structural_tsne/tmalign_inputs/length_14_macrocycle_14_0_model_16.pdb	33.031826	-19.393456	23	0.61127114
617	14	length_14_macrocycle_14_0_model_17	/home/dkouv/work/tfr1-binder-design/experiments/007_RFD3_macrocycles/monomer_self_consistency/rfd3_backbones/length_14/length_14_macrocycle_14_0_model_17.cif.gz	/home/dkouv/work/tfr1-binder-design/experiments/007_RFD3_macrocycles/monomer_self_consistency/structural_tsne/tmalign_inputs/length_14_macrocycle_14_0_model_17.pdb	-2.261873	-19.465445	21	0.92988634
618	14	length_14_macrocycle_14_0_model_18	/home/dkouv/work/tfr1-binder-design/experiments/007_RFD3_macrocycles/monomer_self_consistency/rfd3_backbones/length_14/length_14_macrocycle_14_0_model_18.cif.gz	/home/dkouv/work/tfr1-binder-design/experiments/007_RFD3_macrocycles/monomer_self_consistency/structural_tsne/tmalign_inputs/length_14_macrocycle_14_0_model_18.pdb	30.820515	-29.46379	27	0.9996444
619	14	length_14_macrocycle_14_0_model_19	/home/dkouv/work/tfr1-binder-design/experiments/007_RFD3_macrocycles/monomer_self_consistency/rfd3_backbones/length_14/length_14_macrocycle_14_0_model_19.cif.gz	/home/dkouv/work/tfr1-binder-design/experiments/007_RFD3_macrocycles/monomer_self_consistency/structural_tsne/tmalign_inputs/length_14_macrocycle_14_0_model_19.pdb	12.3667965	-26.259893	25	0.867816
620	14	length_14_macrocycle_14_0_model_20	/home/dkouv/work/tfr1-binder-design/experiments/007_RFD3_macrocycles/monomer_self_consistency/rfd3_backbones/length_14/length_14_macrocycle_14_0_model_20.cif.gz	/home/dkouv/work/tfr1-binder-design/experiments/007_RFD3_macrocycles/monomer_self_consistency/structural_tsne/tmalign_inputs/length_14_macrocycle_14_0_model_20.pdb	-4.6756263	-13.456126	33	0.9033609
621	14	length_14_macrocycle_14_0_model_21	/home/dkouv/work/tfr1-binder-design/experiments/007_RFD3_macrocycles/monomer_self_consistency/rfd3_backbones/length_14/length_14_macrocycle_14_0_model_21.cif.gz	/home/dkouv/work/tfr1-binder-design/experiments/007_RFD3_macrocycles/monomer_self_consistency/structural_tsne/tmalign_inputs/length_14_macrocycle_14_0_model_21.pdb	-3.0089955	-18.93821	21	0.94097376
622	14	length_14_macrocycle_14_0_model_22	/home/dkouv/work/tfr1-binder-design/experiments/007_RFD3_macrocycles/monomer_self_consistency/rfd3_backbones/length_14/length_14_macrocycle_14_0_model_22.cif.gz	/home/dkouv/work/tfr1-binder-design/experiments/007_RFD3_macrocycles/monomer_self_consistency/structural_tsne/tmalign_inputs/length_14_macrocycle_14_0_model_22.pdb	-6.8359485	-18.447021	21	0.82158226
623	14	length_14_macrocycle_14_0_model_23	/home/dkouv/work/tfr1-binder-design/experiments/007_RFD3_macrocycles/monomer_self_consistency/rfd3_backbones/length_14/length_14_macrocycle_14_0_model_23.cif.gz	/home/dkouv/work/tfr1-binder-design/experiments/007_RFD3_macrocycles/monomer_self_consistency/structural_tsne/tmalign_inputs/length_14_macrocycle_14_0_model_23.pdb	-4.2516866	-18.773525	21	0.9675076
624	14	length_14_macrocycle_14_0_model_24	/home/dkouv/work/tfr1-binder-design/experiments/007_RFD3_macrocycles/monomer_self_consistency/rfd3_backbones/length_14/length_14_macrocycle_14_0_model_24.cif.gz	/home/dkouv/work/tfr1-binder-design/experiments/007_RFD3_macrocycles/monomer_self_consistency/structural_tsne/tmalign_inputs/length_14_macrocycle_14_0_model_24.pdb	31.233473	-30.031855	27	0.9998045
625	14	length_14_macrocycle_14_0_model_25	/home/dkouv/work/tfr1-binder-design/experiments/007_RFD3_macrocycles/monomer_self_consistency/rfd3_backbones/length_14/length_14_macrocycle_14_0_model_25.cif.gz	/home/dkouv/work/tfr1-binder-design/experiments/007_RFD3_macrocycles/monomer_self_consistency/structural_tsne/tmalign_inputs/length_14_macrocycle_14_0_model_25.pdb	-3.4798043	-2.3578	26	0.9211378
626	14	length_14_macrocycle_14_0_model_26	/home/dkouv/work/tfr1-binder-design/experiments/007_RFD3_macrocycles/monomer_self_consistency/rfd3_backbones/length_14/length_14_macrocycle_14_0_model_26.cif.gz	/home/dkouv/work/tfr1-binder-design/experiments/007_RFD3_macrocycles/monomer_self_consistency/structural_tsne/tmalign_inputs/length_14_macrocycle_14_0_model_26.pdb	37.187275	-20.35238	1	0.9740735
627	14	length_14_macrocycle_14_0_model_27	/home/dkouv/work/tfr1-binder-design/experiments/007_RFD3_macrocycles/monomer_self_consistency/rfd3_backbones/length_14/length_14_macrocycle_14_0_model_27.cif.gz	/home/dkouv/work/tfr1-binder-design/experiments/007_RFD3_macrocycles/monomer_self_consistency/structural_tsne/tmalign_inputs/length_14_macrocycle_14_0_model_27.pdb	29.983831	-22.700363	27	0.6055036
628	14	length_14_macrocycle_14_0_model_28	/home/dkouv/work/tfr1-binder-design/experiments/007_RFD3_macrocycles/monomer_self_consistency/rfd3_backbones/length_14/length_14_macrocycle_14_0_model_28.cif.gz	/home/dkouv/work/tfr1-binder-design/experiments/007_RFD3_macrocycles/monomer_self_consistency/structural_tsne/tmalign_inputs/length_14_macrocycle_14_0_model_28.pdb	15.330945	-21.667904	29	0.77212644
629	14	length_14_macrocycle_14_0_model_29	/home/dkouv/work/tfr1-binder-design/experiments/007_RFD3_macrocycles/monomer_self_consistency/rfd3_backbones/length_14/length_14_macrocycle_14_0_model_29.cif.gz	/home/dkouv/work/tfr1-binder-design/experiments/007_RFD3_macrocycles/monomer_self_consistency/structural_tsne/tmalign_inputs/length_14_macrocycle_14_0_model_29.pdb	-6.669299	-14.090535	33	0.84354484
630	14	length_14_macrocycle_14_0_model_30	/home/dkouv/work/tfr1-binder-design/experiments/007_RFD3_macrocycles/monomer_self_consistency/rfd3_backbones/length_14/length_14_macrocycle_14_0_model_30.cif.gz	/home/dkouv/work/tfr1-binder-design/experiments/007_RFD3_macrocycles/monomer_self_consistency/structural_tsne/tmalign_inputs/length_14_macrocycle_14_0_model_30.pdb	18.799704	-31.317799	25	0.8081389
631	14	length_14_macrocycle_14_0_model_31	/home/dkouv/work/tfr1-binder-design/experiments/007_RFD3_macrocycles/monomer_self_consistency/rfd3_backbones/length_14/length_14_macrocycle_14_0_model_31.cif.gz	/home/dkouv/work/tfr1-binder-design/experiments/007_RFD3_macrocycles/monomer_self_consistency/structural_tsne/tmalign_inputs/length_14_macrocycle_14_0_model_31.pdb	33.609146	-18.617296	1	0.67476994
632	14	length_14_macrocycle_14_0_model_32	/home/dkouv/work/tfr1-binder-design/experiments/007_RFD3_macrocycles/monomer_self_consistency/rfd3_backbones/length_14/length_14_macrocycle_14_0_model_32.cif.gz	/home/dkouv/work/tfr1-binder-design/experiments/007_RFD3_macrocycles/monomer_self_consistency/structural_tsne/tmalign_inputs/length_14_macrocycle_14_0_model_32.pdb	9.727954	-22.627693	29	0.6954432
633	14	length_14_macrocycle_14_0_model_33	/home/dkouv/work/tfr1-binder-design/experiments/007_RFD3_macrocycles/monomer_self_consistency/rfd3_backbones/length_14/length_14_macrocycle_14_0_model_33.cif.gz	/home/dkouv/work/tfr1-binder-design/experiments/007_RFD3_macrocycles/monomer_self_consistency/structural_tsne/tmalign_inputs/length_14_macrocycle_14_0_model_33.pdb	30.826727	-20.26788	23	0.8755111
634	14	length_14_macrocycle_14_0_model_34	/home/dkouv/work/tfr1-binder-design/experiments/007_RFD3_macrocycles/monomer_self_consistency/rfd3_backbones/length_14/length_14_macrocycle_14_0_model_34.cif.gz	/home/dkouv/work/tfr1-binder-design/experiments/007_RFD3_macrocycles/monomer_self_consistency/structural_tsne/tmalign_inputs/length_14_macrocycle_14_0_model_34.pdb	32.732323	-15.710573	1	0.5988701
635	14	length_14_macrocycle_14_0_model_35	/home/dkouv/work/tfr1-binder-design/experiments/007_RFD3_macrocycles/monomer_self_consistency/rfd3_backbones/length_14/length_14_macrocycle_14_0_model_35.cif.gz	/home/dkouv/work/tfr1-binder-design/experiments/007_RFD3_macrocycles/monomer_self_consistency/structural_tsne/tmalign_inputs/length_14_macrocycle_14_0_model_35.pdb	-6.1392155	-18.733517	21	0.9300944
636	14	length_14_macrocycle_14_0_model_36	/home/dkouv/work/tfr1-binder-design/experiments/007_RFD3_macrocycles/monomer_self_consistency/rfd3_backbones/length_14/length_14_macrocycle_14_0_model_36.cif.gz	/home/dkouv/work/tfr1-binder-design/experiments/007_RFD3_macrocycles/monomer_self_consistency/structural_tsne/tmalign_inputs/length_14_macrocycle_14_0_model_36.pdb	33.250237	-29.693909	27	0.99970055
637	14	length_14_macrocycle_14_0_model_37	/home/dkouv/work/tfr1-binder-design/experiments/007_RFD3_macrocycles/monomer_self_consistency/rfd3_backbones/length_14/length_14_macrocycle_14_0_model_37.cif.gz	/home/dkouv/work/tfr1-binder-design/experiments/007_RFD3_macrocycles/monomer_self_consistency/structural_tsne/tmalign_inputs/length_14_macrocycle_14_0_model_37.pdb	19.217966	-32.058727	25	0.8110659
638	14	length_14_macrocycle_14_0_model_38	/home/dkouv/work/tfr1-binder-design/experiments/007_RFD3_macrocycles/monomer_self_consistency/rfd3_backbones/length_14/length_14_macrocycle_14_0_model_38.cif.gz	/home/dkouv/work/tfr1-binder-design/experiments/007_RFD3_macrocycles/monomer_self_consistency/structural_tsne/tmalign_inputs/length_14_macrocycle_14_0_model_38.pdb	31.313107	-19.757566	23	0.9040922
639	14	length_14_macrocycle_14_0_model_39	/home/dkouv/work/tfr1-binder-design/experiments/007_RFD3_macrocycles/monomer_self_consistency/rfd3_backbones/length_14/length_14_macrocycle_14_0_model_39.cif.gz	/home/dkouv/work/tfr1-binder-design/experiments/007_RFD3_macrocycles/monomer_self_consistency/structural_tsne/tmalign_inputs/length_14_macrocycle_14_0_model_39.pdb	29.206392	-23.270094	27	0.7244249
640	14	length_14_macrocycle_14_0_model_40	/home/dkouv/work/tfr1-binder-design/experiments/007_RFD3_macrocycles/monomer_self_consistency/rfd3_backbones/length_14/length_14_macrocycle_14_0_model_40.cif.gz	/home/dkouv/work/tfr1-binder-design/experiments/007_RFD3_macrocycles/monomer_self_consistency/structural_tsne/tmalign_inputs/length_14_macrocycle_14_0_model_40.pdb	14.970349	-31.628712	25	0.9502282
641	14	length_14_macrocycle_14_0_model_41	/home/dkouv/work/tfr1-binder-design/experiments/007_RFD3_macrocycles/monomer_self_consistency/rfd3_backbones/length_14/length_14_macrocycle_14_0_model_41.cif.gz	/home/dkouv/work/tfr1-binder-design/experiments/007_RFD3_macrocycles/monomer_self_consistency/structural_tsne/tmalign_inputs/length_14_macrocycle_14_0_model_41.pdb	30.344622	-15.191967	23	0.93441385
642	14	length_14_macrocycle_14_0_model_42	/home/dkouv/work/tfr1-binder-design/experiments/007_RFD3_macrocycles/monomer_self_consistency/rfd3_backbones/length_14/length_14_macrocycle_14_0_model_42.cif.gz	/home/dkouv/work/tfr1-binder-design/experiments/007_RFD3_macrocycles/monomer_self_consistency/structural_tsne/tmalign_inputs/length_14_macrocycle_14_0_model_42.pdb	31.642855	-20.831816	23	0.7606191
643	14	length_14_macrocycle_14_0_model_43	/home/dkouv/work/tfr1-binder-design/experiments/007_RFD3_macrocycles/monomer_self_consistency/rfd3_backbones/length_14/length_14_macrocycle_14_0_model_43.cif.gz	/home/dkouv/work/tfr1-binder-design/experiments/007_RFD3_macrocycles/monomer_self_consistency/structural_tsne/tmalign_inputs/length_14_macrocycle_14_0_model_43.pdb	32.258728	-25.383749	27	0.97261524
644	14	length_14_macrocycle_14_0_model_44	/home/dkouv/work/tfr1-binder-design/experiments/007_RFD3_macrocycles/monomer_self_consistency/rfd3_backbones/length_14/length_14_macrocycle_14_0_model_44.cif.gz	/home/dkouv/work/tfr1-binder-design/experiments/007_RFD3_macrocycles/monomer_self_consistency/structural_tsne/tmalign_inputs/length_14_macrocycle_14_0_model_44.pdb	6.4027743	-18.734283	29	0.9410155
645	14	length_14_macrocycle_14_0_model_45	/home/dkouv/work/tfr1-binder-design/experiments/007_RFD3_macrocycles/monomer_self_consistency/rfd3_backbones/length_14/length_14_macrocycle_14_0_model_45.cif.gz	/home/dkouv/work/tfr1-binder-design/experiments/007_RFD3_macrocycles/monomer_self_consistency/structural_tsne/tmalign_inputs/length_14_macrocycle_14_0_model_45.pdb	36.186195	-17.319984	1	0.96870506
646	14	length_14_macrocycle_14_0_model_46	/home/dkouv/work/tfr1-binder-design/experiments/007_RFD3_macrocycles/monomer_self_consistency/rfd3_backbones/length_14/length_14_macrocycle_14_0_model_46.cif.gz	/home/dkouv/work/tfr1-binder-design/experiments/007_RFD3_macrocycles/monomer_self_consistency/structural_tsne/tmalign_inputs/length_14_macrocycle_14_0_model_46.pdb	10.70675	-26.588573	32	0.5138985
647	14	length_14_macrocycle_14_0_model_47	/home/dkouv/work/tfr1-binder-design/experiments/007_RFD3_macrocycles/monomer_self_consistency/rfd3_backbones/length_14/length_14_macrocycle_14_0_model_47.cif.gz	/home/dkouv/work/tfr1-binder-design/experiments/007_RFD3_macrocycles/monomer_self_consistency/structural_tsne/tmalign_inputs/length_14_macrocycle_14_0_model_47.pdb	29.093172	-24.40971	27	0.9041435
648	14	length_14_macrocycle_14_0_model_48	/home/dkouv/work/tfr1-binder-design/experiments/007_RFD3_macrocycles/monomer_self_consistency/rfd3_backbones/length_14/length_14_macrocycle_14_0_model_48.cif.gz	/home/dkouv/work/tfr1-binder-design/experiments/007_RFD3_macrocycles/monomer_self_consistency/structural_tsne/tmalign_inputs/length_14_macrocycle_14_0_model_48.pdb	9.324551	-26.478289	32	0.8239496
649	14	length_14_macrocycle_14_0_model_49	/home/dkouv/work/tfr1-binder-design/experiments/007_RFD3_macrocycles/monomer_self_consistency/rfd3_backbones/length_14/length_14_macrocycle_14_0_model_49.cif.gz	/home/dkouv/work/tfr1-binder-design/experiments/007_RFD3_macrocycles/monomer_self_consistency/structural_tsne/tmalign_inputs/length_14_macrocycle_14_0_model_49.pdb	29.043484	-22.843264	27	0.61605924
650	14	length_14_macrocycle_14_0_model_50	/home/dkouv/work/tfr1-binder-design/experiments/007_RFD3_macrocycles/monomer_self_consistency/rfd3_backbones/length_14/length_14_macrocycle_14_0_model_50.cif.gz	/home/dkouv/work/tfr1-binder-design/experiments/007_RFD3_macrocycles/monomer_self_consistency/structural_tsne/tmalign_inputs/length_14_macrocycle_14_0_model_50.pdb	12.802185	-27.482054	25	0.88906944
651	14	length_14_macrocycle_14_0_model_51	/home/dkouv/work/tfr1-binder-design/experiments/007_RFD3_macrocycles/monomer_self_consistency/rfd3_backbones/length_14/length_14_macrocycle_14_0_model_51.cif.gz	/home/dkouv/work/tfr1-binder-design/experiments/007_RFD3_macrocycles/monomer_self_consistency/structural_tsne/tmalign_inputs/length_14_macrocycle_14_0_model_51.pdb	26.393036	-19.762806	23	0.85397524
652	14	length_14_macrocycle_14_0_model_52	/home/dkouv/work/tfr1-binder-design/experiments/007_RFD3_macrocycles/monomer_self_consistency/rfd3_backbones/length_14/length_14_macrocycle_14_0_model_52.cif.gz	/home/dkouv/work/tfr1-binder-design/experiments/007_RFD3_macrocycles/monomer_self_consistency/structural_tsne/tmalign_inputs/length_14_macrocycle_14_0_model_52.pdb	20.306068	-8.014584	18	0.9998727
653	14	length_14_macrocycle_14_0_model_53	/home/dkouv/work/tfr1-binder-design/experiments/007_RFD3_macrocycles/monomer_self_consistency/rfd3_backbones/length_14/length_14_macrocycle_14_0_model_53.cif.gz	/home/dkouv/work/tfr1-binder-design/experiments/007_RFD3_macrocycles/monomer_self_consistency/structural_tsne/tmalign_inputs/length_14_macrocycle_14_0_model_53.pdb	37.86353	-20.522234	1	0.9795581
654	14	length_14_macrocycle_14_0_model_54	/home/dkouv/work/tfr1-binder-design/experiments/007_RFD3_macrocycles/monomer_self_consistency/rfd3_backbones/length_14/length_14_macrocycle_14_0_model_54.cif.gz	/home/dkouv/work/tfr1-binder-design/experiments/007_RFD3_macrocycles/monomer_self_consistency/structural_tsne/tmalign_inputs/length_14_macrocycle_14_0_model_54.pdb	33.480484	-18.054436	1	0.695238
655	14	length_14_macrocycle_14_0_model_55	/home/dkouv/work/tfr1-binder-design/experiments/007_RFD3_macrocycles/monomer_self_consistency/rfd3_backbones/length_14/length_14_macrocycle_14_0_model_55.cif.gz	/home/dkouv/work/tfr1-binder-design/experiments/007_RFD3_macrocycles/monomer_self_consistency/structural_tsne/tmalign_inputs/length_14_macrocycle_14_0_model_55.pdb	33.526146	-18.469812	1	0.66569364
656	14	length_14_macrocycle_14_0_model_56	/home/dkouv/work/tfr1-binder-design/experiments/007_RFD3_macrocycles/monomer_self_consistency/rfd3_backbones/length_14/length_14_macrocycle_14_0_model_56.cif.gz	/home/dkouv/work/tfr1-binder-design/experiments/007_RFD3_macrocycles/monomer_self_consistency/structural_tsne/tmalign_inputs/length_14_macrocycle_14_0_model_56.pdb	31.030945	-15.860831	23	0.8679488
657	14	length_14_macrocycle_14_0_model_57	/home/dkouv/work/tfr1-binder-design/experiments/007_RFD3_macrocycles/monomer_self_consistency/rfd3_backbones/length_14/length_14_macrocycle_14_0_model_57.cif.gz	/home/dkouv/work/tfr1-binder-design/experiments/007_RFD3_macrocycles/monomer_self_consistency/structural_tsne/tmalign_inputs/length_14_macrocycle_14_0_model_57.pdb	25.618929	-27.211176	27	0.9504558
658	14	length_14_macrocycle_14_0_model_58	/home/dkouv/work/tfr1-binder-design/experiments/007_RFD3_macrocycles/monomer_self_consistency/rfd3_backbones/length_14/length_14_macrocycle_14_0_model_58.cif.gz	/home/dkouv/work/tfr1-binder-design/experiments/007_RFD3_macrocycles/monomer_self_consistency/structural_tsne/tmalign_inputs/length_14_macrocycle_14_0_model_58.pdb	34.604534	-22.195179	27	0.6217846
659	14	length_14_macrocycle_14_0_model_59	/home/dkouv/work/tfr1-binder-design/experiments/007_RFD3_macrocycles/monomer_self_consistency/rfd3_backbones/length_14/length_14_macrocycle_14_0_model_59.cif.gz	/home/dkouv/work/tfr1-binder-design/experiments/007_RFD3_macrocycles/monomer_self_consistency/structural_tsne/tmalign_inputs/length_14_macrocycle_14_0_model_59.pdb	28.751186	-20.603241	23	0.8827911
660	14	length_14_macrocycle_14_0_model_60	/home/dkouv/work/tfr1-binder-design/experiments/007_RFD3_macrocycles/monomer_self_consistency/rfd3_backbones/length_14/length_14_macrocycle_14_0_model_60.cif.gz	/home/dkouv/work/tfr1-binder-design/experiments/007_RFD3_macrocycles/monomer_self_consistency/structural_tsne/tmalign_inputs/length_14_macrocycle_14_0_model_60.pdb	36.063095	-25.587162	27	0.9873952
661	14	length_14_macrocycle_14_0_model_61	/home/dkouv/work/tfr1-binder-design/experiments/007_RFD3_macrocycles/monomer_self_consistency/rfd3_backbones/length_14/length_14_macrocycle_14_0_model_61.cif.gz	/home/dkouv/work/tfr1-binder-design/experiments/007_RFD3_macrocycles/monomer_self_consistency/structural_tsne/tmalign_inputs/length_14_macrocycle_14_0_model_61.pdb	31.489508	-21.516434	23	0.6275539
662	14	length_14_macrocycle_14_0_model_62	/home/dkouv/work/tfr1-binder-design/experiments/007_RFD3_macrocycles/monomer_self_consistency/rfd3_backbones/length_14/length_14_macrocycle_14_0_model_62.cif.gz	/home/dkouv/work/tfr1-binder-design/experiments/007_RFD3_macrocycles/monomer_self_consistency/structural_tsne/tmalign_inputs/length_14_macrocycle_14_0_model_62.pdb	20.873903	-29.113913	25	0.5180624
663	14	length_14_macrocycle_14_0_model_63	/home/dkouv/work/tfr1-binder-design/experiments/007_RFD3_macrocycles/monomer_self_consistency/rfd3_backbones/length_14/length_14_macrocycle_14_0_model_63.cif.gz	/home/dkouv/work/tfr1-binder-design/experiments/007_RFD3_macrocycles/monomer_self_consistency/structural_tsne/tmalign_inputs/length_14_macrocycle_14_0_model_63.pdb	38.357006	-22.255245	1	0.9377222
664	14	length_14_macrocycle_14_0_model_64	/home/dkouv/work/tfr1-binder-design/experiments/007_RFD3_macrocycles/monomer_self_consistency/rfd3_backbones/length_14/length_14_macrocycle_14_0_model_64.cif.gz	/home/dkouv/work/tfr1-binder-design/experiments/007_RFD3_macrocycles/monomer_self_consistency/structural_tsne/tmalign_inputs/length_14_macrocycle_14_0_model_64.pdb	9.587325	-26.905275	32	0.791176
665	14	length_14_macrocycle_14_0_model_65	/home/dkouv/work/tfr1-binder-design/experiments/007_RFD3_macrocycles/monomer_self_consistency/rfd3_backbones/length_14/length_14_macrocycle_14_0_model_65.cif.gz	/home/dkouv/work/tfr1-binder-design/experiments/007_RFD3_macrocycles/monomer_self_consistency/structural_tsne/tmalign_inputs/length_14_macrocycle_14_0_model_65.pdb	-5.0722623	-17.51165	21	0.9056615
666	14	length_14_macrocycle_14_0_model_66	/home/dkouv/work/tfr1-binder-design/experiments/007_RFD3_macrocycles/monomer_self_consistency/rfd3_backbones/length_14/length_14_macrocycle_14_0_model_66.cif.gz	/home/dkouv/work/tfr1-binder-design/experiments/007_RFD3_macrocycles/monomer_self_consistency/structural_tsne/tmalign_inputs/length_14_macrocycle_14_0_model_66.pdb	1.4952412	27.328789	14	0.99999905
667	14	length_14_macrocycle_14_0_model_67	/home/dkouv/work/tfr1-binder-design/experiments/007_RFD3_macrocycles/monomer_self_consistency/rfd3_backbones/length_14/length_14_macrocycle_14_0_model_67.cif.gz	/home/dkouv/work/tfr1-binder-design/experiments/007_RFD3_macrocycles/monomer_self_consistency/structural_tsne/tmalign_inputs/length_14_macrocycle_14_0_model_67.pdb	28.065104	-15.520617	23	0.9657584
668	14	length_14_macrocycle_14_0_model_68	/home/dkouv/work/tfr1-binder-design/experiments/007_RFD3_macrocycles/monomer_self_consistency/rfd3_backbones/length_14/length_14_macrocycle_14_0_model_68.cif.gz	/home/dkouv/work/tfr1-binder-design/experiments/007_RFD3_macrocycles/monomer_self_consistency/structural_tsne/tmalign_inputs/length_14_macrocycle_14_0_model_68.pdb	-42.618744	-11.344337	35	0.59209573
669	14	length_14_macrocycle_14_0_model_69	/home/dkouv/work/tfr1-binder-design/experiments/007_RFD3_macrocycles/monomer_self_consistency/rfd3_backbones/length_14/length_14_macrocycle_14_0_model_69.cif.gz	/home/dkouv/work/tfr1-binder-design/experiments/007_RFD3_macrocycles/monomer_self_consistency/structural_tsne/tmalign_inputs/length_14_macrocycle_14_0_model_69.pdb	8.457274	-24.607603	32	0.84057915
670	14	length_14_macrocycle_14_0_model_70	/home/dkouv/work/tfr1-binder-design/experiments/007_RFD3_macrocycles/monomer_self_consistency/rfd3_backbones/length_14/length_14_macrocycle_14_0_model_70.cif.gz	/home/dkouv/work/tfr1-binder-design/experiments/007_RFD3_macrocycles/monomer_self_consistency/structural_tsne/tmalign_inputs/length_14_macrocycle_14_0_model_70.pdb	25.692968	-16.162367	23	0.73965746
671	14	length_14_macrocycle_14_0_model_71	/home/dkouv/work/tfr1-binder-design/experiments/007_RFD3_macrocycles/monomer_self_consistency/rfd3_backbones/length_14/length_14_macrocycle_14_0_model_71.cif.gz	/home/dkouv/work/tfr1-binder-design/experiments/007_RFD3_macrocycles/monomer_self_consistency/structural_tsne/tmalign_inputs/length_14_macrocycle_14_0_model_71.pdb	32.740746	-15.475586	1	0.6002241
672	14	length_14_macrocycle_14_0_model_72	/home/dkouv/work/tfr1-binder-design/experiments/007_RFD3_macrocycles/monomer_self_consistency/rfd3_backbones/length_14/length_14_macrocycle_14_0_model_72.cif.gz	/home/dkouv/work/tfr1-binder-design/experiments/007_RFD3_macrocycles/monomer_self_consistency/structural_tsne/tmalign_inputs/length_14_macrocycle_14_0_model_72.pdb	37.845318	-19.875618	1	0.98463356
673	14	length_14_macrocycle_14_0_model_73	/home/dkouv/work/tfr1-binder-design/experiments/007_RFD3_macrocycles/monomer_self_consistency/rfd3_backbones/length_14/length_14_macrocycle_14_0_model_73.cif.gz	/home/dkouv/work/tfr1-binder-design/experiments/007_RFD3_macrocycles/monomer_self_consistency/structural_tsne/tmalign_inputs/length_14_macrocycle_14_0_model_73.pdb	-3.2720354	-0.66830796	26	0.9999752
674	14	length_14_macrocycle_14_0_model_74	/home/dkouv/work/tfr1-binder-design/experiments/007_RFD3_macrocycles/monomer_self_consistency/rfd3_backbones/length_14/length_14_macrocycle_14_0_model_74.cif.gz	/home/dkouv/work/tfr1-binder-design/experiments/007_RFD3_macrocycles/monomer_self_consistency/structural_tsne/tmalign_inputs/length_14_macrocycle_14_0_model_74.pdb	29.482548	-18.74647	23	0.9780193
675	14	length_14_macrocycle_14_0_model_75	/home/dkouv/work/tfr1-binder-design/experiments/007_RFD3_macrocycles/monomer_self_consistency/rfd3_backbones/length_14/length_14_macrocycle_14_0_model_75.cif.gz	/home/dkouv/work/tfr1-binder-design/experiments/007_RFD3_macrocycles/monomer_self_consistency/structural_tsne/tmalign_inputs/length_14_macrocycle_14_0_model_75.pdb	32.775852	-28.619953	27	0.99907017
676	14	length_14_macrocycle_14_0_model_76	/home/dkouv/work/tfr1-binder-design/experiments/007_RFD3_macrocycles/monomer_self_consistency/rfd3_backbones/length_14/length_14_macrocycle_14_0_model_76.cif.gz	/home/dkouv/work/tfr1-binder-design/experiments/007_RFD3_macrocycles/monomer_self_consistency/structural_tsne/tmalign_inputs/length_14_macrocycle_14_0_model_76.pdb	16.791254	-19.649208	29	0.8040093
677	14	length_14_macrocycle_14_0_model_77	/home/dkouv/work/tfr1-binder-design/experiments/007_RFD3_macrocycles/monomer_self_consistency/rfd3_backbones/length_14/length_14_macrocycle_14_0_model_77.cif.gz	/home/dkouv/work/tfr1-binder-design/experiments/007_RFD3_macrocycles/monomer_self_consistency/structural_tsne/tmalign_inputs/length_14_macrocycle_14_0_model_77.pdb	6.9574924	34.11493	3	0.76737547
678	14	length_14_macrocycle_14_0_model_78	/home/dkouv/work/tfr1-binder-design/experiments/007_RFD3_macrocycles/monomer_self_consistency/rfd3_backbones/length_14/length_14_macrocycle_14_0_model_78.cif.gz	/home/dkouv/work/tfr1-binder-design/experiments/007_RFD3_macrocycles/monomer_self_consistency/structural_tsne/tmalign_inputs/length_14_macrocycle_14_0_model_78.pdb	36.392548	-17.824078	1	0.9749709
679	14	length_14_macrocycle_14_0_model_79	/home/dkouv/work/tfr1-binder-design/experiments/007_RFD3_macrocycles/monomer_self_consistency/rfd3_backbones/length_14/length_14_macrocycle_14_0_model_79.cif.gz	/home/dkouv/work/tfr1-binder-design/experiments/007_RFD3_macrocycles/monomer_self_consistency/structural_tsne/tmalign_inputs/length_14_macrocycle_14_0_model_79.pdb	36.127365	-25.659504	27	0.9883044
680	14	length_14_macrocycle_14_0_model_80	/home/dkouv/work/tfr1-binder-design/experiments/007_RFD3_macrocycles/monomer_self_consistency/rfd3_backbones/length_14/length_14_macrocycle_14_0_model_80.cif.gz	/home/dkouv/work/tfr1-binder-design/experiments/007_RFD3_macrocycles/monomer_self_consistency/structural_tsne/tmalign_inputs/length_14_macrocycle_14_0_model_80.pdb	30.308552	-20.172014	23	0.8989664
681	14	length_14_macrocycle_14_0_model_81	/home/dkouv/work/tfr1-binder-design/experiments/007_RFD3_macrocycles/monomer_self_consistency/rfd3_backbones/length_14/length_14_macrocycle_14_0_model_81.cif.gz	/home/dkouv/work/tfr1-binder-design/experiments/007_RFD3_macrocycles/monomer_self_consistency/structural_tsne/tmalign_inputs/length_14_macrocycle_14_0_model_81.pdb	-10.119836	-15.412279	2	0.90155613
682	14	length_14_macrocycle_14_0_model_82	/home/dkouv/work/tfr1-binder-design/experiments/007_RFD3_macrocycles/monomer_self_consistency/rfd3_backbones/length_14/length_14_macrocycle_14_0_model_82.cif.gz	/home/dkouv/work/tfr1-binder-design/experiments/007_RFD3_macrocycles/monomer_self_consistency/structural_tsne/tmalign_inputs/length_14_macrocycle_14_0_model_82.pdb	31.825754	-22.32809	27	0.5926683
683	14	length_14_macrocycle_14_0_model_83	/home/dkouv/work/tfr1-binder-design/experiments/007_RFD3_macrocycles/monomer_self_consistency/rfd3_backbones/length_14/length_14_macrocycle_14_0_model_83.cif.gz	/home/dkouv/work/tfr1-binder-design/experiments/007_RFD3_macrocycles/monomer_self_consistency/structural_tsne/tmalign_inputs/length_14_macrocycle_14_0_model_83.pdb	37.931164	-21.949669	1	0.9401583
684	14	length_14_macrocycle_14_0_model_84	/home/dkouv/work/tfr1-binder-design/experiments/007_RFD3_macrocycles/monomer_self_consistency/rfd3_backbones/length_14/length_14_macrocycle_14_0_model_84.cif.gz	/home/dkouv/work/tfr1-binder-design/experiments/007_RFD3_macrocycles/monomer_self_consistency/structural_tsne/tmalign_inputs/length_14_macrocycle_14_0_model_84.pdb	-12.320425	-18.881138	2	0.99963105
685	14	length_14_macrocycle_14_0_model_85	/home/dkouv/work/tfr1-binder-design/experiments/007_RFD3_macrocycles/monomer_self_consistency/rfd3_backbones/length_14/length_14_macrocycle_14_0_model_85.cif.gz	/home/dkouv/work/tfr1-binder-design/experiments/007_RFD3_macrocycles/monomer_self_consistency/structural_tsne/tmalign_inputs/length_14_macrocycle_14_0_model_85.pdb	31.615545	-29.670189	27	0.9997044
686	14	length_14_macrocycle_14_0_model_86	/home/dkouv/work/tfr1-binder-design/experiments/007_RFD3_macrocycles/monomer_self_consistency/rfd3_backbones/length_14/length_14_macrocycle_14_0_model_86.cif.gz	/home/dkouv/work/tfr1-binder-design/experiments/007_RFD3_macrocycles/monomer_self_consistency/structural_tsne/tmalign_inputs/length_14_macrocycle_14_0_model_86.pdb	25.588192	-17.889872	23	0.7582852
687	14	length_14_macrocycle_14_0_model_87	/home/dkouv/work/tfr1-binder-design/experiments/007_RFD3_macrocycles/monomer_self_consistency/rfd3_backbones/length_14/length_14_macrocycle_14_0_model_87.cif.gz	/home/dkouv/work/tfr1-binder-design/experiments/007_RFD3_macrocycles/monomer_self_consistency/structural_tsne/tmalign_inputs/length_14_macrocycle_14_0_model_87.pdb	-3.2236502	0.26545987	26	0.9999995
688	14	length_14_macrocycle_14_0_model_88	/home/dkouv/work/tfr1-binder-design/experiments/007_RFD3_macrocycles/monomer_self_consistency/rfd3_backbones/length_14/length_14_macrocycle_14_0_model_88.cif.gz	/home/dkouv/work/tfr1-binder-design/experiments/007_RFD3_macrocycles/monomer_self_consistency/structural_tsne/tmalign_inputs/length_14_macrocycle_14_0_model_88.pdb	36.984184	-19.25815	1	0.9815162
689	14	length_14_macrocycle_14_0_model_89	/home/dkouv/work/tfr1-binder-design/experiments/007_RFD3_macrocycles/monomer_self_consistency/rfd3_backbones/length_14/length_14_macrocycle_14_0_model_89.cif.gz	/home/dkouv/work/tfr1-binder-design/experiments/007_RFD3_macrocycles/monomer_self_consistency/structural_tsne/tmalign_inputs/length_14_macrocycle_14_0_model_89.pdb	13.3174	-31.861042	25	0.9568776
690	14	length_14_macrocycle_14_0_model_90	/home/dkouv/work/tfr1-binder-design/experiments/007_RFD3_macrocycles/monomer_self_consistency/rfd3_backbones/length_14/length_14_macrocycle_14_0_model_90.cif.gz	/home/dkouv/work/tfr1-binder-design/experiments/007_RFD3_macrocycles/monomer_self_consistency/structural_tsne/tmalign_inputs/length_14_macrocycle_14_0_model_90.pdb	32.19801	-29.36117	27	0.9995767
691	14	length_14_macrocycle_14_0_model_91	/home/dkouv/work/tfr1-binder-design/experiments/007_RFD3_macrocycles/monomer_self_consistency/rfd3_backbones/length_14/length_14_macrocycle_14_0_model_91.cif.gz	/home/dkouv/work/tfr1-binder-design/experiments/007_RFD3_macrocycles/monomer_self_consistency/structural_tsne/tmalign_inputs/length_14_macrocycle_14_0_model_91.pdb	22.751808	-29.840004	25	0.42931807
692	14	length_14_macrocycle_14_0_model_92	/home/dkouv/work/tfr1-binder-design/experiments/007_RFD3_macrocycles/monomer_self_consistency/rfd3_backbones/length_14/length_14_macrocycle_14_0_model_92.cif.gz	/home/dkouv/work/tfr1-binder-design/experiments/007_RFD3_macrocycles/monomer_self_consistency/structural_tsne/tmalign_inputs/length_14_macrocycle_14_0_model_92.pdb	29.58867	-17.621326	23	0.9892662
693	14	length_14_macrocycle_14_0_model_93	/home/dkouv/work/tfr1-binder-design/experiments/007_RFD3_macrocycles/monomer_self_consistency/rfd3_backbones/length_14/length_14_macrocycle_14_0_model_93.cif.gz	/home/dkouv/work/tfr1-binder-design/experiments/007_RFD3_macrocycles/monomer_self_consistency/structural_tsne/tmalign_inputs/length_14_macrocycle_14_0_model_93.pdb	30.917542	-24.27006	27	0.9034958
694	14	length_14_macrocycle_14_0_model_94	/home/dkouv/work/tfr1-binder-design/experiments/007_RFD3_macrocycles/monomer_self_consistency/rfd3_backbones/length_14/length_14_macrocycle_14_0_model_94.cif.gz	/home/dkouv/work/tfr1-binder-design/experiments/007_RFD3_macrocycles/monomer_self_consistency/structural_tsne/tmalign_inputs/length_14_macrocycle_14_0_model_94.pdb	34.622128	-22.352585	27	0.6687706
695	14	length_14_macrocycle_14_0_model_95	/home/dkouv/work/tfr1-binder-design/experiments/007_RFD3_macrocycles/monomer_self_consistency/rfd3_backbones/length_14/length_14_macrocycle_14_0_model_95.cif.gz	/home/dkouv/work/tfr1-binder-design/experiments/007_RFD3_macrocycles/monomer_self_consistency/structural_tsne/tmalign_inputs/length_14_macrocycle_14_0_model_95.pdb	6.589524	-24.260612	32	0.95200014
696	14	length_14_macrocycle_14_0_model_96	/home/dkouv/work/tfr1-binder-design/experiments/007_RFD3_macrocycles/monomer_self_consistency/rfd3_backbones/length_14/length_14_macrocycle_14_0_model_96.cif.gz	/home/dkouv/work/tfr1-binder-design/experiments/007_RFD3_macrocycles/monomer_self_consistency/structural_tsne/tmalign_inputs/length_14_macrocycle_14_0_model_96.pdb	35.473965	-16.123669	1	0.9322189
697	14	length_14_macrocycle_14_0_model_97	/home/dkouv/work/tfr1-binder-design/experiments/007_RFD3_macrocycles/monomer_self_consistency/rfd3_backbones/length_14/length_14_macrocycle_14_0_model_97.cif.gz	/home/dkouv/work/tfr1-binder-design/experiments/007_RFD3_macrocycles/monomer_self_consistency/structural_tsne/tmalign_inputs/length_14_macrocycle_14_0_model_97.pdb	1.6434969	21.411203	14	1.0
698	14	length_14_macrocycle_14_0_model_98	/home/dkouv/work/tfr1-binder-design/experiments/007_RFD3_macrocycles/monomer_self_consistency/rfd3_backbones/length_14/length_14_macrocycle_14_0_model_98.cif.gz	/home/dkouv/work/tfr1-binder-design/experiments/007_RFD3_macrocycles/monomer_self_consistency/structural_tsne/tmalign_inputs/length_14_macrocycle_14_0_model_98.pdb	10.443741	20.650484	24	0.9995585
699	14	length_14_macrocycle_14_0_model_99	/home/dkouv/work/tfr1-binder-design/experiments/007_RFD3_macrocycles/monomer_self_consistency/rfd3_backbones/length_14/length_14_macrocycle_14_0_model_99.cif.gz	/home/dkouv/work/tfr1-binder-design/experiments/007_RFD3_macrocycles/monomer_self_consistency/structural_tsne/tmalign_inputs/length_14_macrocycle_14_0_model_99.pdb	-3.2332108	39.51656	7	0.7748144
700	14	length_14_macrocycle_14_0_model_100	/home/dkouv/work/tfr1-binder-design/experiments/007_RFD3_macrocycles/monomer_self_consistency/rfd3_backbones/length_14/length_14_macrocycle_14_0_model_100.cif.gz	/home/dkouv/work/tfr1-binder-design/experiments/007_RFD3_macrocycles/monomer_self_consistency/structural_tsne/tmalign_inputs/length_14_macrocycle_14_0_model_100.pdb	37.795826	-18.82255	1	0.98665065
701	14	length_14_macrocycle_14_0_model_101	/home/dkouv/work/tfr1-binder-design/experiments/007_RFD3_macrocycles/monomer_self_consistency/rfd3_backbones/length_14/length_14_macrocycle_14_0_model_101.cif.gz	/home/dkouv/work/tfr1-binder-design/experiments/007_RFD3_macrocycles/monomer_self_consistency/structural_tsne/tmalign_inputs/length_14_macrocycle_14_0_model_101.pdb	29.36326	-27.013077	27	0.9946741
702	14	length_14_macrocycle_14_0_model_102	/home/dkouv/work/tfr1-binder-design/experiments/007_RFD3_macrocycles/monomer_self_consistency/rfd3_backbones/length_14/length_14_macrocycle_14_0_model_102.cif.gz	/home/dkouv/work/tfr1-binder-design/experiments/007_RFD3_macrocycles/monomer_self_consistency/structural_tsne/tmalign_inputs/length_14_macrocycle_14_0_model_102.pdb	25.50984	-28.460674	27	0.9589751
703	14	length_14_macrocycle_14_0_model_103	/home/dkouv/work/tfr1-binder-design/experiments/007_RFD3_macrocycles/monomer_self_consistency/rfd3_backbones/length_14/length_14_macrocycle_14_0_model_103.cif.gz	/home/dkouv/work/tfr1-binder-design/experiments/007_RFD3_macrocycles/monomer_self_consistency/structural_tsne/tmalign_inputs/length_14_macrocycle_14_0_model_103.pdb	-10.989991	-14.957716	2	0.9549659
704	14	length_14_macrocycle_14_0_model_104	/home/dkouv/work/tfr1-binder-design/experiments/007_RFD3_macrocycles/monomer_self_consistency/rfd3_backbones/length_14/length_14_macrocycle_14_0_model_104.cif.gz	/home/dkouv/work/tfr1-binder-design/experiments/007_RFD3_macrocycles/monomer_self_consistency/structural_tsne/tmalign_inputs/length_14_macrocycle_14_0_model_104.pdb	2.4401705	-14.775992	33	0.99371034
705	14	length_14_macrocycle_14_0_model_105	/home/dkouv/work/tfr1-binder-design/experiments/007_RFD3_macrocycles/monomer_self_consistency/rfd3_backbones/length_14/length_14_macrocycle_14_0_model_105.cif.gz	/home/dkouv/work/tfr1-binder-design/experiments/007_RFD3_macrocycles/monomer_self_consistency/structural_tsne/tmalign_inputs/length_14_macrocycle_14_0_model_105.pdb	39.06614	-21.030863	1	0.97996974
706	14	length_14_macrocycle_14_0_model_106	/home/dkouv/work/tfr1-binder-design/experiments/007_RFD3_macrocycles/monomer_self_consistency/rfd3_backbones/length_14/length_14_macrocycle_14_0_model_106.cif.gz	/home/dkouv/work/tfr1-binder-design/experiments/007_RFD3_macrocycles/monomer_self_consistency/structural_tsne/tmalign_inputs/length_14_macrocycle_14_0_model_106.pdb	28.318422	-22.857891	27	0.6038334
707	14	length_14_macrocycle_14_0_model_107	/home/dkouv/work/tfr1-binder-design/experiments/007_RFD3_macrocycles/monomer_self_consistency/rfd3_backbones/length_14/length_14_macrocycle_14_0_model_107.cif.gz	/home/dkouv/work/tfr1-binder-design/experiments/007_RFD3_macrocycles/monomer_self_consistency/structural_tsne/tmalign_inputs/length_14_macrocycle_14_0_model_107.pdb	37.509457	-21.04368	1	0.96525794
708	14	length_14_macrocycle_14_0_model_108	/home/dkouv/work/tfr1-binder-design/experiments/007_RFD3_macrocycles/monomer_self_consistency/rfd3_backbones/length_14/length_14_macrocycle_14_0_model_108.cif.gz	/home/dkouv/work/tfr1-binder-design/experiments/007_RFD3_macrocycles/monomer_self_consistency/structural_tsne/tmalign_inputs/length_14_macrocycle_14_0_model_108.pdb	10.418304	-21.414253	29	0.9224709
709	14	length_14_macrocycle_14_0_model_109	/home/dkouv/work/tfr1-binder-design/experiments/007_RFD3_macrocycles/monomer_self_consistency/rfd3_backbones/length_14/length_14_macrocycle_14_0_model_109.cif.gz	/home/dkouv/work/tfr1-binder-design/experiments/007_RFD3_macrocycles/monomer_self_consistency/structural_tsne/tmalign_inputs/length_14_macrocycle_14_0_model_109.pdb	29.198706	-24.55732	27	0.91809237
710	14	length_14_macrocycle_14_0_model_110	/home/dkouv/work/tfr1-binder-design/experiments/007_RFD3_macrocycles/monomer_self_consistency/rfd3_backbones/length_14/length_14_macrocycle_14_0_model_110.cif.gz	/home/dkouv/work/tfr1-binder-design/experiments/007_RFD3_macrocycles/monomer_self_consistency/structural_tsne/tmalign_inputs/length_14_macrocycle_14_0_model_110.pdb	-0.28937858	-0.7733056	26	0.9996506
711	14	length_14_macrocycle_14_0_model_111	/home/dkouv/work/tfr1-binder-design/experiments/007_RFD3_macrocycles/monomer_self_consistency/rfd3_backbones/length_14/length_14_macrocycle_14_0_model_111.cif.gz	/home/dkouv/work/tfr1-binder-design/experiments/007_RFD3_macrocycles/monomer_self_consistency/structural_tsne/tmalign_inputs/length_14_macrocycle_14_0_model_111.pdb	-2.0415053	-16.592506	33	0.6120242
712	14	length_14_macrocycle_14_0_model_112	/home/dkouv/work/tfr1-binder-design/experiments/007_RFD3_macrocycles/monomer_self_consistency/rfd3_backbones/length_14/length_14_macrocycle_14_0_model_112.cif.gz	/home/dkouv/work/tfr1-binder-design/experiments/007_RFD3_macrocycles/monomer_self_consistency/structural_tsne/tmalign_inputs/length_14_macrocycle_14_0_model_112.pdb	23.549288	-27.498846	27	0.4623766
713	14	length_14_macrocycle_14_0_model_113	/home/dkouv/work/tfr1-binder-design/experiments/007_RFD3_macrocycles/monomer_self_consistency/rfd3_backbones/length_14/length_14_macrocycle_14_0_model_113.cif.gz	/home/dkouv/work/tfr1-binder-design/experiments/007_RFD3_macrocycles/monomer_self_consistency/structural_tsne/tmalign_inputs/length_14_macrocycle_14_0_model_113.pdb	28.988964	-15.259592	23	0.9801178
714	14	length_14_macrocycle_14_0_model_114	/home/dkouv/work/tfr1-binder-design/experiments/007_RFD3_macrocycles/monomer_self_consistency/rfd3_backbones/length_14/length_14_macrocycle_14_0_model_114.cif.gz	/home/dkouv/work/tfr1-binder-design/experiments/007_RFD3_macrocycles/monomer_self_consistency/structural_tsne/tmalign_inputs/length_14_macrocycle_14_0_model_114.pdb	-2.495624	-12.987447	33	0.9694684
715	14	length_14_macrocycle_14_0_model_115	/home/dkouv/work/tfr1-binder-design/experiments/007_RFD3_macrocycles/monomer_self_consistency/rfd3_backbones/length_14/length_14_macrocycle_14_0_model_115.cif.gz	/home/dkouv/work/tfr1-binder-design/experiments/007_RFD3_macrocycles/monomer_self_consistency/structural_tsne/tmalign_inputs/length_14_macrocycle_14_0_model_115.pdb	-6.3434772	-14.198738	33	0.8162151
716	14	length_14_macrocycle_14_0_model_116	/home/dkouv/work/tfr1-binder-design/experiments/007_RFD3_macrocycles/monomer_self_consistency/rfd3_backbones/length_14/length_14_macrocycle_14_0_model_116.cif.gz	/home/dkouv/work/tfr1-binder-design/experiments/007_RFD3_macrocycles/monomer_self_consistency/structural_tsne/tmalign_inputs/length_14_macrocycle_14_0_model_116.pdb	-36.39108	-12.3460455	16	0.98828137
717	14	length_14_macrocycle_14_0_model_117	/home/dkouv/work/tfr1-binder-design/experiments/007_RFD3_macrocycles/monomer_self_consistency/rfd3_backbones/length_14/length_14_macrocycle_14_0_model_117.cif.gz	/home/dkouv/work/tfr1-binder-design/experiments/007_RFD3_macrocycles/monomer_self_consistency/structural_tsne/tmalign_inputs/length_14_macrocycle_14_0_model_117.pdb	3.734039	-23.478397	32	0.95883423
718	14	length_14_macrocycle_14_0_model_118	/home/dkouv/work/tfr1-binder-design/experiments/007_RFD3_macrocycles/monomer_self_consistency/rfd3_backbones/length_14/length_14_macrocycle_14_0_model_118.cif.gz	/home/dkouv/work/tfr1-binder-design/experiments/007_RFD3_macrocycles/monomer_self_consistency/structural_tsne/tmalign_inputs/length_14_macrocycle_14_0_model_118.pdb	19.33125	-32.358604	25	0.8146528
719	14	length_14_macrocycle_14_0_model_119	/home/dkouv/work/tfr1-binder-design/experiments/007_RFD3_macrocycles/monomer_self_consistency/rfd3_backbones/length_14/length_14_macrocycle_14_0_model_119.cif.gz	/home/dkouv/work/tfr1-binder-design/experiments/007_RFD3_macrocycles/monomer_self_consistency/structural_tsne/tmalign_inputs/length_14_macrocycle_14_0_model_119.pdb	30.343224	-26.396418	27	0.98922515
720	14	length_14_macrocycle_14_0_model_120	/home/dkouv/work/tfr1-binder-design/experiments/007_RFD3_macrocycles/monomer_self_consistency/rfd3_backbones/length_14/length_14_macrocycle_14_0_model_120.cif.gz	/home/dkouv/work/tfr1-binder-design/experiments/007_RFD3_macrocycles/monomer_self_consistency/structural_tsne/tmalign_inputs/length_14_macrocycle_14_0_model_120.pdb	28.579988	-24.945822	27	0.94484085
721	14	length_14_macrocycle_14_0_model_121	/home/dkouv/work/tfr1-binder-design/experiments/007_RFD3_macrocycles/monomer_self_consistency/rfd3_backbones/length_14/length_14_macrocycle_14_0_model_121.cif.gz	/home/dkouv/work/tfr1-binder-design/experiments/007_RFD3_macrocycles/monomer_self_consistency/structural_tsne/tmalign_inputs/length_14_macrocycle_14_0_model_121.pdb	-3.6107197	0.30463734	26	0.9999995
722	14	length_14_macrocycle_14_0_model_122	/home/dkouv/work/tfr1-binder-design/experiments/007_RFD3_macrocycles/monomer_self_consistency/rfd3_backbones/length_14/length_14_macrocycle_14_0_model_122.cif.gz	/home/dkouv/work/tfr1-binder-design/experiments/007_RFD3_macrocycles/monomer_self_consistency/structural_tsne/tmalign_inputs/length_14_macrocycle_14_0_model_122.pdb	27.518314	-30.051462	27	0.9980183
723	14	length_14_macrocycle_14_0_model_123	/home/dkouv/work/tfr1-binder-design/experiments/007_RFD3_macrocycles/monomer_self_consistency/rfd3_backbones/length_14/length_14_macrocycle_14_0_model_123.cif.gz	/home/dkouv/work/tfr1-binder-design/experiments/007_RFD3_macrocycles/monomer_self_consistency/structural_tsne/tmalign_inputs/length_14_macrocycle_14_0_model_123.pdb	32.396584	-29.669851	27	0.9996948
724	14	length_14_macrocycle_14_0_model_124	/home/dkouv/work/tfr1-binder-design/experiments/007_RFD3_macrocycles/monomer_self_consistency/rfd3_backbones/length_14/length_14_macrocycle_14_0_model_124.cif.gz	/home/dkouv/work/tfr1-binder-design/experiments/007_RFD3_macrocycles/monomer_self_consistency/structural_tsne/tmalign_inputs/length_14_macrocycle_14_0_model_124.pdb	28.393787	-22.499508	27	0.50484246
725	14	length_14_macrocycle_14_0_model_125	/home/dkouv/work/tfr1-binder-design/experiments/007_RFD3_macrocycles/monomer_self_consistency/rfd3_backbones/length_14/length_14_macrocycle_14_0_model_125.cif.gz	/home/dkouv/work/tfr1-binder-design/experiments/007_RFD3_macrocycles/monomer_self_consistency/structural_tsne/tmalign_inputs/length_14_macrocycle_14_0_model_125.pdb	20.677467	-26.797249	5	0.76043415
726	14	length_14_macrocycle_14_0_model_126	/home/dkouv/work/tfr1-binder-design/experiments/007_RFD3_macrocycles/monomer_self_consistency/rfd3_backbones/length_14/length_14_macrocycle_14_0_model_126.cif.gz	/home/dkouv/work/tfr1-binder-design/experiments/007_RFD3_macrocycles/monomer_self_consistency/structural_tsne/tmalign_inputs/length_14_macrocycle_14_0_model_126.pdb	-2.303245	-23.849346	21	0.90477145
727	14	length_14_macrocycle_14_0_model_127	/home/dkouv/work/tfr1-binder-design/experiments/007_RFD3_macrocycles/monomer_self_consistency/rfd3_backbones/length_14/length_14_macrocycle_14_0_model_127.cif.gz	/home/dkouv/work/tfr1-binder-design/experiments/007_RFD3_macrocycles/monomer_self_consistency/structural_tsne/tmalign_inputs/length_14_macrocycle_14_0_model_127.pdb	31.924093	-25.732016	27	0.98003
728	14	length_14_macrocycle_14_0_model_128	/home/dkouv/work/tfr1-binder-design/experiments/007_RFD3_macrocycles/monomer_self_consistency/rfd3_backbones/length_14/length_14_macrocycle_14_0_model_128.cif.gz	/home/dkouv/work/tfr1-binder-design/experiments/007_RFD3_macrocycles/monomer_self_consistency/structural_tsne/tmalign_inputs/length_14_macrocycle_14_0_model_128.pdb	31.949234	-25.611483	27	0.977464
729	14	length_14_macrocycle_14_0_model_129	/home/dkouv/work/tfr1-binder-design/experiments/007_RFD3_macrocycles/monomer_self_consistency/rfd3_backbones/length_14/length_14_macrocycle_14_0_model_129.cif.gz	/home/dkouv/work/tfr1-binder-design/experiments/007_RFD3_macrocycles/monomer_self_consistency/structural_tsne/tmalign_inputs/length_14_macrocycle_14_0_model_129.pdb	37.15166	-19.61036	1	0.9813319
730	14	length_14_macrocycle_14_0_model_130	/home/dkouv/work/tfr1-binder-design/experiments/007_RFD3_macrocycles/monomer_self_consistency/rfd3_backbones/length_14/length_14_macrocycle_14_0_model_130.cif.gz	/home/dkouv/work/tfr1-binder-design/experiments/007_RFD3_macrocycles/monomer_self_consistency/structural_tsne/tmalign_inputs/length_14_macrocycle_14_0_model_130.pdb	33.249092	-28.014605	27	0.99829674
731	14	length_14_macrocycle_14_0_model_131	/home/dkouv/work/tfr1-binder-design/experiments/007_RFD3_macrocycles/monomer_self_consistency/rfd3_backbones/length_14/length_14_macrocycle_14_0_model_131.cif.gz	/home/dkouv/work/tfr1-binder-design/experiments/007_RFD3_macrocycles/monomer_self_consistency/structural_tsne/tmalign_inputs/length_14_macrocycle_14_0_model_131.pdb	30.973019	-19.562742	23	0.92828315
732	14	length_14_macrocycle_14_0_model_132	/home/dkouv/work/tfr1-binder-design/experiments/007_RFD3_macrocycles/monomer_self_consistency/rfd3_backbones/length_14/length_14_macrocycle_14_0_model_132.cif.gz	/home/dkouv/work/tfr1-binder-design/experiments/007_RFD3_macrocycles/monomer_self_consistency/structural_tsne/tmalign_inputs/length_14_macrocycle_14_0_model_132.pdb	29.633612	-18.193615	23	0.98543584
733	14	length_14_macrocycle_14_0_model_133	/home/dkouv/work/tfr1-binder-design/experiments/007_RFD3_macrocycles/monomer_self_consistency/rfd3_backbones/length_14/length_14_macrocycle_14_0_model_133.cif.gz	/home/dkouv/work/tfr1-binder-design/experiments/007_RFD3_macrocycles/monomer_self_consistency/structural_tsne/tmalign_inputs/length_14_macrocycle_14_0_model_133.pdb	29.262222	-25.296995	27	0.9630458
734	14	length_14_macrocycle_14_0_model_134	/home/dkouv/work/tfr1-binder-design/experiments/007_RFD3_macrocycles/monomer_self_consistency/rfd3_backbones/length_14/length_14_macrocycle_14_0_model_134.cif.gz	/home/dkouv/work/tfr1-binder-design/experiments/007_RFD3_macrocycles/monomer_self_consistency/structural_tsne/tmalign_inputs/length_14_macrocycle_14_0_model_134.pdb	26.761932	-27.028393	27	0.9886805
735	14	length_14_macrocycle_14_0_model_135	/home/dkouv/work/tfr1-binder-design/experiments/007_RFD3_macrocycles/monomer_self_consistency/rfd3_backbones/length_14/length_14_macrocycle_14_0_model_135.cif.gz	/home/dkouv/work/tfr1-binder-design/experiments/007_RFD3_macrocycles/monomer_self_consistency/structural_tsne/tmalign_inputs/length_14_macrocycle_14_0_model_135.pdb	-51.05695	0.9879699	4	0.5227998
736	14	length_14_macrocycle_14_0_model_136	/home/dkouv/work/tfr1-binder-design/experiments/007_RFD3_macrocycles/monomer_self_consistency/rfd3_backbones/length_14/length_14_macrocycle_14_0_model_136.cif.gz	/home/dkouv/work/tfr1-binder-design/experiments/007_RFD3_macrocycles/monomer_self_consistency/structural_tsne/tmalign_inputs/length_14_macrocycle_14_0_model_136.pdb	31.322515	-26.134346	27	0.9862222
737	14	length_14_macrocycle_14_0_model_137	/home/dkouv/work/tfr1-binder-design/experiments/007_RFD3_macrocycles/monomer_self_consistency/rfd3_backbones/length_14/length_14_macrocycle_14_0_model_137.cif.gz	/home/dkouv/work/tfr1-binder-design/experiments/007_RFD3_macrocycles/monomer_self_consistency/structural_tsne/tmalign_inputs/length_14_macrocycle_14_0_model_137.pdb	2.2001524	-24.204967	32	0.99050146
738	14	length_14_macrocycle_14_0_model_138	/home/dkouv/work/tfr1-binder-design/experiments/007_RFD3_macrocycles/monomer_self_consistency/rfd3_backbones/length_14/length_14_macrocycle_14_0_model_138.cif.gz	/home/dkouv/work/tfr1-binder-design/experiments/007_RFD3_macrocycles/monomer_self_consistency/structural_tsne/tmalign_inputs/length_14_macrocycle_14_0_model_138.pdb	-15.366514	-13.538979	2	0.99919784
739	14	length_14_macrocycle_14_0_model_139	/home/dkouv/work/tfr1-binder-design/experiments/007_RFD3_macrocycles/monomer_self_consistency/rfd3_backbones/length_14/length_14_macrocycle_14_0_model_139.cif.gz	/home/dkouv/work/tfr1-binder-design/experiments/007_RFD3_macrocycles/monomer_self_consistency/structural_tsne/tmalign_inputs/length_14_macrocycle_14_0_model_139.pdb	31.718237	-22.62036	27	0.65657353
740	14	length_14_macrocycle_14_0_model_140	/home/dkouv/work/tfr1-binder-design/experiments/007_RFD3_macrocycles/monomer_self_consistency/rfd3_backbones/length_14/length_14_macrocycle_14_0_model_140.cif.gz	/home/dkouv/work/tfr1-binder-design/experiments/007_RFD3_macrocycles/monomer_self_consistency/structural_tsne/tmalign_inputs/length_14_macrocycle_14_0_model_140.pdb	24.265434	-25.838308	27	0.5521456
741	14	length_14_macrocycle_14_0_model_141	/home/dkouv/work/tfr1-binder-design/experiments/007_RFD3_macrocycles/monomer_self_consistency/rfd3_backbones/length_14/length_14_macrocycle_14_0_model_141.cif.gz	/home/dkouv/work/tfr1-binder-design/experiments/007_RFD3_macrocycles/monomer_self_consistency/structural_tsne/tmalign_inputs/length_14_macrocycle_14_0_model_141.pdb	-14.028286	-13.800035	2	0.99731517
742	14	length_14_macrocycle_14_0_model_142	/home/dkouv/work/tfr1-binder-design/experiments/007_RFD3_macrocycles/monomer_self_consistency/rfd3_backbones/length_14/length_14_macrocycle_14_0_model_142.cif.gz	/home/dkouv/work/tfr1-binder-design/experiments/007_RFD3_macrocycles/monomer_self_consistency/structural_tsne/tmalign_inputs/length_14_macrocycle_14_0_model_142.pdb	5.822118	32.412125	14	0.8540795
743	14	length_14_macrocycle_14_0_model_143	/home/dkouv/work/tfr1-binder-design/experiments/007_RFD3_macrocycles/monomer_self_consistency/rfd3_backbones/length_14/length_14_macrocycle_14_0_model_143.cif.gz	/home/dkouv/work/tfr1-binder-design/experiments/007_RFD3_macrocycles/monomer_self_consistency/structural_tsne/tmalign_inputs/length_14_macrocycle_14_0_model_143.pdb	9.883353	-22.565	29	0.71558845
744	14	length_14_macrocycle_14_0_model_144	/home/dkouv/work/tfr1-binder-design/experiments/007_RFD3_macrocycles/monomer_self_consistency/rfd3_backbones/length_14/length_14_macrocycle_14_0_model_144.cif.gz	/home/dkouv/work/tfr1-binder-design/experiments/007_RFD3_macrocycles/monomer_self_consistency/structural_tsne/tmalign_inputs/length_14_macrocycle_14_0_model_144.pdb	29.883488	-21.989635	23	0.58739835
745	14	length_14_macrocycle_14_0_model_145	/home/dkouv/work/tfr1-binder-design/experiments/007_RFD3_macrocycles/monomer_self_consistency/rfd3_backbones/length_14/length_14_macrocycle_14_0_model_145.cif.gz	/home/dkouv/work/tfr1-binder-design/experiments/007_RFD3_macrocycles/monomer_self_consistency/structural_tsne/tmalign_inputs/length_14_macrocycle_14_0_model_145.pdb	31.29176	-19.440199	23	0.92299235
746	14	length_14_macrocycle_14_0_model_146	/home/dkouv/work/tfr1-binder-design/experiments/007_RFD3_macrocycles/monomer_self_consistency/rfd3_backbones/length_14/length_14_macrocycle_14_0_model_146.cif.gz	/home/dkouv/work/tfr1-binder-design/experiments/007_RFD3_macrocycles/monomer_self_consistency/structural_tsne/tmalign_inputs/length_14_macrocycle_14_0_model_146.pdb	-53.686832	1.261016	15	0.99864054
747	14	length_14_macrocycle_14_0_model_147	/home/dkouv/work/tfr1-binder-design/experiments/007_RFD3_macrocycles/monomer_self_consistency/rfd3_backbones/length_14/length_14_macrocycle_14_0_model_147.cif.gz	/home/dkouv/work/tfr1-binder-design/experiments/007_RFD3_macrocycles/monomer_self_consistency/structural_tsne/tmalign_inputs/length_14_macrocycle_14_0_model_147.pdb	32.793823	-15.959858	1	0.6129918
748	14	length_14_macrocycle_14_0_model_148	/home/dkouv/work/tfr1-binder-design/experiments/007_RFD3_macrocycles/monomer_self_consistency/rfd3_backbones/length_14/length_14_macrocycle_14_0_model_148.cif.gz	/home/dkouv/work/tfr1-binder-design/experiments/007_RFD3_macrocycles/monomer_self_consistency/structural_tsne/tmalign_inputs/length_14_macrocycle_14_0_model_148.pdb	34.62707	-22.49756	27	0.7096555
749	14	length_14_macrocycle_14_0_model_149	/home/dkouv/work/tfr1-binder-design/experiments/007_RFD3_macrocycles/monomer_self_consistency/rfd3_backbones/length_14/length_14_macrocycle_14_0_model_149.cif.gz	/home/dkouv/work/tfr1-binder-design/experiments/007_RFD3_macrocycles/monomer_self_consistency/structural_tsne/tmalign_inputs/length_14_macrocycle_14_0_model_149.pdb	-44.982723	-4.1658597	4	0.8324627
750	14	length_14_macrocycle_14_0_model_150	/home/dkouv/work/tfr1-binder-design/experiments/007_RFD3_macrocycles/monomer_self_consistency/rfd3_backbones/length_14/length_14_macrocycle_14_0_model_150.cif.gz	/home/dkouv/work/tfr1-binder-design/experiments/007_RFD3_macrocycles/monomer_self_consistency/structural_tsne/tmalign_inputs/length_14_macrocycle_14_0_model_150.pdb	21.089752	-29.022095	25	0.4873755
751	14	length_14_macrocycle_14_0_model_151	/home/dkouv/work/tfr1-binder-design/experiments/007_RFD3_macrocycles/monomer_self_consistency/rfd3_backbones/length_14/length_14_macrocycle_14_0_model_151.cif.gz	/home/dkouv/work/tfr1-binder-design/experiments/007_RFD3_macrocycles/monomer_self_consistency/structural_tsne/tmalign_inputs/length_14_macrocycle_14_0_model_151.pdb	36.291916	-26.553263	27	0.9954537
752	14	length_14_macrocycle_14_0_model_152	/home/dkouv/work/tfr1-binder-design/experiments/007_RFD3_macrocycles/monomer_self_consistency/rfd3_backbones/length_14/length_14_macrocycle_14_0_model_152.cif.gz	/home/dkouv/work/tfr1-binder-design/experiments/007_RFD3_macrocycles/monomer_self_consistency/structural_tsne/tmalign_inputs/length_14_macrocycle_14_0_model_152.pdb	26.533298	-19.71152	23	0.87350494
753	14	length_14_macrocycle_14_0_model_153	/home/dkouv/work/tfr1-binder-design/experiments/007_RFD3_macrocycles/monomer_self_consistency/rfd3_backbones/length_14/length_14_macrocycle_14_0_model_153.cif.gz	/home/dkouv/work/tfr1-binder-design/experiments/007_RFD3_macrocycles/monomer_self_consistency/structural_tsne/tmalign_inputs/length_14_macrocycle_14_0_model_153.pdb	23.765545	-25.765163	5	0.60948145
754	14	length_14_macrocycle_14_0_model_154	/home/dkouv/work/tfr1-binder-design/experiments/007_RFD3_macrocycles/monomer_self_consistency/rfd3_backbones/length_14/length_14_macrocycle_14_0_model_154.cif.gz	/home/dkouv/work/tfr1-binder-design/experiments/007_RFD3_macrocycles/monomer_self_consistency/structural_tsne/tmalign_inputs/length_14_macrocycle_14_0_model_154.pdb	35.99203	-25.408308	27	0.98469085
755	14	length_14_macrocycle_14_0_model_155	/home/dkouv/work/tfr1-binder-design/experiments/007_RFD3_macrocycles/monomer_self_consistency/rfd3_backbones/length_14/length_14_macrocycle_14_0_model_155.cif.gz	/home/dkouv/work/tfr1-binder-design/experiments/007_RFD3_macrocycles/monomer_self_consistency/structural_tsne/tmalign_inputs/length_14_macrocycle_14_0_model_155.pdb	-2.9349864	-19.621254	21	0.9670635
756	14	length_14_macrocycle_14_0_model_156	/home/dkouv/work/tfr1-binder-design/experiments/007_RFD3_macrocycles/monomer_self_consistency/rfd3_backbones/length_14/length_14_macrocycle_14_0_model_156.cif.gz	/home/dkouv/work/tfr1-binder-design/experiments/007_RFD3_macrocycles/monomer_self_consistency/structural_tsne/tmalign_inputs/length_14_macrocycle_14_0_model_156.pdb	25.508364	-28.417328	27	0.95863223
757	14	length_14_macrocycle_14_0_model_157	/home/dkouv/work/tfr1-binder-design/experiments/007_RFD3_macrocycles/monomer_self_consistency/rfd3_backbones/length_14/length_14_macrocycle_14_0_model_157.cif.gz	/home/dkouv/work/tfr1-binder-design/experiments/007_RFD3_macrocycles/monomer_self_consistency/structural_tsne/tmalign_inputs/length_14_macrocycle_14_0_model_157.pdb	14.828207	-17.74405	29	0.9627615
758	14	length_14_macrocycle_14_0_model_158	/home/dkouv/work/tfr1-binder-design/experiments/007_RFD3_macrocycles/monomer_self_consistency/rfd3_backbones/length_14/length_14_macrocycle_14_0_model_158.cif.gz	/home/dkouv/work/tfr1-binder-design/experiments/007_RFD3_macrocycles/monomer_self_consistency/structural_tsne/tmalign_inputs/length_14_macrocycle_14_0_model_158.pdb	29.706736	-24.253738	27	0.8913948
759	14	length_14_macrocycle_14_0_model_159	/home/dkouv/work/tfr1-binder-design/experiments/007_RFD3_macrocycles/monomer_self_consistency/rfd3_backbones/length_14/length_14_macrocycle_14_0_model_159.cif.gz	/home/dkouv/work/tfr1-binder-design/experiments/007_RFD3_macrocycles/monomer_self_consistency/structural_tsne/tmalign_inputs/length_14_macrocycle_14_0_model_159.pdb	28.753283	-29.97229	27	0.99961483
760	14	length_14_macrocycle_14_0_model_160	/home/dkouv/work/tfr1-binder-design/experiments/007_RFD3_macrocycles/monomer_self_consistency/rfd3_backbones/length_14/length_14_macrocycle_14_0_model_160.cif.gz	/home/dkouv/work/tfr1-binder-design/experiments/007_RFD3_macrocycles/monomer_self_consistency/structural_tsne/tmalign_inputs/length_14_macrocycle_14_0_model_160.pdb	11.06766	-26.854515	25	0.5708399
761	14	length_14_macrocycle_14_0_model_161	/home/dkouv/work/tfr1-binder-design/experiments/007_RFD3_macrocycles/monomer_self_consistency/rfd3_backbones/length_14/length_14_macrocycle_14_0_model_161.cif.gz	/home/dkouv/work/tfr1-binder-design/experiments/007_RFD3_macrocycles/monomer_self_consistency/structural_tsne/tmalign_inputs/length_14_macrocycle_14_0_model_161.pdb	29.27759	-17.512539	23	0.9902593
762	14	length_14_macrocycle_14_0_model_162	/home/dkouv/work/tfr1-binder-design/experiments/007_RFD3_macrocycles/monomer_self_consistency/rfd3_backbones/length_14/length_14_macrocycle_14_0_model_162.cif.gz	/home/dkouv/work/tfr1-binder-design/experiments/007_RFD3_macrocycles/monomer_self_consistency/structural_tsne/tmalign_inputs/length_14_macrocycle_14_0_model_162.pdb	20.391924	-31.606539	25	0.7673411
763	14	length_14_macrocycle_14_0_model_163	/home/dkouv/work/tfr1-binder-design/experiments/007_RFD3_macrocycles/monomer_self_consistency/rfd3_backbones/length_14/length_14_macrocycle_14_0_model_163.cif.gz	/home/dkouv/work/tfr1-binder-design/experiments/007_RFD3_macrocycles/monomer_self_consistency/structural_tsne/tmalign_inputs/length_14_macrocycle_14_0_model_163.pdb	26.109575	-30.168758	27	0.9810596
764	14	length_14_macrocycle_14_0_model_164	/home/dkouv/work/tfr1-binder-design/experiments/007_RFD3_macrocycles/monomer_self_consistency/rfd3_backbones/length_14/length_14_macrocycle_14_0_model_164.cif.gz	/home/dkouv/work/tfr1-binder-design/experiments/007_RFD3_macrocycles/monomer_self_consistency/structural_tsne/tmalign_inputs/length_14_macrocycle_14_0_model_164.pdb	-13.211084	-14.507414	2	0.9971217
765	14	length_14_macrocycle_14_0_model_165	/home/dkouv/work/tfr1-binder-design/experiments/007_RFD3_macrocycles/monomer_self_consistency/rfd3_backbones/length_14/length_14_macrocycle_14_0_model_165.cif.gz	/home/dkouv/work/tfr1-binder-design/experiments/007_RFD3_macrocycles/monomer_self_consistency/structural_tsne/tmalign_inputs/length_14_macrocycle_14_0_model_165.pdb	28.994936	-27.266796	27	0.99606377
766	14	length_14_macrocycle_14_0_model_166	/home/dkouv/work/tfr1-binder-design/experiments/007_RFD3_macrocycles/monomer_self_consistency/rfd3_backbones/length_14/length_14_macrocycle_14_0_model_166.cif.gz	/home/dkouv/work/tfr1-binder-design/experiments/007_RFD3_macrocycles/monomer_self_consistency/structural_tsne/tmalign_inputs/length_14_macrocycle_14_0_model_166.pdb	28.789722	-16.11655	23	0.9862209
767	14	length_14_macrocycle_14_0_model_167	/home/dkouv/work/tfr1-binder-design/experiments/007_RFD3_macrocycles/monomer_self_consistency/rfd3_backbones/length_14/length_14_macrocycle_14_0_model_167.cif.gz	/home/dkouv/work/tfr1-binder-design/experiments/007_RFD3_macrocycles/monomer_self_consistency/structural_tsne/tmalign_inputs/length_14_macrocycle_14_0_model_167.pdb	-2.6726463	-12.654755	33	0.97451067
768	14	length_14_macrocycle_14_0_model_168	/home/dkouv/work/tfr1-binder-design/experiments/007_RFD3_macrocycles/monomer_self_consistency/rfd3_backbones/length_14/length_14_macrocycle_14_0_model_168.cif.gz	/home/dkouv/work/tfr1-binder-design/experiments/007_RFD3_macrocycles/monomer_self_consistency/structural_tsne/tmalign_inputs/length_14_macrocycle_14_0_model_168.pdb	-38.192776	-12.073676	16	0.96247923
769	14	length_14_macrocycle_14_0_model_169	/home/dkouv/work/tfr1-binder-design/experiments/007_RFD3_macrocycles/monomer_self_consistency/rfd3_backbones/length_14/length_14_macrocycle_14_0_model_169.cif.gz	/home/dkouv/work/tfr1-binder-design/experiments/007_RFD3_macrocycles/monomer_self_consistency/structural_tsne/tmalign_inputs/length_14_macrocycle_14_0_model_169.pdb	9.905577	-26.119328	32	0.69447494
770	14	length_14_macrocycle_14_0_model_170	/home/dkouv/work/tfr1-binder-design/experiments/007_RFD3_macrocycles/monomer_self_consistency/rfd3_backbones/length_14/length_14_macrocycle_14_0_model_170.cif.gz	/home/dkouv/work/tfr1-binder-design/experiments/007_RFD3_macrocycles/monomer_self_consistency/structural_tsne/tmalign_inputs/length_14_macrocycle_14_0_model_170.pdb	-3.5548193	-1.6941092	26	0.99728096
771	14	length_14_macrocycle_14_0_model_171	/home/dkouv/work/tfr1-binder-design/experiments/007_RFD3_macrocycles/monomer_self_consistency/rfd3_backbones/length_14/length_14_macrocycle_14_0_model_171.cif.gz	/home/dkouv/work/tfr1-binder-design/experiments/007_RFD3_macrocycles/monomer_self_consistency/structural_tsne/tmalign_inputs/length_14_macrocycle_14_0_model_171.pdb	20.782785	-28.442125	5	0.5438749
772	14	length_14_macrocycle_14_0_model_172	/home/dkouv/work/tfr1-binder-design/experiments/007_RFD3_macrocycles/monomer_self_consistency/rfd3_backbones/length_14/length_14_macrocycle_14_0_model_172.cif.gz	/home/dkouv/work/tfr1-binder-design/experiments/007_RFD3_macrocycles/monomer_self_consistency/structural_tsne/tmalign_inputs/length_14_macrocycle_14_0_model_172.pdb	-6.3937607	-18.109007	21	0.91262066
773	14	length_14_macrocycle_14_0_model_173	/home/dkouv/work/tfr1-binder-design/experiments/007_RFD3_macrocycles/monomer_self_consistency/rfd3_backbones/length_14/length_14_macrocycle_14_0_model_173.cif.gz	/home/dkouv/work/tfr1-binder-design/experiments/007_RFD3_macrocycles/monomer_self_consistency/structural_tsne/tmalign_inputs/length_14_macrocycle_14_0_model_173.pdb	37.896564	-21.837683	1	0.9450507
774	14	length_14_macrocycle_14_0_model_174	/home/dkouv/work/tfr1-binder-design/experiments/007_RFD3_macrocycles/monomer_self_consistency/rfd3_backbones/length_14/length_14_macrocycle_14_0_model_174.cif.gz	/home/dkouv/work/tfr1-binder-design/experiments/007_RFD3_macrocycles/monomer_self_consistency/structural_tsne/tmalign_inputs/length_14_macrocycle_14_0_model_174.pdb	5.0981708	-21.234907	29	0.8022041
775	14	length_14_macrocycle_14_0_model_175	/home/dkouv/work/tfr1-binder-design/experiments/007_RFD3_macrocycles/monomer_self_consistency/rfd3_backbones/length_14/length_14_macrocycle_14_0_model_175.cif.gz	/home/dkouv/work/tfr1-binder-design/experiments/007_RFD3_macrocycles/monomer_self_consistency/structural_tsne/tmalign_inputs/length_14_macrocycle_14_0_model_175.pdb	14.732569	-28.963997	25	0.9602146
776	14	length_14_macrocycle_14_0_model_176	/home/dkouv/work/tfr1-binder-design/experiments/007_RFD3_macrocycles/monomer_self_consistency/rfd3_backbones/length_14/length_14_macrocycle_14_0_model_176.cif.gz	/home/dkouv/work/tfr1-binder-design/experiments/007_RFD3_macrocycles/monomer_self_consistency/structural_tsne/tmalign_inputs/length_14_macrocycle_14_0_model_176.pdb	25.972666	-21.253693	23	0.6414212
777	14	length_14_macrocycle_14_0_model_177	/home/dkouv/work/tfr1-binder-design/experiments/007_RFD3_macrocycles/monomer_self_consistency/rfd3_backbones/length_14/length_14_macrocycle_14_0_model_177.cif.gz	/home/dkouv/work/tfr1-binder-design/experiments/007_RFD3_macrocycles/monomer_self_consistency/structural_tsne/tmalign_inputs/length_14_macrocycle_14_0_model_177.pdb	-2.893657	0.21229368	26	0.99999905
778	14	length_14_macrocycle_14_0_model_178	/home/dkouv/work/tfr1-binder-design/experiments/007_RFD3_macrocycles/monomer_self_consistency/rfd3_backbones/length_14/length_14_macrocycle_14_0_model_178.cif.gz	/home/dkouv/work/tfr1-binder-design/experiments/007_RFD3_macrocycles/monomer_self_consistency/structural_tsne/tmalign_inputs/length_14_macrocycle_14_0_model_178.pdb	35.829937	-16.640558	1	0.9532825
779	14	length_14_macrocycle_14_0_model_179	/home/dkouv/work/tfr1-binder-design/experiments/007_RFD3_macrocycles/monomer_self_consistency/rfd3_backbones/length_14/length_14_macrocycle_14_0_model_179.cif.gz	/home/dkouv/work/tfr1-binder-design/experiments/007_RFD3_macrocycles/monomer_self_consistency/structural_tsne/tmalign_inputs/length_14_macrocycle_14_0_model_179.pdb	36.68185	-18.007885	1	0.97891694
780	14	length_14_macrocycle_14_0_model_180	/home/dkouv/work/tfr1-binder-design/experiments/007_RFD3_macrocycles/monomer_self_consistency/rfd3_backbones/length_14/length_14_macrocycle_14_0_model_180.cif.gz	/home/dkouv/work/tfr1-binder-design/experiments/007_RFD3_macrocycles/monomer_self_consistency/structural_tsne/tmalign_inputs/length_14_macrocycle_14_0_model_180.pdb	-1.8422483	-0.2664359	26	0.99998754
781	14	length_14_macrocycle_14_0_model_181	/home/dkouv/work/tfr1-binder-design/experiments/007_RFD3_macrocycles/monomer_self_consistency/rfd3_backbones/length_14/length_14_macrocycle_14_0_model_181.cif.gz	/home/dkouv/work/tfr1-binder-design/experiments/007_RFD3_macrocycles/monomer_self_consistency/structural_tsne/tmalign_inputs/length_14_macrocycle_14_0_model_181.pdb	-4.203723	0.1379683	26	0.99999905
782	14	length_14_macrocycle_14_0_model_182	/home/dkouv/work/tfr1-binder-design/experiments/007_RFD3_macrocycles/monomer_self_consistency/rfd3_backbones/length_14/length_14_macrocycle_14_0_model_182.cif.gz	/home/dkouv/work/tfr1-binder-design/experiments/007_RFD3_macrocycles/monomer_self_consistency/structural_tsne/tmalign_inputs/length_14_macrocycle_14_0_model_182.pdb	31.282984	-26.226307	27	0.98747534
783	14	length_14_macrocycle_14_0_model_183	/home/dkouv/work/tfr1-binder-design/experiments/007_RFD3_macrocycles/monomer_self_consistency/rfd3_backbones/length_14/length_14_macrocycle_14_0_model_183.cif.gz	/home/dkouv/work/tfr1-binder-design/experiments/007_RFD3_macrocycles/monomer_self_consistency/structural_tsne/tmalign_inputs/length_14_macrocycle_14_0_model_183.pdb	19.158854	-31.650679	25	0.80312645
784	14	length_14_macrocycle_14_0_model_184	/home/dkouv/work/tfr1-binder-design/experiments/007_RFD3_macrocycles/monomer_self_consistency/rfd3_backbones/length_14/length_14_macrocycle_14_0_model_184.cif.gz	/home/dkouv/work/tfr1-binder-design/experiments/007_RFD3_macrocycles/monomer_self_consistency/structural_tsne/tmalign_inputs/length_14_macrocycle_14_0_model_184.pdb	6.987027	-24.274954	32	0.9365426
785	14	length_14_macrocycle_14_0_model_185	/home/dkouv/work/tfr1-binder-design/experiments/007_RFD3_macrocycles/monomer_self_consistency/rfd3_backbones/length_14/length_14_macrocycle_14_0_model_185.cif.gz	/home/dkouv/work/tfr1-binder-design/experiments/007_RFD3_macrocycles/monomer_self_consistency/structural_tsne/tmalign_inputs/length_14_macrocycle_14_0_model_185.pdb	15.098103	-22.126314	29	0.661174
786	14	length_14_macrocycle_14_0_model_186	/home/dkouv/work/tfr1-binder-design/experiments/007_RFD3_macrocycles/monomer_self_consistency/rfd3_backbones/length_14/length_14_macrocycle_14_0_model_186.cif.gz	/home/dkouv/work/tfr1-binder-design/experiments/007_RFD3_macrocycles/monomer_self_consistency/structural_tsne/tmalign_inputs/length_14_macrocycle_14_0_model_186.pdb	14.483976	-31.30683	25	0.95883983
787	14	length_14_macrocycle_14_0_model_187	/home/dkouv/work/tfr1-binder-design/experiments/007_RFD3_macrocycles/monomer_self_consistency/rfd3_backbones/length_14/length_14_macrocycle_14_0_model_187.cif.gz	/home/dkouv/work/tfr1-binder-design/experiments/007_RFD3_macrocycles/monomer_self_consistency/structural_tsne/tmalign_inputs/length_14_macrocycle_14_0_model_187.pdb	-9.1785145	-17.531084	2	0.9423882
788	14	length_14_macrocycle_14_0_model_188	/home/dkouv/work/tfr1-binder-design/experiments/007_RFD3_macrocycles/monomer_self_consistency/rfd3_backbones/length_14/length_14_macrocycle_14_0_model_188.cif.gz	/home/dkouv/work/tfr1-binder-design/experiments/007_RFD3_macrocycles/monomer_self_consistency/structural_tsne/tmalign_inputs/length_14_macrocycle_14_0_model_188.pdb	26.603367	-27.008444	27	0.98622835
789	14	length_14_macrocycle_14_0_model_189	/home/dkouv/work/tfr1-binder-design/experiments/007_RFD3_macrocycles/monomer_self_consistency/rfd3_backbones/length_14/length_14_macrocycle_14_0_model_189.cif.gz	/home/dkouv/work/tfr1-binder-design/experiments/007_RFD3_macrocycles/monomer_self_consistency/structural_tsne/tmalign_inputs/length_14_macrocycle_14_0_model_189.pdb	35.832127	-24.874361	27	0.97216964
790	14	length_14_macrocycle_14_0_model_190	/home/dkouv/work/tfr1-binder-design/experiments/007_RFD3_macrocycles/monomer_self_consistency/rfd3_backbones/length_14/length_14_macrocycle_14_0_model_190.cif.gz	/home/dkouv/work/tfr1-binder-design/experiments/007_RFD3_macrocycles/monomer_self_consistency/structural_tsne/tmalign_inputs/length_14_macrocycle_14_0_model_190.pdb	33.236492	-29.979248	27	0.99977785
791	14	length_14_macrocycle_14_0_model_191	/home/dkouv/work/tfr1-binder-design/experiments/007_RFD3_macrocycles/monomer_self_consistency/rfd3_backbones/length_14/length_14_macrocycle_14_0_model_191.cif.gz	/home/dkouv/work/tfr1-binder-design/experiments/007_RFD3_macrocycles/monomer_self_consistency/structural_tsne/tmalign_inputs/length_14_macrocycle_14_0_model_191.pdb	30.307169	-24.07475	27	0.8765035
792	14	length_14_macrocycle_14_0_model_192	/home/dkouv/work/tfr1-binder-design/experiments/007_RFD3_macrocycles/monomer_self_consistency/rfd3_backbones/length_14/length_14_macrocycle_14_0_model_192.cif.gz	/home/dkouv/work/tfr1-binder-design/experiments/007_RFD3_macrocycles/monomer_self_consistency/structural_tsne/tmalign_inputs/length_14_macrocycle_14_0_model_192.pdb	34.42624	-21.343914	27	0.35613477
793	14	length_14_macrocycle_14_0_model_193	/home/dkouv/work/tfr1-binder-design/experiments/007_RFD3_macrocycles/monomer_self_consistency/rfd3_backbones/length_14/length_14_macrocycle_14_0_model_193.cif.gz	/home/dkouv/work/tfr1-binder-design/experiments/007_RFD3_macrocycles/monomer_self_consistency/structural_tsne/tmalign_inputs/length_14_macrocycle_14_0_model_193.pdb	26.396475	-21.610508	23	0.65236956
794	14	length_14_macrocycle_14_0_model_194	/home/dkouv/work/tfr1-binder-design/experiments/007_RFD3_macrocycles/monomer_self_consistency/rfd3_backbones/length_14/length_14_macrocycle_14_0_model_194.cif.gz	/home/dkouv/work/tfr1-binder-design/experiments/007_RFD3_macrocycles/monomer_self_consistency/structural_tsne/tmalign_inputs/length_14_macrocycle_14_0_model_194.pdb	12.188694	-27.45653	25	0.8057656
795	14	length_14_macrocycle_14_0_model_195	/home/dkouv/work/tfr1-binder-design/experiments/007_RFD3_macrocycles/monomer_self_consistency/rfd3_backbones/length_14/length_14_macrocycle_14_0_model_195.cif.gz	/home/dkouv/work/tfr1-binder-design/experiments/007_RFD3_macrocycles/monomer_self_consistency/structural_tsne/tmalign_inputs/length_14_macrocycle_14_0_model_195.pdb	28.820847	-29.84794	27	0.9996301
796	14	length_14_macrocycle_14_0_model_196	/home/dkouv/work/tfr1-binder-design/experiments/007_RFD3_macrocycles/monomer_self_consistency/rfd3_backbones/length_14/length_14_macrocycle_14_0_model_196.cif.gz	/home/dkouv/work/tfr1-binder-design/experiments/007_RFD3_macrocycles/monomer_self_consistency/structural_tsne/tmalign_inputs/length_14_macrocycle_14_0_model_196.pdb	4.699169	-21.516901	29	0.6756814
797	14	length_14_macrocycle_14_0_model_197	/home/dkouv/work/tfr1-binder-design/experiments/007_RFD3_macrocycles/monomer_self_consistency/rfd3_backbones/length_14/length_14_macrocycle_14_0_model_197.cif.gz	/home/dkouv/work/tfr1-binder-design/experiments/007_RFD3_macrocycles/monomer_self_consistency/structural_tsne/tmalign_inputs/length_14_macrocycle_14_0_model_197.pdb	38.122936	-21.39245	1	0.96698046
798	14	length_14_macrocycle_14_0_model_198	/home/dkouv/work/tfr1-binder-design/experiments/007_RFD3_macrocycles/monomer_self_consistency/rfd3_backbones/length_14/length_14_macrocycle_14_0_model_198.cif.gz	/home/dkouv/work/tfr1-binder-design/experiments/007_RFD3_macrocycles/monomer_self_consistency/structural_tsne/tmalign_inputs/length_14_macrocycle_14_0_model_198.pdb	-2.190186	-19.161572	21	0.9030616
799	14	length_14_macrocycle_14_0_model_199	/home/dkouv/work/tfr1-binder-design/experiments/007_RFD3_macrocycles/monomer_self_consistency/rfd3_backbones/length_14/length_14_macrocycle_14_0_model_199.cif.gz	/home/dkouv/work/tfr1-binder-design/experiments/007_RFD3_macrocycles/monomer_self_consistency/structural_tsne/tmalign_inputs/length_14_macrocycle_14_0_model_199.pdb	-2.6672816	-16.498539	33	0.51226515
800	16	length_16_macrocycle_16_0_model_0	/home/dkouv/work/tfr1-binder-design/experiments/007_RFD3_macrocycles/monomer_self_consistency/rfd3_backbones/length_16/length_16_macrocycle_16_0_model_0.cif.gz	/home/dkouv/work/tfr1-binder-design/experiments/007_RFD3_macrocycles/monomer_self_consistency/structural_tsne/tmalign_inputs/length_16_macrocycle_16_0_model_0.pdb	10.445823	25.60531	24	0.9995294
801	16	length_16_macrocycle_16_0_model_1	/home/dkouv/work/tfr1-binder-design/experiments/007_RFD3_macrocycles/monomer_self_consistency/rfd3_backbones/length_16/length_16_macrocycle_16_0_model_1.cif.gz	/home/dkouv/work/tfr1-binder-design/experiments/007_RFD3_macrocycles/monomer_self_consistency/structural_tsne/tmalign_inputs/length_16_macrocycle_16_0_model_1.pdb	-2.9571466	-11.650243	33	0.98727614
802	16	length_16_macrocycle_16_0_model_2	/home/dkouv/work/tfr1-binder-design/experiments/007_RFD3_macrocycles/monomer_self_consistency/rfd3_backbones/length_16/length_16_macrocycle_16_0_model_2.cif.gz	/home/dkouv/work/tfr1-binder-design/experiments/007_RFD3_macrocycles/monomer_self_consistency/structural_tsne/tmalign_inputs/length_16_macrocycle_16_0_model_2.pdb	10.272044	24.619722	24	0.99936837
803	16	length_16_macrocycle_16_0_model_3	/home/dkouv/work/tfr1-binder-design/experiments/007_RFD3_macrocycles/monomer_self_consistency/rfd3_backbones/length_16/length_16_macrocycle_16_0_model_3.cif.gz	/home/dkouv/work/tfr1-binder-design/experiments/007_RFD3_macrocycles/monomer_self_consistency/structural_tsne/tmalign_inputs/length_16_macrocycle_16_0_model_3.pdb	10.3108635	21.532139	24	0.9994346
804	16	length_16_macrocycle_16_0_model_4	/home/dkouv/work/tfr1-binder-design/experiments/007_RFD3_macrocycles/monomer_self_consistency/rfd3_backbones/length_16/length_16_macrocycle_16_0_model_4.cif.gz	/home/dkouv/work/tfr1-binder-design/experiments/007_RFD3_macrocycles/monomer_self_consistency/structural_tsne/tmalign_inputs/length_16_macrocycle_16_0_model_4.pdb	4.094464	18.003977	14	0.9999752
805	16	length_16_macrocycle_16_0_model_5	/home/dkouv/work/tfr1-binder-design/experiments/007_RFD3_macrocycles/monomer_self_consistency/rfd3_backbones/length_16/length_16_macrocycle_16_0_model_5.cif.gz	/home/dkouv/work/tfr1-binder-design/experiments/007_RFD3_macrocycles/monomer_self_consistency/structural_tsne/tmalign_inputs/length_16_macrocycle_16_0_model_5.pdb	-52.62029	1.7180779	15	0.98773915
806	16	length_16_macrocycle_16_0_model_6	/home/dkouv/work/tfr1-binder-design/experiments/007_RFD3_macrocycles/monomer_self_consistency/rfd3_backbones/length_16/length_16_macrocycle_16_0_model_6.cif.gz	/home/dkouv/work/tfr1-binder-design/experiments/007_RFD3_macrocycles/monomer_self_consistency/structural_tsne/tmalign_inputs/length_16_macrocycle_16_0_model_6.pdb	10.265808	32.445946	24	0.9986034
807	16	length_16_macrocycle_16_0_model_7	/home/dkouv/work/tfr1-binder-design/experiments/007_RFD3_macrocycles/monomer_self_consistency/rfd3_backbones/length_16/length_16_macrocycle_16_0_model_7.cif.gz	/home/dkouv/work/tfr1-binder-design/experiments/007_RFD3_macrocycles/monomer_self_consistency/structural_tsne/tmalign_inputs/length_16_macrocycle_16_0_model_7.pdb	-4.352512	0.9488489	26	1.0
808	16	length_16_macrocycle_16_0_model_8	/home/dkouv/work/tfr1-binder-design/experiments/007_RFD3_macrocycles/monomer_self_consistency/rfd3_backbones/length_16/length_16_macrocycle_16_0_model_8.cif.gz	/home/dkouv/work/tfr1-binder-design/experiments/007_RFD3_macrocycles/monomer_self_consistency/structural_tsne/tmalign_inputs/length_16_macrocycle_16_0_model_8.pdb	-1.1284478	-5.9351935	8	0.997456
809	16	length_16_macrocycle_16_0_model_9	/home/dkouv/work/tfr1-binder-design/experiments/007_RFD3_macrocycles/monomer_self_consistency/rfd3_backbones/length_16/length_16_macrocycle_16_0_model_9.cif.gz	/home/dkouv/work/tfr1-binder-design/experiments/007_RFD3_macrocycles/monomer_self_consistency/structural_tsne/tmalign_inputs/length_16_macrocycle_16_0_model_9.pdb	-14.2715225	12.452218	19	1.0
810	16	length_16_macrocycle_16_0_model_10	/home/dkouv/work/tfr1-binder-design/experiments/007_RFD3_macrocycles/monomer_self_consistency/rfd3_backbones/length_16/length_16_macrocycle_16_0_model_10.cif.gz	/home/dkouv/work/tfr1-binder-design/experiments/007_RFD3_macrocycles/monomer_self_consistency/structural_tsne/tmalign_inputs/length_16_macrocycle_16_0_model_10.pdb	-14.439819	8.789066	19	1.0
811	16	length_16_macrocycle_16_0_model_11	/home/dkouv/work/tfr1-binder-design/experiments/007_RFD3_macrocycles/monomer_self_consistency/rfd3_backbones/length_16/length_16_macrocycle_16_0_model_11.cif.gz	/home/dkouv/work/tfr1-binder-design/experiments/007_RFD3_macrocycles/monomer_self_consistency/structural_tsne/tmalign_inputs/length_16_macrocycle_16_0_model_11.pdb	3.1019783	26.049227	14	0.9999986
812	16	length_16_macrocycle_16_0_model_12	/home/dkouv/work/tfr1-binder-design/experiments/007_RFD3_macrocycles/monomer_self_consistency/rfd3_backbones/length_16/length_16_macrocycle_16_0_model_12.cif.gz	/home/dkouv/work/tfr1-binder-design/experiments/007_RFD3_macrocycles/monomer_self_consistency/structural_tsne/tmalign_inputs/length_16_macrocycle_16_0_model_12.pdb	6.1971545	19.625965	14	0.96100944
813	16	length_16_macrocycle_16_0_model_13	/home/dkouv/work/tfr1-binder-design/experiments/007_RFD3_macrocycles/monomer_self_consistency/rfd3_backbones/length_16/length_16_macrocycle_16_0_model_13.cif.gz	/home/dkouv/work/tfr1-binder-design/experiments/007_RFD3_macrocycles/monomer_self_consistency/structural_tsne/tmalign_inputs/length_16_macrocycle_16_0_model_13.pdb	-0.19216159	32.24844	3	0.9997444
814	16	length_16_macrocycle_16_0_model_14	/home/dkouv/work/tfr1-binder-design/experiments/007_RFD3_macrocycles/monomer_self_consistency/rfd3_backbones/length_16/length_16_macrocycle_16_0_model_14.cif.gz	/home/dkouv/work/tfr1-binder-design/experiments/007_RFD3_macrocycles/monomer_self_consistency/structural_tsne/tmalign_inputs/length_16_macrocycle_16_0_model_14.pdb	7.566591	-1.9137692	34	0.9295202
815	16	length_16_macrocycle_16_0_model_15	/home/dkouv/work/tfr1-binder-design/experiments/007_RFD3_macrocycles/monomer_self_consistency/rfd3_backbones/length_16/length_16_macrocycle_16_0_model_15.cif.gz	/home/dkouv/work/tfr1-binder-design/experiments/007_RFD3_macrocycles/monomer_self_consistency/structural_tsne/tmalign_inputs/length_16_macrocycle_16_0_model_15.pdb	-9.505109	-12.753621	33	0.99035084
816	16	length_16_macrocycle_16_0_model_16	/home/dkouv/work/tfr1-binder-design/experiments/007_RFD3_macrocycles/monomer_self_consistency/rfd3_backbones/length_16/length_16_macrocycle_16_0_model_16.cif.gz	/home/dkouv/work/tfr1-binder-design/experiments/007_RFD3_macrocycles/monomer_self_consistency/structural_tsne/tmalign_inputs/length_16_macrocycle_16_0_model_16.pdb	5.3167915	25.83956	14	0.9966164
817	16	length_16_macrocycle_16_0_model_17	/home/dkouv/work/tfr1-binder-design/experiments/007_RFD3_macrocycles/monomer_self_consistency/rfd3_backbones/length_16/length_16_macrocycle_16_0_model_17.cif.gz	/home/dkouv/work/tfr1-binder-design/experiments/007_RFD3_macrocycles/monomer_self_consistency/structural_tsne/tmalign_inputs/length_16_macrocycle_16_0_model_17.pdb	-0.09792135	31.745508	3	0.999651
818	16	length_16_macrocycle_16_0_model_18	/home/dkouv/work/tfr1-binder-design/experiments/007_RFD3_macrocycles/monomer_self_consistency/rfd3_backbones/length_16/length_16_macrocycle_16_0_model_18.cif.gz	/home/dkouv/work/tfr1-binder-design/experiments/007_RFD3_macrocycles/monomer_self_consistency/structural_tsne/tmalign_inputs/length_16_macrocycle_16_0_model_18.pdb	8.559307	25.06588	24	0.972868
819	16	length_16_macrocycle_16_0_model_19	/home/dkouv/work/tfr1-binder-design/experiments/007_RFD3_macrocycles/monomer_self_consistency/rfd3_backbones/length_16/length_16_macrocycle_16_0_model_19.cif.gz	/home/dkouv/work/tfr1-binder-design/experiments/007_RFD3_macrocycles/monomer_self_consistency/structural_tsne/tmalign_inputs/length_16_macrocycle_16_0_model_19.pdb	8.040013	-2.5966845	34	0.9177159
820	16	length_16_macrocycle_16_0_model_20	/home/dkouv/work/tfr1-binder-design/experiments/007_RFD3_macrocycles/monomer_self_consistency/rfd3_backbones/length_16/length_16_macrocycle_16_0_model_20.cif.gz	/home/dkouv/work/tfr1-binder-design/experiments/007_RFD3_macrocycles/monomer_self_consistency/structural_tsne/tmalign_inputs/length_16_macrocycle_16_0_model_20.pdb	7.5077	23.239603	24	0.7030751
821	16	length_16_macrocycle_16_0_model_21	/home/dkouv/work/tfr1-binder-design/experiments/007_RFD3_macrocycles/monomer_self_consistency/rfd3_backbones/length_16/length_16_macrocycle_16_0_model_21.cif.gz	/home/dkouv/work/tfr1-binder-design/experiments/007_RFD3_macrocycles/monomer_self_consistency/structural_tsne/tmalign_inputs/length_16_macrocycle_16_0_model_21.pdb	8.696137	24.094004	24	0.9806078
822	16	length_16_macrocycle_16_0_model_22	/home/dkouv/work/tfr1-binder-design/experiments/007_RFD3_macrocycles/monomer_self_consistency/rfd3_backbones/length_16/length_16_macrocycle_16_0_model_22.cif.gz	/home/dkouv/work/tfr1-binder-design/experiments/007_RFD3_macrocycles/monomer_self_consistency/structural_tsne/tmalign_inputs/length_16_macrocycle_16_0_model_22.pdb	5.4320493	23.951378	14	0.99529517
823	16	length_16_macrocycle_16_0_model_23	/home/dkouv/work/tfr1-binder-design/experiments/007_RFD3_macrocycles/monomer_self_consistency/rfd3_backbones/length_16/length_16_macrocycle_16_0_model_23.cif.gz	/home/dkouv/work/tfr1-binder-design/experiments/007_RFD3_macrocycles/monomer_self_consistency/structural_tsne/tmalign_inputs/length_16_macrocycle_16_0_model_23.pdb	10.985014	-5.4602504	34	0.976224
824	16	length_16_macrocycle_16_0_model_24	/home/dkouv/work/tfr1-binder-design/experiments/007_RFD3_macrocycles/monomer_self_consistency/rfd3_backbones/length_16/length_16_macrocycle_16_0_model_24.cif.gz	/home/dkouv/work/tfr1-binder-design/experiments/007_RFD3_macrocycles/monomer_self_consistency/structural_tsne/tmalign_inputs/length_16_macrocycle_16_0_model_24.pdb	20.473557	-17.765163	5	0.78423107
825	16	length_16_macrocycle_16_0_model_25	/home/dkouv/work/tfr1-binder-design/experiments/007_RFD3_macrocycles/monomer_self_consistency/rfd3_backbones/length_16/length_16_macrocycle_16_0_model_25.cif.gz	/home/dkouv/work/tfr1-binder-design/experiments/007_RFD3_macrocycles/monomer_self_consistency/structural_tsne/tmalign_inputs/length_16_macrocycle_16_0_model_25.pdb	-12.494063	14.520324	19	1.0
826	16	length_16_macrocycle_16_0_model_26	/home/dkouv/work/tfr1-binder-design/experiments/007_RFD3_macrocycles/monomer_self_consistency/rfd3_backbones/length_16/length_16_macrocycle_16_0_model_26.cif.gz	/home/dkouv/work/tfr1-binder-design/experiments/007_RFD3_macrocycles/monomer_self_consistency/structural_tsne/tmalign_inputs/length_16_macrocycle_16_0_model_26.pdb	10.834339	31.891266	24	0.99954236
827	16	length_16_macrocycle_16_0_model_27	/home/dkouv/work/tfr1-binder-design/experiments/007_RFD3_macrocycles/monomer_self_consistency/rfd3_backbones/length_16/length_16_macrocycle_16_0_model_27.cif.gz	/home/dkouv/work/tfr1-binder-design/experiments/007_RFD3_macrocycles/monomer_self_consistency/structural_tsne/tmalign_inputs/length_16_macrocycle_16_0_model_27.pdb	2.6071253	18.657192	14	1.0
828	16	length_16_macrocycle_16_0_model_28	/home/dkouv/work/tfr1-binder-design/experiments/007_RFD3_macrocycles/monomer_self_consistency/rfd3_backbones/length_16/length_16_macrocycle_16_0_model_28.cif.gz	/home/dkouv/work/tfr1-binder-design/experiments/007_RFD3_macrocycles/monomer_self_consistency/structural_tsne/tmalign_inputs/length_16_macrocycle_16_0_model_28.pdb	-14.193	13.443308	19	1.0
829	16	length_16_macrocycle_16_0_model_29	/home/dkouv/work/tfr1-binder-design/experiments/007_RFD3_macrocycles/monomer_self_consistency/rfd3_backbones/length_16/length_16_macrocycle_16_0_model_29.cif.gz	/home/dkouv/work/tfr1-binder-design/experiments/007_RFD3_macrocycles/monomer_self_consistency/structural_tsne/tmalign_inputs/length_16_macrocycle_16_0_model_29.pdb	19.73582	-13.023293	18	0.9866672
830	16	length_16_macrocycle_16_0_model_30	/home/dkouv/work/tfr1-binder-design/experiments/007_RFD3_macrocycles/monomer_self_consistency/rfd3_backbones/length_16/length_16_macrocycle_16_0_model_30.cif.gz	/home/dkouv/work/tfr1-binder-design/experiments/007_RFD3_macrocycles/monomer_self_consistency/structural_tsne/tmalign_inputs/length_16_macrocycle_16_0_model_30.pdb	-9.772864	-9.342003	33	0.9982811
831	16	length_16_macrocycle_16_0_model_31	/home/dkouv/work/tfr1-binder-design/experiments/007_RFD3_macrocycles/monomer_self_consistency/rfd3_backbones/length_16/length_16_macrocycle_16_0_model_31.cif.gz	/home/dkouv/work/tfr1-binder-design/experiments/007_RFD3_macrocycles/monomer_self_consistency/structural_tsne/tmalign_inputs/length_16_macrocycle_16_0_model_31.pdb	7.936192	24.704641	24	0.88261855
832	16	length_16_macrocycle_16_0_model_32	/home/dkouv/work/tfr1-binder-design/experiments/007_RFD3_macrocycles/monomer_self_consistency/rfd3_backbones/length_16/length_16_macrocycle_16_0_model_32.cif.gz	/home/dkouv/work/tfr1-binder-design/experiments/007_RFD3_macrocycles/monomer_self_consistency/structural_tsne/tmalign_inputs/length_16_macrocycle_16_0_model_32.pdb	-8.723437	-17.574568	2	0.8618759
833	16	length_16_macrocycle_16_0_model_33	/home/dkouv/work/tfr1-binder-design/experiments/007_RFD3_macrocycles/monomer_self_consistency/rfd3_backbones/length_16/length_16_macrocycle_16_0_model_33.cif.gz	/home/dkouv/work/tfr1-binder-design/experiments/007_RFD3_macrocycles/monomer_self_consistency/structural_tsne/tmalign_inputs/length_16_macrocycle_16_0_model_33.pdb	-52.951447	4.250195	15	0.9926594
834	16	length_16_macrocycle_16_0_model_34	/home/dkouv/work/tfr1-binder-design/experiments/007_RFD3_macrocycles/monomer_self_consistency/rfd3_backbones/length_16/length_16_macrocycle_16_0_model_34.cif.gz	/home/dkouv/work/tfr1-binder-design/experiments/007_RFD3_macrocycles/monomer_self_consistency/structural_tsne/tmalign_inputs/length_16_macrocycle_16_0_model_34.pdb	-13.426235	11.899942	19	1.0
835	16	length_16_macrocycle_16_0_model_35	/home/dkouv/work/tfr1-binder-design/experiments/007_RFD3_macrocycles/monomer_self_consistency/rfd3_backbones/length_16/length_16_macrocycle_16_0_model_35.cif.gz	/home/dkouv/work/tfr1-binder-design/experiments/007_RFD3_macrocycles/monomer_self_consistency/structural_tsne/tmalign_inputs/length_16_macrocycle_16_0_model_35.pdb	-53.10255	3.6718783	15	0.9948055
836	16	length_16_macrocycle_16_0_model_36	/home/dkouv/work/tfr1-binder-design/experiments/007_RFD3_macrocycles/monomer_self_consistency/rfd3_backbones/length_16/length_16_macrocycle_16_0_model_36.cif.gz	/home/dkouv/work/tfr1-binder-design/experiments/007_RFD3_macrocycles/monomer_self_consistency/structural_tsne/tmalign_inputs/length_16_macrocycle_16_0_model_36.pdb	3.4123688	34.13402	3	0.9847025
837	16	length_16_macrocycle_16_0_model_37	/home/dkouv/work/tfr1-binder-design/experiments/007_RFD3_macrocycles/monomer_self_consistency/rfd3_backbones/length_16/length_16_macrocycle_16_0_model_37.cif.gz	/home/dkouv/work/tfr1-binder-design/experiments/007_RFD3_macrocycles/monomer_self_consistency/structural_tsne/tmalign_inputs/length_16_macrocycle_16_0_model_37.pdb	21.306782	-21.307812	5	0.96519995
838	16	length_16_macrocycle_16_0_model_38	/home/dkouv/work/tfr1-binder-design/experiments/007_RFD3_macrocycles/monomer_self_consistency/rfd3_backbones/length_16/length_16_macrocycle_16_0_model_38.cif.gz	/home/dkouv/work/tfr1-binder-design/experiments/007_RFD3_macrocycles/monomer_self_consistency/structural_tsne/tmalign_inputs/length_16_macrocycle_16_0_model_38.pdb	-54.075726	3.9456108	15	0.99820626
839	16	length_16_macrocycle_16_0_model_39	/home/dkouv/work/tfr1-binder-design/experiments/007_RFD3_macrocycles/monomer_self_consistency/rfd3_backbones/length_16/length_16_macrocycle_16_0_model_39.cif.gz	/home/dkouv/work/tfr1-binder-design/experiments/007_RFD3_macrocycles/monomer_self_consistency/structural_tsne/tmalign_inputs/length_16_macrocycle_16_0_model_39.pdb	10.403922	29.112709	24	0.9993188
840	16	length_16_macrocycle_16_0_model_40	/home/dkouv/work/tfr1-binder-design/experiments/007_RFD3_macrocycles/monomer_self_consistency/rfd3_backbones/length_16/length_16_macrocycle_16_0_model_40.cif.gz	/home/dkouv/work/tfr1-binder-design/experiments/007_RFD3_macrocycles/monomer_self_consistency/structural_tsne/tmalign_inputs/length_16_macrocycle_16_0_model_40.pdb	-35.27971	-17.212696	16	0.9918386
841	16	length_16_macrocycle_16_0_model_41	/home/dkouv/work/tfr1-binder-design/experiments/007_RFD3_macrocycles/monomer_self_consistency/rfd3_backbones/length_16/length_16_macrocycle_16_0_model_41.cif.gz	/home/dkouv/work/tfr1-binder-design/experiments/007_RFD3_macrocycles/monomer_self_consistency/structural_tsne/tmalign_inputs/length_16_macrocycle_16_0_model_41.pdb	4.722923	34.538506	3	0.95759976
842	16	length_16_macrocycle_16_0_model_42	/home/dkouv/work/tfr1-binder-design/experiments/007_RFD3_macrocycles/monomer_self_consistency/rfd3_backbones/length_16/length_16_macrocycle_16_0_model_42.cif.gz	/home/dkouv/work/tfr1-binder-design/experiments/007_RFD3_macrocycles/monomer_self_consistency/structural_tsne/tmalign_inputs/length_16_macrocycle_16_0_model_42.pdb	-12.384059	-13.594221	2	0.9523349
843	16	length_16_macrocycle_16_0_model_43	/home/dkouv/work/tfr1-binder-design/experiments/007_RFD3_macrocycles/monomer_self_consistency/rfd3_backbones/length_16/length_16_macrocycle_16_0_model_43.cif.gz	/home/dkouv/work/tfr1-binder-design/experiments/007_RFD3_macrocycles/monomer_self_consistency/structural_tsne/tmalign_inputs/length_16_macrocycle_16_0_model_43.pdb	21.19483	-18.224619	5	0.859024
844	16	length_16_macrocycle_16_0_model_44	/home/dkouv/work/tfr1-binder-design/experiments/007_RFD3_macrocycles/monomer_self_consistency/rfd3_backbones/length_16/length_16_macrocycle_16_0_model_44.cif.gz	/home/dkouv/work/tfr1-binder-design/experiments/007_RFD3_macrocycles/monomer_self_consistency/structural_tsne/tmalign_inputs/length_16_macrocycle_16_0_model_44.pdb	5.3197083	26.783253	14	0.99657553
845	16	length_16_macrocycle_16_0_model_45	/home/dkouv/work/tfr1-binder-design/experiments/007_RFD3_macrocycles/monomer_self_consistency/rfd3_backbones/length_16/length_16_macrocycle_16_0_model_45.cif.gz	/home/dkouv/work/tfr1-binder-design/experiments/007_RFD3_macrocycles/monomer_self_consistency/structural_tsne/tmalign_inputs/length_16_macrocycle_16_0_model_45.pdb	-15.120051	7.3548574	19	0.9999995
846	16	length_16_macrocycle_16_0_model_46	/home/dkouv/work/tfr1-binder-design/experiments/007_RFD3_macrocycles/monomer_self_consistency/rfd3_backbones/length_16/length_16_macrocycle_16_0_model_46.cif.gz	/home/dkouv/work/tfr1-binder-design/experiments/007_RFD3_macrocycles/monomer_self_consistency/structural_tsne/tmalign_inputs/length_16_macrocycle_16_0_model_46.pdb	11.360909	-5.7720084	34	0.9815663
847	16	length_16_macrocycle_16_0_model_47	/home/dkouv/work/tfr1-binder-design/experiments/007_RFD3_macrocycles/monomer_self_consistency/rfd3_backbones/length_16/length_16_macrocycle_16_0_model_47.cif.gz	/home/dkouv/work/tfr1-binder-design/experiments/007_RFD3_macrocycles/monomer_self_consistency/structural_tsne/tmalign_inputs/length_16_macrocycle_16_0_model_47.pdb	19.936499	-12.853794	18	0.9872178
848	16	length_16_macrocycle_16_0_model_48	/home/dkouv/work/tfr1-binder-design/experiments/007_RFD3_macrocycles/monomer_self_consistency/rfd3_backbones/length_16/length_16_macrocycle_16_0_model_48.cif.gz	/home/dkouv/work/tfr1-binder-design/experiments/007_RFD3_macrocycles/monomer_self_consistency/structural_tsne/tmalign_inputs/length_16_macrocycle_16_0_model_48.pdb	9.136865	33.023197	24	0.98466027
849	16	length_16_macrocycle_16_0_model_49	/home/dkouv/work/tfr1-binder-design/experiments/007_RFD3_macrocycles/monomer_self_consistency/rfd3_backbones/length_16/length_16_macrocycle_16_0_model_49.cif.gz	/home/dkouv/work/tfr1-binder-design/experiments/007_RFD3_macrocycles/monomer_self_consistency/structural_tsne/tmalign_inputs/length_16_macrocycle_16_0_model_49.pdb	-0.48623607	32.497925	3	0.9996439
850	16	length_16_macrocycle_16_0_model_50	/home/dkouv/work/tfr1-binder-design/experiments/007_RFD3_macrocycles/monomer_self_consistency/rfd3_backbones/length_16/length_16_macrocycle_16_0_model_50.cif.gz	/home/dkouv/work/tfr1-binder-design/experiments/007_RFD3_macrocycles/monomer_self_consistency/structural_tsne/tmalign_inputs/length_16_macrocycle_16_0_model_50.pdb	-7.7718115	-9.429962	33	0.997319
851	16	length_16_macrocycle_16_0_model_51	/home/dkouv/work/tfr1-binder-design/experiments/007_RFD3_macrocycles/monomer_self_consistency/rfd3_backbones/length_16/length_16_macrocycle_16_0_model_51.cif.gz	/home/dkouv/work/tfr1-binder-design/experiments/007_RFD3_macrocycles/monomer_self_consistency/structural_tsne/tmalign_inputs/length_16_macrocycle_16_0_model_51.pdb	4.7966514	20.425547	14	0.99957484
852	16	length_16_macrocycle_16_0_model_52	/home/dkouv/work/tfr1-binder-design/experiments/007_RFD3_macrocycles/monomer_self_consistency/rfd3_backbones/length_16/length_16_macrocycle_16_0_model_52.cif.gz	/home/dkouv/work/tfr1-binder-design/experiments/007_RFD3_macrocycles/monomer_self_consistency/structural_tsne/tmalign_inputs/length_16_macrocycle_16_0_model_52.pdb	4.7958245	25.016628	14	0.99941987
853	16	length_16_macrocycle_16_0_model_53	/home/dkouv/work/tfr1-binder-design/experiments/007_RFD3_macrocycles/monomer_self_consistency/rfd3_backbones/length_16/length_16_macrocycle_16_0_model_53.cif.gz	/home/dkouv/work/tfr1-binder-design/experiments/007_RFD3_macrocycles/monomer_self_consistency/structural_tsne/tmalign_inputs/length_16_macrocycle_16_0_model_53.pdb	4.006167	21.68693	14	0.9999718
854	16	length_16_macrocycle_16_0_model_54	/home/dkouv/work/tfr1-binder-design/experiments/007_RFD3_macrocycles/monomer_self_consistency/rfd3_backbones/length_16/length_16_macrocycle_16_0_model_54.cif.gz	/home/dkouv/work/tfr1-binder-design/experiments/007_RFD3_macrocycles/monomer_self_consistency/structural_tsne/tmalign_inputs/length_16_macrocycle_16_0_model_54.pdb	-12.053312	11.07808	19	1.0
855	16	length_16_macrocycle_16_0_model_55	/home/dkouv/work/tfr1-binder-design/experiments/007_RFD3_macrocycles/monomer_self_consistency/rfd3_backbones/length_16/length_16_macrocycle_16_0_model_55.cif.gz	/home/dkouv/work/tfr1-binder-design/experiments/007_RFD3_macrocycles/monomer_self_consistency/structural_tsne/tmalign_inputs/length_16_macrocycle_16_0_model_55.pdb	-14.113919	12.11451	19	1.0
856	16	length_16_macrocycle_16_0_model_56	/home/dkouv/work/tfr1-binder-design/experiments/007_RFD3_macrocycles/monomer_self_consistency/rfd3_backbones/length_16/length_16_macrocycle_16_0_model_56.cif.gz	/home/dkouv/work/tfr1-binder-design/experiments/007_RFD3_macrocycles/monomer_self_consistency/structural_tsne/tmalign_inputs/length_16_macrocycle_16_0_model_56.pdb	-51.49584	1.7313014	15	0.8406241
857	16	length_16_macrocycle_16_0_model_57	/home/dkouv/work/tfr1-binder-design/experiments/007_RFD3_macrocycles/monomer_self_consistency/rfd3_backbones/length_16/length_16_macrocycle_16_0_model_57.cif.gz	/home/dkouv/work/tfr1-binder-design/experiments/007_RFD3_macrocycles/monomer_self_consistency/structural_tsne/tmalign_inputs/length_16_macrocycle_16_0_model_57.pdb	20.88855	-10.37614	18	0.9977776
858	16	length_16_macrocycle_16_0_model_58	/home/dkouv/work/tfr1-binder-design/experiments/007_RFD3_macrocycles/monomer_self_consistency/rfd3_backbones/length_16/length_16_macrocycle_16_0_model_58.cif.gz	/home/dkouv/work/tfr1-binder-design/experiments/007_RFD3_macrocycles/monomer_self_consistency/structural_tsne/tmalign_inputs/length_16_macrocycle_16_0_model_58.pdb	7.551378	23.873705	24	0.7295595
859	16	length_16_macrocycle_16_0_model_59	/home/dkouv/work/tfr1-binder-design/experiments/007_RFD3_macrocycles/monomer_self_consistency/rfd3_backbones/length_16/length_16_macrocycle_16_0_model_59.cif.gz	/home/dkouv/work/tfr1-binder-design/experiments/007_RFD3_macrocycles/monomer_self_consistency/structural_tsne/tmalign_inputs/length_16_macrocycle_16_0_model_59.pdb	5.3316126	23.289976	14	0.9967172
860	16	length_16_macrocycle_16_0_model_60	/home/dkouv/work/tfr1-binder-design/experiments/007_RFD3_macrocycles/monomer_self_consistency/rfd3_backbones/length_16/length_16_macrocycle_16_0_model_60.cif.gz	/home/dkouv/work/tfr1-binder-design/experiments/007_RFD3_macrocycles/monomer_self_consistency/structural_tsne/tmalign_inputs/length_16_macrocycle_16_0_model_60.pdb	5.5222015	28.464602	14	0.9936507
861	16	length_16_macrocycle_16_0_model_61	/home/dkouv/work/tfr1-binder-design/experiments/007_RFD3_macrocycles/monomer_self_consistency/rfd3_backbones/length_16/length_16_macrocycle_16_0_model_61.cif.gz	/home/dkouv/work/tfr1-binder-design/experiments/007_RFD3_macrocycles/monomer_self_consistency/structural_tsne/tmalign_inputs/length_16_macrocycle_16_0_model_61.pdb	7.5916543	27.99958	24	0.7334257
862	16	length_16_macrocycle_16_0_model_62	/home/dkouv/work/tfr1-binder-design/experiments/007_RFD3_macrocycles/monomer_self_consistency/rfd3_backbones/length_16/length_16_macrocycle_16_0_model_62.cif.gz	/home/dkouv/work/tfr1-binder-design/experiments/007_RFD3_macrocycles/monomer_self_consistency/structural_tsne/tmalign_inputs/length_16_macrocycle_16_0_model_62.pdb	9.878995	31.860662	24	0.99731565
863	16	length_16_macrocycle_16_0_model_63	/home/dkouv/work/tfr1-binder-design/experiments/007_RFD3_macrocycles/monomer_self_consistency/rfd3_backbones/length_16/length_16_macrocycle_16_0_model_63.cif.gz	/home/dkouv/work/tfr1-binder-design/experiments/007_RFD3_macrocycles/monomer_self_consistency/structural_tsne/tmalign_inputs/length_16_macrocycle_16_0_model_63.pdb	10.511879	26.464163	24	0.9995624
864	16	length_16_macrocycle_16_0_model_64	/home/dkouv/work/tfr1-binder-design/experiments/007_RFD3_macrocycles/monomer_self_consistency/rfd3_backbones/length_16/length_16_macrocycle_16_0_model_64.cif.gz	/home/dkouv/work/tfr1-binder-design/experiments/007_RFD3_macrocycles/monomer_self_consistency/structural_tsne/tmalign_inputs/length_16_macrocycle_16_0_model_64.pdb	8.08304	32.272636	24	0.8657152
865	16	length_16_macrocycle_16_0_model_65	/home/dkouv/work/tfr1-binder-design/experiments/007_RFD3_macrocycles/monomer_self_consistency/rfd3_backbones/length_16/length_16_macrocycle_16_0_model_65.cif.gz	/home/dkouv/work/tfr1-binder-design/experiments/007_RFD3_macrocycles/monomer_self_consistency/structural_tsne/tmalign_inputs/length_16_macrocycle_16_0_model_65.pdb	5.5963974	28.06835	14	0.9918674
866	16	length_16_macrocycle_16_0_model_66	/home/dkouv/work/tfr1-binder-design/experiments/007_RFD3_macrocycles/monomer_self_consistency/rfd3_backbones/length_16/length_16_macrocycle_16_0_model_66.cif.gz	/home/dkouv/work/tfr1-binder-design/experiments/007_RFD3_macrocycles/monomer_self_consistency/structural_tsne/tmalign_inputs/length_16_macrocycle_16_0_model_66.pdb	5.618341	34.244785	3	0.91748536
867	16	length_16_macrocycle_16_0_model_67	/home/dkouv/work/tfr1-binder-design/experiments/007_RFD3_macrocycles/monomer_self_consistency/rfd3_backbones/length_16/length_16_macrocycle_16_0_model_67.cif.gz	/home/dkouv/work/tfr1-binder-design/experiments/007_RFD3_macrocycles/monomer_self_consistency/structural_tsne/tmalign_inputs/length_16_macrocycle_16_0_model_67.pdb	7.389531	26.66308	24	0.6288363
868	16	length_16_macrocycle_16_0_model_68	/home/dkouv/work/tfr1-binder-design/experiments/007_RFD3_macrocycles/monomer_self_consistency/rfd3_backbones/length_16/length_16_macrocycle_16_0_model_68.cif.gz	/home/dkouv/work/tfr1-binder-design/experiments/007_RFD3_macrocycles/monomer_self_consistency/structural_tsne/tmalign_inputs/length_16_macrocycle_16_0_model_68.pdb	-6.444802	-10.072791	33	0.9965865
869	16	length_16_macrocycle_16_0_model_69	/home/dkouv/work/tfr1-binder-design/experiments/007_RFD3_macrocycles/monomer_self_consistency/rfd3_backbones/length_16/length_16_macrocycle_16_0_model_69.cif.gz	/home/dkouv/work/tfr1-binder-design/experiments/007_RFD3_macrocycles/monomer_self_consistency/structural_tsne/tmalign_inputs/length_16_macrocycle_16_0_model_69.pdb	-8.795406	-13.447716	33	0.9685106
870	16	length_16_macrocycle_16_0_model_70	/home/dkouv/work/tfr1-binder-design/experiments/007_RFD3_macrocycles/monomer_self_consistency/rfd3_backbones/length_16/length_16_macrocycle_16_0_model_70.cif.gz	/home/dkouv/work/tfr1-binder-design/experiments/007_RFD3_macrocycles/monomer_self_consistency/structural_tsne/tmalign_inputs/length_16_macrocycle_16_0_model_70.pdb	11.305267	-25.113197	25	0.74255174
871	16	length_16_macrocycle_16_0_model_71	/home/dkouv/work/tfr1-binder-design/experiments/007_RFD3_macrocycles/monomer_self_consistency/rfd3_backbones/length_16/length_16_macrocycle_16_0_model_71.cif.gz	/home/dkouv/work/tfr1-binder-design/experiments/007_RFD3_macrocycles/monomer_self_consistency/structural_tsne/tmalign_inputs/length_16_macrocycle_16_0_model_71.pdb	8.91914	26.238987	24	0.9878182
872	16	length_16_macrocycle_16_0_model_72	/home/dkouv/work/tfr1-binder-design/experiments/007_RFD3_macrocycles/monomer_self_consistency/rfd3_backbones/length_16/length_16_macrocycle_16_0_model_72.cif.gz	/home/dkouv/work/tfr1-binder-design/experiments/007_RFD3_macrocycles/monomer_self_consistency/structural_tsne/tmalign_inputs/length_16_macrocycle_16_0_model_72.pdb	-50.981968	7.675897	15	0.88318187
873	16	length_16_macrocycle_16_0_model_73	/home/dkouv/work/tfr1-binder-design/experiments/007_RFD3_macrocycles/monomer_self_consistency/rfd3_backbones/length_16/length_16_macrocycle_16_0_model_73.cif.gz	/home/dkouv/work/tfr1-binder-design/experiments/007_RFD3_macrocycles/monomer_self_consistency/structural_tsne/tmalign_inputs/length_16_macrocycle_16_0_model_73.pdb	8.941503	31.862484	24	0.98088276
874	16	length_16_macrocycle_16_0_model_74	/home/dkouv/work/tfr1-binder-design/experiments/007_RFD3_macrocycles/monomer_self_consistency/rfd3_backbones/length_16/length_16_macrocycle_16_0_model_74.cif.gz	/home/dkouv/work/tfr1-binder-design/experiments/007_RFD3_macrocycles/monomer_self_consistency/structural_tsne/tmalign_inputs/length_16_macrocycle_16_0_model_74.pdb	5.940301	31.696585	14	0.9745367
875	16	length_16_macrocycle_16_0_model_75	/home/dkouv/work/tfr1-binder-design/experiments/007_RFD3_macrocycles/monomer_self_consistency/rfd3_backbones/length_16/length_16_macrocycle_16_0_model_75.cif.gz	/home/dkouv/work/tfr1-binder-design/experiments/007_RFD3_macrocycles/monomer_self_consistency/structural_tsne/tmalign_inputs/length_16_macrocycle_16_0_model_75.pdb	-51.671535	1.785976	15	0.8954185
876	16	length_16_macrocycle_16_0_model_76	/home/dkouv/work/tfr1-binder-design/experiments/007_RFD3_macrocycles/monomer_self_consistency/rfd3_backbones/length_16/length_16_macrocycle_16_0_model_76.cif.gz	/home/dkouv/work/tfr1-binder-design/experiments/007_RFD3_macrocycles/monomer_self_consistency/structural_tsne/tmalign_inputs/length_16_macrocycle_16_0_model_76.pdb	10.715752	25.837646	24	0.999713
877	16	length_16_macrocycle_16_0_model_77	/home/dkouv/work/tfr1-binder-design/experiments/007_RFD3_macrocycles/monomer_self_consistency/rfd3_backbones/length_16/length_16_macrocycle_16_0_model_77.cif.gz	/home/dkouv/work/tfr1-binder-design/experiments/007_RFD3_macrocycles/monomer_self_consistency/structural_tsne/tmalign_inputs/length_16_macrocycle_16_0_model_77.pdb	18.065416	-15.405664	18	0.9166466
878	16	length_16_macrocycle_16_0_model_78	/home/dkouv/work/tfr1-binder-design/experiments/007_RFD3_macrocycles/monomer_self_consistency/rfd3_backbones/length_16/length_16_macrocycle_16_0_model_78.cif.gz	/home/dkouv/work/tfr1-binder-design/experiments/007_RFD3_macrocycles/monomer_self_consistency/structural_tsne/tmalign_inputs/length_16_macrocycle_16_0_model_78.pdb	2.369837	32.76004	3	0.9903659
879	16	length_16_macrocycle_16_0_model_79	/home/dkouv/work/tfr1-binder-design/experiments/007_RFD3_macrocycles/monomer_self_consistency/rfd3_backbones/length_16/length_16_macrocycle_16_0_model_79.cif.gz	/home/dkouv/work/tfr1-binder-design/experiments/007_RFD3_macrocycles/monomer_self_consistency/structural_tsne/tmalign_inputs/length_16_macrocycle_16_0_model_79.pdb	4.8633947	34.94618	3	0.9502224
880	16	length_16_macrocycle_16_0_model_80	/home/dkouv/work/tfr1-binder-design/experiments/007_RFD3_macrocycles/monomer_self_consistency/rfd3_backbones/length_16/length_16_macrocycle_16_0_model_80.cif.gz	/home/dkouv/work/tfr1-binder-design/experiments/007_RFD3_macrocycles/monomer_self_consistency/structural_tsne/tmalign_inputs/length_16_macrocycle_16_0_model_80.pdb	-40.704178	-14.696501	16	0.95300984
881	16	length_16_macrocycle_16_0_model_81	/home/dkouv/work/tfr1-binder-design/experiments/007_RFD3_macrocycles/monomer_self_consistency/rfd3_backbones/length_16/length_16_macrocycle_16_0_model_81.cif.gz	/home/dkouv/work/tfr1-binder-design/experiments/007_RFD3_macrocycles/monomer_self_consistency/structural_tsne/tmalign_inputs/length_16_macrocycle_16_0_model_81.pdb	5.9034557	-5.2906017	8	0.9999857
882	16	length_16_macrocycle_16_0_model_82	/home/dkouv/work/tfr1-binder-design/experiments/007_RFD3_macrocycles/monomer_self_consistency/rfd3_backbones/length_16/length_16_macrocycle_16_0_model_82.cif.gz	/home/dkouv/work/tfr1-binder-design/experiments/007_RFD3_macrocycles/monomer_self_consistency/structural_tsne/tmalign_inputs/length_16_macrocycle_16_0_model_82.pdb	-53.077385	1.1562024	15	0.99507594
883	16	length_16_macrocycle_16_0_model_83	/home/dkouv/work/tfr1-binder-design/experiments/007_RFD3_macrocycles/monomer_self_consistency/rfd3_backbones/length_16/length_16_macrocycle_16_0_model_83.cif.gz	/home/dkouv/work/tfr1-binder-design/experiments/007_RFD3_macrocycles/monomer_self_consistency/structural_tsne/tmalign_inputs/length_16_macrocycle_16_0_model_83.pdb	19.52126	-19.853165	5	0.8477418
884	16	length_16_macrocycle_16_0_model_84	/home/dkouv/work/tfr1-binder-design/experiments/007_RFD3_macrocycles/monomer_self_consistency/rfd3_backbones/length_16/length_16_macrocycle_16_0_model_84.cif.gz	/home/dkouv/work/tfr1-binder-design/experiments/007_RFD3_macrocycles/monomer_self_consistency/structural_tsne/tmalign_inputs/length_16_macrocycle_16_0_model_84.pdb	11.001598	27.21351	24	0.99980927
885	16	length_16_macrocycle_16_0_model_85	/home/dkouv/work/tfr1-binder-design/experiments/007_RFD3_macrocycles/monomer_self_consistency/rfd3_backbones/length_16/length_16_macrocycle_16_0_model_85.cif.gz	/home/dkouv/work/tfr1-binder-design/experiments/007_RFD3_macrocycles/monomer_self_consistency/structural_tsne/tmalign_inputs/length_16_macrocycle_16_0_model_85.pdb	-12.504072	14.515941	19	1.0
886	16	length_16_macrocycle_16_0_model_86	/home/dkouv/work/tfr1-binder-design/experiments/007_RFD3_macrocycles/monomer_self_consistency/rfd3_backbones/length_16/length_16_macrocycle_16_0_model_86.cif.gz	/home/dkouv/work/tfr1-binder-design/experiments/007_RFD3_macrocycles/monomer_self_consistency/structural_tsne/tmalign_inputs/length_16_macrocycle_16_0_model_86.pdb	19.129942	-9.923094	18	0.99696994
887	16	length_16_macrocycle_16_0_model_87	/home/dkouv/work/tfr1-binder-design/experiments/007_RFD3_macrocycles/monomer_self_consistency/rfd3_backbones/length_16/length_16_macrocycle_16_0_model_87.cif.gz	/home/dkouv/work/tfr1-binder-design/experiments/007_RFD3_macrocycles/monomer_self_consistency/structural_tsne/tmalign_inputs/length_16_macrocycle_16_0_model_87.pdb	2.8243408	25.851887	14	0.9999995
888	16	length_16_macrocycle_16_0_model_88	/home/dkouv/work/tfr1-binder-design/experiments/007_RFD3_macrocycles/monomer_self_consistency/rfd3_backbones/length_16/length_16_macrocycle_16_0_model_88.cif.gz	/home/dkouv/work/tfr1-binder-design/experiments/007_RFD3_macrocycles/monomer_self_consistency/structural_tsne/tmalign_inputs/length_16_macrocycle_16_0_model_88.pdb	10.807012	-17.921247	29	0.9939568
889	16	length_16_macrocycle_16_0_model_89	/home/dkouv/work/tfr1-binder-design/experiments/007_RFD3_macrocycles/monomer_self_consistency/rfd3_backbones/length_16/length_16_macrocycle_16_0_model_89.cif.gz	/home/dkouv/work/tfr1-binder-design/experiments/007_RFD3_macrocycles/monomer_self_consistency/structural_tsne/tmalign_inputs/length_16_macrocycle_16_0_model_89.pdb	7.2748632	27.36235	24	0.5471459
890	16	length_16_macrocycle_16_0_model_90	/home/dkouv/work/tfr1-binder-design/experiments/007_RFD3_macrocycles/monomer_self_consistency/rfd3_backbones/length_16/length_16_macrocycle_16_0_model_90.cif.gz	/home/dkouv/work/tfr1-binder-design/experiments/007_RFD3_macrocycles/monomer_self_consistency/structural_tsne/tmalign_inputs/length_16_macrocycle_16_0_model_90.pdb	28.071339	-16.309755	23	0.9757294
891	16	length_16_macrocycle_16_0_model_91	/home/dkouv/work/tfr1-binder-design/experiments/007_RFD3_macrocycles/monomer_self_consistency/rfd3_backbones/length_16/length_16_macrocycle_16_0_model_91.cif.gz	/home/dkouv/work/tfr1-binder-design/experiments/007_RFD3_macrocycles/monomer_self_consistency/structural_tsne/tmalign_inputs/length_16_macrocycle_16_0_model_91.pdb	10.25171	29.304686	24	0.99907017
892	16	length_16_macrocycle_16_0_model_92	/home/dkouv/work/tfr1-binder-design/experiments/007_RFD3_macrocycles/monomer_self_consistency/rfd3_backbones/length_16/length_16_macrocycle_16_0_model_92.cif.gz	/home/dkouv/work/tfr1-binder-design/experiments/007_RFD3_macrocycles/monomer_self_consistency/structural_tsne/tmalign_inputs/length_16_macrocycle_16_0_model_92.pdb	3.0150757	-14.131532	33	0.9965403
893	16	length_16_macrocycle_16_0_model_93	/home/dkouv/work/tfr1-binder-design/experiments/007_RFD3_macrocycles/monomer_self_consistency/rfd3_backbones/length_16/length_16_macrocycle_16_0_model_93.cif.gz	/home/dkouv/work/tfr1-binder-design/experiments/007_RFD3_macrocycles/monomer_self_consistency/structural_tsne/tmalign_inputs/length_16_macrocycle_16_0_model_93.pdb	8.110811	28.79879	24	0.908528
894	16	length_16_macrocycle_16_0_model_94	/home/dkouv/work/tfr1-binder-design/experiments/007_RFD3_macrocycles/monomer_self_consistency/rfd3_backbones/length_16/length_16_macrocycle_16_0_model_94.cif.gz	/home/dkouv/work/tfr1-binder-design/experiments/007_RFD3_macrocycles/monomer_self_consistency/structural_tsne/tmalign_inputs/length_16_macrocycle_16_0_model_94.pdb	8.559751	25.21978	24	0.9728086
895	16	length_16_macrocycle_16_0_model_95	/home/dkouv/work/tfr1-binder-design/experiments/007_RFD3_macrocycles/monomer_self_consistency/rfd3_backbones/length_16/length_16_macrocycle_16_0_model_95.cif.gz	/home/dkouv/work/tfr1-binder-design/experiments/007_RFD3_macrocycles/monomer_self_consistency/structural_tsne/tmalign_inputs/length_16_macrocycle_16_0_model_95.pdb	-5.792671	-9.538106	33	0.9954252
896	16	length_16_macrocycle_16_0_model_96	/home/dkouv/work/tfr1-binder-design/experiments/007_RFD3_macrocycles/monomer_self_consistency/rfd3_backbones/length_16/length_16_macrocycle_16_0_model_96.cif.gz	/home/dkouv/work/tfr1-binder-design/experiments/007_RFD3_macrocycles/monomer_self_consistency/structural_tsne/tmalign_inputs/length_16_macrocycle_16_0_model_96.pdb	-13.941432	11.807449	19	1.0
897	16	length_16_macrocycle_16_0_model_97	/home/dkouv/work/tfr1-binder-design/experiments/007_RFD3_macrocycles/monomer_self_consistency/rfd3_backbones/length_16/length_16_macrocycle_16_0_model_97.cif.gz	/home/dkouv/work/tfr1-binder-design/experiments/007_RFD3_macrocycles/monomer_self_consistency/structural_tsne/tmalign_inputs/length_16_macrocycle_16_0_model_97.pdb	11.078403	28.12661	24	0.99981785
898	16	length_16_macrocycle_16_0_model_98	/home/dkouv/work/tfr1-binder-design/experiments/007_RFD3_macrocycles/monomer_self_consistency/rfd3_backbones/length_16/length_16_macrocycle_16_0_model_98.cif.gz	/home/dkouv/work/tfr1-binder-design/experiments/007_RFD3_macrocycles/monomer_self_consistency/structural_tsne/tmalign_inputs/length_16_macrocycle_16_0_model_98.pdb	5.7673497	-5.3041124	8	0.99999046
899	16	length_16_macrocycle_16_0_model_99	/home/dkouv/work/tfr1-binder-design/experiments/007_RFD3_macrocycles/monomer_self_consistency/rfd3_backbones/length_16/length_16_macrocycle_16_0_model_99.cif.gz	/home/dkouv/work/tfr1-binder-design/experiments/007_RFD3_macrocycles/monomer_self_consistency/structural_tsne/tmalign_inputs/length_16_macrocycle_16_0_model_99.pdb	8.646902	-5.3516593	8	0.6920505
900	16	length_16_macrocycle_16_0_model_100	/home/dkouv/work/tfr1-binder-design/experiments/007_RFD3_macrocycles/monomer_self_consistency/rfd3_backbones/length_16/length_16_macrocycle_16_0_model_100.cif.gz	/home/dkouv/work/tfr1-binder-design/experiments/007_RFD3_macrocycles/monomer_self_consistency/structural_tsne/tmalign_inputs/length_16_macrocycle_16_0_model_100.pdb	-53.88588	1.2005339	15	0.9990834
901	16	length_16_macrocycle_16_0_model_101	/home/dkouv/work/tfr1-binder-design/experiments/007_RFD3_macrocycles/monomer_self_consistency/rfd3_backbones/length_16/length_16_macrocycle_16_0_model_101.cif.gz	/home/dkouv/work/tfr1-binder-design/experiments/007_RFD3_macrocycles/monomer_self_consistency/structural_tsne/tmalign_inputs/length_16_macrocycle_16_0_model_101.pdb	0.051413283	-16.740946	33	0.9169037
902	16	length_16_macrocycle_16_0_model_102	/home/dkouv/work/tfr1-binder-design/experiments/007_RFD3_macrocycles/monomer_self_consistency/rfd3_backbones/length_16/length_16_macrocycle_16_0_model_102.cif.gz	/home/dkouv/work/tfr1-binder-design/experiments/007_RFD3_macrocycles/monomer_self_consistency/structural_tsne/tmalign_inputs/length_16_macrocycle_16_0_model_102.pdb	8.0497265	-2.6452017	34	0.9176533
903	16	length_16_macrocycle_16_0_model_103	/home/dkouv/work/tfr1-binder-design/experiments/007_RFD3_macrocycles/monomer_self_consistency/rfd3_backbones/length_16/length_16_macrocycle_16_0_model_103.cif.gz	/home/dkouv/work/tfr1-binder-design/experiments/007_RFD3_macrocycles/monomer_self_consistency/structural_tsne/tmalign_inputs/length_16_macrocycle_16_0_model_103.pdb	-6.234179	-9.456221	33	0.99555624
904	16	length_16_macrocycle_16_0_model_104	/home/dkouv/work/tfr1-binder-design/experiments/007_RFD3_macrocycles/monomer_self_consistency/rfd3_backbones/length_16/length_16_macrocycle_16_0_model_104.cif.gz	/home/dkouv/work/tfr1-binder-design/experiments/007_RFD3_macrocycles/monomer_self_consistency/structural_tsne/tmalign_inputs/length_16_macrocycle_16_0_model_104.pdb	4.9724507	15.77702	14	0.9995938
905	16	length_16_macrocycle_16_0_model_105	/home/dkouv/work/tfr1-binder-design/experiments/007_RFD3_macrocycles/monomer_self_consistency/rfd3_backbones/length_16/length_16_macrocycle_16_0_model_105.cif.gz	/home/dkouv/work/tfr1-binder-design/experiments/007_RFD3_macrocycles/monomer_self_consistency/structural_tsne/tmalign_inputs/length_16_macrocycle_16_0_model_105.pdb	-53.741787	4.731578	15	0.9961564
906	16	length_16_macrocycle_16_0_model_106	/home/dkouv/work/tfr1-binder-design/experiments/007_RFD3_macrocycles/monomer_self_consistency/rfd3_backbones/length_16/length_16_macrocycle_16_0_model_106.cif.gz	/home/dkouv/work/tfr1-binder-design/experiments/007_RFD3_macrocycles/monomer_self_consistency/structural_tsne/tmalign_inputs/length_16_macrocycle_16_0_model_106.pdb	4.1690254	-6.64132	8	0.9998751
907	16	length_16_macrocycle_16_0_model_107	/home/dkouv/work/tfr1-binder-design/experiments/007_RFD3_macrocycles/monomer_self_consistency/rfd3_backbones/length_16/length_16_macrocycle_16_0_model_107.cif.gz	/home/dkouv/work/tfr1-binder-design/experiments/007_RFD3_macrocycles/monomer_self_consistency/structural_tsne/tmalign_inputs/length_16_macrocycle_16_0_model_107.pdb	18.75749	-11.669937	18	0.99855673
908	16	length_16_macrocycle_16_0_model_108	/home/dkouv/work/tfr1-binder-design/experiments/007_RFD3_macrocycles/monomer_self_consistency/rfd3_backbones/length_16/length_16_macrocycle_16_0_model_108.cif.gz	/home/dkouv/work/tfr1-binder-design/experiments/007_RFD3_macrocycles/monomer_self_consistency/structural_tsne/tmalign_inputs/length_16_macrocycle_16_0_model_108.pdb	7.0905027	25.721233	14	0.56952125
909	16	length_16_macrocycle_16_0_model_109	/home/dkouv/work/tfr1-binder-design/experiments/007_RFD3_macrocycles/monomer_self_consistency/rfd3_backbones/length_16/length_16_macrocycle_16_0_model_109.cif.gz	/home/dkouv/work/tfr1-binder-design/experiments/007_RFD3_macrocycles/monomer_self_consistency/structural_tsne/tmalign_inputs/length_16_macrocycle_16_0_model_109.pdb	7.944804	-2.461096	34	0.9198732
910	16	length_16_macrocycle_16_0_model_110	/home/dkouv/work/tfr1-binder-design/experiments/007_RFD3_macrocycles/monomer_self_consistency/rfd3_backbones/length_16/length_16_macrocycle_16_0_model_110.cif.gz	/home/dkouv/work/tfr1-binder-design/experiments/007_RFD3_macrocycles/monomer_self_consistency/structural_tsne/tmalign_inputs/length_16_macrocycle_16_0_model_110.pdb	8.457078	29.462038	24	0.9564124
911	16	length_16_macrocycle_16_0_model_111	/home/dkouv/work/tfr1-binder-design/experiments/007_RFD3_macrocycles/monomer_self_consistency/rfd3_backbones/length_16/length_16_macrocycle_16_0_model_111.cif.gz	/home/dkouv/work/tfr1-binder-design/experiments/007_RFD3_macrocycles/monomer_self_consistency/structural_tsne/tmalign_inputs/length_16_macrocycle_16_0_model_111.pdb	23.069778	-9.897731	18	0.99150574
912	16	length_16_macrocycle_16_0_model_112	/home/dkouv/work/tfr1-binder-design/experiments/007_RFD3_macrocycles/monomer_self_consistency/rfd3_backbones/length_16/length_16_macrocycle_16_0_model_112.cif.gz	/home/dkouv/work/tfr1-binder-design/experiments/007_RFD3_macrocycles/monomer_self_consistency/structural_tsne/tmalign_inputs/length_16_macrocycle_16_0_model_112.pdb	4.427009	22.61084	14	0.9998593
913	16	length_16_macrocycle_16_0_model_113	/home/dkouv/work/tfr1-binder-design/experiments/007_RFD3_macrocycles/monomer_self_consistency/rfd3_backbones/length_16/length_16_macrocycle_16_0_model_113.cif.gz	/home/dkouv/work/tfr1-binder-design/experiments/007_RFD3_macrocycles/monomer_self_consistency/structural_tsne/tmalign_inputs/length_16_macrocycle_16_0_model_113.pdb	-14.509606	7.844252	19	1.0
914	16	length_16_macrocycle_16_0_model_114	/home/dkouv/work/tfr1-binder-design/experiments/007_RFD3_macrocycles/monomer_self_consistency/rfd3_backbones/length_16/length_16_macrocycle_16_0_model_114.cif.gz	/home/dkouv/work/tfr1-binder-design/experiments/007_RFD3_macrocycles/monomer_self_consistency/structural_tsne/tmalign_inputs/length_16_macrocycle_16_0_model_114.pdb	10.125865	33.439247	24	0.99761766
915	16	length_16_macrocycle_16_0_model_115	/home/dkouv/work/tfr1-binder-design/experiments/007_RFD3_macrocycles/monomer_self_consistency/rfd3_backbones/length_16/length_16_macrocycle_16_0_model_115.cif.gz	/home/dkouv/work/tfr1-binder-design/experiments/007_RFD3_macrocycles/monomer_self_consistency/structural_tsne/tmalign_inputs/length_16_macrocycle_16_0_model_115.pdb	9.488162	23.37516	24	0.9968364
916	16	length_16_macrocycle_16_0_model_116	/home/dkouv/work/tfr1-binder-design/experiments/007_RFD3_macrocycles/monomer_self_consistency/rfd3_backbones/length_16/length_16_macrocycle_16_0_model_116.cif.gz	/home/dkouv/work/tfr1-binder-design/experiments/007_RFD3_macrocycles/monomer_self_consistency/structural_tsne/tmalign_inputs/length_16_macrocycle_16_0_model_116.pdb	18.914219	-14.69676	18	0.94668984
917	16	length_16_macrocycle_16_0_model_117	/home/dkouv/work/tfr1-binder-design/experiments/007_RFD3_macrocycles/monomer_self_consistency/rfd3_backbones/length_16/length_16_macrocycle_16_0_model_117.cif.gz	/home/dkouv/work/tfr1-binder-design/experiments/007_RFD3_macrocycles/monomer_self_consistency/structural_tsne/tmalign_inputs/length_16_macrocycle_16_0_model_117.pdb	4.3772254	32.340134	3	0.56128037
918	16	length_16_macrocycle_16_0_model_118	/home/dkouv/work/tfr1-binder-design/experiments/007_RFD3_macrocycles/monomer_self_consistency/rfd3_backbones/length_16/length_16_macrocycle_16_0_model_118.cif.gz	/home/dkouv/work/tfr1-binder-design/experiments/007_RFD3_macrocycles/monomer_self_consistency/structural_tsne/tmalign_inputs/length_16_macrocycle_16_0_model_118.pdb	12.866194	-6.1076765	34	0.96325886
919	16	length_16_macrocycle_16_0_model_119	/home/dkouv/work/tfr1-binder-design/experiments/007_RFD3_macrocycles/monomer_self_consistency/rfd3_backbones/length_16/length_16_macrocycle_16_0_model_119.cif.gz	/home/dkouv/work/tfr1-binder-design/experiments/007_RFD3_macrocycles/monomer_self_consistency/structural_tsne/tmalign_inputs/length_16_macrocycle_16_0_model_119.pdb	9.060497	30.666546	24	0.9873289
920	16	length_16_macrocycle_16_0_model_120	/home/dkouv/work/tfr1-binder-design/experiments/007_RFD3_macrocycles/monomer_self_consistency/rfd3_backbones/length_16/length_16_macrocycle_16_0_model_120.cif.gz	/home/dkouv/work/tfr1-binder-design/experiments/007_RFD3_macrocycles/monomer_self_consistency/structural_tsne/tmalign_inputs/length_16_macrocycle_16_0_model_120.pdb	5.672758	34.259346	3	0.91566235
921	16	length_16_macrocycle_16_0_model_121	/home/dkouv/work/tfr1-binder-design/experiments/007_RFD3_macrocycles/monomer_self_consistency/rfd3_backbones/length_16/length_16_macrocycle_16_0_model_121.cif.gz	/home/dkouv/work/tfr1-binder-design/experiments/007_RFD3_macrocycles/monomer_self_consistency/structural_tsne/tmalign_inputs/length_16_macrocycle_16_0_model_121.pdb	3.227145	17.766327	14	0.99999905
922	16	length_16_macrocycle_16_0_model_122	/home/dkouv/work/tfr1-binder-design/experiments/007_RFD3_macrocycles/monomer_self_consistency/rfd3_backbones/length_16/length_16_macrocycle_16_0_model_122.cif.gz	/home/dkouv/work/tfr1-binder-design/experiments/007_RFD3_macrocycles/monomer_self_consistency/structural_tsne/tmalign_inputs/length_16_macrocycle_16_0_model_122.pdb	8.335783	22.007942	24	0.9528777
923	16	length_16_macrocycle_16_0_model_123	/home/dkouv/work/tfr1-binder-design/experiments/007_RFD3_macrocycles/monomer_self_consistency/rfd3_backbones/length_16/length_16_macrocycle_16_0_model_123.cif.gz	/home/dkouv/work/tfr1-binder-design/experiments/007_RFD3_macrocycles/monomer_self_consistency/structural_tsne/tmalign_inputs/length_16_macrocycle_16_0_model_123.pdb	-10.216851	-9.585246	33	0.99913245
924	16	length_16_macrocycle_16_0_model_124	/home/dkouv/work/tfr1-binder-design/experiments/007_RFD3_macrocycles/monomer_self_consistency/rfd3_backbones/length_16/length_16_macrocycle_16_0_model_124.cif.gz	/home/dkouv/work/tfr1-binder-design/experiments/007_RFD3_macrocycles/monomer_self_consistency/structural_tsne/tmalign_inputs/length_16_macrocycle_16_0_model_124.pdb	19.219713	-13.403567	18	0.9858198
925	16	length_16_macrocycle_16_0_model_125	/home/dkouv/work/tfr1-binder-design/experiments/007_RFD3_macrocycles/monomer_self_consistency/rfd3_backbones/length_16/length_16_macrocycle_16_0_model_125.cif.gz	/home/dkouv/work/tfr1-binder-design/experiments/007_RFD3_macrocycles/monomer_self_consistency/structural_tsne/tmalign_inputs/length_16_macrocycle_16_0_model_125.pdb	2.741304	33.56534	3	0.9919459
926	16	length_16_macrocycle_16_0_model_126	/home/dkouv/work/tfr1-binder-design/experiments/007_RFD3_macrocycles/monomer_self_consistency/rfd3_backbones/length_16/length_16_macrocycle_16_0_model_126.cif.gz	/home/dkouv/work/tfr1-binder-design/experiments/007_RFD3_macrocycles/monomer_self_consistency/structural_tsne/tmalign_inputs/length_16_macrocycle_16_0_model_126.pdb	10.823323	28.084541	24	0.9997167
927	16	length_16_macrocycle_16_0_model_127	/home/dkouv/work/tfr1-binder-design/experiments/007_RFD3_macrocycles/monomer_self_consistency/rfd3_backbones/length_16/length_16_macrocycle_16_0_model_127.cif.gz	/home/dkouv/work/tfr1-binder-design/experiments/007_RFD3_macrocycles/monomer_self_consistency/structural_tsne/tmalign_inputs/length_16_macrocycle_16_0_model_127.pdb	13.416791	-6.328035	34	0.9249097
928	16	length_16_macrocycle_16_0_model_128	/home/dkouv/work/tfr1-binder-design/experiments/007_RFD3_macrocycles/monomer_self_consistency/rfd3_backbones/length_16/length_16_macrocycle_16_0_model_128.cif.gz	/home/dkouv/work/tfr1-binder-design/experiments/007_RFD3_macrocycles/monomer_self_consistency/structural_tsne/tmalign_inputs/length_16_macrocycle_16_0_model_128.pdb	10.125374	32.06343	24	0.9982868
929	16	length_16_macrocycle_16_0_model_129	/home/dkouv/work/tfr1-binder-design/experiments/007_RFD3_macrocycles/monomer_self_consistency/rfd3_backbones/length_16/length_16_macrocycle_16_0_model_129.cif.gz	/home/dkouv/work/tfr1-binder-design/experiments/007_RFD3_macrocycles/monomer_self_consistency/structural_tsne/tmalign_inputs/length_16_macrocycle_16_0_model_129.pdb	9.188648	30.84851	24	0.9902035
930	16	length_16_macrocycle_16_0_model_130	/home/dkouv/work/tfr1-binder-design/experiments/007_RFD3_macrocycles/monomer_self_consistency/rfd3_backbones/length_16/length_16_macrocycle_16_0_model_130.cif.gz	/home/dkouv/work/tfr1-binder-design/experiments/007_RFD3_macrocycles/monomer_self_consistency/structural_tsne/tmalign_inputs/length_16_macrocycle_16_0_model_130.pdb	6.118958	30.946632	14	0.9660937
931	16	length_16_macrocycle_16_0_model_131	/home/dkouv/work/tfr1-binder-design/experiments/007_RFD3_macrocycles/monomer_self_consistency/rfd3_backbones/length_16/length_16_macrocycle_16_0_model_131.cif.gz	/home/dkouv/work/tfr1-binder-design/experiments/007_RFD3_macrocycles/monomer_self_consistency/structural_tsne/tmalign_inputs/length_16_macrocycle_16_0_model_131.pdb	-3.8263345	-6.115706	8	0.9651075
932	16	length_16_macrocycle_16_0_model_132	/home/dkouv/work/tfr1-binder-design/experiments/007_RFD3_macrocycles/monomer_self_consistency/rfd3_backbones/length_16/length_16_macrocycle_16_0_model_132.cif.gz	/home/dkouv/work/tfr1-binder-design/experiments/007_RFD3_macrocycles/monomer_self_consistency/structural_tsne/tmalign_inputs/length_16_macrocycle_16_0_model_132.pdb	9.105108	26.949438	24	0.9917113
933	16	length_16_macrocycle_16_0_model_133	/home/dkouv/work/tfr1-binder-design/experiments/007_RFD3_macrocycles/monomer_self_consistency/rfd3_backbones/length_16/length_16_macrocycle_16_0_model_133.cif.gz	/home/dkouv/work/tfr1-binder-design/experiments/007_RFD3_macrocycles/monomer_self_consistency/structural_tsne/tmalign_inputs/length_16_macrocycle_16_0_model_133.pdb	3.7436929	-6.148117	8	0.999957
934	16	length_16_macrocycle_16_0_model_134	/home/dkouv/work/tfr1-binder-design/experiments/007_RFD3_macrocycles/monomer_self_consistency/rfd3_backbones/length_16/length_16_macrocycle_16_0_model_134.cif.gz	/home/dkouv/work/tfr1-binder-design/experiments/007_RFD3_macrocycles/monomer_self_consistency/structural_tsne/tmalign_inputs/length_16_macrocycle_16_0_model_134.pdb	4.640068	29.292068	14	0.99966395
935	16	length_16_macrocycle_16_0_model_135	/home/dkouv/work/tfr1-binder-design/experiments/007_RFD3_macrocycles/monomer_self_consistency/rfd3_backbones/length_16/length_16_macrocycle_16_0_model_135.cif.gz	/home/dkouv/work/tfr1-binder-design/experiments/007_RFD3_macrocycles/monomer_self_consistency/structural_tsne/tmalign_inputs/length_16_macrocycle_16_0_model_135.pdb	4.3020945	19.073214	14	0.99993795
936	16	length_16_macrocycle_16_0_model_136	/home/dkouv/work/tfr1-binder-design/experiments/007_RFD3_macrocycles/monomer_self_consistency/rfd3_backbones/length_16/length_16_macrocycle_16_0_model_136.cif.gz	/home/dkouv/work/tfr1-binder-design/experiments/007_RFD3_macrocycles/monomer_self_consistency/structural_tsne/tmalign_inputs/length_16_macrocycle_16_0_model_136.pdb	2.755742	18.506226	14	1.0
937	16	length_16_macrocycle_16_0_model_137	/home/dkouv/work/tfr1-binder-design/experiments/007_RFD3_macrocycles/monomer_self_consistency/rfd3_backbones/length_16/length_16_macrocycle_16_0_model_137.cif.gz	/home/dkouv/work/tfr1-binder-design/experiments/007_RFD3_macrocycles/monomer_self_consistency/structural_tsne/tmalign_inputs/length_16_macrocycle_16_0_model_137.pdb	-13.373375	10.998364	19	1.0
938	16	length_16_macrocycle_16_0_model_138	/home/dkouv/work/tfr1-binder-design/experiments/007_RFD3_macrocycles/monomer_self_consistency/rfd3_backbones/length_16/length_16_macrocycle_16_0_model_138.cif.gz	/home/dkouv/work/tfr1-binder-design/experiments/007_RFD3_macrocycles/monomer_self_consistency/structural_tsne/tmalign_inputs/length_16_macrocycle_16_0_model_138.pdb	10.615828	30.92724	24	0.999419
939	16	length_16_macrocycle_16_0_model_139	/home/dkouv/work/tfr1-binder-design/experiments/007_RFD3_macrocycles/monomer_self_consistency/rfd3_backbones/length_16/length_16_macrocycle_16_0_model_139.cif.gz	/home/dkouv/work/tfr1-binder-design/experiments/007_RFD3_macrocycles/monomer_self_consistency/structural_tsne/tmalign_inputs/length_16_macrocycle_16_0_model_139.pdb	17.098251	-10.764694	18	0.9990591
940	16	length_16_macrocycle_16_0_model_140	/home/dkouv/work/tfr1-binder-design/experiments/007_RFD3_macrocycles/monomer_self_consistency/rfd3_backbones/length_16/length_16_macrocycle_16_0_model_140.cif.gz	/home/dkouv/work/tfr1-binder-design/experiments/007_RFD3_macrocycles/monomer_self_consistency/structural_tsne/tmalign_inputs/length_16_macrocycle_16_0_model_140.pdb	5.3954453	19.195217	14	0.9971288
941	16	length_16_macrocycle_16_0_model_141	/home/dkouv/work/tfr1-binder-design/experiments/007_RFD3_macrocycles/monomer_self_consistency/rfd3_backbones/length_16/length_16_macrocycle_16_0_model_141.cif.gz	/home/dkouv/work/tfr1-binder-design/experiments/007_RFD3_macrocycles/monomer_self_consistency/structural_tsne/tmalign_inputs/length_16_macrocycle_16_0_model_141.pdb	5.408284	24.218113	14	0.9956028
942	16	length_16_macrocycle_16_0_model_142	/home/dkouv/work/tfr1-binder-design/experiments/007_RFD3_macrocycles/monomer_self_consistency/rfd3_backbones/length_16/length_16_macrocycle_16_0_model_142.cif.gz	/home/dkouv/work/tfr1-binder-design/experiments/007_RFD3_macrocycles/monomer_self_consistency/structural_tsne/tmalign_inputs/length_16_macrocycle_16_0_model_142.pdb	9.834084	23.93056	24	0.99848586
943	16	length_16_macrocycle_16_0_model_143	/home/dkouv/work/tfr1-binder-design/experiments/007_RFD3_macrocycles/monomer_self_consistency/rfd3_backbones/length_16/length_16_macrocycle_16_0_model_143.cif.gz	/home/dkouv/work/tfr1-binder-design/experiments/007_RFD3_macrocycles/monomer_self_consistency/structural_tsne/tmalign_inputs/length_16_macrocycle_16_0_model_143.pdb	9.0204525	-4.3913145	34	0.87690115
944	16	length_16_macrocycle_16_0_model_144	/home/dkouv/work/tfr1-binder-design/experiments/007_RFD3_macrocycles/monomer_self_consistency/rfd3_backbones/length_16/length_16_macrocycle_16_0_model_144.cif.gz	/home/dkouv/work/tfr1-binder-design/experiments/007_RFD3_macrocycles/monomer_self_consistency/structural_tsne/tmalign_inputs/length_16_macrocycle_16_0_model_144.pdb	11.374788	-5.7594447	34	0.981756
945	16	length_16_macrocycle_16_0_model_145	/home/dkouv/work/tfr1-binder-design/experiments/007_RFD3_macrocycles/monomer_self_consistency/rfd3_backbones/length_16/length_16_macrocycle_16_0_model_145.cif.gz	/home/dkouv/work/tfr1-binder-design/experiments/007_RFD3_macrocycles/monomer_self_consistency/structural_tsne/tmalign_inputs/length_16_macrocycle_16_0_model_145.pdb	10.579876	31.675137	24	0.9993069
946	16	length_16_macrocycle_16_0_model_146	/home/dkouv/work/tfr1-binder-design/experiments/007_RFD3_macrocycles/monomer_self_consistency/rfd3_backbones/length_16/length_16_macrocycle_16_0_model_146.cif.gz	/home/dkouv/work/tfr1-binder-design/experiments/007_RFD3_macrocycles/monomer_self_consistency/structural_tsne/tmalign_inputs/length_16_macrocycle_16_0_model_146.pdb	19.731018	-19.611164	5	0.86263615
947	16	length_16_macrocycle_16_0_model_147	/home/dkouv/work/tfr1-binder-design/experiments/007_RFD3_macrocycles/monomer_self_consistency/rfd3_backbones/length_16/length_16_macrocycle_16_0_model_147.cif.gz	/home/dkouv/work/tfr1-binder-design/experiments/007_RFD3_macrocycles/monomer_self_consistency/structural_tsne/tmalign_inputs/length_16_macrocycle_16_0_model_147.pdb	4.615234	32.464054	3	0.5528932
948	16	length_16_macrocycle_16_0_model_148	/home/dkouv/work/tfr1-binder-design/experiments/007_RFD3_macrocycles/monomer_self_consistency/rfd3_backbones/length_16/length_16_macrocycle_16_0_model_148.cif.gz	/home/dkouv/work/tfr1-binder-design/experiments/007_RFD3_macrocycles/monomer_self_consistency/structural_tsne/tmalign_inputs/length_16_macrocycle_16_0_model_148.pdb	-5.949341	-18.105658	21	0.94131064
949	16	length_16_macrocycle_16_0_model_149	/home/dkouv/work/tfr1-binder-design/experiments/007_RFD3_macrocycles/monomer_self_consistency/rfd3_backbones/length_16/length_16_macrocycle_16_0_model_149.cif.gz	/home/dkouv/work/tfr1-binder-design/experiments/007_RFD3_macrocycles/monomer_self_consistency/structural_tsne/tmalign_inputs/length_16_macrocycle_16_0_model_149.pdb	5.4234867	35.675926	3	0.89996517
950	16	length_16_macrocycle_16_0_model_150	/home/dkouv/work/tfr1-binder-design/experiments/007_RFD3_macrocycles/monomer_self_consistency/rfd3_backbones/length_16/length_16_macrocycle_16_0_model_150.cif.gz	/home/dkouv/work/tfr1-binder-design/experiments/007_RFD3_macrocycles/monomer_self_consistency/structural_tsne/tmalign_inputs/length_16_macrocycle_16_0_model_150.pdb	10.667762	30.305384	24	0.99951464
951	16	length_16_macrocycle_16_0_model_151	/home/dkouv/work/tfr1-binder-design/experiments/007_RFD3_macrocycles/monomer_self_consistency/rfd3_backbones/length_16/length_16_macrocycle_16_0_model_151.cif.gz	/home/dkouv/work/tfr1-binder-design/experiments/007_RFD3_macrocycles/monomer_self_consistency/structural_tsne/tmalign_inputs/length_16_macrocycle_16_0_model_151.pdb	7.069895	27.165394	14	0.5917184
952	16	length_16_macrocycle_16_0_model_152	/home/dkouv/work/tfr1-binder-design/experiments/007_RFD3_macrocycles/monomer_self_consistency/rfd3_backbones/length_16/length_16_macrocycle_16_0_model_152.cif.gz	/home/dkouv/work/tfr1-binder-design/experiments/007_RFD3_macrocycles/monomer_self_consistency/structural_tsne/tmalign_inputs/length_16_macrocycle_16_0_model_152.pdb	-8.532043	-9.324974	33	0.99744457
953	16	length_16_macrocycle_16_0_model_153	/home/dkouv/work/tfr1-binder-design/experiments/007_RFD3_macrocycles/monomer_self_consistency/rfd3_backbones/length_16/length_16_macrocycle_16_0_model_153.cif.gz	/home/dkouv/work/tfr1-binder-design/experiments/007_RFD3_macrocycles/monomer_self_consistency/structural_tsne/tmalign_inputs/length_16_macrocycle_16_0_model_153.pdb	8.178631	22.088772	24	0.93141747
954	16	length_16_macrocycle_16_0_model_154	/home/dkouv/work/tfr1-binder-design/experiments/007_RFD3_macrocycles/monomer_self_consistency/rfd3_backbones/length_16/length_16_macrocycle_16_0_model_154.cif.gz	/home/dkouv/work/tfr1-binder-design/experiments/007_RFD3_macrocycles/monomer_self_consistency/structural_tsne/tmalign_inputs/length_16_macrocycle_16_0_model_154.pdb	23.395397	-16.826307	5	0.5714366
955	16	length_16_macrocycle_16_0_model_155	/home/dkouv/work/tfr1-binder-design/experiments/007_RFD3_macrocycles/monomer_self_consistency/rfd3_backbones/length_16/length_16_macrocycle_16_0_model_155.cif.gz	/home/dkouv/work/tfr1-binder-design/experiments/007_RFD3_macrocycles/monomer_self_consistency/structural_tsne/tmalign_inputs/length_16_macrocycle_16_0_model_155.pdb	5.114885	18.834696	14	0.99893725
956	16	length_16_macrocycle_16_0_model_156	/home/dkouv/work/tfr1-binder-design/experiments/007_RFD3_macrocycles/monomer_self_consistency/rfd3_backbones/length_16/length_16_macrocycle_16_0_model_156.cif.gz	/home/dkouv/work/tfr1-binder-design/experiments/007_RFD3_macrocycles/monomer_self_consistency/structural_tsne/tmalign_inputs/length_16_macrocycle_16_0_model_156.pdb	6.5901413	29.571314	14	0.8652529
957	16	length_16_macrocycle_16_0_model_157	/home/dkouv/work/tfr1-binder-design/experiments/007_RFD3_macrocycles/monomer_self_consistency/rfd3_backbones/length_16/length_16_macrocycle_16_0_model_157.cif.gz	/home/dkouv/work/tfr1-binder-design/experiments/007_RFD3_macrocycles/monomer_self_consistency/structural_tsne/tmalign_inputs/length_16_macrocycle_16_0_model_157.pdb	-8.263368	-9.284957	33	0.996952
958	16	length_16_macrocycle_16_0_model_158	/home/dkouv/work/tfr1-binder-design/experiments/007_RFD3_macrocycles/monomer_self_consistency/rfd3_backbones/length_16/length_16_macrocycle_16_0_model_158.cif.gz	/home/dkouv/work/tfr1-binder-design/experiments/007_RFD3_macrocycles/monomer_self_consistency/structural_tsne/tmalign_inputs/length_16_macrocycle_16_0_model_158.pdb	3.3320854	20.44735	14	0.99999815
959	16	length_16_macrocycle_16_0_model_159	/home/dkouv/work/tfr1-binder-design/experiments/007_RFD3_macrocycles/monomer_self_consistency/rfd3_backbones/length_16/length_16_macrocycle_16_0_model_159.cif.gz	/home/dkouv/work/tfr1-binder-design/experiments/007_RFD3_macrocycles/monomer_self_consistency/structural_tsne/tmalign_inputs/length_16_macrocycle_16_0_model_159.pdb	-46.63586	-3.2802973	4	0.95732844
960	16	length_16_macrocycle_16_0_model_160	/home/dkouv/work/tfr1-binder-design/experiments/007_RFD3_macrocycles/monomer_self_consistency/rfd3_backbones/length_16/length_16_macrocycle_16_0_model_160.cif.gz	/home/dkouv/work/tfr1-binder-design/experiments/007_RFD3_macrocycles/monomer_self_consistency/structural_tsne/tmalign_inputs/length_16_macrocycle_16_0_model_160.pdb	16.882576	-11.065355	18	0.99975014
961	16	length_16_macrocycle_16_0_model_161	/home/dkouv/work/tfr1-binder-design/experiments/007_RFD3_macrocycles/monomer_self_consistency/rfd3_backbones/length_16/length_16_macrocycle_16_0_model_161.cif.gz	/home/dkouv/work/tfr1-binder-design/experiments/007_RFD3_macrocycles/monomer_self_consistency/structural_tsne/tmalign_inputs/length_16_macrocycle_16_0_model_161.pdb	8.673919	-5.1836133	8	0.5622898
962	16	length_16_macrocycle_16_0_model_162	/home/dkouv/work/tfr1-binder-design/experiments/007_RFD3_macrocycles/monomer_self_consistency/rfd3_backbones/length_16/length_16_macrocycle_16_0_model_162.cif.gz	/home/dkouv/work/tfr1-binder-design/experiments/007_RFD3_macrocycles/monomer_self_consistency/structural_tsne/tmalign_inputs/length_16_macrocycle_16_0_model_162.pdb	-9.960278	-8.363692	33	0.98577976
963	16	length_16_macrocycle_16_0_model_163	/home/dkouv/work/tfr1-binder-design/experiments/007_RFD3_macrocycles/monomer_self_consistency/rfd3_backbones/length_16/length_16_macrocycle_16_0_model_163.cif.gz	/home/dkouv/work/tfr1-binder-design/experiments/007_RFD3_macrocycles/monomer_self_consistency/structural_tsne/tmalign_inputs/length_16_macrocycle_16_0_model_163.pdb	23.092846	-9.710323	18	0.99208546
964	16	length_16_macrocycle_16_0_model_164	/home/dkouv/work/tfr1-binder-design/experiments/007_RFD3_macrocycles/monomer_self_consistency/rfd3_backbones/length_16/length_16_macrocycle_16_0_model_164.cif.gz	/home/dkouv/work/tfr1-binder-design/experiments/007_RFD3_macrocycles/monomer_self_consistency/structural_tsne/tmalign_inputs/length_16_macrocycle_16_0_model_164.pdb	4.67914	25.840164	14	0.9996038
965	16	length_16_macrocycle_16_0_model_165	/home/dkouv/work/tfr1-binder-design/experiments/007_RFD3_macrocycles/monomer_self_consistency/rfd3_backbones/length_16/length_16_macrocycle_16_0_model_165.cif.gz	/home/dkouv/work/tfr1-binder-design/experiments/007_RFD3_macrocycles/monomer_self_consistency/structural_tsne/tmalign_inputs/length_16_macrocycle_16_0_model_165.pdb	4.2306986	18.589262	14	0.9999552
966	16	length_16_macrocycle_16_0_model_166	/home/dkouv/work/tfr1-binder-design/experiments/007_RFD3_macrocycles/monomer_self_consistency/rfd3_backbones/length_16/length_16_macrocycle_16_0_model_166.cif.gz	/home/dkouv/work/tfr1-binder-design/experiments/007_RFD3_macrocycles/monomer_self_consistency/structural_tsne/tmalign_inputs/length_16_macrocycle_16_0_model_166.pdb	0.4548382	32.70571	3	0.9996224
967	16	length_16_macrocycle_16_0_model_167	/home/dkouv/work/tfr1-binder-design/experiments/007_RFD3_macrocycles/monomer_self_consistency/rfd3_backbones/length_16/length_16_macrocycle_16_0_model_167.cif.gz	/home/dkouv/work/tfr1-binder-design/experiments/007_RFD3_macrocycles/monomer_self_consistency/structural_tsne/tmalign_inputs/length_16_macrocycle_16_0_model_167.pdb	5.4340577	35.613888	3	0.9064721
968	16	length_16_macrocycle_16_0_model_168	/home/dkouv/work/tfr1-binder-design/experiments/007_RFD3_macrocycles/monomer_self_consistency/rfd3_backbones/length_16/length_16_macrocycle_16_0_model_168.cif.gz	/home/dkouv/work/tfr1-binder-design/experiments/007_RFD3_macrocycles/monomer_self_consistency/structural_tsne/tmalign_inputs/length_16_macrocycle_16_0_model_168.pdb	8.27502	24.170479	24	0.94717515
969	16	length_16_macrocycle_16_0_model_169	/home/dkouv/work/tfr1-binder-design/experiments/007_RFD3_macrocycles/monomer_self_consistency/rfd3_backbones/length_16/length_16_macrocycle_16_0_model_169.cif.gz	/home/dkouv/work/tfr1-binder-design/experiments/007_RFD3_macrocycles/monomer_self_consistency/structural_tsne/tmalign_inputs/length_16_macrocycle_16_0_model_169.pdb	13.540091	-6.2883673	34	0.9082169
970	16	length_16_macrocycle_16_0_model_170	/home/dkouv/work/tfr1-binder-design/experiments/007_RFD3_macrocycles/monomer_self_consistency/rfd3_backbones/length_16/length_16_macrocycle_16_0_model_170.cif.gz	/home/dkouv/work/tfr1-binder-design/experiments/007_RFD3_macrocycles/monomer_self_consistency/structural_tsne/tmalign_inputs/length_16_macrocycle_16_0_model_170.pdb	-51.280376	4.357657	15	0.90475464
971	16	length_16_macrocycle_16_0_model_171	/home/dkouv/work/tfr1-binder-design/experiments/007_RFD3_macrocycles/monomer_self_consistency/rfd3_backbones/length_16/length_16_macrocycle_16_0_model_171.cif.gz	/home/dkouv/work/tfr1-binder-design/experiments/007_RFD3_macrocycles/monomer_self_consistency/structural_tsne/tmalign_inputs/length_16_macrocycle_16_0_model_171.pdb	-50.199764	8.942534	15	0.7680505
972	16	length_16_macrocycle_16_0_model_172	/home/dkouv/work/tfr1-binder-design/experiments/007_RFD3_macrocycles/monomer_self_consistency/rfd3_backbones/length_16/length_16_macrocycle_16_0_model_172.cif.gz	/home/dkouv/work/tfr1-binder-design/experiments/007_RFD3_macrocycles/monomer_self_consistency/structural_tsne/tmalign_inputs/length_16_macrocycle_16_0_model_172.pdb	-54.649582	2.1911423	15	0.99964195
973	16	length_16_macrocycle_16_0_model_173	/home/dkouv/work/tfr1-binder-design/experiments/007_RFD3_macrocycles/monomer_self_consistency/rfd3_backbones/length_16/length_16_macrocycle_16_0_model_173.cif.gz	/home/dkouv/work/tfr1-binder-design/experiments/007_RFD3_macrocycles/monomer_self_consistency/structural_tsne/tmalign_inputs/length_16_macrocycle_16_0_model_173.pdb	10.344936	-18.414955	29	0.9926562
974	16	length_16_macrocycle_16_0_model_174	/home/dkouv/work/tfr1-binder-design/experiments/007_RFD3_macrocycles/monomer_self_consistency/rfd3_backbones/length_16/length_16_macrocycle_16_0_model_174.cif.gz	/home/dkouv/work/tfr1-binder-design/experiments/007_RFD3_macrocycles/monomer_self_consistency/structural_tsne/tmalign_inputs/length_16_macrocycle_16_0_model_174.pdb	3.6171987	18.296013	14	0.9999957
975	16	length_16_macrocycle_16_0_model_175	/home/dkouv/work/tfr1-binder-design/experiments/007_RFD3_macrocycles/monomer_self_consistency/rfd3_backbones/length_16/length_16_macrocycle_16_0_model_175.cif.gz	/home/dkouv/work/tfr1-binder-design/experiments/007_RFD3_macrocycles/monomer_self_consistency/structural_tsne/tmalign_inputs/length_16_macrocycle_16_0_model_175.pdb	-0.34754404	31.99647	3	0.99975306
976	16	length_16_macrocycle_16_0_model_176	/home/dkouv/work/tfr1-binder-design/experiments/007_RFD3_macrocycles/monomer_self_consistency/rfd3_backbones/length_16/length_16_macrocycle_16_0_model_176.cif.gz	/home/dkouv/work/tfr1-binder-design/experiments/007_RFD3_macrocycles/monomer_self_consistency/structural_tsne/tmalign_inputs/length_16_macrocycle_16_0_model_176.pdb	22.698792	-11.35725	18	0.97939837
977	16	length_16_macrocycle_16_0_model_177	/home/dkouv/work/tfr1-binder-design/experiments/007_RFD3_macrocycles/monomer_self_consistency/rfd3_backbones/length_16/length_16_macrocycle_16_0_model_177.cif.gz	/home/dkouv/work/tfr1-binder-design/experiments/007_RFD3_macrocycles/monomer_self_consistency/structural_tsne/tmalign_inputs/length_16_macrocycle_16_0_model_177.pdb	21.762295	-11.063604	18	0.9918514
978	16	length_16_macrocycle_16_0_model_178	/home/dkouv/work/tfr1-binder-design/experiments/007_RFD3_macrocycles/monomer_self_consistency/rfd3_backbones/length_16/length_16_macrocycle_16_0_model_178.cif.gz	/home/dkouv/work/tfr1-binder-design/experiments/007_RFD3_macrocycles/monomer_self_consistency/structural_tsne/tmalign_inputs/length_16_macrocycle_16_0_model_178.pdb	10.412568	-4.892651	34	0.95965624
979	16	length_16_macrocycle_16_0_model_179	/home/dkouv/work/tfr1-binder-design/experiments/007_RFD3_macrocycles/monomer_self_consistency/rfd3_backbones/length_16/length_16_macrocycle_16_0_model_179.cif.gz	/home/dkouv/work/tfr1-binder-design/experiments/007_RFD3_macrocycles/monomer_self_consistency/structural_tsne/tmalign_inputs/length_16_macrocycle_16_0_model_179.pdb	12.804249	-19.030151	29	0.9895238
980	16	length_16_macrocycle_16_0_model_180	/home/dkouv/work/tfr1-binder-design/experiments/007_RFD3_macrocycles/monomer_self_consistency/rfd3_backbones/length_16/length_16_macrocycle_16_0_model_180.cif.gz	/home/dkouv/work/tfr1-binder-design/experiments/007_RFD3_macrocycles/monomer_self_consistency/structural_tsne/tmalign_inputs/length_16_macrocycle_16_0_model_180.pdb	5.292154	22.03881	14	0.9973347
981	16	length_16_macrocycle_16_0_model_181	/home/dkouv/work/tfr1-binder-design/experiments/007_RFD3_macrocycles/monomer_self_consistency/rfd3_backbones/length_16/length_16_macrocycle_16_0_model_181.cif.gz	/home/dkouv/work/tfr1-binder-design/experiments/007_RFD3_macrocycles/monomer_self_consistency/structural_tsne/tmalign_inputs/length_16_macrocycle_16_0_model_181.pdb	4.797321	22.982012	14	0.99947035
982	16	length_16_macrocycle_16_0_model_182	/home/dkouv/work/tfr1-binder-design/experiments/007_RFD3_macrocycles/monomer_self_consistency/rfd3_backbones/length_16/length_16_macrocycle_16_0_model_182.cif.gz	/home/dkouv/work/tfr1-binder-design/experiments/007_RFD3_macrocycles/monomer_self_consistency/structural_tsne/tmalign_inputs/length_16_macrocycle_16_0_model_182.pdb	2.876757	-5.9254746	8	0.99994427
983	16	length_16_macrocycle_16_0_model_183	/home/dkouv/work/tfr1-binder-design/experiments/007_RFD3_macrocycles/monomer_self_consistency/rfd3_backbones/length_16/length_16_macrocycle_16_0_model_183.cif.gz	/home/dkouv/work/tfr1-binder-design/experiments/007_RFD3_macrocycles/monomer_self_consistency/structural_tsne/tmalign_inputs/length_16_macrocycle_16_0_model_183.pdb	8.287462	29.8464	24	0.93355745
984	16	length_16_macrocycle_16_0_model_184	/home/dkouv/work/tfr1-binder-design/experiments/007_RFD3_macrocycles/monomer_self_consistency/rfd3_backbones/length_16/length_16_macrocycle_16_0_model_184.cif.gz	/home/dkouv/work/tfr1-binder-design/experiments/007_RFD3_macrocycles/monomer_self_consistency/structural_tsne/tmalign_inputs/length_16_macrocycle_16_0_model_184.pdb	11.053038	31.620747	24	0.9996982
985	16	length_16_macrocycle_16_0_model_185	/home/dkouv/work/tfr1-binder-design/experiments/007_RFD3_macrocycles/monomer_self_consistency/rfd3_backbones/length_16/length_16_macrocycle_16_0_model_185.cif.gz	/home/dkouv/work/tfr1-binder-design/experiments/007_RFD3_macrocycles/monomer_self_consistency/structural_tsne/tmalign_inputs/length_16_macrocycle_16_0_model_185.pdb	22.929707	-17.934418	5	0.75789946
986	16	length_16_macrocycle_16_0_model_186	/home/dkouv/work/tfr1-binder-design/experiments/007_RFD3_macrocycles/monomer_self_consistency/rfd3_backbones/length_16/length_16_macrocycle_16_0_model_186.cif.gz	/home/dkouv/work/tfr1-binder-design/experiments/007_RFD3_macrocycles/monomer_self_consistency/structural_tsne/tmalign_inputs/length_16_macrocycle_16_0_model_186.pdb	1.9840688	34.47542	3	0.99518603
987	16	length_16_macrocycle_16_0_model_187	/home/dkouv/work/tfr1-binder-design/experiments/007_RFD3_macrocycles/monomer_self_consistency/rfd3_backbones/length_16/length_16_macrocycle_16_0_model_187.cif.gz	/home/dkouv/work/tfr1-binder-design/experiments/007_RFD3_macrocycles/monomer_self_consistency/structural_tsne/tmalign_inputs/length_16_macrocycle_16_0_model_187.pdb	9.035954	22.091959	24	0.99111474
988	16	length_16_macrocycle_16_0_model_188	/home/dkouv/work/tfr1-binder-design/experiments/007_RFD3_macrocycles/monomer_self_consistency/rfd3_backbones/length_16/length_16_macrocycle_16_0_model_188.cif.gz	/home/dkouv/work/tfr1-binder-design/experiments/007_RFD3_macrocycles/monomer_self_consistency/structural_tsne/tmalign_inputs/length_16_macrocycle_16_0_model_188.pdb	19.88274	-9.861203	18	0.99892247
989	16	length_16_macrocycle_16_0_model_189	/home/dkouv/work/tfr1-binder-design/experiments/007_RFD3_macrocycles/monomer_self_consistency/rfd3_backbones/length_16/length_16_macrocycle_16_0_model_189.cif.gz	/home/dkouv/work/tfr1-binder-design/experiments/007_RFD3_macrocycles/monomer_self_consistency/structural_tsne/tmalign_inputs/length_16_macrocycle_16_0_model_189.pdb	-9.846292	-9.230708	33	0.9977994
990	16	length_16_macrocycle_16_0_model_190	/home/dkouv/work/tfr1-binder-design/experiments/007_RFD3_macrocycles/monomer_self_consistency/rfd3_backbones/length_16/length_16_macrocycle_16_0_model_190.cif.gz	/home/dkouv/work/tfr1-binder-design/experiments/007_RFD3_macrocycles/monomer_self_consistency/structural_tsne/tmalign_inputs/length_16_macrocycle_16_0_model_190.pdb	3.6229239	19.604832	14	0.99999475
991	16	length_16_macrocycle_16_0_model_191	/home/dkouv/work/tfr1-binder-design/experiments/007_RFD3_macrocycles/monomer_self_consistency/rfd3_backbones/length_16/length_16_macrocycle_16_0_model_191.cif.gz	/home/dkouv/work/tfr1-binder-design/experiments/007_RFD3_macrocycles/monomer_self_consistency/structural_tsne/tmalign_inputs/length_16_macrocycle_16_0_model_191.pdb	-40.713863	-14.705384	16	0.95275086
992	16	length_16_macrocycle_16_0_model_192	/home/dkouv/work/tfr1-binder-design/experiments/007_RFD3_macrocycles/monomer_self_consistency/rfd3_backbones/length_16/length_16_macrocycle_16_0_model_192.cif.gz	/home/dkouv/work/tfr1-binder-design/experiments/007_RFD3_macrocycles/monomer_self_consistency/structural_tsne/tmalign_inputs/length_16_macrocycle_16_0_model_192.pdb	23.471876	-18.611032	5	0.7433737
993	16	length_16_macrocycle_16_0_model_193	/home/dkouv/work/tfr1-binder-design/experiments/007_RFD3_macrocycles/monomer_self_consistency/rfd3_backbones/length_16/length_16_macrocycle_16_0_model_193.cif.gz	/home/dkouv/work/tfr1-binder-design/experiments/007_RFD3_macrocycles/monomer_self_consistency/structural_tsne/tmalign_inputs/length_16_macrocycle_16_0_model_193.pdb	11.865244	-25.42097	25	0.83010584
994	16	length_16_macrocycle_16_0_model_194	/home/dkouv/work/tfr1-binder-design/experiments/007_RFD3_macrocycles/monomer_self_consistency/rfd3_backbones/length_16/length_16_macrocycle_16_0_model_194.cif.gz	/home/dkouv/work/tfr1-binder-design/experiments/007_RFD3_macrocycles/monomer_self_consistency/structural_tsne/tmalign_inputs/length_16_macrocycle_16_0_model_194.pdb	22.028349	-11.341184	18	0.9872813
995	16	length_16_macrocycle_16_0_model_195	/home/dkouv/work/tfr1-binder-design/experiments/007_RFD3_macrocycles/monomer_self_consistency/rfd3_backbones/length_16/length_16_macrocycle_16_0_model_195.cif.gz	/home/dkouv/work/tfr1-binder-design/experiments/007_RFD3_macrocycles/monomer_self_consistency/structural_tsne/tmalign_inputs/length_16_macrocycle_16_0_model_195.pdb	4.4342985	32.942028	3	0.8442511
996	16	length_16_macrocycle_16_0_model_196	/home/dkouv/work/tfr1-binder-design/experiments/007_RFD3_macrocycles/monomer_self_consistency/rfd3_backbones/length_16/length_16_macrocycle_16_0_model_196.cif.gz	/home/dkouv/work/tfr1-binder-design/experiments/007_RFD3_macrocycles/monomer_self_consistency/structural_tsne/tmalign_inputs/length_16_macrocycle_16_0_model_196.pdb	-14.087018	10.756417	19	1.0
997	16	length_16_macrocycle_16_0_model_197	/home/dkouv/work/tfr1-binder-design/experiments/007_RFD3_macrocycles/monomer_self_consistency/rfd3_backbones/length_16/length_16_macrocycle_16_0_model_197.cif.gz	/home/dkouv/work/tfr1-binder-design/experiments/007_RFD3_macrocycles/monomer_self_consistency/structural_tsne/tmalign_inputs/length_16_macrocycle_16_0_model_197.pdb	-15.176564	7.3381443	19	0.9999995
998	16	length_16_macrocycle_16_0_model_198	/home/dkouv/work/tfr1-binder-design/experiments/007_RFD3_macrocycles/monomer_self_consistency/rfd3_backbones/length_16/length_16_macrocycle_16_0_model_198.cif.gz	/home/dkouv/work/tfr1-binder-design/experiments/007_RFD3_macrocycles/monomer_self_consistency/structural_tsne/tmalign_inputs/length_16_macrocycle_16_0_model_198.pdb	-42.430004	-11.323968	35	0.600188
999	16	length_16_macrocycle_16_0_model_199	/home/dkouv/work/tfr1-binder-design/experiments/007_RFD3_macrocycles/monomer_self_consistency/rfd3_backbones/length_16/length_16_macrocycle_16_0_model_199.cif.gz	/home/dkouv/work/tfr1-binder-design/experiments/007_RFD3_macrocycles/monomer_self_consistency/structural_tsne/tmalign_inputs/length_16_macrocycle_16_0_model_199.pdb	18.825699	-11.409816	18	0.9986062
1000	18	length_18_macrocycle_18_0_model_0	/home/dkouv/work/tfr1-binder-design/experiments/007_RFD3_macrocycles/monomer_self_consistency/rfd3_backbones/length_18/length_18_macrocycle_18_0_model_0.cif.gz	/home/dkouv/work/tfr1-binder-design/experiments/007_RFD3_macrocycles/monomer_self_consistency/structural_tsne/tmalign_inputs/length_18_macrocycle_18_0_model_0.pdb	21.105513	-23.928482	5	0.96763134
1001	18	length_18_macrocycle_18_0_model_1	/home/dkouv/work/tfr1-binder-design/experiments/007_RFD3_macrocycles/monomer_self_consistency/rfd3_backbones/length_18/length_18_macrocycle_18_0_model_1.cif.gz	/home/dkouv/work/tfr1-binder-design/experiments/007_RFD3_macrocycles/monomer_self_consistency/structural_tsne/tmalign_inputs/length_18_macrocycle_18_0_model_1.pdb	5.626568	-28.87681	32	0.99407905
1002	18	length_18_macrocycle_18_0_model_2	/home/dkouv/work/tfr1-binder-design/experiments/007_RFD3_macrocycles/monomer_self_consistency/rfd3_backbones/length_18/length_18_macrocycle_18_0_model_2.cif.gz	/home/dkouv/work/tfr1-binder-design/experiments/007_RFD3_macrocycles/monomer_self_consistency/structural_tsne/tmalign_inputs/length_18_macrocycle_18_0_model_2.pdb	-52.050915	6.9290943	15	0.9579761
1003	18	length_18_macrocycle_18_0_model_3	/home/dkouv/work/tfr1-binder-design/experiments/007_RFD3_macrocycles/monomer_self_consistency/rfd3_backbones/length_18/length_18_macrocycle_18_0_model_3.cif.gz	/home/dkouv/work/tfr1-binder-design/experiments/007_RFD3_macrocycles/monomer_self_consistency/structural_tsne/tmalign_inputs/length_18_macrocycle_18_0_model_3.pdb	6.143947	-3.8445957	8	0.9499274
1004	18	length_18_macrocycle_18_0_model_4	/home/dkouv/work/tfr1-binder-design/experiments/007_RFD3_macrocycles/monomer_self_consistency/rfd3_backbones/length_18/length_18_macrocycle_18_0_model_4.cif.gz	/home/dkouv/work/tfr1-binder-design/experiments/007_RFD3_macrocycles/monomer_self_consistency/structural_tsne/tmalign_inputs/length_18_macrocycle_18_0_model_4.pdb	22.893074	-20.151415	5	0.9038178
1005	18	length_18_macrocycle_18_0_model_5	/home/dkouv/work/tfr1-binder-design/experiments/007_RFD3_macrocycles/monomer_self_consistency/rfd3_backbones/length_18/length_18_macrocycle_18_0_model_5.cif.gz	/home/dkouv/work/tfr1-binder-design/experiments/007_RFD3_macrocycles/monomer_self_consistency/structural_tsne/tmalign_inputs/length_18_macrocycle_18_0_model_5.pdb	-14.381795	11.432537	19	1.0
1006	18	length_18_macrocycle_18_0_model_6	/home/dkouv/work/tfr1-binder-design/experiments/007_RFD3_macrocycles/monomer_self_consistency/rfd3_backbones/length_18/length_18_macrocycle_18_0_model_6.cif.gz	/home/dkouv/work/tfr1-binder-design/experiments/007_RFD3_macrocycles/monomer_self_consistency/structural_tsne/tmalign_inputs/length_18_macrocycle_18_0_model_6.pdb	2.211676	23.169481	14	1.0
1007	18	length_18_macrocycle_18_0_model_7	/home/dkouv/work/tfr1-binder-design/experiments/007_RFD3_macrocycles/monomer_self_consistency/rfd3_backbones/length_18/length_18_macrocycle_18_0_model_7.cif.gz	/home/dkouv/work/tfr1-binder-design/experiments/007_RFD3_macrocycles/monomer_self_consistency/structural_tsne/tmalign_inputs/length_18_macrocycle_18_0_model_7.pdb	16.715853	-27.249464	25	0.8504711
1008	18	length_18_macrocycle_18_0_model_8	/home/dkouv/work/tfr1-binder-design/experiments/007_RFD3_macrocycles/monomer_self_consistency/rfd3_backbones/length_18/length_18_macrocycle_18_0_model_8.cif.gz	/home/dkouv/work/tfr1-binder-design/experiments/007_RFD3_macrocycles/monomer_self_consistency/structural_tsne/tmalign_inputs/length_18_macrocycle_18_0_model_8.pdb	16.125181	-24.36857	25	0.764682
1009	18	length_18_macrocycle_18_0_model_9	/home/dkouv/work/tfr1-binder-design/experiments/007_RFD3_macrocycles/monomer_self_consistency/rfd3_backbones/length_18/length_18_macrocycle_18_0_model_9.cif.gz	/home/dkouv/work/tfr1-binder-design/experiments/007_RFD3_macrocycles/monomer_self_consistency/structural_tsne/tmalign_inputs/length_18_macrocycle_18_0_model_9.pdb	11.892583	-29.510235	25	0.76924896
1010	18	length_18_macrocycle_18_0_model_10	/home/dkouv/work/tfr1-binder-design/experiments/007_RFD3_macrocycles/monomer_self_consistency/rfd3_backbones/length_18/length_18_macrocycle_18_0_model_10.cif.gz	/home/dkouv/work/tfr1-binder-design/experiments/007_RFD3_macrocycles/monomer_self_consistency/structural_tsne/tmalign_inputs/length_18_macrocycle_18_0_model_10.pdb	1.1209997	-24.693169	32	0.9839492
1011	18	length_18_macrocycle_18_0_model_11	/home/dkouv/work/tfr1-binder-design/experiments/007_RFD3_macrocycles/monomer_self_consistency/rfd3_backbones/length_18/length_18_macrocycle_18_0_model_11.cif.gz	/home/dkouv/work/tfr1-binder-design/experiments/007_RFD3_macrocycles/monomer_self_consistency/structural_tsne/tmalign_inputs/length_18_macrocycle_18_0_model_11.pdb	-5.9627576	-15.018837	33	0.627999
1012	18	length_18_macrocycle_18_0_model_12	/home/dkouv/work/tfr1-binder-design/experiments/007_RFD3_macrocycles/monomer_self_consistency/rfd3_backbones/length_18/length_18_macrocycle_18_0_model_12.cif.gz	/home/dkouv/work/tfr1-binder-design/experiments/007_RFD3_macrocycles/monomer_self_consistency/structural_tsne/tmalign_inputs/length_18_macrocycle_18_0_model_12.pdb	3.286391	-25.639797	32	0.9988239
1013	18	length_18_macrocycle_18_0_model_13	/home/dkouv/work/tfr1-binder-design/experiments/007_RFD3_macrocycles/monomer_self_consistency/rfd3_backbones/length_18/length_18_macrocycle_18_0_model_13.cif.gz	/home/dkouv/work/tfr1-binder-design/experiments/007_RFD3_macrocycles/monomer_self_consistency/structural_tsne/tmalign_inputs/length_18_macrocycle_18_0_model_13.pdb	-4.572836	-22.62043	21	0.9476278
1014	18	length_18_macrocycle_18_0_model_14	/home/dkouv/work/tfr1-binder-design/experiments/007_RFD3_macrocycles/monomer_self_consistency/rfd3_backbones/length_18/length_18_macrocycle_18_0_model_14.cif.gz	/home/dkouv/work/tfr1-binder-design/experiments/007_RFD3_macrocycles/monomer_self_consistency/structural_tsne/tmalign_inputs/length_18_macrocycle_18_0_model_14.pdb	8.914748	-20.135876	29	0.9819361
1015	18	length_18_macrocycle_18_0_model_15	/home/dkouv/work/tfr1-binder-design/experiments/007_RFD3_macrocycles/monomer_self_consistency/rfd3_backbones/length_18/length_18_macrocycle_18_0_model_15.cif.gz	/home/dkouv/work/tfr1-binder-design/experiments/007_RFD3_macrocycles/monomer_self_consistency/structural_tsne/tmalign_inputs/length_18_macrocycle_18_0_model_15.pdb	1.6784141	-3.5286574	8	0.99630564
1016	18	length_18_macrocycle_18_0_model_16	/home/dkouv/work/tfr1-binder-design/experiments/007_RFD3_macrocycles/monomer_self_consistency/rfd3_backbones/length_18/length_18_macrocycle_18_0_model_16.cif.gz	/home/dkouv/work/tfr1-binder-design/experiments/007_RFD3_macrocycles/monomer_self_consistency/structural_tsne/tmalign_inputs/length_18_macrocycle_18_0_model_16.pdb	23.626514	-20.565931	5	0.8419423
1017	18	length_18_macrocycle_18_0_model_17	/home/dkouv/work/tfr1-binder-design/experiments/007_RFD3_macrocycles/monomer_self_consistency/rfd3_backbones/length_18/length_18_macrocycle_18_0_model_17.cif.gz	/home/dkouv/work/tfr1-binder-design/experiments/007_RFD3_macrocycles/monomer_self_consistency/structural_tsne/tmalign_inputs/length_18_macrocycle_18_0_model_17.pdb	8.066016	-27.943834	32	0.9498695
1018	18	length_18_macrocycle_18_0_model_18	/home/dkouv/work/tfr1-binder-design/experiments/007_RFD3_macrocycles/monomer_self_consistency/rfd3_backbones/length_18/length_18_macrocycle_18_0_model_18.cif.gz	/home/dkouv/work/tfr1-binder-design/experiments/007_RFD3_macrocycles/monomer_self_consistency/structural_tsne/tmalign_inputs/length_18_macrocycle_18_0_model_18.pdb	-51.386757	7.663448	15	0.91483706
1019	18	length_18_macrocycle_18_0_model_19	/home/dkouv/work/tfr1-binder-design/experiments/007_RFD3_macrocycles/monomer_self_consistency/rfd3_backbones/length_18/length_18_macrocycle_18_0_model_19.cif.gz	/home/dkouv/work/tfr1-binder-design/experiments/007_RFD3_macrocycles/monomer_self_consistency/structural_tsne/tmalign_inputs/length_18_macrocycle_18_0_model_19.pdb	-53.40451	5.0091467	15	0.9939914
1020	18	length_18_macrocycle_18_0_model_20	/home/dkouv/work/tfr1-binder-design/experiments/007_RFD3_macrocycles/monomer_self_consistency/rfd3_backbones/length_18/length_18_macrocycle_18_0_model_20.cif.gz	/home/dkouv/work/tfr1-binder-design/experiments/007_RFD3_macrocycles/monomer_self_consistency/structural_tsne/tmalign_inputs/length_18_macrocycle_18_0_model_20.pdb	-6.4356594	-24.080103	21	0.91742057
1021	18	length_18_macrocycle_18_0_model_21	/home/dkouv/work/tfr1-binder-design/experiments/007_RFD3_macrocycles/monomer_self_consistency/rfd3_backbones/length_18/length_18_macrocycle_18_0_model_21.cif.gz	/home/dkouv/work/tfr1-binder-design/experiments/007_RFD3_macrocycles/monomer_self_consistency/structural_tsne/tmalign_inputs/length_18_macrocycle_18_0_model_21.pdb	25.209675	-14.359559	23	0.43121547
1022	18	length_18_macrocycle_18_0_model_22	/home/dkouv/work/tfr1-binder-design/experiments/007_RFD3_macrocycles/monomer_self_consistency/rfd3_backbones/length_18/length_18_macrocycle_18_0_model_22.cif.gz	/home/dkouv/work/tfr1-binder-design/experiments/007_RFD3_macrocycles/monomer_self_consistency/structural_tsne/tmalign_inputs/length_18_macrocycle_18_0_model_22.pdb	-14.342685	-16.019875	2	0.9997997
1023	18	length_18_macrocycle_18_0_model_23	/home/dkouv/work/tfr1-binder-design/experiments/007_RFD3_macrocycles/monomer_self_consistency/rfd3_backbones/length_18/length_18_macrocycle_18_0_model_23.cif.gz	/home/dkouv/work/tfr1-binder-design/experiments/007_RFD3_macrocycles/monomer_self_consistency/structural_tsne/tmalign_inputs/length_18_macrocycle_18_0_model_23.pdb	21.792572	-22.243998	5	0.9745748
1024	18	length_18_macrocycle_18_0_model_24	/home/dkouv/work/tfr1-binder-design/experiments/007_RFD3_macrocycles/monomer_self_consistency/rfd3_backbones/length_18/length_18_macrocycle_18_0_model_24.cif.gz	/home/dkouv/work/tfr1-binder-design/experiments/007_RFD3_macrocycles/monomer_self_consistency/structural_tsne/tmalign_inputs/length_18_macrocycle_18_0_model_24.pdb	14.282899	-20.88612	29	0.9241241
1025	18	length_18_macrocycle_18_0_model_25	/home/dkouv/work/tfr1-binder-design/experiments/007_RFD3_macrocycles/monomer_self_consistency/rfd3_backbones/length_18/length_18_macrocycle_18_0_model_25.cif.gz	/home/dkouv/work/tfr1-binder-design/experiments/007_RFD3_macrocycles/monomer_self_consistency/structural_tsne/tmalign_inputs/length_18_macrocycle_18_0_model_25.pdb	23.61285	-13.394112	18	0.8150732
1026	18	length_18_macrocycle_18_0_model_26	/home/dkouv/work/tfr1-binder-design/experiments/007_RFD3_macrocycles/monomer_self_consistency/rfd3_backbones/length_18/length_18_macrocycle_18_0_model_26.cif.gz	/home/dkouv/work/tfr1-binder-design/experiments/007_RFD3_macrocycles/monomer_self_consistency/structural_tsne/tmalign_inputs/length_18_macrocycle_18_0_model_26.pdb	15.209445	-27.18793	25	0.95175785
1027	18	length_18_macrocycle_18_0_model_27	/home/dkouv/work/tfr1-binder-design/experiments/007_RFD3_macrocycles/monomer_self_consistency/rfd3_backbones/length_18/length_18_macrocycle_18_0_model_27.cif.gz	/home/dkouv/work/tfr1-binder-design/experiments/007_RFD3_macrocycles/monomer_self_consistency/structural_tsne/tmalign_inputs/length_18_macrocycle_18_0_model_27.pdb	17.921217	-27.653303	25	0.7166019
1028	18	length_18_macrocycle_18_0_model_28	/home/dkouv/work/tfr1-binder-design/experiments/007_RFD3_macrocycles/monomer_self_consistency/rfd3_backbones/length_18/length_18_macrocycle_18_0_model_28.cif.gz	/home/dkouv/work/tfr1-binder-design/experiments/007_RFD3_macrocycles/monomer_self_consistency/structural_tsne/tmalign_inputs/length_18_macrocycle_18_0_model_28.pdb	0.7459043	-25.072136	32	0.97416216
1029	18	length_18_macrocycle_18_0_model_29	/home/dkouv/work/tfr1-binder-design/experiments/007_RFD3_macrocycles/monomer_self_consistency/rfd3_backbones/length_18/length_18_macrocycle_18_0_model_29.cif.gz	/home/dkouv/work/tfr1-binder-design/experiments/007_RFD3_macrocycles/monomer_self_consistency/structural_tsne/tmalign_inputs/length_18_macrocycle_18_0_model_29.pdb	5.7871475	-2.5246437	34	0.77361095
1030	18	length_18_macrocycle_18_0_model_30	/home/dkouv/work/tfr1-binder-design/experiments/007_RFD3_macrocycles/monomer_self_consistency/rfd3_backbones/length_18/length_18_macrocycle_18_0_model_30.cif.gz	/home/dkouv/work/tfr1-binder-design/experiments/007_RFD3_macrocycles/monomer_self_consistency/structural_tsne/tmalign_inputs/length_18_macrocycle_18_0_model_30.pdb	-3.1869297	-14.706612	33	0.8180351
1031	18	length_18_macrocycle_18_0_model_31	/home/dkouv/work/tfr1-binder-design/experiments/007_RFD3_macrocycles/monomer_self_consistency/rfd3_backbones/length_18/length_18_macrocycle_18_0_model_31.cif.gz	/home/dkouv/work/tfr1-binder-design/experiments/007_RFD3_macrocycles/monomer_self_consistency/structural_tsne/tmalign_inputs/length_18_macrocycle_18_0_model_31.pdb	21.01109	-24.66526	5	0.9459136
1032	18	length_18_macrocycle_18_0_model_32	/home/dkouv/work/tfr1-binder-design/experiments/007_RFD3_macrocycles/monomer_self_consistency/rfd3_backbones/length_18/length_18_macrocycle_18_0_model_32.cif.gz	/home/dkouv/work/tfr1-binder-design/experiments/007_RFD3_macrocycles/monomer_self_consistency/structural_tsne/tmalign_inputs/length_18_macrocycle_18_0_model_32.pdb	0.9696161	-3.3751256	8	0.98796606
1033	18	length_18_macrocycle_18_0_model_33	/home/dkouv/work/tfr1-binder-design/experiments/007_RFD3_macrocycles/monomer_self_consistency/rfd3_backbones/length_18/length_18_macrocycle_18_0_model_33.cif.gz	/home/dkouv/work/tfr1-binder-design/experiments/007_RFD3_macrocycles/monomer_self_consistency/structural_tsne/tmalign_inputs/length_18_macrocycle_18_0_model_33.pdb	-5.858246	-20.36008	21	0.9121326
1034	18	length_18_macrocycle_18_0_model_34	/home/dkouv/work/tfr1-binder-design/experiments/007_RFD3_macrocycles/monomer_self_consistency/rfd3_backbones/length_18/length_18_macrocycle_18_0_model_34.cif.gz	/home/dkouv/work/tfr1-binder-design/experiments/007_RFD3_macrocycles/monomer_self_consistency/structural_tsne/tmalign_inputs/length_18_macrocycle_18_0_model_34.pdb	3.3703778	24.220022	14	0.9999966
1035	18	length_18_macrocycle_18_0_model_35	/home/dkouv/work/tfr1-binder-design/experiments/007_RFD3_macrocycles/monomer_self_consistency/rfd3_backbones/length_18/length_18_macrocycle_18_0_model_35.cif.gz	/home/dkouv/work/tfr1-binder-design/experiments/007_RFD3_macrocycles/monomer_self_consistency/structural_tsne/tmalign_inputs/length_18_macrocycle_18_0_model_35.pdb	-4.780342	-24.557426	21	0.9499601
1036	18	length_18_macrocycle_18_0_model_36	/home/dkouv/work/tfr1-binder-design/experiments/007_RFD3_macrocycles/monomer_self_consistency/rfd3_backbones/length_18/length_18_macrocycle_18_0_model_36.cif.gz	/home/dkouv/work/tfr1-binder-design/experiments/007_RFD3_macrocycles/monomer_self_consistency/structural_tsne/tmalign_inputs/length_18_macrocycle_18_0_model_36.pdb	0.45547903	-5.164167	8	0.9998622
1037	18	length_18_macrocycle_18_0_model_37	/home/dkouv/work/tfr1-binder-design/experiments/007_RFD3_macrocycles/monomer_self_consistency/rfd3_backbones/length_18/length_18_macrocycle_18_0_model_37.cif.gz	/home/dkouv/work/tfr1-binder-design/experiments/007_RFD3_macrocycles/monomer_self_consistency/structural_tsne/tmalign_inputs/length_18_macrocycle_18_0_model_37.pdb	6.251709	-26.902824	32	0.9918476
1038	18	length_18_macrocycle_18_0_model_38	/home/dkouv/work/tfr1-binder-design/experiments/007_RFD3_macrocycles/monomer_self_consistency/rfd3_backbones/length_18/length_18_macrocycle_18_0_model_38.cif.gz	/home/dkouv/work/tfr1-binder-design/experiments/007_RFD3_macrocycles/monomer_self_consistency/structural_tsne/tmalign_inputs/length_18_macrocycle_18_0_model_38.pdb	-4.977968	-19.349142	21	0.97851515
1039	18	length_18_macrocycle_18_0_model_39	/home/dkouv/work/tfr1-binder-design/experiments/007_RFD3_macrocycles/monomer_self_consistency/rfd3_backbones/length_18/length_18_macrocycle_18_0_model_39.cif.gz	/home/dkouv/work/tfr1-binder-design/experiments/007_RFD3_macrocycles/monomer_self_consistency/structural_tsne/tmalign_inputs/length_18_macrocycle_18_0_model_39.pdb	-12.724493	-15.626899	2	0.99880487
1040	18	length_18_macrocycle_18_0_model_40	/home/dkouv/work/tfr1-binder-design/experiments/007_RFD3_macrocycles/monomer_self_consistency/rfd3_backbones/length_18/length_18_macrocycle_18_0_model_40.cif.gz	/home/dkouv/work/tfr1-binder-design/experiments/007_RFD3_macrocycles/monomer_self_consistency/structural_tsne/tmalign_inputs/length_18_macrocycle_18_0_model_40.pdb	-3.2775025	-16.651817	21	0.626419
1041	18	length_18_macrocycle_18_0_model_41	/home/dkouv/work/tfr1-binder-design/experiments/007_RFD3_macrocycles/monomer_self_consistency/rfd3_backbones/length_18/length_18_macrocycle_18_0_model_41.cif.gz	/home/dkouv/work/tfr1-binder-design/experiments/007_RFD3_macrocycles/monomer_self_consistency/structural_tsne/tmalign_inputs/length_18_macrocycle_18_0_model_41.pdb	0.16543107	-20.722965	11	0.6323501
1042	18	length_18_macrocycle_18_0_model_42	/home/dkouv/work/tfr1-binder-design/experiments/007_RFD3_macrocycles/monomer_self_consistency/rfd3_backbones/length_18/length_18_macrocycle_18_0_model_42.cif.gz	/home/dkouv/work/tfr1-binder-design/experiments/007_RFD3_macrocycles/monomer_self_consistency/structural_tsne/tmalign_inputs/length_18_macrocycle_18_0_model_42.pdb	5.535363	-27.304502	32	0.9959727
1043	18	length_18_macrocycle_18_0_model_43	/home/dkouv/work/tfr1-binder-design/experiments/007_RFD3_macrocycles/monomer_self_consistency/rfd3_backbones/length_18/length_18_macrocycle_18_0_model_43.cif.gz	/home/dkouv/work/tfr1-binder-design/experiments/007_RFD3_macrocycles/monomer_self_consistency/structural_tsne/tmalign_inputs/length_18_macrocycle_18_0_model_43.pdb	23.899317	-22.29709	5	0.8489496
1044	18	length_18_macrocycle_18_0_model_44	/home/dkouv/work/tfr1-binder-design/experiments/007_RFD3_macrocycles/monomer_self_consistency/rfd3_backbones/length_18/length_18_macrocycle_18_0_model_44.cif.gz	/home/dkouv/work/tfr1-binder-design/experiments/007_RFD3_macrocycles/monomer_self_consistency/structural_tsne/tmalign_inputs/length_18_macrocycle_18_0_model_44.pdb	23.902327	-20.604704	5	0.7971794
1045	18	length_18_macrocycle_18_0_model_45	/home/dkouv/work/tfr1-binder-design/experiments/007_RFD3_macrocycles/monomer_self_consistency/rfd3_backbones/length_18/length_18_macrocycle_18_0_model_45.cif.gz	/home/dkouv/work/tfr1-binder-design/experiments/007_RFD3_macrocycles/monomer_self_consistency/structural_tsne/tmalign_inputs/length_18_macrocycle_18_0_model_45.pdb	-3.211949	-14.525152	33	0.8409501
1046	18	length_18_macrocycle_18_0_model_46	/home/dkouv/work/tfr1-binder-design/experiments/007_RFD3_macrocycles/monomer_self_consistency/rfd3_backbones/length_18/length_18_macrocycle_18_0_model_46.cif.gz	/home/dkouv/work/tfr1-binder-design/experiments/007_RFD3_macrocycles/monomer_self_consistency/structural_tsne/tmalign_inputs/length_18_macrocycle_18_0_model_46.pdb	13.567072	-21.00851	29	0.9208246
1047	18	length_18_macrocycle_18_0_model_47	/home/dkouv/work/tfr1-binder-design/experiments/007_RFD3_macrocycles/monomer_self_consistency/rfd3_backbones/length_18/length_18_macrocycle_18_0_model_47.cif.gz	/home/dkouv/work/tfr1-binder-design/experiments/007_RFD3_macrocycles/monomer_self_consistency/structural_tsne/tmalign_inputs/length_18_macrocycle_18_0_model_47.pdb	18.826134	-24.925323	5	0.76115507
1048	18	length_18_macrocycle_18_0_model_48	/home/dkouv/work/tfr1-binder-design/experiments/007_RFD3_macrocycles/monomer_self_consistency/rfd3_backbones/length_18/length_18_macrocycle_18_0_model_48.cif.gz	/home/dkouv/work/tfr1-binder-design/experiments/007_RFD3_macrocycles/monomer_self_consistency/structural_tsne/tmalign_inputs/length_18_macrocycle_18_0_model_48.pdb	-49.48534	7.7983794	15	0.56209725
1049	18	length_18_macrocycle_18_0_model_49	/home/dkouv/work/tfr1-binder-design/experiments/007_RFD3_macrocycles/monomer_self_consistency/rfd3_backbones/length_18/length_18_macrocycle_18_0_model_49.cif.gz	/home/dkouv/work/tfr1-binder-design/experiments/007_RFD3_macrocycles/monomer_self_consistency/structural_tsne/tmalign_inputs/length_18_macrocycle_18_0_model_49.pdb	-5.1099267	-22.58549	21	0.9483502
1050	18	length_18_macrocycle_18_0_model_50	/home/dkouv/work/tfr1-binder-design/experiments/007_RFD3_macrocycles/monomer_self_consistency/rfd3_backbones/length_18/length_18_macrocycle_18_0_model_50.cif.gz	/home/dkouv/work/tfr1-binder-design/experiments/007_RFD3_macrocycles/monomer_self_consistency/structural_tsne/tmalign_inputs/length_18_macrocycle_18_0_model_50.pdb	-52.298473	4.9188375	15	0.9803492
1051	18	length_18_macrocycle_18_0_model_51	/home/dkouv/work/tfr1-binder-design/experiments/007_RFD3_macrocycles/monomer_self_consistency/rfd3_backbones/length_18/length_18_macrocycle_18_0_model_51.cif.gz	/home/dkouv/work/tfr1-binder-design/experiments/007_RFD3_macrocycles/monomer_self_consistency/structural_tsne/tmalign_inputs/length_18_macrocycle_18_0_model_51.pdb	-9.717054	-19.126156	2	0.9785203
1052	18	length_18_macrocycle_18_0_model_52	/home/dkouv/work/tfr1-binder-design/experiments/007_RFD3_macrocycles/monomer_self_consistency/rfd3_backbones/length_18/length_18_macrocycle_18_0_model_52.cif.gz	/home/dkouv/work/tfr1-binder-design/experiments/007_RFD3_macrocycles/monomer_self_consistency/structural_tsne/tmalign_inputs/length_18_macrocycle_18_0_model_52.pdb	-3.6461985	-16.910583	21	0.7325253
1053	18	length_18_macrocycle_18_0_model_53	/home/dkouv/work/tfr1-binder-design/experiments/007_RFD3_macrocycles/monomer_self_consistency/rfd3_backbones/length_18/length_18_macrocycle_18_0_model_53.cif.gz	/home/dkouv/work/tfr1-binder-design/experiments/007_RFD3_macrocycles/monomer_self_consistency/structural_tsne/tmalign_inputs/length_18_macrocycle_18_0_model_53.pdb	-13.2015085	-15.800695	2	0.9994113
1054	18	length_18_macrocycle_18_0_model_54	/home/dkouv/work/tfr1-binder-design/experiments/007_RFD3_macrocycles/monomer_self_consistency/rfd3_backbones/length_18/length_18_macrocycle_18_0_model_54.cif.gz	/home/dkouv/work/tfr1-binder-design/experiments/007_RFD3_macrocycles/monomer_self_consistency/structural_tsne/tmalign_inputs/length_18_macrocycle_18_0_model_54.pdb	-54.077457	3.0331235	15	0.99887484
1055	18	length_18_macrocycle_18_0_model_55	/home/dkouv/work/tfr1-binder-design/experiments/007_RFD3_macrocycles/monomer_self_consistency/rfd3_backbones/length_18/length_18_macrocycle_18_0_model_55.cif.gz	/home/dkouv/work/tfr1-binder-design/experiments/007_RFD3_macrocycles/monomer_self_consistency/structural_tsne/tmalign_inputs/length_18_macrocycle_18_0_model_55.pdb	8.867568	-27.591192	32	0.8944255
1056	18	length_18_macrocycle_18_0_model_56	/home/dkouv/work/tfr1-binder-design/experiments/007_RFD3_macrocycles/monomer_self_consistency/rfd3_backbones/length_18/length_18_macrocycle_18_0_model_56.cif.gz	/home/dkouv/work/tfr1-binder-design/experiments/007_RFD3_macrocycles/monomer_self_consistency/structural_tsne/tmalign_inputs/length_18_macrocycle_18_0_model_56.pdb	17.041529	-26.132908	25	0.7464917
1057	18	length_18_macrocycle_18_0_model_57	/home/dkouv/work/tfr1-binder-design/experiments/007_RFD3_macrocycles/monomer_self_consistency/rfd3_backbones/length_18/length_18_macrocycle_18_0_model_57.cif.gz	/home/dkouv/work/tfr1-binder-design/experiments/007_RFD3_macrocycles/monomer_self_consistency/structural_tsne/tmalign_inputs/length_18_macrocycle_18_0_model_57.pdb	9.916915	-18.149752	29	0.9918679
1058	18	length_18_macrocycle_18_0_model_58	/home/dkouv/work/tfr1-binder-design/experiments/007_RFD3_macrocycles/monomer_self_consistency/rfd3_backbones/length_18/length_18_macrocycle_18_0_model_58.cif.gz	/home/dkouv/work/tfr1-binder-design/experiments/007_RFD3_macrocycles/monomer_self_consistency/structural_tsne/tmalign_inputs/length_18_macrocycle_18_0_model_58.pdb	-0.07827315	-17.073465	33	0.8751518
1059	18	length_18_macrocycle_18_0_model_59	/home/dkouv/work/tfr1-binder-design/experiments/007_RFD3_macrocycles/monomer_self_consistency/rfd3_backbones/length_18/length_18_macrocycle_18_0_model_59.cif.gz	/home/dkouv/work/tfr1-binder-design/experiments/007_RFD3_macrocycles/monomer_self_consistency/structural_tsne/tmalign_inputs/length_18_macrocycle_18_0_model_59.pdb	7.413958	-22.236658	29	0.71294075
1060	18	length_18_macrocycle_18_0_model_60	/home/dkouv/work/tfr1-binder-design/experiments/007_RFD3_macrocycles/monomer_self_consistency/rfd3_backbones/length_18/length_18_macrocycle_18_0_model_60.cif.gz	/home/dkouv/work/tfr1-binder-design/experiments/007_RFD3_macrocycles/monomer_self_consistency/structural_tsne/tmalign_inputs/length_18_macrocycle_18_0_model_60.pdb	-4.5506296	-14.919279	33	0.6819736
1061	18	length_18_macrocycle_18_0_model_61	/home/dkouv/work/tfr1-binder-design/experiments/007_RFD3_macrocycles/monomer_self_consistency/rfd3_backbones/length_18/length_18_macrocycle_18_0_model_61.cif.gz	/home/dkouv/work/tfr1-binder-design/experiments/007_RFD3_macrocycles/monomer_self_consistency/structural_tsne/tmalign_inputs/length_18_macrocycle_18_0_model_61.pdb	17.173985	-28.377289	25	0.8406129
1062	18	length_18_macrocycle_18_0_model_62	/home/dkouv/work/tfr1-binder-design/experiments/007_RFD3_macrocycles/monomer_self_consistency/rfd3_backbones/length_18/length_18_macrocycle_18_0_model_62.cif.gz	/home/dkouv/work/tfr1-binder-design/experiments/007_RFD3_macrocycles/monomer_self_consistency/structural_tsne/tmalign_inputs/length_18_macrocycle_18_0_model_62.pdb	-51.076794	7.208109	15	0.89772105
1063	18	length_18_macrocycle_18_0_model_63	/home/dkouv/work/tfr1-binder-design/experiments/007_RFD3_macrocycles/monomer_self_consistency/rfd3_backbones/length_18/length_18_macrocycle_18_0_model_63.cif.gz	/home/dkouv/work/tfr1-binder-design/experiments/007_RFD3_macrocycles/monomer_self_consistency/structural_tsne/tmalign_inputs/length_18_macrocycle_18_0_model_63.pdb	-52.517487	3.0629497	15	0.98730624
1064	18	length_18_macrocycle_18_0_model_64	/home/dkouv/work/tfr1-binder-design/experiments/007_RFD3_macrocycles/monomer_self_consistency/rfd3_backbones/length_18/length_18_macrocycle_18_0_model_64.cif.gz	/home/dkouv/work/tfr1-binder-design/experiments/007_RFD3_macrocycles/monomer_self_consistency/structural_tsne/tmalign_inputs/length_18_macrocycle_18_0_model_64.pdb	2.0102363	23.73652	14	1.0
1065	18	length_18_macrocycle_18_0_model_65	/home/dkouv/work/tfr1-binder-design/experiments/007_RFD3_macrocycles/monomer_self_consistency/rfd3_backbones/length_18/length_18_macrocycle_18_0_model_65.cif.gz	/home/dkouv/work/tfr1-binder-design/experiments/007_RFD3_macrocycles/monomer_self_consistency/structural_tsne/tmalign_inputs/length_18_macrocycle_18_0_model_65.pdb	6.666494	-28.279465	32	0.9864028
1066	18	length_18_macrocycle_18_0_model_66	/home/dkouv/work/tfr1-binder-design/experiments/007_RFD3_macrocycles/monomer_self_consistency/rfd3_backbones/length_18/length_18_macrocycle_18_0_model_66.cif.gz	/home/dkouv/work/tfr1-binder-design/experiments/007_RFD3_macrocycles/monomer_self_consistency/structural_tsne/tmalign_inputs/length_18_macrocycle_18_0_model_66.pdb	19.161667	-22.671377	5	0.9161825
1067	18	length_18_macrocycle_18_0_model_67	/home/dkouv/work/tfr1-binder-design/experiments/007_RFD3_macrocycles/monomer_self_consistency/rfd3_backbones/length_18/length_18_macrocycle_18_0_model_67.cif.gz	/home/dkouv/work/tfr1-binder-design/experiments/007_RFD3_macrocycles/monomer_self_consistency/structural_tsne/tmalign_inputs/length_18_macrocycle_18_0_model_67.pdb	-0.41656625	-5.1629834	8	0.99965674
1068	18	length_18_macrocycle_18_0_model_68	/home/dkouv/work/tfr1-binder-design/experiments/007_RFD3_macrocycles/monomer_self_consistency/rfd3_backbones/length_18/length_18_macrocycle_18_0_model_68.cif.gz	/home/dkouv/work/tfr1-binder-design/experiments/007_RFD3_macrocycles/monomer_self_consistency/structural_tsne/tmalign_inputs/length_18_macrocycle_18_0_model_68.pdb	13.248073	-24.976988	25	0.94814
1069	18	length_18_macrocycle_18_0_model_69	/home/dkouv/work/tfr1-binder-design/experiments/007_RFD3_macrocycles/monomer_self_consistency/rfd3_backbones/length_18/length_18_macrocycle_18_0_model_69.cif.gz	/home/dkouv/work/tfr1-binder-design/experiments/007_RFD3_macrocycles/monomer_self_consistency/structural_tsne/tmalign_inputs/length_18_macrocycle_18_0_model_69.pdb	-54.963867	4.6886597	15	0.9983049
1070	18	length_18_macrocycle_18_0_model_70	/home/dkouv/work/tfr1-binder-design/experiments/007_RFD3_macrocycles/monomer_self_consistency/rfd3_backbones/length_18/length_18_macrocycle_18_0_model_70.cif.gz	/home/dkouv/work/tfr1-binder-design/experiments/007_RFD3_macrocycles/monomer_self_consistency/structural_tsne/tmalign_inputs/length_18_macrocycle_18_0_model_70.pdb	-5.1315117	-22.174004	21	0.94717604
1071	18	length_18_macrocycle_18_0_model_71	/home/dkouv/work/tfr1-binder-design/experiments/007_RFD3_macrocycles/monomer_self_consistency/rfd3_backbones/length_18/length_18_macrocycle_18_0_model_71.cif.gz	/home/dkouv/work/tfr1-binder-design/experiments/007_RFD3_macrocycles/monomer_self_consistency/structural_tsne/tmalign_inputs/length_18_macrocycle_18_0_model_71.pdb	18.239347	-25.801477	5	0.53486294
1072	18	length_18_macrocycle_18_0_model_72	/home/dkouv/work/tfr1-binder-design/experiments/007_RFD3_macrocycles/monomer_self_consistency/rfd3_backbones/length_18/length_18_macrocycle_18_0_model_72.cif.gz	/home/dkouv/work/tfr1-binder-design/experiments/007_RFD3_macrocycles/monomer_self_consistency/structural_tsne/tmalign_inputs/length_18_macrocycle_18_0_model_72.pdb	12.0712805	-19.894886	29	0.9793512
1073	18	length_18_macrocycle_18_0_model_73	/home/dkouv/work/tfr1-binder-design/experiments/007_RFD3_macrocycles/monomer_self_consistency/rfd3_backbones/length_18/length_18_macrocycle_18_0_model_73.cif.gz	/home/dkouv/work/tfr1-binder-design/experiments/007_RFD3_macrocycles/monomer_self_consistency/structural_tsne/tmalign_inputs/length_18_macrocycle_18_0_model_73.pdb	-12.773167	12.5674	19	1.0
1074	18	length_18_macrocycle_18_0_model_74	/home/dkouv/work/tfr1-binder-design/experiments/007_RFD3_macrocycles/monomer_self_consistency/rfd3_backbones/length_18/length_18_macrocycle_18_0_model_74.cif.gz	/home/dkouv/work/tfr1-binder-design/experiments/007_RFD3_macrocycles/monomer_self_consistency/structural_tsne/tmalign_inputs/length_18_macrocycle_18_0_model_74.pdb	-1.3697723	-23.907415	21	0.6927756
1075	18	length_18_macrocycle_18_0_model_75	/home/dkouv/work/tfr1-binder-design/experiments/007_RFD3_macrocycles/monomer_self_consistency/rfd3_backbones/length_18/length_18_macrocycle_18_0_model_75.cif.gz	/home/dkouv/work/tfr1-binder-design/experiments/007_RFD3_macrocycles/monomer_self_consistency/structural_tsne/tmalign_inputs/length_18_macrocycle_18_0_model_75.pdb	0.15299532	-6.400206	8	0.9978009
1076	18	length_18_macrocycle_18_0_model_76	/home/dkouv/work/tfr1-binder-design/experiments/007_RFD3_macrocycles/monomer_self_consistency/rfd3_backbones/length_18/length_18_macrocycle_18_0_model_76.cif.gz	/home/dkouv/work/tfr1-binder-design/experiments/007_RFD3_macrocycles/monomer_self_consistency/structural_tsne/tmalign_inputs/length_18_macrocycle_18_0_model_76.pdb	-48.34936	-2.5078783	4	0.98508525
1077	18	length_18_macrocycle_18_0_model_77	/home/dkouv/work/tfr1-binder-design/experiments/007_RFD3_macrocycles/monomer_self_consistency/rfd3_backbones/length_18/length_18_macrocycle_18_0_model_77.cif.gz	/home/dkouv/work/tfr1-binder-design/experiments/007_RFD3_macrocycles/monomer_self_consistency/structural_tsne/tmalign_inputs/length_18_macrocycle_18_0_model_77.pdb	-2.7425013	-24.061827	21	0.93773025
1078	18	length_18_macrocycle_18_0_model_78	/home/dkouv/work/tfr1-binder-design/experiments/007_RFD3_macrocycles/monomer_self_consistency/rfd3_backbones/length_18/length_18_macrocycle_18_0_model_78.cif.gz	/home/dkouv/work/tfr1-binder-design/experiments/007_RFD3_macrocycles/monomer_self_consistency/structural_tsne/tmalign_inputs/length_18_macrocycle_18_0_model_78.pdb	-46.379536	-2.6806853	4	0.9715422
1079	18	length_18_macrocycle_18_0_model_79	/home/dkouv/work/tfr1-binder-design/experiments/007_RFD3_macrocycles/monomer_self_consistency/rfd3_backbones/length_18/length_18_macrocycle_18_0_model_79.cif.gz	/home/dkouv/work/tfr1-binder-design/experiments/007_RFD3_macrocycles/monomer_self_consistency/structural_tsne/tmalign_inputs/length_18_macrocycle_18_0_model_79.pdb	6.8414397	-28.939074	32	0.9812074
1080	18	length_18_macrocycle_18_0_model_80	/home/dkouv/work/tfr1-binder-design/experiments/007_RFD3_macrocycles/monomer_self_consistency/rfd3_backbones/length_18/length_18_macrocycle_18_0_model_80.cif.gz	/home/dkouv/work/tfr1-binder-design/experiments/007_RFD3_macrocycles/monomer_self_consistency/structural_tsne/tmalign_inputs/length_18_macrocycle_18_0_model_80.pdb	20.180788	-21.09381	5	0.9351596
1081	18	length_18_macrocycle_18_0_model_81	/home/dkouv/work/tfr1-binder-design/experiments/007_RFD3_macrocycles/monomer_self_consistency/rfd3_backbones/length_18/length_18_macrocycle_18_0_model_81.cif.gz	/home/dkouv/work/tfr1-binder-design/experiments/007_RFD3_macrocycles/monomer_self_consistency/structural_tsne/tmalign_inputs/length_18_macrocycle_18_0_model_81.pdb	-53.82435	5.918693	15	0.9918409
1082	18	length_18_macrocycle_18_0_model_82	/home/dkouv/work/tfr1-binder-design/experiments/007_RFD3_macrocycles/monomer_self_consistency/rfd3_backbones/length_18/length_18_macrocycle_18_0_model_82.cif.gz	/home/dkouv/work/tfr1-binder-design/experiments/007_RFD3_macrocycles/monomer_self_consistency/structural_tsne/tmalign_inputs/length_18_macrocycle_18_0_model_82.pdb	-1.2748648	0.39448008	26	0.99999523
1083	18	length_18_macrocycle_18_0_model_83	/home/dkouv/work/tfr1-binder-design/experiments/007_RFD3_macrocycles/monomer_self_consistency/rfd3_backbones/length_18/length_18_macrocycle_18_0_model_83.cif.gz	/home/dkouv/work/tfr1-binder-design/experiments/007_RFD3_macrocycles/monomer_self_consistency/structural_tsne/tmalign_inputs/length_18_macrocycle_18_0_model_83.pdb	-49.996063	7.9109254	15	0.7229651
1084	18	length_18_macrocycle_18_0_model_84	/home/dkouv/work/tfr1-binder-design/experiments/007_RFD3_macrocycles/monomer_self_consistency/rfd3_backbones/length_18/length_18_macrocycle_18_0_model_84.cif.gz	/home/dkouv/work/tfr1-binder-design/experiments/007_RFD3_macrocycles/monomer_self_consistency/structural_tsne/tmalign_inputs/length_18_macrocycle_18_0_model_84.pdb	6.4171033	-1.9695305	34	0.95315117
1085	18	length_18_macrocycle_18_0_model_85	/home/dkouv/work/tfr1-binder-design/experiments/007_RFD3_macrocycles/monomer_self_consistency/rfd3_backbones/length_18/length_18_macrocycle_18_0_model_85.cif.gz	/home/dkouv/work/tfr1-binder-design/experiments/007_RFD3_macrocycles/monomer_self_consistency/structural_tsne/tmalign_inputs/length_18_macrocycle_18_0_model_85.pdb	-14.016972	-16.355915	2	0.9998049
1086	18	length_18_macrocycle_18_0_model_86	/home/dkouv/work/tfr1-binder-design/experiments/007_RFD3_macrocycles/monomer_self_consistency/rfd3_backbones/length_18/length_18_macrocycle_18_0_model_86.cif.gz	/home/dkouv/work/tfr1-binder-design/experiments/007_RFD3_macrocycles/monomer_self_consistency/structural_tsne/tmalign_inputs/length_18_macrocycle_18_0_model_86.pdb	16.214136	-28.871508	25	0.9176919
1087	18	length_18_macrocycle_18_0_model_87	/home/dkouv/work/tfr1-binder-design/experiments/007_RFD3_macrocycles/monomer_self_consistency/rfd3_backbones/length_18/length_18_macrocycle_18_0_model_87.cif.gz	/home/dkouv/work/tfr1-binder-design/experiments/007_RFD3_macrocycles/monomer_self_consistency/structural_tsne/tmalign_inputs/length_18_macrocycle_18_0_model_87.pdb	12.863637	-30.647047	25	0.92093045
1088	18	length_18_macrocycle_18_0_model_88	/home/dkouv/work/tfr1-binder-design/experiments/007_RFD3_macrocycles/monomer_self_consistency/rfd3_backbones/length_18/length_18_macrocycle_18_0_model_88.cif.gz	/home/dkouv/work/tfr1-binder-design/experiments/007_RFD3_macrocycles/monomer_self_consistency/structural_tsne/tmalign_inputs/length_18_macrocycle_18_0_model_88.pdb	-1.4654529	-20.893631	11	0.5085873
1089	18	length_18_macrocycle_18_0_model_89	/home/dkouv/work/tfr1-binder-design/experiments/007_RFD3_macrocycles/monomer_self_consistency/rfd3_backbones/length_18/length_18_macrocycle_18_0_model_89.cif.gz	/home/dkouv/work/tfr1-binder-design/experiments/007_RFD3_macrocycles/monomer_self_consistency/structural_tsne/tmalign_inputs/length_18_macrocycle_18_0_model_89.pdb	-13.895706	-16.713558	2	0.99983174
1090	18	length_18_macrocycle_18_0_model_90	/home/dkouv/work/tfr1-binder-design/experiments/007_RFD3_macrocycles/monomer_self_consistency/rfd3_backbones/length_18/length_18_macrocycle_18_0_model_90.cif.gz	/home/dkouv/work/tfr1-binder-design/experiments/007_RFD3_macrocycles/monomer_self_consistency/structural_tsne/tmalign_inputs/length_18_macrocycle_18_0_model_90.pdb	-52.97573	6.698426	15	0.97895527
1091	18	length_18_macrocycle_18_0_model_91	/home/dkouv/work/tfr1-binder-design/experiments/007_RFD3_macrocycles/monomer_self_consistency/rfd3_backbones/length_18/length_18_macrocycle_18_0_model_91.cif.gz	/home/dkouv/work/tfr1-binder-design/experiments/007_RFD3_macrocycles/monomer_self_consistency/structural_tsne/tmalign_inputs/length_18_macrocycle_18_0_model_91.pdb	-12.157425	-17.777977	2	0.99965537
1092	18	length_18_macrocycle_18_0_model_92	/home/dkouv/work/tfr1-binder-design/experiments/007_RFD3_macrocycles/monomer_self_consistency/rfd3_backbones/length_18/length_18_macrocycle_18_0_model_92.cif.gz	/home/dkouv/work/tfr1-binder-design/experiments/007_RFD3_macrocycles/monomer_self_consistency/structural_tsne/tmalign_inputs/length_18_macrocycle_18_0_model_92.pdb	16.219307	-24.405283	25	0.75130105
1093	18	length_18_macrocycle_18_0_model_93	/home/dkouv/work/tfr1-binder-design/experiments/007_RFD3_macrocycles/monomer_self_consistency/rfd3_backbones/length_18/length_18_macrocycle_18_0_model_93.cif.gz	/home/dkouv/work/tfr1-binder-design/experiments/007_RFD3_macrocycles/monomer_self_consistency/structural_tsne/tmalign_inputs/length_18_macrocycle_18_0_model_93.pdb	-51.401897	8.005835	15	0.90767616
1094	18	length_18_macrocycle_18_0_model_94	/home/dkouv/work/tfr1-binder-design/experiments/007_RFD3_macrocycles/monomer_self_consistency/rfd3_backbones/length_18/length_18_macrocycle_18_0_model_94.cif.gz	/home/dkouv/work/tfr1-binder-design/experiments/007_RFD3_macrocycles/monomer_self_consistency/structural_tsne/tmalign_inputs/length_18_macrocycle_18_0_model_94.pdb	1.1229134	-3.680955	8	0.9975635
1095	18	length_18_macrocycle_18_0_model_95	/home/dkouv/work/tfr1-binder-design/experiments/007_RFD3_macrocycles/monomer_self_consistency/rfd3_backbones/length_18/length_18_macrocycle_18_0_model_95.cif.gz	/home/dkouv/work/tfr1-binder-design/experiments/007_RFD3_macrocycles/monomer_self_consistency/structural_tsne/tmalign_inputs/length_18_macrocycle_18_0_model_95.pdb	-50.392475	-11.5811825	28	0.96854204
1096	18	length_18_macrocycle_18_0_model_96	/home/dkouv/work/tfr1-binder-design/experiments/007_RFD3_macrocycles/monomer_self_consistency/rfd3_backbones/length_18/length_18_macrocycle_18_0_model_96.cif.gz	/home/dkouv/work/tfr1-binder-design/experiments/007_RFD3_macrocycles/monomer_self_consistency/structural_tsne/tmalign_inputs/length_18_macrocycle_18_0_model_96.pdb	-3.9684794	-22.855625	21	0.79642135
1097	18	length_18_macrocycle_18_0_model_97	/home/dkouv/work/tfr1-binder-design/experiments/007_RFD3_macrocycles/monomer_self_consistency/rfd3_backbones/length_18/length_18_macrocycle_18_0_model_97.cif.gz	/home/dkouv/work/tfr1-binder-design/experiments/007_RFD3_macrocycles/monomer_self_consistency/structural_tsne/tmalign_inputs/length_18_macrocycle_18_0_model_97.pdb	-1.0289639	-17.775028	33	0.56682795
1098	18	length_18_macrocycle_18_0_model_98	/home/dkouv/work/tfr1-binder-design/experiments/007_RFD3_macrocycles/monomer_self_consistency/rfd3_backbones/length_18/length_18_macrocycle_18_0_model_98.cif.gz	/home/dkouv/work/tfr1-binder-design/experiments/007_RFD3_macrocycles/monomer_self_consistency/structural_tsne/tmalign_inputs/length_18_macrocycle_18_0_model_98.pdb	7.384362	-27.39373	32	0.9749694
1099	18	length_18_macrocycle_18_0_model_99	/home/dkouv/work/tfr1-binder-design/experiments/007_RFD3_macrocycles/monomer_self_consistency/rfd3_backbones/length_18/length_18_macrocycle_18_0_model_99.cif.gz	/home/dkouv/work/tfr1-binder-design/experiments/007_RFD3_macrocycles/monomer_self_consistency/structural_tsne/tmalign_inputs/length_18_macrocycle_18_0_model_99.pdb	6.564897	-27.655554	32	0.98869514
1100	18	length_18_macrocycle_18_0_model_100	/home/dkouv/work/tfr1-binder-design/experiments/007_RFD3_macrocycles/monomer_self_consistency/rfd3_backbones/length_18/length_18_macrocycle_18_0_model_100.cif.gz	/home/dkouv/work/tfr1-binder-design/experiments/007_RFD3_macrocycles/monomer_self_consistency/structural_tsne/tmalign_inputs/length_18_macrocycle_18_0_model_100.pdb	18.513184	-28.248575	25	0.68110234
1101	18	length_18_macrocycle_18_0_model_101	/home/dkouv/work/tfr1-binder-design/experiments/007_RFD3_macrocycles/monomer_self_consistency/rfd3_backbones/length_18/length_18_macrocycle_18_0_model_101.cif.gz	/home/dkouv/work/tfr1-binder-design/experiments/007_RFD3_macrocycles/monomer_self_consistency/structural_tsne/tmalign_inputs/length_18_macrocycle_18_0_model_101.pdb	14.975552	-25.595404	25	0.949274
1102	18	length_18_macrocycle_18_0_model_102	/home/dkouv/work/tfr1-binder-design/experiments/007_RFD3_macrocycles/monomer_self_consistency/rfd3_backbones/length_18/length_18_macrocycle_18_0_model_102.cif.gz	/home/dkouv/work/tfr1-binder-design/experiments/007_RFD3_macrocycles/monomer_self_consistency/structural_tsne/tmalign_inputs/length_18_macrocycle_18_0_model_102.pdb	4.1167064	-23.72291	32	0.96936965
1103	18	length_18_macrocycle_18_0_model_103	/home/dkouv/work/tfr1-binder-design/experiments/007_RFD3_macrocycles/monomer_self_consistency/rfd3_backbones/length_18/length_18_macrocycle_18_0_model_103.cif.gz	/home/dkouv/work/tfr1-binder-design/experiments/007_RFD3_macrocycles/monomer_self_consistency/structural_tsne/tmalign_inputs/length_18_macrocycle_18_0_model_103.pdb	1.033008	-3.6112022	8	0.9963731
1104	18	length_18_macrocycle_18_0_model_104	/home/dkouv/work/tfr1-binder-design/experiments/007_RFD3_macrocycles/monomer_self_consistency/rfd3_backbones/length_18/length_18_macrocycle_18_0_model_104.cif.gz	/home/dkouv/work/tfr1-binder-design/experiments/007_RFD3_macrocycles/monomer_self_consistency/structural_tsne/tmalign_inputs/length_18_macrocycle_18_0_model_104.pdb	5.0780716	-4.7578554	8	0.99999523
1105	18	length_18_macrocycle_18_0_model_105	/home/dkouv/work/tfr1-binder-design/experiments/007_RFD3_macrocycles/monomer_self_consistency/rfd3_backbones/length_18/length_18_macrocycle_18_0_model_105.cif.gz	/home/dkouv/work/tfr1-binder-design/experiments/007_RFD3_macrocycles/monomer_self_consistency/structural_tsne/tmalign_inputs/length_18_macrocycle_18_0_model_105.pdb	-14.837711	-16.64099	2	0.99988085
1106	18	length_18_macrocycle_18_0_model_106	/home/dkouv/work/tfr1-binder-design/experiments/007_RFD3_macrocycles/monomer_self_consistency/rfd3_backbones/length_18/length_18_macrocycle_18_0_model_106.cif.gz	/home/dkouv/work/tfr1-binder-design/experiments/007_RFD3_macrocycles/monomer_self_consistency/structural_tsne/tmalign_inputs/length_18_macrocycle_18_0_model_106.pdb	12.623527	-19.46478	29	0.98528546
1107	18	length_18_macrocycle_18_0_model_107	/home/dkouv/work/tfr1-binder-design/experiments/007_RFD3_macrocycles/monomer_self_consistency/rfd3_backbones/length_18/length_18_macrocycle_18_0_model_107.cif.gz	/home/dkouv/work/tfr1-binder-design/experiments/007_RFD3_macrocycles/monomer_self_consistency/structural_tsne/tmalign_inputs/length_18_macrocycle_18_0_model_107.pdb	4.5098934	-25.438318	32	0.9971454
1108	18	length_18_macrocycle_18_0_model_108	/home/dkouv/work/tfr1-binder-design/experiments/007_RFD3_macrocycles/monomer_self_consistency/rfd3_backbones/length_18/length_18_macrocycle_18_0_model_108.cif.gz	/home/dkouv/work/tfr1-binder-design/experiments/007_RFD3_macrocycles/monomer_self_consistency/structural_tsne/tmalign_inputs/length_18_macrocycle_18_0_model_108.pdb	3.877926	-27.109383	32	0.99916303
1109	18	length_18_macrocycle_18_0_model_109	/home/dkouv/work/tfr1-binder-design/experiments/007_RFD3_macrocycles/monomer_self_consistency/rfd3_backbones/length_18/length_18_macrocycle_18_0_model_109.cif.gz	/home/dkouv/work/tfr1-binder-design/experiments/007_RFD3_macrocycles/monomer_self_consistency/structural_tsne/tmalign_inputs/length_18_macrocycle_18_0_model_109.pdb	-4.3151174	-24.687067	21	0.97504616
1110	18	length_18_macrocycle_18_0_model_110	/home/dkouv/work/tfr1-binder-design/experiments/007_RFD3_macrocycles/monomer_self_consistency/rfd3_backbones/length_18/length_18_macrocycle_18_0_model_110.cif.gz	/home/dkouv/work/tfr1-binder-design/experiments/007_RFD3_macrocycles/monomer_self_consistency/structural_tsne/tmalign_inputs/length_18_macrocycle_18_0_model_110.pdb	-12.826885	-15.674136	2	0.9989959
1111	18	length_18_macrocycle_18_0_model_111	/home/dkouv/work/tfr1-binder-design/experiments/007_RFD3_macrocycles/monomer_self_consistency/rfd3_backbones/length_18/length_18_macrocycle_18_0_model_111.cif.gz	/home/dkouv/work/tfr1-binder-design/experiments/007_RFD3_macrocycles/monomer_self_consistency/structural_tsne/tmalign_inputs/length_18_macrocycle_18_0_model_111.pdb	-10.605677	-16.488403	2	0.9919677
1112	18	length_18_macrocycle_18_0_model_112	/home/dkouv/work/tfr1-binder-design/experiments/007_RFD3_macrocycles/monomer_self_consistency/rfd3_backbones/length_18/length_18_macrocycle_18_0_model_112.cif.gz	/home/dkouv/work/tfr1-binder-design/experiments/007_RFD3_macrocycles/monomer_self_consistency/structural_tsne/tmalign_inputs/length_18_macrocycle_18_0_model_112.pdb	-4.304693	-13.806925	33	0.876176
1113	18	length_18_macrocycle_18_0_model_113	/home/dkouv/work/tfr1-binder-design/experiments/007_RFD3_macrocycles/monomer_self_consistency/rfd3_backbones/length_18/length_18_macrocycle_18_0_model_113.cif.gz	/home/dkouv/work/tfr1-binder-design/experiments/007_RFD3_macrocycles/monomer_self_consistency/structural_tsne/tmalign_inputs/length_18_macrocycle_18_0_model_113.pdb	-13.941422	11.47745	19	1.0
1114	18	length_18_macrocycle_18_0_model_114	/home/dkouv/work/tfr1-binder-design/experiments/007_RFD3_macrocycles/monomer_self_consistency/rfd3_backbones/length_18/length_18_macrocycle_18_0_model_114.cif.gz	/home/dkouv/work/tfr1-binder-design/experiments/007_RFD3_macrocycles/monomer_self_consistency/structural_tsne/tmalign_inputs/length_18_macrocycle_18_0_model_114.pdb	-13.224782	-17.013994	2	0.9997906
1115	18	length_18_macrocycle_18_0_model_115	/home/dkouv/work/tfr1-binder-design/experiments/007_RFD3_macrocycles/monomer_self_consistency/rfd3_backbones/length_18/length_18_macrocycle_18_0_model_115.cif.gz	/home/dkouv/work/tfr1-binder-design/experiments/007_RFD3_macrocycles/monomer_self_consistency/structural_tsne/tmalign_inputs/length_18_macrocycle_18_0_model_115.pdb	-15.461967	-15.746671	2	0.9998627
1116	18	length_18_macrocycle_18_0_model_116	/home/dkouv/work/tfr1-binder-design/experiments/007_RFD3_macrocycles/monomer_self_consistency/rfd3_backbones/length_18/length_18_macrocycle_18_0_model_116.cif.gz	/home/dkouv/work/tfr1-binder-design/experiments/007_RFD3_macrocycles/monomer_self_consistency/structural_tsne/tmalign_inputs/length_18_macrocycle_18_0_model_116.pdb	23.75241	-14.664431	18	0.57528603
1117	18	length_18_macrocycle_18_0_model_117	/home/dkouv/work/tfr1-binder-design/experiments/007_RFD3_macrocycles/monomer_self_consistency/rfd3_backbones/length_18/length_18_macrocycle_18_0_model_117.cif.gz	/home/dkouv/work/tfr1-binder-design/experiments/007_RFD3_macrocycles/monomer_self_consistency/structural_tsne/tmalign_inputs/length_18_macrocycle_18_0_model_117.pdb	-15.461996	7.4810576	19	0.99999905
1118	18	length_18_macrocycle_18_0_model_118	/home/dkouv/work/tfr1-binder-design/experiments/007_RFD3_macrocycles/monomer_self_consistency/rfd3_backbones/length_18/length_18_macrocycle_18_0_model_118.cif.gz	/home/dkouv/work/tfr1-binder-design/experiments/007_RFD3_macrocycles/monomer_self_consistency/structural_tsne/tmalign_inputs/length_18_macrocycle_18_0_model_118.pdb	-3.595823	-5.8278203	8	0.9810277
1119	18	length_18_macrocycle_18_0_model_119	/home/dkouv/work/tfr1-binder-design/experiments/007_RFD3_macrocycles/monomer_self_consistency/rfd3_backbones/length_18/length_18_macrocycle_18_0_model_119.cif.gz	/home/dkouv/work/tfr1-binder-design/experiments/007_RFD3_macrocycles/monomer_self_consistency/structural_tsne/tmalign_inputs/length_18_macrocycle_18_0_model_119.pdb	-55.04918	3.5156772	15	0.99943507
1120	18	length_18_macrocycle_18_0_model_120	/home/dkouv/work/tfr1-binder-design/experiments/007_RFD3_macrocycles/monomer_self_consistency/rfd3_backbones/length_18/length_18_macrocycle_18_0_model_120.cif.gz	/home/dkouv/work/tfr1-binder-design/experiments/007_RFD3_macrocycles/monomer_self_consistency/structural_tsne/tmalign_inputs/length_18_macrocycle_18_0_model_120.pdb	-15.213389	-16.922382	2	0.99989516
1121	18	length_18_macrocycle_18_0_model_121	/home/dkouv/work/tfr1-binder-design/experiments/007_RFD3_macrocycles/monomer_self_consistency/rfd3_backbones/length_18/length_18_macrocycle_18_0_model_121.cif.gz	/home/dkouv/work/tfr1-binder-design/experiments/007_RFD3_macrocycles/monomer_self_consistency/structural_tsne/tmalign_inputs/length_18_macrocycle_18_0_model_121.pdb	6.7950745	-22.96458	32	0.6582114
1122	18	length_18_macrocycle_18_0_model_122	/home/dkouv/work/tfr1-binder-design/experiments/007_RFD3_macrocycles/monomer_self_consistency/rfd3_backbones/length_18/length_18_macrocycle_18_0_model_122.cif.gz	/home/dkouv/work/tfr1-binder-design/experiments/007_RFD3_macrocycles/monomer_self_consistency/structural_tsne/tmalign_inputs/length_18_macrocycle_18_0_model_122.pdb	19.887976	-22.576311	5	0.9532753
1123	18	length_18_macrocycle_18_0_model_123	/home/dkouv/work/tfr1-binder-design/experiments/007_RFD3_macrocycles/monomer_self_consistency/rfd3_backbones/length_18/length_18_macrocycle_18_0_model_123.cif.gz	/home/dkouv/work/tfr1-binder-design/experiments/007_RFD3_macrocycles/monomer_self_consistency/structural_tsne/tmalign_inputs/length_18_macrocycle_18_0_model_123.pdb	-3.7713816	-23.452381	21	0.85576636
1124	18	length_18_macrocycle_18_0_model_124	/home/dkouv/work/tfr1-binder-design/experiments/007_RFD3_macrocycles/monomer_self_consistency/rfd3_backbones/length_18/length_18_macrocycle_18_0_model_124.cif.gz	/home/dkouv/work/tfr1-binder-design/experiments/007_RFD3_macrocycles/monomer_self_consistency/structural_tsne/tmalign_inputs/length_18_macrocycle_18_0_model_124.pdb	-11.766894	-16.005459	2	0.9975269
1125	18	length_18_macrocycle_18_0_model_125	/home/dkouv/work/tfr1-binder-design/experiments/007_RFD3_macrocycles/monomer_self_consistency/rfd3_backbones/length_18/length_18_macrocycle_18_0_model_125.cif.gz	/home/dkouv/work/tfr1-binder-design/experiments/007_RFD3_macrocycles/monomer_self_consistency/structural_tsne/tmalign_inputs/length_18_macrocycle_18_0_model_125.pdb	21.962416	-22.466917	5	0.97406334
1126	18	length_18_macrocycle_18_0_model_126	/home/dkouv/work/tfr1-binder-design/experiments/007_RFD3_macrocycles/monomer_self_consistency/rfd3_backbones/length_18/length_18_macrocycle_18_0_model_126.cif.gz	/home/dkouv/work/tfr1-binder-design/experiments/007_RFD3_macrocycles/monomer_self_consistency/structural_tsne/tmalign_inputs/length_18_macrocycle_18_0_model_126.pdb	-52.333252	5.122258	15	0.98053294
1127	18	length_18_macrocycle_18_0_model_127	/home/dkouv/work/tfr1-binder-design/experiments/007_RFD3_macrocycles/monomer_self_consistency/rfd3_backbones/length_18/length_18_macrocycle_18_0_model_127.cif.gz	/home/dkouv/work/tfr1-binder-design/experiments/007_RFD3_macrocycles/monomer_self_consistency/structural_tsne/tmalign_inputs/length_18_macrocycle_18_0_model_127.pdb	-54.527084	5.46148	15	0.99582213
1128	18	length_18_macrocycle_18_0_model_128	/home/dkouv/work/tfr1-binder-design/experiments/007_RFD3_macrocycles/monomer_self_consistency/rfd3_backbones/length_18/length_18_macrocycle_18_0_model_128.cif.gz	/home/dkouv/work/tfr1-binder-design/experiments/007_RFD3_macrocycles/monomer_self_consistency/structural_tsne/tmalign_inputs/length_18_macrocycle_18_0_model_128.pdb	4.8895864	-24.704664	32	0.9913577
1129	18	length_18_macrocycle_18_0_model_129	/home/dkouv/work/tfr1-binder-design/experiments/007_RFD3_macrocycles/monomer_self_consistency/rfd3_backbones/length_18/length_18_macrocycle_18_0_model_129.cif.gz	/home/dkouv/work/tfr1-binder-design/experiments/007_RFD3_macrocycles/monomer_self_consistency/structural_tsne/tmalign_inputs/length_18_macrocycle_18_0_model_129.pdb	-9.909487	-18.711533	2	0.98671854
1130	18	length_18_macrocycle_18_0_model_130	/home/dkouv/work/tfr1-binder-design/experiments/007_RFD3_macrocycles/monomer_self_consistency/rfd3_backbones/length_18/length_18_macrocycle_18_0_model_130.cif.gz	/home/dkouv/work/tfr1-binder-design/experiments/007_RFD3_macrocycles/monomer_self_consistency/structural_tsne/tmalign_inputs/length_18_macrocycle_18_0_model_130.pdb	-14.019443	-15.199552	2	0.9994985
1131	18	length_18_macrocycle_18_0_model_131	/home/dkouv/work/tfr1-binder-design/experiments/007_RFD3_macrocycles/monomer_self_consistency/rfd3_backbones/length_18/length_18_macrocycle_18_0_model_131.cif.gz	/home/dkouv/work/tfr1-binder-design/experiments/007_RFD3_macrocycles/monomer_self_consistency/structural_tsne/tmalign_inputs/length_18_macrocycle_18_0_model_131.pdb	14.389372	-22.26991	29	0.6467887
1132	18	length_18_macrocycle_18_0_model_132	/home/dkouv/work/tfr1-binder-design/experiments/007_RFD3_macrocycles/monomer_self_consistency/rfd3_backbones/length_18/length_18_macrocycle_18_0_model_132.cif.gz	/home/dkouv/work/tfr1-binder-design/experiments/007_RFD3_macrocycles/monomer_self_consistency/structural_tsne/tmalign_inputs/length_18_macrocycle_18_0_model_132.pdb	-4.1803517	-20.970917	21	0.98469317
1133	18	length_18_macrocycle_18_0_model_133	/home/dkouv/work/tfr1-binder-design/experiments/007_RFD3_macrocycles/monomer_self_consistency/rfd3_backbones/length_18/length_18_macrocycle_18_0_model_133.cif.gz	/home/dkouv/work/tfr1-binder-design/experiments/007_RFD3_macrocycles/monomer_self_consistency/structural_tsne/tmalign_inputs/length_18_macrocycle_18_0_model_133.pdb	17.679756	-22.414581	5	0.68094903
1134	18	length_18_macrocycle_18_0_model_134	/home/dkouv/work/tfr1-binder-design/experiments/007_RFD3_macrocycles/monomer_self_consistency/rfd3_backbones/length_18/length_18_macrocycle_18_0_model_134.cif.gz	/home/dkouv/work/tfr1-binder-design/experiments/007_RFD3_macrocycles/monomer_self_consistency/structural_tsne/tmalign_inputs/length_18_macrocycle_18_0_model_134.pdb	16.009132	-29.386032	25	0.9294457
1135	18	length_18_macrocycle_18_0_model_135	/home/dkouv/work/tfr1-binder-design/experiments/007_RFD3_macrocycles/monomer_self_consistency/rfd3_backbones/length_18/length_18_macrocycle_18_0_model_135.cif.gz	/home/dkouv/work/tfr1-binder-design/experiments/007_RFD3_macrocycles/monomer_self_consistency/structural_tsne/tmalign_inputs/length_18_macrocycle_18_0_model_135.pdb	5.1610065	17.987116	14	0.9988887
1136	18	length_18_macrocycle_18_0_model_136	/home/dkouv/work/tfr1-binder-design/experiments/007_RFD3_macrocycles/monomer_self_consistency/rfd3_backbones/length_18/length_18_macrocycle_18_0_model_136.cif.gz	/home/dkouv/work/tfr1-binder-design/experiments/007_RFD3_macrocycles/monomer_self_consistency/structural_tsne/tmalign_inputs/length_18_macrocycle_18_0_model_136.pdb	3.5631645	23.965714	14	0.9999934
1137	18	length_18_macrocycle_18_0_model_137	/home/dkouv/work/tfr1-binder-design/experiments/007_RFD3_macrocycles/monomer_self_consistency/rfd3_backbones/length_18/length_18_macrocycle_18_0_model_137.cif.gz	/home/dkouv/work/tfr1-binder-design/experiments/007_RFD3_macrocycles/monomer_self_consistency/structural_tsne/tmalign_inputs/length_18_macrocycle_18_0_model_137.pdb	8.495032	-20.40619	29	0.97760487
1138	18	length_18_macrocycle_18_0_model_138	/home/dkouv/work/tfr1-binder-design/experiments/007_RFD3_macrocycles/monomer_self_consistency/rfd3_backbones/length_18/length_18_macrocycle_18_0_model_138.cif.gz	/home/dkouv/work/tfr1-binder-design/experiments/007_RFD3_macrocycles/monomer_self_consistency/structural_tsne/tmalign_inputs/length_18_macrocycle_18_0_model_138.pdb	18.577824	-21.050297	5	0.76387143
1139	18	length_18_macrocycle_18_0_model_139	/home/dkouv/work/tfr1-binder-design/experiments/007_RFD3_macrocycles/monomer_self_consistency/rfd3_backbones/length_18/length_18_macrocycle_18_0_model_139.cif.gz	/home/dkouv/work/tfr1-binder-design/experiments/007_RFD3_macrocycles/monomer_self_consistency/structural_tsne/tmalign_inputs/length_18_macrocycle_18_0_model_139.pdb	5.3255115	-26.860712	32	0.9967181
1140	18	length_18_macrocycle_18_0_model_140	/home/dkouv/work/tfr1-binder-design/experiments/007_RFD3_macrocycles/monomer_self_consistency/rfd3_backbones/length_18/length_18_macrocycle_18_0_model_140.cif.gz	/home/dkouv/work/tfr1-binder-design/experiments/007_RFD3_macrocycles/monomer_self_consistency/structural_tsne/tmalign_inputs/length_18_macrocycle_18_0_model_140.pdb	8.762193	-20.249655	29	0.9803552
1141	18	length_18_macrocycle_18_0_model_141	/home/dkouv/work/tfr1-binder-design/experiments/007_RFD3_macrocycles/monomer_self_consistency/rfd3_backbones/length_18/length_18_macrocycle_18_0_model_141.cif.gz	/home/dkouv/work/tfr1-binder-design/experiments/007_RFD3_macrocycles/monomer_self_consistency/structural_tsne/tmalign_inputs/length_18_macrocycle_18_0_model_141.pdb	20.80605	-24.763288	5	0.9373493
1142	18	length_18_macrocycle_18_0_model_142	/home/dkouv/work/tfr1-binder-design/experiments/007_RFD3_macrocycles/monomer_self_consistency/rfd3_backbones/length_18/length_18_macrocycle_18_0_model_142.cif.gz	/home/dkouv/work/tfr1-binder-design/experiments/007_RFD3_macrocycles/monomer_self_consistency/structural_tsne/tmalign_inputs/length_18_macrocycle_18_0_model_142.pdb	22.284718	-14.873946	18	0.7065249
1143	18	length_18_macrocycle_18_0_model_143	/home/dkouv/work/tfr1-binder-design/experiments/007_RFD3_macrocycles/monomer_self_consistency/rfd3_backbones/length_18/length_18_macrocycle_18_0_model_143.cif.gz	/home/dkouv/work/tfr1-binder-design/experiments/007_RFD3_macrocycles/monomer_self_consistency/structural_tsne/tmalign_inputs/length_18_macrocycle_18_0_model_143.pdb	-10.201202	-16.808031	2	0.9880297
1144	18	length_18_macrocycle_18_0_model_144	/home/dkouv/work/tfr1-binder-design/experiments/007_RFD3_macrocycles/monomer_self_consistency/rfd3_backbones/length_18/length_18_macrocycle_18_0_model_144.cif.gz	/home/dkouv/work/tfr1-binder-design/experiments/007_RFD3_macrocycles/monomer_self_consistency/structural_tsne/tmalign_inputs/length_18_macrocycle_18_0_model_144.pdb	-13.203106	12.401385	19	1.0
1145	18	length_18_macrocycle_18_0_model_145	/home/dkouv/work/tfr1-binder-design/experiments/007_RFD3_macrocycles/monomer_self_consistency/rfd3_backbones/length_18/length_18_macrocycle_18_0_model_145.cif.gz	/home/dkouv/work/tfr1-binder-design/experiments/007_RFD3_macrocycles/monomer_self_consistency/structural_tsne/tmalign_inputs/length_18_macrocycle_18_0_model_145.pdb	-11.890641	-16.502537	2	0.9988444
1146	18	length_18_macrocycle_18_0_model_146	/home/dkouv/work/tfr1-binder-design/experiments/007_RFD3_macrocycles/monomer_self_consistency/rfd3_backbones/length_18/length_18_macrocycle_18_0_model_146.cif.gz	/home/dkouv/work/tfr1-binder-design/experiments/007_RFD3_macrocycles/monomer_self_consistency/structural_tsne/tmalign_inputs/length_18_macrocycle_18_0_model_146.pdb	-14.116994	-18.314716	2	0.99989605
1147	18	length_18_macrocycle_18_0_model_147	/home/dkouv/work/tfr1-binder-design/experiments/007_RFD3_macrocycles/monomer_self_consistency/rfd3_backbones/length_18/length_18_macrocycle_18_0_model_147.cif.gz	/home/dkouv/work/tfr1-binder-design/experiments/007_RFD3_macrocycles/monomer_self_consistency/structural_tsne/tmalign_inputs/length_18_macrocycle_18_0_model_147.pdb	-10.003696	-18.524548	2	0.9893328
1148	18	length_18_macrocycle_18_0_model_148	/home/dkouv/work/tfr1-binder-design/experiments/007_RFD3_macrocycles/monomer_self_consistency/rfd3_backbones/length_18/length_18_macrocycle_18_0_model_148.cif.gz	/home/dkouv/work/tfr1-binder-design/experiments/007_RFD3_macrocycles/monomer_self_consistency/structural_tsne/tmalign_inputs/length_18_macrocycle_18_0_model_148.pdb	23.102575	-22.081562	5	0.93525463
1149	18	length_18_macrocycle_18_0_model_149	/home/dkouv/work/tfr1-binder-design/experiments/007_RFD3_macrocycles/monomer_self_consistency/rfd3_backbones/length_18/length_18_macrocycle_18_0_model_149.cif.gz	/home/dkouv/work/tfr1-binder-design/experiments/007_RFD3_macrocycles/monomer_self_consistency/structural_tsne/tmalign_inputs/length_18_macrocycle_18_0_model_149.pdb	13.904793	-24.008568	25	0.88212246
1150	18	length_18_macrocycle_18_0_model_150	/home/dkouv/work/tfr1-binder-design/experiments/007_RFD3_macrocycles/monomer_self_consistency/rfd3_backbones/length_18/length_18_macrocycle_18_0_model_150.cif.gz	/home/dkouv/work/tfr1-binder-design/experiments/007_RFD3_macrocycles/monomer_self_consistency/structural_tsne/tmalign_inputs/length_18_macrocycle_18_0_model_150.pdb	2.1695719	-22.005085	32	0.7242556
1151	18	length_18_macrocycle_18_0_model_151	/home/dkouv/work/tfr1-binder-design/experiments/007_RFD3_macrocycles/monomer_self_consistency/rfd3_backbones/length_18/length_18_macrocycle_18_0_model_151.cif.gz	/home/dkouv/work/tfr1-binder-design/experiments/007_RFD3_macrocycles/monomer_self_consistency/structural_tsne/tmalign_inputs/length_18_macrocycle_18_0_model_151.pdb	-10.614618	-17.75287	2	0.9966796
1152	18	length_18_macrocycle_18_0_model_152	/home/dkouv/work/tfr1-binder-design/experiments/007_RFD3_macrocycles/monomer_self_consistency/rfd3_backbones/length_18/length_18_macrocycle_18_0_model_152.cif.gz	/home/dkouv/work/tfr1-binder-design/experiments/007_RFD3_macrocycles/monomer_self_consistency/structural_tsne/tmalign_inputs/length_18_macrocycle_18_0_model_152.pdb	-4.8138933	1.5204382	26	1.0
1153	18	length_18_macrocycle_18_0_model_153	/home/dkouv/work/tfr1-binder-design/experiments/007_RFD3_macrocycles/monomer_self_consistency/rfd3_backbones/length_18/length_18_macrocycle_18_0_model_153.cif.gz	/home/dkouv/work/tfr1-binder-design/experiments/007_RFD3_macrocycles/monomer_self_consistency/structural_tsne/tmalign_inputs/length_18_macrocycle_18_0_model_153.pdb	22.599792	-23.339859	5	0.9552022
1154	18	length_18_macrocycle_18_0_model_154	/home/dkouv/work/tfr1-binder-design/experiments/007_RFD3_macrocycles/monomer_self_consistency/rfd3_backbones/length_18/length_18_macrocycle_18_0_model_154.cif.gz	/home/dkouv/work/tfr1-binder-design/experiments/007_RFD3_macrocycles/monomer_self_consistency/structural_tsne/tmalign_inputs/length_18_macrocycle_18_0_model_154.pdb	-53.420418	2.4549096	15	0.99748254
1155	18	length_18_macrocycle_18_0_model_155	/home/dkouv/work/tfr1-binder-design/experiments/007_RFD3_macrocycles/monomer_self_consistency/rfd3_backbones/length_18/length_18_macrocycle_18_0_model_155.cif.gz	/home/dkouv/work/tfr1-binder-design/experiments/007_RFD3_macrocycles/monomer_self_consistency/structural_tsne/tmalign_inputs/length_18_macrocycle_18_0_model_155.pdb	20.253958	-21.884941	5	0.9552123
1156	18	length_18_macrocycle_18_0_model_156	/home/dkouv/work/tfr1-binder-design/experiments/007_RFD3_macrocycles/monomer_self_consistency/rfd3_backbones/length_18/length_18_macrocycle_18_0_model_156.cif.gz	/home/dkouv/work/tfr1-binder-design/experiments/007_RFD3_macrocycles/monomer_self_consistency/structural_tsne/tmalign_inputs/length_18_macrocycle_18_0_model_156.pdb	16.388947	-30.232168	25	0.91458154
1157	18	length_18_macrocycle_18_0_model_157	/home/dkouv/work/tfr1-binder-design/experiments/007_RFD3_macrocycles/monomer_self_consistency/rfd3_backbones/length_18/length_18_macrocycle_18_0_model_157.cif.gz	/home/dkouv/work/tfr1-binder-design/experiments/007_RFD3_macrocycles/monomer_self_consistency/structural_tsne/tmalign_inputs/length_18_macrocycle_18_0_model_157.pdb	-6.481044	-24.16361	21	0.9073906
1158	18	length_18_macrocycle_18_0_model_158	/home/dkouv/work/tfr1-binder-design/experiments/007_RFD3_macrocycles/monomer_self_consistency/rfd3_backbones/length_18/length_18_macrocycle_18_0_model_158.cif.gz	/home/dkouv/work/tfr1-binder-design/experiments/007_RFD3_macrocycles/monomer_self_consistency/structural_tsne/tmalign_inputs/length_18_macrocycle_18_0_model_158.pdb	21.21332	-22.404936	5	0.9759123
1159	18	length_18_macrocycle_18_0_model_159	/home/dkouv/work/tfr1-binder-design/experiments/007_RFD3_macrocycles/monomer_self_consistency/rfd3_backbones/length_18/length_18_macrocycle_18_0_model_159.cif.gz	/home/dkouv/work/tfr1-binder-design/experiments/007_RFD3_macrocycles/monomer_self_consistency/structural_tsne/tmalign_inputs/length_18_macrocycle_18_0_model_159.pdb	-53.808586	3.091984	15	0.99835867
1160	18	length_18_macrocycle_18_0_model_160	/home/dkouv/work/tfr1-binder-design/experiments/007_RFD3_macrocycles/monomer_self_consistency/rfd3_backbones/length_18/length_18_macrocycle_18_0_model_160.cif.gz	/home/dkouv/work/tfr1-binder-design/experiments/007_RFD3_macrocycles/monomer_self_consistency/structural_tsne/tmalign_inputs/length_18_macrocycle_18_0_model_160.pdb	19.002459	-27.385624	25	0.5229007
1161	18	length_18_macrocycle_18_0_model_161	/home/dkouv/work/tfr1-binder-design/experiments/007_RFD3_macrocycles/monomer_self_consistency/rfd3_backbones/length_18/length_18_macrocycle_18_0_model_161.cif.gz	/home/dkouv/work/tfr1-binder-design/experiments/007_RFD3_macrocycles/monomer_self_consistency/structural_tsne/tmalign_inputs/length_18_macrocycle_18_0_model_161.pdb	5.768732	-26.24713	32	0.99449867
1162	18	length_18_macrocycle_18_0_model_162	/home/dkouv/work/tfr1-binder-design/experiments/007_RFD3_macrocycles/monomer_self_consistency/rfd3_backbones/length_18/length_18_macrocycle_18_0_model_162.cif.gz	/home/dkouv/work/tfr1-binder-design/experiments/007_RFD3_macrocycles/monomer_self_consistency/structural_tsne/tmalign_inputs/length_18_macrocycle_18_0_model_162.pdb	5.3695707	-2.9797137	8	0.79193693
1163	18	length_18_macrocycle_18_0_model_163	/home/dkouv/work/tfr1-binder-design/experiments/007_RFD3_macrocycles/monomer_self_consistency/rfd3_backbones/length_18/length_18_macrocycle_18_0_model_163.cif.gz	/home/dkouv/work/tfr1-binder-design/experiments/007_RFD3_macrocycles/monomer_self_consistency/structural_tsne/tmalign_inputs/length_18_macrocycle_18_0_model_163.pdb	23.0042	-22.395868	5	0.942514
1164	18	length_18_macrocycle_18_0_model_164	/home/dkouv/work/tfr1-binder-design/experiments/007_RFD3_macrocycles/monomer_self_consistency/rfd3_backbones/length_18/length_18_macrocycle_18_0_model_164.cif.gz	/home/dkouv/work/tfr1-binder-design/experiments/007_RFD3_macrocycles/monomer_self_consistency/structural_tsne/tmalign_inputs/length_18_macrocycle_18_0_model_164.pdb	13.326373	-30.252028	25	0.93855613
1165	18	length_18_macrocycle_18_0_model_165	/home/dkouv/work/tfr1-binder-design/experiments/007_RFD3_macrocycles/monomer_self_consistency/rfd3_backbones/length_18/length_18_macrocycle_18_0_model_165.cif.gz	/home/dkouv/work/tfr1-binder-design/experiments/007_RFD3_macrocycles/monomer_self_consistency/structural_tsne/tmalign_inputs/length_18_macrocycle_18_0_model_165.pdb	-51.45298	6.263311	15	0.9359019
1166	18	length_18_macrocycle_18_0_model_166	/home/dkouv/work/tfr1-binder-design/experiments/007_RFD3_macrocycles/monomer_self_consistency/rfd3_backbones/length_18/length_18_macrocycle_18_0_model_166.cif.gz	/home/dkouv/work/tfr1-binder-design/experiments/007_RFD3_macrocycles/monomer_self_consistency/structural_tsne/tmalign_inputs/length_18_macrocycle_18_0_model_166.pdb	3.401208	23.560047	14	0.9999966
1167	18	length_18_macrocycle_18_0_model_167	/home/dkouv/work/tfr1-binder-design/experiments/007_RFD3_macrocycles/monomer_self_consistency/rfd3_backbones/length_18/length_18_macrocycle_18_0_model_167.cif.gz	/home/dkouv/work/tfr1-binder-design/experiments/007_RFD3_macrocycles/monomer_self_consistency/structural_tsne/tmalign_inputs/length_18_macrocycle_18_0_model_167.pdb	-6.042823	-15.094101	33	0.6090692
1168	18	length_18_macrocycle_18_0_model_168	/home/dkouv/work/tfr1-binder-design/experiments/007_RFD3_macrocycles/monomer_self_consistency/rfd3_backbones/length_18/length_18_macrocycle_18_0_model_168.cif.gz	/home/dkouv/work/tfr1-binder-design/experiments/007_RFD3_macrocycles/monomer_self_consistency/structural_tsne/tmalign_inputs/length_18_macrocycle_18_0_model_168.pdb	0.6571681	-20.372587	11	0.67241526
1169	18	length_18_macrocycle_18_0_model_169	/home/dkouv/work/tfr1-binder-design/experiments/007_RFD3_macrocycles/monomer_self_consistency/rfd3_backbones/length_18/length_18_macrocycle_18_0_model_169.cif.gz	/home/dkouv/work/tfr1-binder-design/experiments/007_RFD3_macrocycles/monomer_self_consistency/structural_tsne/tmalign_inputs/length_18_macrocycle_18_0_model_169.pdb	8.803523	-25.254349	32	0.8465989
1170	18	length_18_macrocycle_18_0_model_170	/home/dkouv/work/tfr1-binder-design/experiments/007_RFD3_macrocycles/monomer_self_consistency/rfd3_backbones/length_18/length_18_macrocycle_18_0_model_170.cif.gz	/home/dkouv/work/tfr1-binder-design/experiments/007_RFD3_macrocycles/monomer_self_consistency/structural_tsne/tmalign_inputs/length_18_macrocycle_18_0_model_170.pdb	-13.756608	-15.574785	2	0.99955946
1171	18	length_18_macrocycle_18_0_model_171	/home/dkouv/work/tfr1-binder-design/experiments/007_RFD3_macrocycles/monomer_self_consistency/rfd3_backbones/length_18/length_18_macrocycle_18_0_model_171.cif.gz	/home/dkouv/work/tfr1-binder-design/experiments/007_RFD3_macrocycles/monomer_self_consistency/structural_tsne/tmalign_inputs/length_18_macrocycle_18_0_model_171.pdb	-12.108753	-17.248466	2	0.9995342
1172	18	length_18_macrocycle_18_0_model_172	/home/dkouv/work/tfr1-binder-design/experiments/007_RFD3_macrocycles/monomer_self_consistency/rfd3_backbones/length_18/length_18_macrocycle_18_0_model_172.cif.gz	/home/dkouv/work/tfr1-binder-design/experiments/007_RFD3_macrocycles/monomer_self_consistency/structural_tsne/tmalign_inputs/length_18_macrocycle_18_0_model_172.pdb	5.5641637	-28.904531	32	0.99436164
1173	18	length_18_macrocycle_18_0_model_173	/home/dkouv/work/tfr1-binder-design/experiments/007_RFD3_macrocycles/monomer_self_consistency/rfd3_backbones/length_18/length_18_macrocycle_18_0_model_173.cif.gz	/home/dkouv/work/tfr1-binder-design/experiments/007_RFD3_macrocycles/monomer_self_consistency/structural_tsne/tmalign_inputs/length_18_macrocycle_18_0_model_173.pdb	18.209478	-25.684805	5	0.543884
1174	18	length_18_macrocycle_18_0_model_174	/home/dkouv/work/tfr1-binder-design/experiments/007_RFD3_macrocycles/monomer_self_consistency/rfd3_backbones/length_18/length_18_macrocycle_18_0_model_174.cif.gz	/home/dkouv/work/tfr1-binder-design/experiments/007_RFD3_macrocycles/monomer_self_consistency/structural_tsne/tmalign_inputs/length_18_macrocycle_18_0_model_174.pdb	4.7405305	17.860956	14	0.9997478
1175	18	length_18_macrocycle_18_0_model_175	/home/dkouv/work/tfr1-binder-design/experiments/007_RFD3_macrocycles/monomer_self_consistency/rfd3_backbones/length_18/length_18_macrocycle_18_0_model_175.cif.gz	/home/dkouv/work/tfr1-binder-design/experiments/007_RFD3_macrocycles/monomer_self_consistency/structural_tsne/tmalign_inputs/length_18_macrocycle_18_0_model_175.pdb	-5.9046087	-21.986048	21	0.8957293
1176	18	length_18_macrocycle_18_0_model_176	/home/dkouv/work/tfr1-binder-design/experiments/007_RFD3_macrocycles/monomer_self_consistency/rfd3_backbones/length_18/length_18_macrocycle_18_0_model_176.cif.gz	/home/dkouv/work/tfr1-binder-design/experiments/007_RFD3_macrocycles/monomer_self_consistency/structural_tsne/tmalign_inputs/length_18_macrocycle_18_0_model_176.pdb	-14.915763	-15.189207	2	0.99974966
1177	18	length_18_macrocycle_18_0_model_177	/home/dkouv/work/tfr1-binder-design/experiments/007_RFD3_macrocycles/monomer_self_consistency/rfd3_backbones/length_18/length_18_macrocycle_18_0_model_177.cif.gz	/home/dkouv/work/tfr1-binder-design/experiments/007_RFD3_macrocycles/monomer_self_consistency/structural_tsne/tmalign_inputs/length_18_macrocycle_18_0_model_177.pdb	-47.71694	-3.7080152	4	0.9208443
1178	18	length_18_macrocycle_18_0_model_178	/home/dkouv/work/tfr1-binder-design/experiments/007_RFD3_macrocycles/monomer_self_consistency/rfd3_backbones/length_18/length_18_macrocycle_18_0_model_178.cif.gz	/home/dkouv/work/tfr1-binder-design/experiments/007_RFD3_macrocycles/monomer_self_consistency/structural_tsne/tmalign_inputs/length_18_macrocycle_18_0_model_178.pdb	4.6228633	-24.007788	32	0.97716254
1179	18	length_18_macrocycle_18_0_model_179	/home/dkouv/work/tfr1-binder-design/experiments/007_RFD3_macrocycles/monomer_self_consistency/rfd3_backbones/length_18/length_18_macrocycle_18_0_model_179.cif.gz	/home/dkouv/work/tfr1-binder-design/experiments/007_RFD3_macrocycles/monomer_self_consistency/structural_tsne/tmalign_inputs/length_18_macrocycle_18_0_model_179.pdb	15.478808	-25.77243	25	0.9245909
1180	18	length_18_macrocycle_18_0_model_180	/home/dkouv/work/tfr1-binder-design/experiments/007_RFD3_macrocycles/monomer_self_consistency/rfd3_backbones/length_18/length_18_macrocycle_18_0_model_180.cif.gz	/home/dkouv/work/tfr1-binder-design/experiments/007_RFD3_macrocycles/monomer_self_consistency/structural_tsne/tmalign_inputs/length_18_macrocycle_18_0_model_180.pdb	2.7477775	-27.186447	32	0.9995576
1181	18	length_18_macrocycle_18_0_model_181	/home/dkouv/work/tfr1-binder-design/experiments/007_RFD3_macrocycles/monomer_self_consistency/rfd3_backbones/length_18/length_18_macrocycle_18_0_model_181.cif.gz	/home/dkouv/work/tfr1-binder-design/experiments/007_RFD3_macrocycles/monomer_self_consistency/structural_tsne/tmalign_inputs/length_18_macrocycle_18_0_model_181.pdb	-6.1497717	-20.577847	21	0.86565316
1182	18	length_18_macrocycle_18_0_model_182	/home/dkouv/work/tfr1-binder-design/experiments/007_RFD3_macrocycles/monomer_self_consistency/rfd3_backbones/length_18/length_18_macrocycle_18_0_model_182.cif.gz	/home/dkouv/work/tfr1-binder-design/experiments/007_RFD3_macrocycles/monomer_self_consistency/structural_tsne/tmalign_inputs/length_18_macrocycle_18_0_model_182.pdb	-8.115439	-18.869215	2	0.738429
1183	18	length_18_macrocycle_18_0_model_183	/home/dkouv/work/tfr1-binder-design/experiments/007_RFD3_macrocycles/monomer_self_consistency/rfd3_backbones/length_18/length_18_macrocycle_18_0_model_183.cif.gz	/home/dkouv/work/tfr1-binder-design/experiments/007_RFD3_macrocycles/monomer_self_consistency/structural_tsne/tmalign_inputs/length_18_macrocycle_18_0_model_183.pdb	16.849789	-26.14053	25	0.7795587
1184	18	length_18_macrocycle_18_0_model_184	/home/dkouv/work/tfr1-binder-design/experiments/007_RFD3_macrocycles/monomer_self_consistency/rfd3_backbones/length_18/length_18_macrocycle_18_0_model_184.cif.gz	/home/dkouv/work/tfr1-binder-design/experiments/007_RFD3_macrocycles/monomer_self_consistency/structural_tsne/tmalign_inputs/length_18_macrocycle_18_0_model_184.pdb	15.892196	-26.192678	25	0.9013589
1185	18	length_18_macrocycle_18_0_model_185	/home/dkouv/work/tfr1-binder-design/experiments/007_RFD3_macrocycles/monomer_self_consistency/rfd3_backbones/length_18/length_18_macrocycle_18_0_model_185.cif.gz	/home/dkouv/work/tfr1-binder-design/experiments/007_RFD3_macrocycles/monomer_self_consistency/structural_tsne/tmalign_inputs/length_18_macrocycle_18_0_model_185.pdb	-52.590076	3.0702338	15	0.9888644
1186	18	length_18_macrocycle_18_0_model_186	/home/dkouv/work/tfr1-binder-design/experiments/007_RFD3_macrocycles/monomer_self_consistency/rfd3_backbones/length_18/length_18_macrocycle_18_0_model_186.cif.gz	/home/dkouv/work/tfr1-binder-design/experiments/007_RFD3_macrocycles/monomer_self_consistency/structural_tsne/tmalign_inputs/length_18_macrocycle_18_0_model_186.pdb	-11.642086	-17.277588	2	0.99920213
1187	18	length_18_macrocycle_18_0_model_187	/home/dkouv/work/tfr1-binder-design/experiments/007_RFD3_macrocycles/monomer_self_consistency/rfd3_backbones/length_18/length_18_macrocycle_18_0_model_187.cif.gz	/home/dkouv/work/tfr1-binder-design/experiments/007_RFD3_macrocycles/monomer_self_consistency/structural_tsne/tmalign_inputs/length_18_macrocycle_18_0_model_187.pdb	-0.90397644	-19.783566	21	0.68723613
1188	18	length_18_macrocycle_18_0_model_188	/home/dkouv/work/tfr1-binder-design/experiments/007_RFD3_macrocycles/monomer_self_consistency/rfd3_backbones/length_18/length_18_macrocycle_18_0_model_188.cif.gz	/home/dkouv/work/tfr1-binder-design/experiments/007_RFD3_macrocycles/monomer_self_consistency/structural_tsne/tmalign_inputs/length_18_macrocycle_18_0_model_188.pdb	26.94611	-15.019428	23	0.8687844
1189	18	length_18_macrocycle_18_0_model_189	/home/dkouv/work/tfr1-binder-design/experiments/007_RFD3_macrocycles/monomer_self_consistency/rfd3_backbones/length_18/length_18_macrocycle_18_0_model_189.cif.gz	/home/dkouv/work/tfr1-binder-design/experiments/007_RFD3_macrocycles/monomer_self_consistency/structural_tsne/tmalign_inputs/length_18_macrocycle_18_0_model_189.pdb	-2.0348384	-21.980684	21	0.58638865
1190	18	length_18_macrocycle_18_0_model_190	/home/dkouv/work/tfr1-binder-design/experiments/007_RFD3_macrocycles/monomer_self_consistency/rfd3_backbones/length_18/length_18_macrocycle_18_0_model_190.cif.gz	/home/dkouv/work/tfr1-binder-design/experiments/007_RFD3_macrocycles/monomer_self_consistency/structural_tsne/tmalign_inputs/length_18_macrocycle_18_0_model_190.pdb	1.4704258	-26.143045	32	0.9961023
1191	18	length_18_macrocycle_18_0_model_191	/home/dkouv/work/tfr1-binder-design/experiments/007_RFD3_macrocycles/monomer_self_consistency/rfd3_backbones/length_18/length_18_macrocycle_18_0_model_191.cif.gz	/home/dkouv/work/tfr1-binder-design/experiments/007_RFD3_macrocycles/monomer_self_consistency/structural_tsne/tmalign_inputs/length_18_macrocycle_18_0_model_191.pdb	-5.423583	-19.89419	21	0.9601304
1192	18	length_18_macrocycle_18_0_model_192	/home/dkouv/work/tfr1-binder-design/experiments/007_RFD3_macrocycles/monomer_self_consistency/rfd3_backbones/length_18/length_18_macrocycle_18_0_model_192.cif.gz	/home/dkouv/work/tfr1-binder-design/experiments/007_RFD3_macrocycles/monomer_self_consistency/structural_tsne/tmalign_inputs/length_18_macrocycle_18_0_model_192.pdb	16.659561	-30.192177	25	0.9019986
1193	18	length_18_macrocycle_18_0_model_193	/home/dkouv/work/tfr1-binder-design/experiments/007_RFD3_macrocycles/monomer_self_consistency/rfd3_backbones/length_18/length_18_macrocycle_18_0_model_193.cif.gz	/home/dkouv/work/tfr1-binder-design/experiments/007_RFD3_macrocycles/monomer_self_consistency/structural_tsne/tmalign_inputs/length_18_macrocycle_18_0_model_193.pdb	9.348181	-17.168865	29	0.9834332
1194	18	length_18_macrocycle_18_0_model_194	/home/dkouv/work/tfr1-binder-design/experiments/007_RFD3_macrocycles/monomer_self_consistency/rfd3_backbones/length_18/length_18_macrocycle_18_0_model_194.cif.gz	/home/dkouv/work/tfr1-binder-design/experiments/007_RFD3_macrocycles/monomer_self_consistency/structural_tsne/tmalign_inputs/length_18_macrocycle_18_0_model_194.pdb	13.208208	-24.817373	25	0.9426474
1195	18	length_18_macrocycle_18_0_model_195	/home/dkouv/work/tfr1-binder-design/experiments/007_RFD3_macrocycles/monomer_self_consistency/rfd3_backbones/length_18/length_18_macrocycle_18_0_model_195.cif.gz	/home/dkouv/work/tfr1-binder-design/experiments/007_RFD3_macrocycles/monomer_self_consistency/structural_tsne/tmalign_inputs/length_18_macrocycle_18_0_model_195.pdb	3.162413	-25.340893	32	0.9983515
1196	18	length_18_macrocycle_18_0_model_196	/home/dkouv/work/tfr1-binder-design/experiments/007_RFD3_macrocycles/monomer_self_consistency/rfd3_backbones/length_18/length_18_macrocycle_18_0_model_196.cif.gz	/home/dkouv/work/tfr1-binder-design/experiments/007_RFD3_macrocycles/monomer_self_consistency/structural_tsne/tmalign_inputs/length_18_macrocycle_18_0_model_196.pdb	7.3080115	-26.216345	32	0.9742287
1197	18	length_18_macrocycle_18_0_model_197	/home/dkouv/work/tfr1-binder-design/experiments/007_RFD3_macrocycles/monomer_self_consistency/rfd3_backbones/length_18/length_18_macrocycle_18_0_model_197.cif.gz	/home/dkouv/work/tfr1-binder-design/experiments/007_RFD3_macrocycles/monomer_self_consistency/structural_tsne/tmalign_inputs/length_18_macrocycle_18_0_model_197.pdb	-52.237827	6.8670926	15	0.9641545
1198	18	length_18_macrocycle_18_0_model_198	/home/dkouv/work/tfr1-binder-design/experiments/007_RFD3_macrocycles/monomer_self_consistency/rfd3_backbones/length_18/length_18_macrocycle_18_0_model_198.cif.gz	/home/dkouv/work/tfr1-binder-design/experiments/007_RFD3_macrocycles/monomer_self_consistency/structural_tsne/tmalign_inputs/length_18_macrocycle_18_0_model_198.pdb	16.902475	-28.41193	25	0.8654654
1199	18	length_18_macrocycle_18_0_model_199	/home/dkouv/work/tfr1-binder-design/experiments/007_RFD3_macrocycles/monomer_self_consistency/rfd3_backbones/length_18/length_18_macrocycle_18_0_model_199.cif.gz	/home/dkouv/work/tfr1-binder-design/experiments/007_RFD3_macrocycles/monomer_self_consistency/structural_tsne/tmalign_inputs/length_18_macrocycle_18_0_model_199.pdb	18.507616	-27.885134	25	0.6510225
