pdb,chain,residue,sequence_index,receptor_CA_clearance_A,receptor_probe_clearance_A,clearance_gain_A,outward_cosine,peptide_probe_clearance_A,probe_x,probe_y,probe_z,selected
rfdiffusion_0.pdb,A,1,1,3.0291204967088703,6.4075196482028325,3.378399151493962,0.8395976314239162,6.809987918152257,1.8372946349048243,-14.824350771991002,14.097254823227702,False
rfdiffusion_0.pdb,A,2,2,4.814349587112474,7.337691351517904,2.52334176440543,0.43547678682914637,2.5977034567992896,5.7994678946868925,-21.124025111367892,9.357908969350563,False
rfdiffusion_0.pdb,A,3,3,3.37789891080776,5.720343600424047,2.342444689616287,0.1965766956101369,6.152034844095608,12.721689012603369,-14.692480042247501,12.642637301616535,False
rfdiffusion_0.pdb,A,4,4,3.844869014593441,6.438354086879075,2.5934850722856337,0.3468709105412298,3.2711804798245963,10.708003066999565,-22.208561697498038,7.155485512637542,False
rfdiffusion_0.pdb,A,5,5,3.345969696879486,5.546126045696681,2.2001563488171954,0.1331452845167485,5.1356882984630765,18.94545027341422,-22.391642430305204,6.551756608445673,False
rfdiffusion_0.pdb,A,6,6,4.435284654871934,2.892477952185431,-1.5428067026865029,-0.19206264052369265,7.855570650631252,17.97086996290209,-17.491049004027197,-0.18873310261609522,False
rfdiffusion_0.pdb,A,7,7,7.157826071987816,8.260280807582738,1.1024547355949226,0.017424376816053383,6.488992049216644,19.335513460201255,-25.039362386436693,3.299374298056934,False
rfdiffusion_0.pdb,A,8,8,8.51189740553683,8.646957233116325,0.13505982757949475,-0.1782214554219836,4.631008727718774,13.795968561189422,-24.28833898285969,7.980883676793904,False
rfdiffusion_0.pdb,A,9,9,7.363757658358171,7.217613770345075,-0.1461438880130963,0.08524691887615143,3.7497357612273556,11.747419525137603,-19.454164017073616,-0.8017011553097406,False
rfdiffusion_0.pdb,A,10,10,10.573544728727919,14.007524979612901,3.433980250884982,0.8087509176835015,6.1294227662951375,9.06528270581634,-27.50166716760455,-0.1832636484998813,True
rfdiffusion_0.pdb,A,11,11,9.929892529027256,10.947853384681961,1.0179608556547048,0.06612266427364807,4.750419603313789,9.70072622581865,-26.595309319421105,7.578384398605568,False
rfdiffusion_0.pdb,A,12,12,6.3150834466811006,4.658983490460714,-1.6560999562203866,-0.6764390475798516,3.888540022166426,8.694368768912135,-17.993169497047788,3.843101316883905,False
rfdiffusion_0.pdb,A,13,13,6.2210846297433315,9.364890936321284,3.143806306577953,0.8712395374756314,5.237693971397407,1.76068881107612,-22.235287357893586,9.935384141234973,False
rfdiffusion_0.pdb,A,14,14,4.036932757257795,5.078571860636719,1.041639103378924,0.6013452991791868,7.8731058265984375,-1.6223804672308182,-15.405745350926214,8.97524019705179,False
rfdiffusion_1.pdb,A,1,1,10.348777456842436,13.593336764633253,3.2445593077908175,0.7450350293518396,6.776819588727307,16.983041426356685,-30.647400718047034,4.5823598613473,True
rfdiffusion_1.pdb,A,2,2,7.904428231946726,8.444121009235515,0.5396927772887885,-0.11349343205364816,5.195877031485735,13.325703470503989,-23.22259699478349,1.631271727725729,False
rfdiffusion_1.pdb,A,3,3,8.610972510195955,9.425905456766678,0.8149329465707229,-0.018888033717160857,5.721324235972543,17.380746338211836,-24.85503831303175,10.580493801711118,False
rfdiffusion_1.pdb,A,4,4,7.574368415720521,8.945616777842899,1.3712483621223779,0.10979467203399701,5.622765381450438,8.384156385041486,-24.050844127114026,6.109713071270848,False
rfdiffusion_1.pdb,A,5,5,8.387933016891196,9.863628026585522,1.4756950096943253,0.16293850523930214,6.210611465343637,12.869072679918604,-22.089405740157826,14.694177597739337,False
rfdiffusion_1.pdb,A,6,6,8.04287227453465,8.728700776363924,0.685828501829274,-0.06990006252861442,5.885739622714839,7.309295169596993,-18.163138857815543,15.65963928647365,False
rfdiffusion_1.pdb,A,7,7,4.582997764430378,2.8911484224832544,-1.6918493419471239,-0.7812879970261156,6.986577581302256,4.856206656309733,-14.527964799780689,11.137489975158429,False
rfdiffusion_1.pdb,A,8,8,3.5172241500761,6.319711283148948,2.8024871330728476,0.4111155713208424,4.665076941443002,12.556611164121579,-17.332531015964406,13.202989194792249,False
rfdiffusion_1.pdb,A,9,9,3.582690363999294,5.121655060744921,1.5389646967456265,-0.09086466022474743,5.9183192228008314,10.760555748346533,-19.411636275927737,3.550970445052203,False
rfdiffusion_1.pdb,A,10,10,3.5679010124332597,6.456510144021962,2.8886091315887024,0.45392958697652985,5.111216875685359,18.183645358426897,-21.124975312215664,10.285296008757534,False
rfdiffusion_1.pdb,A,11,11,3.832383391040977,3.1528684539452465,-0.6795149370957305,-0.2234348970257638,6.806791470633469,17.33060049048098,-18.40662503394165,0.5740999500769601,False
rfdiffusion_1.pdb,A,12,12,6.497732793412358,8.38700976209665,1.8892769686842916,0.2331852018774645,5.075288745210982,22.41165196737481,-23.83888644515858,7.34422401979394,False
rfdiffusion_1.pdb,A,13,13,9.716960775825921,12.173414470363719,2.4564536945377977,0.4859118550899715,8.64964416867847,27.889321096666777,-24.19260505846821,1.938515014288874,False
rfdiffusion_1.pdb,A,14,14,11.176092141140414,12.362737568625327,1.1866454274849136,0.1334572656570632,6.6434951341470345,23.01681934374374,-28.25075081699282,6.702505876480567,False
rfdiffusion_10.pdb,A,1,1,8.832469175349638,11.87034016032748,3.0378709849778414,0.6636375260418559,7.681490976026011,13.966373325818614,-25.43696426102052,-3.759388936355335,False
rfdiffusion_10.pdb,A,2,2,8.698567150673666,7.868098610825847,-0.8304685398478195,-0.427629244969361,3.843887697514825,17.950698956547093,-24.92281162770077,5.272027145026105,False
rfdiffusion_10.pdb,A,3,3,7.368963906093005,5.1027436239995145,-2.2662202820934905,-0.6743499988094581,5.604436056429198,11.307377787704807,-18.93634005589088,2.6306802767901383,False
rfdiffusion_10.pdb,A,4,4,9.19429737298827,11.43616756804323,2.2418701950549593,0.41127157889050303,5.053735300044901,8.451639216869102,-26.66920166615251,8.258881397036474,False
rfdiffusion_10.pdb,A,5,5,8.656585047580666,10.88206758539825,2.2254825378175838,0.5439839445718206,7.740505209988488,2.239276565310633,-23.983267539229576,2.2704987744872764,False
rfdiffusion_10.pdb,A,6,6,9.62270489516954,13.491875366210898,3.8691704710413575,0.9539190798475605,6.7723277033237474,3.8922259791294653,-27.122280876403686,9.605047194971151,True
rfdiffusion_10.pdb,A,7,7,7.520626926820294,7.247251025428929,-0.2733759013913657,0.19584735178327667,3.73984519090805,10.832102517375262,-22.77029450773496,8.965066649524612,False
rfdiffusion_10.pdb,A,8,8,4.569696261434622,5.426907798934606,0.8572115374999845,-0.20326284921128818,6.63420997964258,5.364954168076734,-16.02908935409363,13.31877970992849,False
rfdiffusion_10.pdb,A,9,9,3.3837172553168493,6.085461446645981,2.701744191329132,0.3540225621519764,7.885732649706113,11.99872161850561,-14.983142297313352,13.187209901228018,False
rfdiffusion_10.pdb,A,10,10,3.956959812090429,6.068184616349249,2.1112248042588204,0.16317240598470525,2.494246805722009,11.225525368306961,-21.833481673887803,6.538296589224215,False
rfdiffusion_10.pdb,A,11,11,3.3214934287064395,5.908529394728437,2.5870359660219977,0.296493165747009,6.475039393426045,19.952978516940018,-20.63804057530751,9.457601049511663,False
rfdiffusion_10.pdb,A,12,12,3.7328131853435202,3.7619693192661643,0.029156133922644045,-0.05135130317873232,5.854405229415581,14.636851984444387,-18.072653190793822,1.1617265890824857,False
rfdiffusion_10.pdb,A,13,13,5.818551479320121,7.9889299266666125,2.1703784473464918,0.300063060015483,6.5161482675606575,22.544949400445013,-23.594172210065544,5.266398863894487,False
rfdiffusion_10.pdb,A,14,14,8.632886053567919,11.83489365234751,3.2020075987795913,0.7172860293409429,7.3068266550783605,21.124575565563234,-27.04600173360062,-0.2908824567962937,False
rfdiffusion_11.pdb,A,1,1,7.874671234083998,5.9146886681402835,-1.9599825659437142,-0.4336952023985899,6.093149041004714,5.759071483821748,-16.233693930520502,0.6607268323876674,False
rfdiffusion_11.pdb,A,2,2,10.991789877678377,12.097233111336962,1.105443233658585,0.24264012217174108,6.11921552407474,7.228363258104551,-24.15349474543277,-5.069931717796936,True
rfdiffusion_11.pdb,A,3,3,8.391506750692242,4.907466964399792,-3.48403978629245,-0.666958949204389,5.041153650072431,11.441026311004592,-18.378256302139146,2.0622049469183943,False
rfdiffusion_11.pdb,A,4,4,7.921715912922651,10.7566267115143,2.8349107985916495,0.5830718551377904,7.231133895874702,14.917849620865244,-22.53877868784647,-6.1022746671459185,False
rfdiffusion_11.pdb,A,5,5,6.81090432114813,8.02237649487749,1.2114721737293594,0.03615721580132719,8.290600693358481,20.16341579702276,-20.25416541930969,-4.011872695243666,False
rfdiffusion_11.pdb,A,6,6,4.060237415650311,4.585965319089439,0.5257279034391278,-0.09332173098926586,4.050042231507069,13.36241742985478,-18.68969882393794,2.6077907274446965,False
rfdiffusion_11.pdb,A,7,7,3.6211233156703684,4.72701525602724,1.1058919403568717,-0.23362433375605862,6.854835116335787,22.144532174850866,-18.475127186710747,6.69161567677283,False
rfdiffusion_11.pdb,A,8,8,4.080753282015571,5.404198627376465,1.3234453453608932,-0.01884124451598812,7.1386768176146065,17.378897608929353,-17.751392560191398,10.747226335819988,False
rfdiffusion_11.pdb,A,9,9,3.387421534006148,6.506918659907987,3.1194971259018387,0.548550186950701,5.191164385772133,10.736907509213207,-21.558152428773642,4.013135695289801,False
rfdiffusion_11.pdb,A,10,10,3.951121047955834,4.962197090537756,1.0110760425819216,-0.22107515101166453,7.0283744209302865,11.27289932502467,-15.342598333510272,11.946136612574042,False
rfdiffusion_11.pdb,A,11,11,4.8225406826964505,0.882458692304152,-3.9400819903922986,-0.9973519972472027,6.928956339467758,5.488990776888772,-14.578212313717678,8.2703665304045,False
rfdiffusion_11.pdb,A,12,12,7.112100824500244,10.577296993908762,3.465196169408518,0.9126900396023632,7.760608259560473,2.2521185644759614,-23.763131535437658,9.372191391360708,False
rfdiffusion_11.pdb,A,13,13,7.23447621240633,4.4651594170308115,-2.7693167953755182,-0.8362733531632621,5.263627144695788,3.41501197191849,-16.138593271883416,3.3948553967720647,False
rfdiffusion_11.pdb,A,14,14,8.43777150289181,6.387481103456955,-2.0502903994348545,-0.6112334767471985,8.474968448992461,-1.7865681293983666,-21.939826738360516,-0.5328496375917138,False
rfdiffusion_12.pdb,A,1,1,8.603968120282707,6.999561747879457,-1.6044063724032496,-0.5961552393928242,2.7217866071782293,11.88925152301889,-21.70963505620183,10.986531196487675,False
rfdiffusion_12.pdb,A,2,2,8.196244913715546,11.416834139870256,3.2205892261547096,0.7381302908253231,4.94911444588842,4.475210693343584,-25.316623058467506,4.5539921647876325,False
rfdiffusion_12.pdb,A,3,3,6.004141936255473,8.318841620989755,2.314699684734282,0.4725614074079343,8.02827513378018,1.0223780441288692,-20.758406719096943,8.232030747185249,False
rfdiffusion_12.pdb,A,4,4,5.263372695269737,8.898930360124162,3.6355576648544243,0.968720186472287,5.03540821550914,7.901491032885383,-21.22758672212329,12.961917338201264,False
rfdiffusion_12.pdb,A,5,5,3.315495960599825,5.748893218471189,2.4333972578713645,0.2914655125779104,8.18595093078341,11.778933028214942,-14.270815401590543,12.793173469625792,False
rfdiffusion_12.pdb,A,6,6,4.004748495221561,6.64414223881108,2.639393743589519,0.37788317693844214,2.32273434854952,11.330230662755474,-22.41617940763312,8.087679022899719,False
rfdiffusion_12.pdb,A,7,7,3.3737623916879427,5.833476676326713,2.4597142846387703,0.24628206231649394,5.262235284616585,19.744098261169043,-21.68019895078603,8.298274193447886,False
rfdiffusion_12.pdb,A,8,8,4.079812532876283,2.1486718184650018,-1.9311407144112813,-0.29072171833310934,6.680927056314195,16.425819640497984,-17.116691034660363,0.6090731090291106,False
rfdiffusion_12.pdb,A,9,9,6.372098868640094,7.2548468482466255,0.8827479796065312,-0.0778950803127155,5.5158429439370575,21.147672926577986,-23.55316930155826,5.98708869893119,False
rfdiffusion_12.pdb,A,10,10,9.934852354974579,13.030970936875155,3.0961185819005763,0.6933282581219881,7.875201435163312,19.73917668052274,-29.693894924114357,2.3784055763572507,False
rfdiffusion_12.pdb,A,11,11,9.726133438311246,9.232556340270209,-0.4935770980410368,-0.3258948706687314,6.209866702795131,18.17808227904437,-25.33593597977331,9.326248806534236,False
rfdiffusion_12.pdb,A,12,12,8.404882825974422,6.939918602438575,-1.4649642235358469,-0.5722802343970375,2.722749295141054,13.729950766399828,-21.65953065400453,2.0889823137661385,False
rfdiffusion_12.pdb,A,13,13,11.21865446326183,14.512171166891708,3.2935167036298783,0.8646380468842021,4.6101994188499065,11.669204854476908,-29.821245673330605,2.1455320814721492,True
rfdiffusion_12.pdb,A,14,14,11.682045757943387,13.044699878609839,1.362654120666452,0.18932901480341893,4.1383763017986865,13.409857834107736,-28.41949837290826,10.382417895720586,False
rfdiffusion_13.pdb,A,1,1,6.679846197038936,7.460402882773886,0.7805566857349504,0.017150319044284275,6.975583174096402,25.312359212885283,-19.798044969939287,5.017164624782773,False
rfdiffusion_13.pdb,A,2,2,7.586523884291703,11.395963689437437,3.8094398051457343,0.9278399788498927,6.970156176424899,21.593060651439757,-26.83685319164695,9.886978180773585,False
rfdiffusion_13.pdb,A,3,3,7.754300679874719,5.448112816900944,-2.3061878629737746,-0.748733649120503,5.3373145969556814,20.702012621007253,-16.872333089200026,9.854242949673235,False
rfdiffusion_13.pdb,A,4,4,10.898912693420618,14.399800020343575,3.500887326922957,0.8322842198748821,7.663550652924312,23.41479461259081,-23.383114912014857,16.924829260235306,True
rfdiffusion_13.pdb,A,5,5,10.801857578653843,11.673795122788029,0.8719375441341857,0.1657407637530935,7.029903106467393,23.63560580351954,-15.486247547914555,15.927406696733067,False
rfdiffusion_13.pdb,A,6,6,7.987016881739404,6.2943532524384835,-1.6926636293009203,-0.6287322055338399,3.5667454608965996,16.062463286695795,-19.243396936049894,10.865141067176493,False
rfdiffusion_13.pdb,A,7,7,8.501826546700476,6.54594492851756,-1.9558816181829162,-0.36429852923158307,5.103505241813683,12.464860378840676,-11.942879471964643,13.995661937313347,False
rfdiffusion_13.pdb,A,8,8,9.077499188770336,12.214141048871765,3.136641860101429,0.8678823605791721,7.614241850500286,9.063580831921625,-17.453586341540614,19.37039124905604,False
rfdiffusion_13.pdb,A,9,9,6.219159046331024,5.4907132391808355,-0.7284458071501883,-0.18492888809058505,7.130946396215078,7.225906060770241,-12.875440388238273,13.452415061552632,False
rfdiffusion_13.pdb,A,10,10,3.5848401983997995,5.688757772431021,2.1039175740312217,0.20138688001712562,3.161637726387428,15.364989299982721,-14.334812239143162,11.627850557599793,False
rfdiffusion_13.pdb,A,11,11,3.5873695896651276,4.99760098891705,1.4102313992519222,-0.13565666973776308,6.021322625169539,10.157597637386438,-20.428856855955587,5.992182599783945,False
rfdiffusion_13.pdb,A,12,12,3.483009245742855,6.078856988357517,2.595847742614662,0.3165778364323788,2.275090739310288,19.218192195589243,-22.05012163873374,8.499182937379745,False
rfdiffusion_13.pdb,A,13,13,4.081210282366368,2.154027045819513,-1.9271832365468549,-0.2727690618552314,6.326920873737323,16.01111266951102,-16.97603521525448,0.6928846832180766,False
rfdiffusion_13.pdb,A,14,14,5.7670130120223755,5.856467484565984,0.08945447254360861,0.05935614638081016,8.21716027813458,21.940801125558384,-19.2413569014643,-0.4462566449370704,False
rfdiffusion_14.pdb,A,1,1,3.2461589783397415,6.6581323479441314,3.41197336960439,0.7750368649695126,7.343396646794794,2.356424521477877,-14.724443202499614,14.509494303426345,False
rfdiffusion_14.pdb,A,2,2,5.001767372906946,7.067127375550815,2.0653600026438683,0.32860691420619603,2.5671727288278303,6.210709043659169,-20.99303795031639,9.177832463538726,False
rfdiffusion_14.pdb,A,3,3,3.3209786668648023,5.949185878930568,2.628207212065766,0.31481358514597774,6.444158114969181,13.290287167121674,-14.951341086661255,12.836037226083686,False
rfdiffusion_14.pdb,A,4,4,3.8245832033786398,5.998478061264055,2.173894857885415,0.1749962652537655,3.39484601952892,10.2096894283459,-21.555762907514335,6.200639268210357,False
rfdiffusion_14.pdb,A,5,5,3.5175241737692957,6.023216399664937,2.5056922258956416,0.28095611315772295,5.092814788167738,18.706897830977294,-22.89847963132416,6.621857667694151,False
rfdiffusion_14.pdb,A,6,6,4.181955741347209,1.8139287600042708,-2.368026981342938,-0.902640342469017,7.301085550675661,17.893466710229536,-16.53013225466587,0.37294786479415754,False
rfdiffusion_14.pdb,A,7,7,6.820337878580704,7.760566010900876,0.940228132320172,-0.041981489927848836,6.466709847681875,20.2017884408644,-24.24964705260416,3.2051745998808965,False
rfdiffusion_14.pdb,A,8,8,8.596954977470737,6.451335166697585,-2.1456198107731526,-0.337610482123699,3.750791641281,11.649300016210649,-22.229622939507784,5.980606900427057,False
rfdiffusion_14.pdb,A,9,9,11.648829731832645,14.93137270778727,3.282542975954625,0.7645688666870489,7.328590147287887,9.58680590199996,-29.228040819211593,0.8411928263045494,True
rfdiffusion_14.pdb,A,10,10,10.05386586911238,12.282279218594327,2.228413349481947,0.7938180364240132,6.7298112649403565,4.493792467141907,-25.25658652125642,0.9800981190242397,False
rfdiffusion_14.pdb,A,11,11,6.989948215322303,3.6669197245282175,-3.3230284907940857,-0.8905221681138495,4.829404910635929,6.388245724140549,-17.274252133802797,4.294053253591324,False
rfdiffusion_14.pdb,A,12,12,8.718279447190831,10.145642254314469,1.4273628071236377,0.2719954233195051,6.597093132597218,7.48071164176479,-24.292896925139058,10.63551144277898,False
rfdiffusion_14.pdb,A,13,13,6.927793256663678,9.673068872000846,2.7452756153371674,0.5336104169281444,7.229264989378341,0.8990995166598026,-21.972522346129324,10.783979654878213,False
rfdiffusion_14.pdb,A,14,14,4.0684738547076025,4.968137817866713,0.8996639631591101,0.328443207786429,7.749361283813206,-1.0198454053449804,-14.856702956353733,9.499809572224612,False
rfdiffusion_15.pdb,A,1,1,8.388716334662403,8.589640411710777,0.20092407704837356,-0.18758295172465006,5.385008455789994,12.347401378198114,-21.062718948531053,13.919442750473527,False
rfdiffusion_15.pdb,A,2,2,8.113019064306451,9.482072030000822,1.3690529656943706,0.12462393957427442,6.86729411418796,5.696350365198034,-19.88629423360987,15.57593520922058,False
rfdiffusion_15.pdb,A,3,3,4.531177828929329,3.4970674393896855,-1.0341103895396437,-0.6704131861188345,8.038999630022401,4.917325286087963,-14.82297940472583,11.682918879297551,False
rfdiffusion_15.pdb,A,4,4,3.489782598897909,6.2376127622174735,2.7478301633195645,0.3843086767129215,6.053048882985661,12.3040103231364,-17.549677716787272,13.063276253453063,False
rfdiffusion_15.pdb,A,5,5,3.6708447748233244,5.228382238873477,1.557537464050153,-0.07284156310410482,5.776533540851017,10.926833929885666,-19.60166262070428,3.4755718714245996,False
rfdiffusion_15.pdb,A,6,6,3.600931516229795,6.514535638444756,2.913604122214961,0.46767296381087664,5.610514098626817,18.03239842418361,-20.813486629277595,10.599648004724997,False
rfdiffusion_15.pdb,A,7,7,4.0106767890221375,4.0242632560318174,0.013586467009679914,-0.21853726251235903,6.052156652684916,17.808942760820646,-19.32641533822813,0.7065172374446074,False
rfdiffusion_15.pdb,A,8,8,6.641456336843119,8.887161356786114,2.245705019942995,0.3552062572330786,5.689208088508622,22.884265038386562,-23.797555250327065,8.284811456939844,False
rfdiffusion_15.pdb,A,9,9,8.995192328190331,12.538388287745853,3.543195959555522,0.8379155597088417,6.027424245575927,26.726852708384655,-25.891365143064657,3.1384919543708243,False
rfdiffusion_15.pdb,A,10,10,10.512563819773739,14.307834275743952,3.795270455970213,0.9298412686938389,7.822960737493759,23.69722335897679,-28.259479865554933,-2.1646922239694377,True
rfdiffusion_15.pdb,A,11,11,9.69035555853185,11.343893954578459,1.6535383960466081,0.24226330743895985,5.579175680606648,21.949719342391493,-27.675612201825103,6.247069815051153,False
rfdiffusion_15.pdb,A,12,12,7.931708228299262,9.147450422781137,1.2157421944818756,0.07507609956377284,5.854661716896052,14.17528763434585,-24.397192469599634,1.0121241989560854,False
rfdiffusion_15.pdb,A,13,13,8.55735249369992,9.184863363350713,0.6275108696507932,-0.07108749862540314,5.531473508929955,17.24467343610484,-24.57165560549544,10.59354040798533,False
rfdiffusion_15.pdb,A,14,14,7.8912631150481,9.846901099058414,1.9556379840103135,0.2960462051224943,6.364733059982676,8.57923079139197,-25.03668435598453,5.370850645784718,False
rfdiffusion_16.pdb,A,1,1,8.212804415268236,8.887762577480693,0.674958162212457,-0.06784882721425367,6.652300605012002,4.96536764049557,-20.030054053151495,14.610047944290443,False
rfdiffusion_16.pdb,A,2,2,4.628271450508419,2.741745214720635,-1.886526235787784,-0.36070200805663444,7.011960520031465,4.110124095895479,-15.551921981779495,9.981344935635239,False
rfdiffusion_16.pdb,A,3,3,3.63160493897266,6.326141289997489,2.694536351024829,0.37282100853259864,5.176721580823218,11.356209135537357,-17.954809740301766,13.038489581766164,False
rfdiffusion_16.pdb,A,4,4,3.766050569246651,5.413765467008081,1.6477148977614298,-0.029018476953782266,5.733113136813292,11.392684470008684,-19.687516750906546,3.2005682745005637,False
rfdiffusion_16.pdb,A,5,5,3.675785951253998,6.751280333383616,3.075494382129618,0.5464268162876154,5.351671742999882,17.389930744079656,-20.059686201867756,11.324773277427116,False
rfdiffusion_16.pdb,A,6,6,3.917129895570864,3.703387076020173,-0.2137428195506912,-0.35394556217627204,6.458159041980441,19.627466053639505,-19.074944724848418,1.5974080669602597,False
rfdiffusion_16.pdb,A,7,7,6.7787303527807055,8.660749654290742,1.8820193015100362,0.2407788430468393,5.996065311524725,20.710202965848726,-22.742330863781053,11.218113028467025,False
rfdiffusion_16.pdb,A,8,8,10.024429815184174,12.839824729674609,2.815394914490435,0.6031752415805454,6.196706755408182,24.805288053039533,-27.176101797204918,9.254859126348862,False
rfdiffusion_16.pdb,A,9,9,9.81836289195858,13.593350116946224,3.774987224987644,0.9769680774514289,7.255730277909251,26.31617199020903,-27.28428947738751,1.4085521562248895,True
rfdiffusion_16.pdb,A,10,10,9.49094378805238,12.339172006587223,2.8482282185348424,0.6081738486296631,5.382011637112738,20.74881599589899,-28.98570141561914,7.140482065752808,False
rfdiffusion_16.pdb,A,11,11,7.56250125271583,8.619875358114578,1.0573741053987487,0.01836075692188767,6.22940641239031,14.917827951328967,-24.103009826477674,1.133231717042006,False
rfdiffusion_16.pdb,A,12,12,8.496543889291287,9.515111297099041,1.0185674078077547,0.03451528180003893,5.338634607363426,17.573303824327027,-24.704891376932434,11.016158129838146,False
rfdiffusion_16.pdb,A,13,13,7.8508798835613085,9.247178630396201,1.3962987468348924,0.12536808493781704,5.547047194521126,9.405868928253945,-24.62193005129415,5.107932743064529,False
rfdiffusion_16.pdb,A,14,14,8.50372598246615,9.439165223396138,0.9354392409299876,0.011531463179980994,6.142428340942471,11.80782418482186,-21.85747214485277,14.414367219493222,False
rfdiffusion_17.pdb,A,1,1,8.3313342970621,11.985102536363708,3.653768239301609,0.8736828626119536,6.58976290158326,7.641647991947941,-26.79398747249856,4.753976221973355,False
rfdiffusion_17.pdb,A,2,2,7.913849725163214,4.988751644511045,-2.9250980806521687,-0.5365328162435874,3.0500055611916927,6.1940992070449665,-18.75321842333108,8.95518184803353,False
rfdiffusion_17.pdb,A,3,3,11.27588920180295,13.671942138167912,2.3960529363649616,0.7384887004273244,6.027696373146213,7.931914345500343,-27.15622221324573,13.773638978061467,True
rfdiffusion_17.pdb,A,4,4,11.154924119428824,13.677821947458007,2.5228978280291834,0.5227565857013021,5.784188260261138,2.635305433218004,-24.517069683930426,16.316676585580492,False
rfdiffusion_17.pdb,A,5,5,8.500440052992863,10.521335598491012,2.020895545498149,0.4165922825122962,7.899814604882069,-1.805664475165281,-19.110636196289335,14.431233626295187,False
rfdiffusion_17.pdb,A,6,6,7.770768854556347,10.159842021533496,2.389073166977149,0.5423909465765427,3.88883513701236,7.962781169425105,-22.032384374071782,14.20369426815871,False
rfdiffusion_17.pdb,A,7,7,5.077760781376681,5.686493783490325,0.6087330021136435,-0.14972977472312582,5.523478198124859,3.730523987887433,-12.711611016237955,14.106346551186107,False
rfdiffusion_17.pdb,A,8,8,6.164239161976526,9.05006423736191,2.8858250753853847,0.8002430359559847,5.982802673909612,11.012192700121224,-18.94925196147754,15.636542089284559,False
rfdiffusion_17.pdb,A,9,9,3.825417955015696,5.87193895116713,2.046520996151434,0.34252694442724946,7.6263388176790645,15.622142621728244,-12.712168393605737,11.379433870829079,False
rfdiffusion_17.pdb,A,10,10,3.981241283868517,5.776715293623345,1.7954740097548276,0.04772875448088605,3.049562350171704,10.893438134287582,-21.20212896884986,9.150667981168839,False
rfdiffusion_17.pdb,A,11,11,3.2911217981161145,5.901917690045174,2.6107958919290595,0.303891445209497,5.184242995014776,19.096263171583377,-22.563079948409708,7.141692876653319,False
rfdiffusion_17.pdb,A,12,12,4.367648335884047,3.0551328330476553,-1.3125155028363915,-0.19660685322066457,7.41139761391938,16.87619640218995,-17.999979014367348,0.04717104565117625,False
rfdiffusion_17.pdb,A,13,13,7.137390219541973,8.333232312643247,1.195842093101274,0.04379087939889026,6.827147348651226,19.270823040971806,-25.093281296856762,3.1528487324527865,False
rfdiffusion_17.pdb,A,14,14,8.267265930566538,7.908891502419126,-0.3583744281474113,-0.32956967690973715,4.0288902205629515,15.387911034285558,-23.145812345269306,9.618657899191462,False
rfdiffusion_18.pdb,A,1,1,3.307270754326408,5.6913705606034455,2.3840998062770375,0.33371926261394513,8.575024307203817,8.343449804140969,-17.49099080505751,11.56241993922195,False
rfdiffusion_18.pdb,A,2,2,4.044497869887413,7.061122151277167,3.0166242813897535,0.5409040443445826,4.113312859504106,11.792995929739266,-22.28667368109804,4.048625306992928,False
rfdiffusion_18.pdb,A,3,3,3.1996220808650593,5.683012470560187,2.4833903896951277,0.23670956809165283,7.843426783511316,18.835368444801574,-19.770737522149478,10.050037910988795,False
rfdiffusion_18.pdb,A,4,4,4.082101707033704,4.888195577803644,0.8060938707699394,0.08350208744545226,3.0712992753577737,15.766318839859014,-19.87401115505361,0.30302542299943314,False
rfdiffusion_18.pdb,A,5,5,6.227851698111519,10.089428865591408,3.861577167479889,0.9856906786221314,7.880645379111867,22.886030065154262,-25.24954098629503,1.9119383864632054,False
rfdiffusion_18.pdb,A,6,6,6.034447926652844,8.408438087738794,2.37399016108595,0.6799842088277677,4.761673111821148,18.48825798618467,-21.776385671925595,-3.6629911381829223,False
rfdiffusion_18.pdb,A,7,7,3.794995169805175,4.071610165620351,0.276614995815176,-0.4553358692603699,7.418816483259881,22.829382002797615,-13.600645523491856,-3.0437432007739815,False
rfdiffusion_18.pdb,A,8,8,5.493799999985121,9.289746521943627,3.7959465219585065,0.9127915479182742,6.798629294379026,17.12656331362959,-18.95678854458823,-6.935962956454135,False
rfdiffusion_18.pdb,A,9,9,5.21372738578324,4.363484440582238,-0.8502429452010016,-0.5684728736322653,5.49229583739364,13.253491712018139,-13.564335548044095,0.7288348323334923,False
rfdiffusion_18.pdb,A,10,10,8.693666619752292,11.09405991023575,2.400393290483457,0.4528918448529352,5.027687427101933,9.566469024848159,-21.481116103832974,-3.665135171432193,True
rfdiffusion_18.pdb,A,11,11,6.988019319173357,4.647464413244664,-2.340554905928693,-0.4743604235321527,7.8358356157227895,4.246045173019446,-14.591352358204851,-4.609715097988945,False
rfdiffusion_18.pdb,A,12,12,8.075209362471785,9.754318070074193,1.679108707602408,0.2690019899398881,6.867937860604846,5.169078654232338,-22.550497958320392,-3.3995850708952453,False
rfdiffusion_18.pdb,A,13,13,7.416168527368799,5.995111254353616,-1.4210572730151831,0.07221257648699501,3.350963034760542,12.168870537863091,-18.75352578343543,0.6664132902353994,False
rfdiffusion_18.pdb,A,14,14,5.096256567978918,8.039408477054579,2.9431519090756613,0.555806416892572,6.052567313410538,5.319873043231706,-22.177016268045694,7.153669638288924,False
rfdiffusion_19.pdb,A,1,1,8.039809997179594,9.013310514631408,0.9735005174518143,0.009347565250095863,4.803981929734184,17.91973700288951,-24.362616357604388,10.554783594946784,False
rfdiffusion_19.pdb,A,2,2,7.7108840277673405,9.492026950719305,1.7811429229519646,0.23734054303909186,6.177099141941361,8.91043127737968,-24.83733542321427,6.201238810503852,False
rfdiffusion_19.pdb,A,3,3,8.359646827388058,9.3867311374504,1.0270843100623424,0.03330024503588008,5.8316151683971,14.024843811072595,-21.753398611759188,14.1407060662678,False
rfdiffusion_19.pdb,A,4,4,9.343971796341044,10.49955411508273,1.1555823187416863,0.09271791951747844,5.711604596687815,4.169822059033495,-23.042112639084245,13.063740193006218,True
rfdiffusion_19.pdb,A,5,5,10.299829391859138,9.776850447392894,-0.522978944466244,0.05141311397420558,6.174550825028008,11.941152635225961,-17.413033021899228,16.775857111081898,False
rfdiffusion_19.pdb,A,6,6,10.822929483506321,9.694186263662559,-1.1287432198437628,-0.04466629213974965,5.683836116277109,6.753027994073528,-14.08043743258455,19.727140518641804,False
rfdiffusion_19.pdb,A,7,7,8.267948906410757,7.673341522635237,-0.5946073837755197,0.23085701038551593,7.9457924491205745,0.16174606158172944,-14.026223298716932,16.95250048666632,False
rfdiffusion_19.pdb,A,8,8,5.595540791609404,7.661686572241977,2.0661457806325725,0.32168632275387965,4.938791519478113,8.98560537950997,-13.777734808063908,15.424605334482493,False
rfdiffusion_19.pdb,A,9,9,4.716714227531945,4.495391285452421,-0.22132294207952352,-0.478056567716045,6.111622956350677,4.332392045037384,-17.997563779287184,7.702543936477717,False
rfdiffusion_19.pdb,A,10,10,3.412424617365696,6.140030013910637,2.7276053965449414,0.368335112901094,4.94395908435217,12.7248240016182,-16.730856665555482,13.148727613700197,False
rfdiffusion_19.pdb,A,11,11,3.6680278391723626,5.214154659338453,1.5461268201660903,-0.0772560802869798,5.619247255830202,11.39469756036557,-19.867227457607278,3.795065526217894,False
rfdiffusion_19.pdb,A,12,12,3.553096875095402,6.723053799609026,3.1699569245136243,0.5831164881830088,5.720006599220762,18.157771384417288,-19.812266366923883,11.37973719365649,False
rfdiffusion_19.pdb,A,13,13,3.696579612119373,6.564654913086552,2.8680753009671793,0.45413579007571453,6.414457039378573,22.17322445354258,-21.95634167292492,6.37921852164938,False
rfdiffusion_19.pdb,A,14,14,6.888108079907099,9.84940979587768,2.9613017159705812,0.6091084488181224,6.760548670531263,19.276917058854604,-26.41787647308102,2.4039327442129275,False
rfdiffusion_2.pdb,A,1,1,8.477597129739605,12.06993312140626,3.592335991666655,0.881951633179755,4.930161620246721,6.263165963491857,-24.176440220369688,-0.6308283097519112,False
rfdiffusion_2.pdb,A,2,2,7.608488729738058,6.886902127434915,-0.7215866023031428,0.5744416168816973,8.042113031054823,-0.47225925165724014,-20.503002559907802,1.4005293333899986,False
rfdiffusion_2.pdb,A,3,3,9.343466110415479,12.974194985638867,3.6307288752233884,0.8779346059991859,6.572102688125291,5.520810659451205,-26.597491999031824,2.5633079081610886,True
rfdiffusion_2.pdb,A,4,4,7.074606862161567,6.9234250890758755,-0.1511817730856917,0.0500103168208339,3.3293777062767163,10.780016180573986,-21.009500583348757,2.7075182630778234,False
rfdiffusion_2.pdb,A,5,5,4.5494795601705755,6.687170297388209,2.1376907372176337,0.4744290264876655,5.690479077831149,5.100026411170072,-19.779145840086052,11.14608936683841,False
rfdiffusion_2.pdb,A,6,6,3.1476487334011507,6.116672750963974,2.9690240175628233,0.6217778630258752,8.59592263188496,9.772648211644313,-15.762535447023327,13.214900318948565,False
rfdiffusion_2.pdb,A,7,7,3.980300750386884,6.625354611996396,2.6450538616095125,0.3785056131016242,3.9733916208607245,11.530030833204885,-22.442785696291025,6.720109722155797,False
rfdiffusion_2.pdb,A,8,8,3.2065470709059274,5.66173503457263,2.455187963666703,0.22505904086795905,8.605504619798852,19.898954774023426,-20.455035259747742,9.234794231055313,False
rfdiffusion_2.pdb,A,9,9,3.9614202622385153,7.401631076486691,3.4402108142481755,0.7286304609754783,4.661091056541187,12.89991953452818,-22.17502840115599,3.1702689543594307,False
rfdiffusion_2.pdb,A,10,10,3.6489128796228476,7.150310783761167,3.5013979041383196,0.7472218307905547,5.274660610867835,18.084504253278027,-20.49540967456955,-3.2603000465156042,False
rfdiffusion_2.pdb,A,11,11,3.945705127169484,4.182168110825805,0.23646298365632124,-0.18962098705648942,7.2245734052789325,14.843859439268346,-12.230568723644264,-1.5968558830625503,False
rfdiffusion_2.pdb,A,12,12,7.287157409384815,9.01566492608282,1.7285075166980057,0.20892150115372332,6.515910425268237,16.205784277770203,-18.944838905945193,-6.587153413717054,False
rfdiffusion_2.pdb,A,13,13,8.268319859613161,8.443657034778683,0.17533717516552194,-0.19758804167276883,4.358923396666316,15.023951820600942,-23.255326182942312,-0.4363234252940069,False
rfdiffusion_2.pdb,A,14,14,7.186674365931266,5.30803783524352,-1.8786365306877455,-0.6865662147457678,3.629422984943091,10.224787264487261,-14.957711741173846,0.5847428926634897,False
rfdiffusion_20.pdb,A,1,1,5.462632987751159,7.619194978349163,2.1565619905980036,0.27943877356160357,3.0413400045993657,6.9128723080307175,-21.33293851464257,10.024267532463679,False
rfdiffusion_20.pdb,A,2,2,3.4173441142285466,6.140893321525615,2.7235492072970686,0.36696371430507635,6.38301587177726,13.852937057044244,-14.795153596448783,12.825764286836975,False
rfdiffusion_20.pdb,A,3,3,3.9431866559307185,6.102514744038531,2.159328088107812,0.180436726055942,3.488396099588814,10.459778473774618,-21.799061467824192,6.655308975427152,False
rfdiffusion_20.pdb,A,4,4,3.2875755921142216,5.730125371728076,2.4425497796138544,0.22912721473813047,5.034684406520803,19.104424182503905,-22.574581898800027,6.364563566103962,False
rfdiffusion_20.pdb,A,5,5,4.219016565237486,1.4994427206797338,-2.719573844557752,-0.9348082726094569,6.91946832384128,16.718782948755123,-15.939503507431214,0.3121186292102265,False
rfdiffusion_20.pdb,A,6,6,6.46914348473396,7.160858221479194,0.6917147367452339,-0.12453478614325794,6.824322563807065,21.312959722926216,-22.54245396537212,1.911720880314952,False
rfdiffusion_20.pdb,A,7,7,8.096042135969611,7.3451843926376235,-0.7508577433319878,-0.3315518714759892,3.598070192787083,13.304369936665193,-23.108309618428446,6.656150240228511,False
rfdiffusion_20.pdb,A,8,8,11.56624692804494,14.641401707017097,3.0751547789721574,0.698071912392817,6.389084346359476,14.004566565684849,-30.261263757581087,0.10375005508758339,True
rfdiffusion_20.pdb,A,9,9,10.969592931863522,11.156908155619734,0.18731522375621168,-0.13509355683121899,6.512466508950847,10.404881038647492,-26.945547597396544,7.314747518375081,False
rfdiffusion_20.pdb,A,10,10,9.555752435612732,11.251028364361925,1.6952759287491936,0.3500502004837067,6.899655882476669,3.35395342627786,-24.211184152280758,2.035287402911769,False
rfdiffusion_20.pdb,A,11,11,6.286307122027434,3.256921516872765,-3.029385605154669,-0.8185255560571639,3.7426549753333855,9.57625504274177,-17.524410460574714,5.578431934116365,False
rfdiffusion_20.pdb,A,12,12,6.503134125928544,9.469065236606067,2.9659311106775226,0.8381205901377402,6.575420337107144,3.055491908219383,-22.521711585480972,10.97458578281061,False
rfdiffusion_20.pdb,A,13,13,3.8652844075478123,5.525419306078654,1.660134898530842,0.4209144138380011,7.8321631422246805,-0.8010294853969611,-15.70130195500558,9.739644836063471,False
rfdiffusion_20.pdb,A,14,14,3.261022644610136,6.686117358651519,3.4250947140413825,0.6926468782400232,6.890607446633901,2.7509407250646762,-14.90753507460516,14.46759201540204,False
rfdiffusion_21.pdb,A,1,1,10.730096366801826,13.608394108599583,2.8782977417977573,0.8508477197095625,8.24581766585649,12.969496771024497,-27.232397696880483,-3.6590028511400003,True
rfdiffusion_21.pdb,A,2,2,10.457736065957905,9.82687507669251,-0.6308609892653951,-0.3303138195992778,4.85491620947209,13.180568961999516,-25.639443362723497,6.167864757616394,False
rfdiffusion_21.pdb,A,3,3,9.183868478712206,11.335153241810882,2.1512847630986762,0.6205631930668986,6.851103786177928,4.782002965611461,-25.30330666750015,4.831614820348173,False
rfdiffusion_21.pdb,A,4,4,5.746971024860552,4.128441825679433,-1.6185291991811193,-0.4907299699667492,6.7277779088476795,8.583184653496268,-16.705831041553807,3.363145938907808,False
rfdiffusion_21.pdb,A,5,5,5.921464501334872,7.32571855997223,1.404254058637358,0.47045680719830696,3.4649439697302613,9.686115372574418,-20.849773411043895,12.009578501196604,False
rfdiffusion_21.pdb,A,6,6,3.741248370128594,6.136226162799331,2.394977792670737,0.25580807722444,6.541163953561513,0.8848864173215931,-17.858436098005104,8.919774656036864,False
rfdiffusion_21.pdb,A,7,7,5.647175096995588,9.35235664338179,3.7051815463862026,0.8760129115858272,7.305135685521821,3.832689040316031,-19.360816912175913,15.673439144928192,False
rfdiffusion_21.pdb,A,8,8,6.61998176464154,9.247864474810074,2.6278827101685334,0.7871292619677301,6.625355205575872,10.255941202898608,-20.801300482660192,14.77827484844585,False
rfdiffusion_21.pdb,A,9,9,3.6301297452078343,5.809323163069776,2.179193417861942,0.15737707415349644,6.985579286255211,15.056107780999108,-13.956422025101462,11.676762148465638,False
rfdiffusion_21.pdb,A,10,10,3.858182596209587,5.338818927391765,1.4806363311821782,-0.07719261108572814,2.482636799046036,10.66525131518739,-21.030770129638377,6.674545859717663,False
rfdiffusion_21.pdb,A,11,11,3.245188996505568,5.9076793894892266,2.6624903929836585,0.3223781445317738,5.971627897467878,20.00518618862618,-21.37465102770089,8.622845426070576,False
rfdiffusion_21.pdb,A,12,12,4.009635462253799,2.914426399484875,-1.095209062768924,-0.1768382505237474,6.076349330098692,15.11056568307629,-17.26281278990163,0.8184046748153402,False
rfdiffusion_21.pdb,A,13,13,6.2660296676916545,7.344012021128441,1.077982353436787,-0.026504328541441857,5.792303255273578,21.42326158683644,-23.52971937655097,5.741459693664794,False
rfdiffusion_21.pdb,A,14,14,9.176091531100731,11.573320043723038,2.3972285126223074,0.4596331055466666,6.531885593981375,17.182277701819764,-28.59327357060056,3.966667858429317,False
rfdiffusion_22.pdb,A,1,1,8.17914452068819,8.677881962715412,0.49873744202722214,-0.11603857292788178,5.780231999204656,6.8406553668747865,-19.12459578120679,15.006705831403632,False
rfdiffusion_22.pdb,A,2,2,4.635731770986821,2.9489002036957506,-1.6868315672910703,-0.2835949978857627,7.1806929179129675,4.612712113632368,-15.06849532212269,10.90191049227232,False
rfdiffusion_22.pdb,A,3,3,3.544631277402256,6.221001973528816,2.67637069612656,0.3574580018815865,5.769273093145758,12.099012765521932,-17.68033997761476,13.033044998956154,False
rfdiffusion_22.pdb,A,4,4,3.7029705767348156,5.210113531141831,1.5071429544070152,-0.08664354985675003,5.93746838550434,11.366517598532278,-19.538488926589302,3.3785570899533583,False
rfdiffusion_22.pdb,A,5,5,3.600259518958606,6.7035887068243625,3.1033291878657563,0.5546902953351583,4.977196077366746,17.850957675484445,-20.226139512485243,11.174298541774,False
rfdiffusion_22.pdb,A,6,6,3.8188811539156218,4.466518778615982,0.6476376247003603,-0.19879097500023973,6.7927468456075895,17.8522674119889,-19.823018740324805,1.097730725906508,False
rfdiffusion_22.pdb,A,7,7,6.26546506802417,8.51329622739988,2.2478311593757105,0.3435530903215887,5.016479006908076,23.72189678918445,-21.807875747589698,9.235744793716648,False
rfdiffusion_22.pdb,A,8,8,9.1013961411429,11.958561246309314,2.8571651051664144,0.6066620344202376,6.850738974294341,28.840740714930728,-22.775015930333275,4.6152107819056765,False
rfdiffusion_22.pdb,A,9,9,11.449823852992578,15.056826896649094,3.6070030436565155,0.8691135258622489,7.773955411919429,27.577364902047748,-28.589212648892026,4.6129775341622326,True
rfdiffusion_22.pdb,A,10,10,9.634124316085206,10.639821741098597,1.0056974250133912,0.05695191724187784,6.049997058866861,23.15547765475281,-25.17445707446626,9.718361881615685,False
rfdiffusion_22.pdb,A,11,11,7.8814613217799545,9.362467424346104,1.4810061025661492,0.15127848393577228,5.912005786332151,16.634063019821536,-25.82037798675799,2.0301253098169214,False
rfdiffusion_22.pdb,A,12,12,8.512413443516238,9.795674980115438,1.2832615365992002,0.11004614417156647,6.0567735061940615,17.35853340878239,-24.283124260026234,11.891522537192829,False
rfdiffusion_22.pdb,A,13,13,7.708235015843218,8.703084774304347,0.9948497584611298,0.005299488024575333,5.484246826949691,10.128961119558166,-24.136134894093072,4.872084769514862,False
rfdiffusion_22.pdb,A,14,14,8.693695764014297,10.894178072032032,2.200482308017735,0.3896900013569093,6.858629007916489,11.581229453726174,-23.75911302624422,14.616753107465252,False
rfdiffusion_23.pdb,A,1,1,10.480971492250712,14.281187037200922,3.800215544950211,0.9314682645258046,6.962616007894711,26.027001435912265,-28.05460174613182,0.49960699914948226,True
rfdiffusion_23.pdb,A,2,2,9.414304756232927,11.334729196990537,1.9204244407576105,0.31663187645421254,4.931211383842847,22.503438861641865,-27.095067403054845,7.887092911870244,False
rfdiffusion_23.pdb,A,3,3,7.586165452502063,8.520313820879917,0.934148368377854,-0.01572201921703347,6.077266387187469,15.436310509183693,-24.323238570126943,1.3919863411362994,False
rfdiffusion_23.pdb,A,4,4,8.511192660169856,9.748551420802086,1.2373587606322296,0.09684092858960422,5.563090896837102,17.21434002763427,-24.699236522948926,11.311139598815561,False
rfdiffusion_23.pdb,A,5,5,7.75497135227013,9.340576362765361,1.5856050104952315,0.17902687080025814,5.781974391873593,9.169880152304957,-24.617531847332227,5.121008259172179,False
rfdiffusion_23.pdb,A,6,6,8.424025673127094,9.623351510851137,1.199325837724043,0.08375876136355687,6.173088883844404,12.58041845521015,-22.31360555053061,14.219138598486879,False
rfdiffusion_23.pdb,A,7,7,8.19742100367805,8.647122023106594,0.44970101942854335,-0.1284701684149412,5.961149132001849,6.308340279169478,-19.40130663469465,14.821389866475329,False
rfdiffusion_23.pdb,A,8,8,4.571614558512239,2.9368550675571545,-1.6347594909550849,-0.2620703107307721,7.096274649799003,4.495043254285198,-15.050592146456403,10.851310728481028,False
rfdiffusion_23.pdb,A,9,9,3.5388619971336306,6.24755869782507,2.7086967006914398,0.37118027985679963,4.731339449712459,12.008019263010862,-17.768055382570562,13.033580139640929,False
rfdiffusion_23.pdb,A,10,10,3.7391605161006654,5.330088974816385,1.5909284587157195,-0.052534276743022,6.129322766763995,11.532363358124327,-19.641018981621624,3.288725931084368,False
rfdiffusion_23.pdb,A,11,11,3.5647996286633705,6.688426190965468,3.1236265623020976,0.5619968567384823,5.611202023330048,17.790118043315147,-19.866136165158206,11.320968366621834,False
rfdiffusion_23.pdb,A,12,12,3.8239261944387777,4.260214196046289,0.43628800160751124,-0.2583039218260842,5.914044597981558,18.70734890355918,-19.487299234701823,1.1878636046971813,False
rfdiffusion_23.pdb,A,13,13,6.572700346927084,8.749489868859635,2.1767895219325517,0.33002384769436577,5.805687334233323,22.85130047583017,-22.52225340212217,9.941430992690591,False
rfdiffusion_23.pdb,A,14,14,8.899519394162095,12.426660158720662,3.527140764558567,0.8317925832774007,6.30824093997016,27.806397422381053,-24.56217068782254,5.5631391960188985,False
rfdiffusion_24.pdb,A,1,1,8.455526052716852,12.182082043605092,3.72655599088824,0.9004052433089084,7.034594055732951,18.100448475940272,-26.108256890446743,13.400402547136007,False
rfdiffusion_24.pdb,A,2,2,6.8981392837182,5.9329854717485695,-0.9651538119696301,0.14450902058772264,2.3405308172641974,12.039999268776688,-21.282318026561814,9.631546429034842,False
rfdiffusion_24.pdb,A,3,3,8.016216113135542,7.026678356694132,-0.9895377564414094,-0.4816098814139066,5.156555774512006,18.39413139614726,-15.3146320001261,12.922929547348359,False
rfdiffusion_24.pdb,A,4,4,9.323921576620611,13.246388433628287,3.9224668570076755,0.9723817529456288,6.848675493261565,14.158946876411076,-20.68775608677954,19.30767061634138,True
rfdiffusion_24.pdb,A,5,5,9.08976097391607,9.759969019801188,0.6702080458851185,0.18700807252630186,6.272088710582204,17.573830895616332,-13.165204909752479,15.712671375213093,False
rfdiffusion_24.pdb,A,6,6,6.448282783125349,4.698698100678663,-1.7495846824466863,-0.0006345704603585387,7.3695874327450905,11.470454369569033,-10.000350940178393,13.666043742456054,False
rfdiffusion_24.pdb,A,7,7,3.7775057829797674,5.332066652899816,1.5545608699200488,0.10710175425322366,2.2046612419874765,16.033221748182488,-17.51630493881641,10.923002903790104,False
rfdiffusion_24.pdb,A,8,8,3.630261619949121,2.2343241327101966,-1.3959374872389243,-0.1305688037924959,6.126508433391264,6.96745797781681,-16.61485099210087,6.888849175651526,False
rfdiffusion_24.pdb,A,9,9,4.054792697220018,6.116819081064395,2.062026383844377,0.15334113571095664,6.730597229229472,10.468596195745583,-20.407153485585397,3.3114489042800215,False
rfdiffusion_24.pdb,A,10,10,3.466858464712865,5.752839513745442,2.2859810490325767,0.18302070395816528,1.776431474905481,18.695677067353536,-21.670805514481213,8.607019878630735,False
rfdiffusion_24.pdb,A,11,11,4.28810609673985,2.3878099985501513,-1.9002960981896986,-0.1977885091618119,7.05040413244285,17.25322278334781,-17.146895071849034,-0.019725119901047083,False
rfdiffusion_24.pdb,A,12,12,5.677271128831267,5.747955033986091,0.0706839051548247,-0.2955147212948872,5.179182271945064,23.41559582196159,-19.21457859052542,5.388947326118741,False
rfdiffusion_24.pdb,A,13,13,8.810472278129936,12.280693629998717,3.4702213518687817,0.8114067576156521,8.06276223205018,25.21126029686527,-26.798579292105593,3.3034210434814524,False
rfdiffusion_24.pdb,A,14,14,7.979385438628534,7.311578979043994,-0.6678064595845399,-0.41061126912741513,6.17835402214202,23.280541145865676,-20.370754810805455,8.927893240971821,False
rfdiffusion_25.pdb,A,1,1,4.58015729993369,5.621397536176958,1.0412402362432678,-0.03742537523393169,3.776862945798396,4.498430227555786,-19.460776245954776,5.577153603399603,False
rfdiffusion_25.pdb,A,2,2,3.585350141200996,6.358353669249073,2.7730035280480774,0.403514495089822,6.130728082712856,13.078307289160538,-21.745298722540614,9.249992903768685,False
rfdiffusion_25.pdb,A,3,3,5.196479858393934,4.847164868484868,-0.3493149899090655,0.3338804459031881,7.891329349472574,16.00674731097525,-21.317539841374725,3.7849178402056314,False
rfdiffusion_25.pdb,A,4,4,8.320370218722193,10.727286649346482,2.406916430624289,0.44838922675042336,6.378605113901461,9.860746350293546,-26.189215671428574,4.9447132359310615,False
rfdiffusion_25.pdb,A,5,5,7.393741390570872,3.4668310965425,-3.9269102940283718,-0.9915225696096042,3.5309243154067005,7.143186382807495,-16.958227337789864,4.326334336040305,False
rfdiffusion_25.pdb,A,6,6,9.696771204555407,11.577473620605474,1.8807024160500667,0.8330566192441964,5.346640603297862,9.756416460799066,-22.996075903089487,-2.91392231940182,True
rfdiffusion_25.pdb,A,7,7,8.569600424880942,10.974807002604436,2.4052065777234937,0.4523014100701249,5.128293210466016,1.9531382546016216,-24.960009660344127,1.2280666417165063,False
rfdiffusion_25.pdb,A,8,8,5.2038017298866714,4.603142121748744,-0.6006596081379278,-0.1364053233592636,7.071014399983209,-1.2113155867429835,-21.400234129481568,-6.462615275397692,False
rfdiffusion_25.pdb,A,9,9,6.621366467210891,9.896151598668549,3.2747851314576577,0.7190986230432648,6.563680849045625,-1.8450550196097977,-25.119991749831684,1.6283496500450834,False
rfdiffusion_25.pdb,A,10,10,6.475523075060477,7.173533633551025,0.698010558490548,0.16105903650777195,7.736069711160936,-6.181678120995642,-19.28235178754133,5.259006225125244,False
rfdiffusion_25.pdb,A,11,11,6.83303210489282,6.117374588827192,-0.7156575160656278,-0.10363196091267068,3.685519190367321,3.7079652153135596,-19.09800254904942,3.7030353915470178,False
rfdiffusion_25.pdb,A,12,12,6.5472887820713,9.025363073002373,2.4780742909310725,0.43128901586888696,6.406273048277283,2.3182067188436712,-21.439592603308352,11.923990082131787,False
rfdiffusion_25.pdb,A,13,13,3.5307558563298946,4.214840431051874,0.6840845747219793,0.17868611788184313,7.59067224688168,1.557615686881232,-12.72540620378453,12.687665384914784,False
rfdiffusion_25.pdb,A,14,14,3.6990856711229596,7.143371017514485,3.4442853463915255,0.7212766827437879,7.030081998877709,6.160932594013974,-16.52565018888802,14.981551208666614,False
rfdiffusion_26.pdb,A,1,1,4.403918078085956,4.266462092339613,-0.13745598574634332,0.07700252504172905,7.616632362625215,5.001694485202015,-15.676004235852508,12.160398450775313,False
rfdiffusion_26.pdb,A,2,2,3.5391817250414843,6.214496780975008,2.6753150559335235,0.35651469146025394,6.707209948410401,11.838887748413391,-18.08091399520349,12.867620809290422,False
rfdiffusion_26.pdb,A,3,3,3.7973068860193497,5.503698453848457,1.7063915678291068,-0.004241264430249761,5.714102193509588,11.197788901921017,-19.682900478442583,3.078432206229358,False
rfdiffusion_26.pdb,A,4,4,3.5642109438307483,6.511014636639371,2.9468036928086225,0.4801101951974041,5.766754375364756,17.8026139616255,-20.600547308120074,10.703468443629482,False
rfdiffusion_26.pdb,A,5,5,3.9555739885630237,4.040416083545357,0.0848420949823332,-0.2548635529643706,5.99524540218325,18.458921573982522,-19.2007482612062,0.8602761676372923,False
rfdiffusion_26.pdb,A,6,6,6.616240002530745,8.730406928091487,2.114166925560742,0.31070089049692656,5.854927345285018,22.415852178279042,-23.259399944940938,9.419500809992432,False
rfdiffusion_26.pdb,A,7,7,9.307207232517632,12.594516238328413,3.2873090058107817,0.7940896691559378,6.400323524672654,27.43533126035315,-25.289544108952377,5.683926878242625,False
rfdiffusion_26.pdb,A,8,8,10.354485317013806,14.190935357946143,3.8364500409323377,0.9436403020791185,7.002068676283459,25.48743058197579,-27.877938105596122,-0.739146304542601,True
rfdiffusion_26.pdb,A,9,9,9.572400220767157,11.293293249705236,1.7208930289380788,0.25996127896414406,4.6740830794287795,22.128831295618262,-27.408417249129158,7.048977003835254,False
rfdiffusion_26.pdb,A,10,10,7.7581463401733695,9.03353283962264,1.2753864994492714,0.08726119547773281,5.923651046305036,15.229216997107432,-24.343467247834404,0.4740781022350036,False
rfdiffusion_26.pdb,A,11,11,8.380894111111465,8.85693991120174,0.47604580009027586,-0.11624656687315826,5.262819831551869,17.137801496398485,-24.178174186855085,10.497551375731492,False
rfdiffusion_26.pdb,A,12,12,8.147230758473848,10.47196920529779,2.324738446823943,0.4186202839916779,6.54334272819825,9.552806872294703,-25.569173922832125,3.6966357337091327,False
rfdiffusion_26.pdb,A,13,13,8.3232129721009,8.722899907612994,0.39968693551209533,-0.13797093437843805,4.9929116466775385,11.163209876541238,-22.295621304205834,12.953134501287199,False
rfdiffusion_26.pdb,A,14,14,7.959297673682686,9.434168534818458,1.4748708611357717,0.46723716657045467,7.219186158818577,3.5651623726354815,-21.663743300546738,13.118751212818955,False
rfdiffusion_27.pdb,A,1,1,8.921209300317228,10.647711286905034,1.726501986587806,0.24920641410707778,7.108142236561893,19.599123920386717,-11.07908896836645,19.291189879146273,False
rfdiffusion_27.pdb,A,2,2,5.7840829359792885,3.6953077650981743,-2.088775170881114,-0.7736818015399258,7.15804764379602,14.768149385969485,-7.280036109385059,15.239607369559165,False
rfdiffusion_27.pdb,A,3,3,7.168788892026117,5.212838582821727,-1.9559503092043897,-0.481823302138961,7.010521968784334,10.857711797456057,-10.369275748937183,11.176094277199141,False
rfdiffusion_27.pdb,A,4,4,6.533163962331305,7.5779585121901,1.0447945498587945,0.28421301135237165,6.977949981060056,7.035345529205117,-18.00856742381319,14.39054188916208,False
rfdiffusion_27.pdb,A,5,5,3.5793864589929423,5.661332725012046,2.0819462660191035,0.15781143622296254,4.385327790826328,15.673967485446216,-19.025385533767597,10.198837954309957,False
rfdiffusion_27.pdb,A,6,6,3.6861416063362635,2.297331528197103,-1.3888100781391604,-0.2003160103748633,6.4380604313456855,7.330987358137909,-16.450111544935428,5.5162528762710235,False
rfdiffusion_27.pdb,A,7,7,4.349031773717572,5.781754972446054,1.4327231987284819,0.183872553129027,7.362977361577559,11.546463528248552,-19.15886673752415,1.503145206841555,False
rfdiffusion_27.pdb,A,8,8,3.529594821355023,6.244136487869561,2.714541666514538,0.3729606923015486,3.8643194439155333,17.24161696389173,-21.416260810659658,9.668342057954103,False
rfdiffusion_27.pdb,A,9,9,4.183242429903106,3.662227473724844,-0.521014956178262,-0.27128970114405704,7.278664735255585,19.413510994455507,-18.106829569640748,0.560426921468522,False
rfdiffusion_27.pdb,A,10,10,5.979653341083391,6.52812370665122,0.5484703655678294,-0.02277731939347865,6.284981027095158,24.747644827398222,-19.01626967826698,4.678057374353185,False
rfdiffusion_27.pdb,A,11,11,7.958710825098295,11.884368672622646,3.9256578475243504,0.9721602520463377,8.408248665231762,25.569154039767895,-24.28833172865406,10.760567831392322,False
rfdiffusion_27.pdb,A,12,12,6.925918296197202,4.0296640457490085,-2.8962542504481936,-0.8416180028255563,5.20897035934389,21.080590083099274,-16.02017117551099,7.603087519285566,False
rfdiffusion_27.pdb,A,13,13,8.802115855789586,12.739716973999071,3.9376011182094857,0.977366569511255,6.93809332633742,22.61980541917182,-17.17523474804806,17.110166825449557,True
rfdiffusion_27.pdb,A,14,14,7.908951012091562,5.0143367311019515,-2.89461428098961,-0.8441058357287909,3.9296505171523193,15.111343245728051,-14.54360921337517,10.904052150781823,False
rfdiffusion_28.pdb,A,1,1,7.6191122234724915,8.590791590274247,0.9716793668017552,0.08785290994946382,6.83559927144251,4.611652467157659,-21.355790987375595,1.8078926434707299,False
rfdiffusion_28.pdb,A,2,2,8.468282369364728,12.075942452466068,3.60766008310134,0.8578566450096308,7.2242206164279335,10.428041691708678,-27.459072296507912,3.9414769096053575,True
rfdiffusion_28.pdb,A,3,3,8.124684321770706,4.539390555455959,-3.5852937663147477,-0.8265567374058289,3.9141990780044207,14.171543502797643,-18.703319429183363,1.7438395712676642,False
rfdiffusion_28.pdb,A,4,4,9.82592578978962,12.182982695360446,2.3570569055708255,0.4563978366205356,7.251835229620344,11.093288936983878,-23.242350450802356,-5.392341823356085,False
rfdiffusion_28.pdb,A,5,5,7.528824986903943,3.979515666747289,-3.5493093201566537,-0.9438169552641078,4.49995803195359,17.085533698321925,-18.25624012416155,-1.1840201166209945,False
rfdiffusion_28.pdb,A,6,6,9.003966858367898,12.333953678278217,3.329986819910319,0.8283382673862858,6.8243198012626385,21.757446309023535,-26.416227252955117,-2.299208268165918,False
rfdiffusion_28.pdb,A,7,7,6.244617568213747,6.883476541098574,0.6388589728848268,-0.1523912052283869,7.275656811737258,23.747473974584565,-19.697317847385047,0.08758323369770094,False
rfdiffusion_28.pdb,A,8,8,3.4798932719122737,4.455875541089253,0.9759822691769795,0.3149400430042426,3.850625049302132,15.00912295777038,-18.963094534003123,0.16675640035017691,False
rfdiffusion_28.pdb,A,9,9,3.770448534977727,4.8414610796828565,1.0710125447051295,-0.2246595203675589,5.812780966394105,18.421725707291856,-19.495408894136663,9.308015930515506,False
rfdiffusion_28.pdb,A,10,10,3.4975058565135817,6.35069431315312,2.8531884566395385,0.4324071078453549,1.3165537012449142,9.490012000963997,-21.629283330757705,5.844236390227015,False
rfdiffusion_28.pdb,A,11,11,4.2412342619291,3.890820483261432,-0.3504137786676682,-0.3159149003004448,6.955986894722769,10.166125975688326,-14.169747376503716,11.239340293920574,False
rfdiffusion_28.pdb,A,12,12,7.690506569349354,10.395532118217313,2.705025548867958,0.6792439222729959,7.712032736721214,8.438532557424843,-18.814246698790864,16.905275446918168,False
rfdiffusion_28.pdb,A,13,13,7.498108249083396,7.091847749839443,-0.40626049924395247,-0.3655475578220202,7.107551211441772,3.2754050201144715,-17.957200597553292,13.661951326192376,False
rfdiffusion_28.pdb,A,14,14,5.325934037352006,2.5440925077577003,-2.7818415295943058,-0.7687802316711447,2.7198118019362334,9.693453345582505,-17.028659104829963,7.560630897903879,False
rfdiffusion_29.pdb,A,1,1,7.876713588751983,6.0051008503925765,-1.8716127383594063,-0.6561339601239619,4.42985418226023,14.84666320879886,-13.12393110148432,11.576001386499593,False
rfdiffusion_29.pdb,A,2,2,10.519063036669882,10.34854486019517,-0.17051817647471168,0.8482846643534198,7.452214189061857,16.048288708987048,-13.312066732319177,20.310899359202487,False
rfdiffusion_29.pdb,A,3,3,8.349140822742283,5.538380329828274,-2.8107604929140093,-0.4543184089145622,6.074089999015972,11.42829928607194,-11.003066701662163,13.974890701662707,False
rfdiffusion_29.pdb,A,4,4,6.484869140570609,5.464235762989937,-1.0206333775806717,-0.006085801373269029,8.212106844034555,5.543865853625448,-16.485832461276633,13.059333666761264,False
rfdiffusion_29.pdb,A,5,5,3.498624142308687,5.5471857711111765,2.0485616288024895,0.1737064584477288,3.24927875065298,15.328849308014444,-14.238463523586772,11.45658228512157,False
rfdiffusion_29.pdb,A,6,6,3.4677414115605503,4.820696903995402,1.3529554924348517,-0.17252266783247688,7.192786614729527,10.295453132201812,-19.95495130226118,5.112004515130129,False
rfdiffusion_29.pdb,A,7,7,3.5170861821814383,6.31086239482855,2.7937762126471113,0.40719389780912096,3.8131643054734807,19.028158492724536,-21.208852478137583,9.889244887231126,False
rfdiffusion_29.pdb,A,8,8,3.654105354131034,2.3778925694568986,-1.2762127846741356,-0.36291384071143984,6.588021299655409,18.178965160738947,-17.496461495650372,0.9145042609268836,False
rfdiffusion_29.pdb,A,9,9,6.595177663195727,10.065151996342781,3.4699743331470536,0.807683703027853,7.861360156949599,20.701308506605702,-25.005913752418877,-0.4479527712457094,False
rfdiffusion_29.pdb,A,10,10,6.901313517451607,6.922341126950788,0.021027609499181033,-0.28453501176233514,6.492898690684203,24.179260899925044,-19.137715403445604,-0.013707474282002252,False
rfdiffusion_29.pdb,A,11,11,5.073810014436993,2.5557698116054217,-2.518040202831571,-0.8674839069510243,2.5007883227641443,18.68403796993307,-18.3530758531853,7.3350664679409885,False
rfdiffusion_29.pdb,A,12,12,8.401363724495875,10.164195372379792,1.7628316478839174,0.5455561660030845,6.186763720173792,28.12281473613932,-17.26132377390769,9.789360805637395,False
rfdiffusion_29.pdb,A,13,13,8.395732653712296,11.053752957888058,2.6580203041757624,0.6137772361443453,7.0633610736845505,24.222611893149338,-16.401994430320343,14.63363614234681,True
rfdiffusion_29.pdb,A,14,14,7.6270377898585675,9.880051837862512,2.2530140480039442,0.3842205949266197,5.819906142878154,16.704446606633013,-21.872385058553675,13.766260316493124,False
rfdiffusion_3.pdb,A,1,1,8.104731246000746,7.138421667317597,-0.9663095786831493,-0.37982182642273016,3.421969933453084,13.53081714733671,-22.819046071423625,7.294274111980107,False
rfdiffusion_3.pdb,A,2,2,11.677981423829259,14.837748554814556,3.1597671309852977,0.7255484743131364,5.090816874488626,14.24622328257783,-31.33922963892497,6.888822505789635,False
rfdiffusion_3.pdb,A,3,3,13.043804085583314,16.646066370281886,3.602262284698572,0.8715891040333075,7.732201460049446,9.954084077340907,-30.760417783664828,-0.058799997959642525,True
rfdiffusion_3.pdb,A,4,4,13.306912539652165,15.922127503460679,2.615214963808514,0.5677521178565693,6.368358683844726,10.806578979038619,-31.671862975059835,8.546683233398925,False
rfdiffusion_3.pdb,A,5,5,9.663563997600889,8.632552703231664,-1.0310112943692253,-0.3836920352162323,3.051046871284458,14.207984295984302,-24.488907749233427,7.518247102474811,False
rfdiffusion_3.pdb,A,6,6,9.036727712372375,12.403497604883848,3.3667698925114724,0.7771660527801781,3.801399592505685,7.409390025631659,-25.649426140080546,0.9770069653148594,False
rfdiffusion_3.pdb,A,7,7,9.005637145201733,12.662937560434584,3.65730041523285,0.9030356459263923,5.300549041280064,3.1013333680743083,-26.371325013300535,7.389363368980045,False
rfdiffusion_3.pdb,A,8,8,7.5168011961673,7.4381466709315625,-0.0786545252357378,0.3006616971450755,3.353893044557141,11.162903760115197,-22.59705883448557,10.13208527630243,False
rfdiffusion_3.pdb,A,9,9,4.640024939679705,5.525986474169012,0.885961534489307,0.35956218569923515,7.2097546558194745,5.497091660145518,-16.35933599317609,13.233605793199345,False
rfdiffusion_3.pdb,A,10,10,3.3110045746809016,5.983377461781839,2.672372887100938,0.33366210509446337,8.014098234493789,11.930252885420025,-14.838129108267871,12.979574864324562,False
rfdiffusion_3.pdb,A,11,11,3.8694512183397087,6.226452573510788,2.3570013551710796,0.2518463904360464,2.146798638772444,10.804851191401493,-21.927533682737657,6.303260419851636,False
rfdiffusion_3.pdb,A,12,12,3.3410091205508072,5.694834505342949,2.3538253847921418,0.19712599577069384,5.162221701316086,19.518550436193035,-21.54290287558156,8.315159216082954,False
rfdiffusion_3.pdb,A,13,13,4.023298925900013,2.579659140772821,-1.4436397851271923,-0.3000735833450702,7.4355355999696915,18.32277080867475,-17.42967778290319,0.4359342772001331,False
rfdiffusion_3.pdb,A,14,14,6.547841582964245,7.512672399956031,0.9648308169917863,-0.04646536691559583,7.026145273710313,22.625479913688817,-22.912854611520146,4.481085284511917,False
rfdiffusion_30.pdb,A,1,1,4.4632130026490415,5.896721557480768,1.4335085548317261,0.5367680062074696,7.173753943409649,4.567823483749939,-17.66842814081717,12.699676020905747,False
rfdiffusion_30.pdb,A,2,2,3.5096604760841337,6.242507386915871,2.732846910831737,0.3793523041536535,7.593832474700456,10.992730808447579,-16.46978381604678,13.292873270129231,False
rfdiffusion_30.pdb,A,3,3,3.8400112361127694,5.916130690559295,2.0761194544465256,0.1385059656187129,1.7813540148064904,11.258602067310665,-21.260362603068753,4.75710064308119,False
rfdiffusion_30.pdb,A,4,4,3.4186145915700705,6.017540725233304,2.5989261336632334,0.31167124175526467,7.238805902269229,18.681884636333834,-18.766204850243625,10.973549074936031,False
rfdiffusion_30.pdb,A,5,5,4.0221999324292375,6.2384736184334715,2.216273686004234,0.20947680734605043,1.5623426776912086,16.05050364463494,-22.164382456783255,1.9819152032633078,False
rfdiffusion_30.pdb,A,6,6,5.738644098397003,8.396748639914565,2.6581045415175613,0.539480919599395,7.136367559951714,25.01541487784468,-21.304357777172743,6.701361680632773,False
rfdiffusion_30.pdb,A,7,7,8.70040423714571,11.997461377997363,3.2970571408516527,0.7505692099801176,8.45981309105163,26.500852979262387,-25.280415516922123,2.021208700575288,False
rfdiffusion_30.pdb,A,8,8,9.012845254031037,9.546782621507525,0.5339373674764882,-0.08446724028564612,5.570027164613418,19.074795460138823,-26.624523498204553,5.472922836123732,False
rfdiffusion_30.pdb,A,9,9,8.955971916695225,12.553491683825474,3.5975197671302492,0.9308828250435852,6.992625343464368,14.21975611045461,-27.182233821251756,-1.777466449861819,False
rfdiffusion_30.pdb,A,10,10,7.141932672582934,4.247067570045988,-2.8948651025369463,-0.7683315020882138,4.691103837655847,14.205368445634976,-18.436661708612142,2.3878321459210405,False
rfdiffusion_30.pdb,A,11,11,8.609814058119868,10.159350007648543,1.549535949528675,0.18995033035626824,4.926041170915243,9.35756837168633,-25.67916652818832,6.253146104990414,False
rfdiffusion_30.pdb,A,12,12,7.896706670608857,9.4741005830794,1.5773939124705425,0.5151657306683474,6.420720520156106,6.678391351003641,-20.69357528782143,-1.7409362743714212,False
rfdiffusion_30.pdb,A,13,13,8.329796897439486,12.264700723975494,3.934903826536008,0.9759747188079243,7.029492667125724,3.6506266817416755,-25.91851593004614,3.9052618717573213,True
rfdiffusion_30.pdb,A,14,14,6.937460525912912,7.141927579937332,0.20446705402441978,0.30461997993708484,3.2245198675393234,10.610983788369346,-22.86135415987412,7.971549733297585,False
rfdiffusion_31.pdb,A,1,1,9.359127143426656,7.988268388424659,-1.370858755001997,-0.5120302892344537,3.7374260210262817,11.603294590297182,-22.310431618077907,2.3825438644551657,False
rfdiffusion_31.pdb,A,2,2,8.899016345090596,10.866804800824811,1.9677884557342153,0.8099891960254381,6.924159841198439,2.7935666084800337,-24.668427193812477,0.7031363001302904,False
rfdiffusion_31.pdb,A,3,3,6.805785488163806,4.51737829351286,-2.2884071946509454,-0.6379426358839322,3.668611201309795,8.693918294208782,-18.825885206712698,6.015367626047358,False
rfdiffusion_31.pdb,A,4,4,6.514662900578087,9.315242270958917,2.80057937038083,0.5436371845074018,6.699368750958163,2.389660111335146,-22.063329617077926,11.396589445105208,False
rfdiffusion_31.pdb,A,5,5,3.7987983545619763,4.77934645123268,0.9805480966707036,0.3865688319750224,7.760834294946812,-0.9327844935483061,-14.539169441967589,9.915623726016975,False
rfdiffusion_31.pdb,A,6,6,3.427992890351788,6.997281156657259,3.569288266305471,0.7734412629509114,7.0722405065801786,2.7295740628673566,-14.94275092721564,14.859594765577322,False
rfdiffusion_31.pdb,A,7,7,5.135274757182595,7.0698429650107135,1.9345682078281188,0.2932117100611304,2.719499432630042,6.1102829782345545,-21.039801820740905,9.050774525601563,False
rfdiffusion_31.pdb,A,8,8,3.358473566617797,5.858804060086697,2.5003304934688995,0.26225604970033733,5.810299454086196,12.873774912947672,-14.293016089783244,12.70047814919548,False
rfdiffusion_31.pdb,A,9,9,3.986322160316409,6.504033788092258,2.517711627775849,0.32648176379300375,6.0697048628462245,11.063565090004449,-22.31888687989276,7.7097492658689,False
rfdiffusion_31.pdb,A,10,10,3.157020126402366,5.007306824670778,1.8502866982684116,-0.035383621058750495,8.788735221477916,20.010181300343277,-20.93520413965883,7.673615770415476,False
rfdiffusion_31.pdb,A,11,11,4.953554633679781,7.096210267948959,2.142655634269178,0.6431230412981027,5.25798474576022,11.771362357379804,-22.352538334224114,4.185021086012339,False
rfdiffusion_31.pdb,A,12,12,5.52352996586169,9.007885380532398,3.4843554146707083,0.7837518664972388,5.318620339666058,13.44106495272966,-21.726896722555946,-3.5770029669711243,False
rfdiffusion_31.pdb,A,13,13,6.063392164148392,6.126622028534553,0.06322986438616063,0.03926931807024425,7.269211116609117,11.998363583836165,-12.89003556114573,-1.8983147318973055,False
rfdiffusion_31.pdb,A,14,14,9.473987020673365,11.42888410399902,1.9548970833256547,0.7411726400319218,6.736892130531449,10.11564050700018,-19.543772863290204,-6.318000414096673,True
rfdiffusion_32.pdb,A,1,1,10.612147911106455,13.080322239112729,2.468174328006274,0.5003363104236738,7.369542594301548,4.849531294747493,-26.80299155853288,3.1572035681968607,True
rfdiffusion_32.pdb,A,2,2,6.896444896608415,5.23564030197369,-1.6608045946347252,-0.655211190605362,6.766710510599736,3.8618151148638,-17.129389794249963,2.6313505203986467,False
rfdiffusion_32.pdb,A,3,3,5.883880136027598,4.748663923847697,-1.135216212179901,0.028479480956040824,3.497311428842627,11.374103667626827,-20.571649997454752,7.460880587344946,False
rfdiffusion_32.pdb,A,4,4,5.121996612809993,7.784718539916607,2.662721927106614,0.44823809692943795,6.703213890905559,2.4494150900177836,-20.337774210566835,11.265959403299204,False
rfdiffusion_32.pdb,A,5,5,5.312585420936944,8.87147149868972,3.558886077752776,0.9215542906551542,7.128462910773443,8.598585537453475,-19.523458434765164,14.51676588940908,False
rfdiffusion_32.pdb,A,6,6,3.6306847956029458,6.751361110367913,3.1206763147649674,0.5645975017551108,7.868849265426953,13.966562670094566,-13.618302920604211,13.22278304735411,False
rfdiffusion_32.pdb,A,7,7,3.9331453642822307,5.471477119032254,1.5383317547500237,-0.04870690987448609,3.870342974528776,11.10525514872004,-21.251027845500378,7.644225605193796,False
rfdiffusion_32.pdb,A,8,8,3.244414898136657,5.661403548880317,2.41698865074366,0.21287591758648722,8.035036601144462,20.34595258531969,-19.65301048462304,9.678801302882974,False
rfdiffusion_32.pdb,A,9,9,4.196067637128641,6.665864708103643,2.4697970709750026,0.3225272137061166,3.0942636308280704,13.437523318074874,-21.397308000392204,2.810166865880662,False
rfdiffusion_32.pdb,A,10,10,5.987816151981614,9.834546792236644,3.8467306402550294,0.9365761537810904,8.495925914810165,20.731626540573576,-24.830974385518676,-0.3575774927043811,False
rfdiffusion_32.pdb,A,11,11,5.722388839476354,9.28207373466812,3.559684895191767,0.8172102690292038,6.858357874232555,16.623897759820004,-22.118291051041986,-4.780167501852075,False
rfdiffusion_32.pdb,A,12,12,6.653795481922007,7.5436404316300605,0.8898449497080536,-0.06324364367074697,7.51987339024403,10.771013073800848,-16.48145218860286,-2.131677840750611,False
rfdiffusion_32.pdb,A,13,13,10.118741418515627,10.359977016114495,0.2412355975988678,0.25029053396386525,4.138939852781392,10.610609185775543,-25.129567226372494,2.734070202187662,False
rfdiffusion_32.pdb,A,14,14,12.050558723092916,13.570869598153013,1.5203108750600975,0.47720709748125284,8.12268251264678,6.473545177009097,-26.89164558037445,-4.1203027740594385,False
rfdiffusion_33.pdb,A,1,1,6.6104437231674105,5.6818988053217705,-0.92854491784564,-0.45294423678489554,5.798406498819465,15.525561506763157,-9.33040612457042,12.82649099225129,False
rfdiffusion_33.pdb,A,2,2,4.583267059474232,2.2865329976475346,-2.2967340618266974,-0.8666880387992658,6.840846996751219,12.619136324460278,-4.972547717781118,17.065570190846813,False
rfdiffusion_33.pdb,A,3,3,6.46621653586283,5.467880902861955,-0.9983356330008748,-0.22561371197534794,6.92384893030525,6.492564852160724,-8.323574409849641,18.769663427564584,False
rfdiffusion_33.pdb,A,4,4,5.987094718559784,3.990796806724696,-1.996297911835088,-0.5666423222558035,5.669524588991336,11.7281307018794,-9.029390515648885,12.047455475337951,False
rfdiffusion_33.pdb,A,5,5,6.338552561857492,8.237146919659832,1.8985943578023399,0.2702730479510479,6.082506660786899,8.62788577914592,-18.241915577456826,14.445259109974936,False
rfdiffusion_33.pdb,A,6,6,3.5793872100328894,4.573353994073115,0.993966784040226,0.3026012872560443,4.504859841659012,16.610485263797813,-13.375055470268968,10.328508992794081,False
rfdiffusion_33.pdb,A,7,7,3.5941799432226516,4.957298632386926,1.3631186891642741,-0.1510539370393467,6.55187187164745,9.801166672928765,-20.289655968715234,7.294105177920256,False
rfdiffusion_33.pdb,A,8,8,3.639719818434609,3.4840763441281295,-0.1556434743064794,-0.587571782198888,3.3219959012818734,19.678446914934227,-18.1402801119144,8.0083524894042,False
rfdiffusion_33.pdb,A,9,9,6.1107521830520986,7.4263875758133775,1.315635392761279,0.03702367946780447,8.382805024690484,19.069938767487567,-23.462690053932846,1.4692817628252977,False
rfdiffusion_33.pdb,A,10,10,7.310183128451134,7.230102299369178,-0.08008082908195568,-0.2935015223684355,7.01111176389443,23.5940476260757,-21.098307391244337,7.325242380843408,False
rfdiffusion_33.pdb,A,11,11,8.110625844073322,10.805367201494704,2.694741357421382,0.5390106104255104,7.327758112388241,22.58103992501536,-22.026006389435064,13.597411499589313,False
rfdiffusion_33.pdb,A,12,12,7.6611793106133215,8.393294987142726,0.7321156765294043,0.5383957729082265,4.598475229095476,13.073041637701582,-21.697767219886035,13.069087500177112,False
rfdiffusion_33.pdb,A,13,13,8.10536078187513,6.87527056027998,-1.230090221595149,-0.5309376207828995,5.7749271187588915,19.626181403445685,-14.688640974760101,12.2357845710312,False
rfdiffusion_33.pdb,A,14,14,9.490322236457244,12.034106709775832,2.5437844733185884,0.6260519653235622,5.651061084288051,13.296359766499995,-16.64619788009625,19.43674733567063,True
rfdiffusion_34.pdb,A,1,1,5.740133217925856,8.762769155347586,3.0226359374217298,0.8316413347947762,6.345705123632709,8.882698268483276,-20.815774166070177,13.638358431214964,False
rfdiffusion_34.pdb,A,2,2,3.2888755772370284,5.817531955455409,2.5286563782183804,0.26707363609691515,7.696875673019936,14.505319165480135,-14.61575926388296,12.153345895559777,False
rfdiffusion_34.pdb,A,3,3,3.8395910120602665,5.878176143546606,2.038585131486339,0.12405278163561656,2.242126763700935,10.366412524554768,-21.54051861630207,6.788851467013904,False
rfdiffusion_34.pdb,A,4,4,3.3664082032833478,5.875631571324284,2.5092233680409364,0.26698865397960514,4.910920865263134,18.907573922703552,-22.79743751849875,6.232138887711413,False
rfdiffusion_34.pdb,A,5,5,4.391924877108748,2.3717202042894705,-2.0202046728192773,-0.8442752307820242,7.440678441956511,17.623185827370754,-16.806199028014724,-0.24628271700222015,False
rfdiffusion_34.pdb,A,6,6,6.93998914657763,7.811341707869491,0.8713525612918609,-0.05667139163465945,6.528324945797812,20.39904284123346,-24.304749121908714,3.3142310919410365,False
rfdiffusion_34.pdb,A,7,7,8.46001003307377,8.828585434863305,0.36857540178953485,-0.1422552840988236,4.855380192827176,13.9134371612304,-24.768252205494164,6.902430009609471,False
rfdiffusion_34.pdb,A,8,8,9.062422706701046,10.547324415666626,1.4849017089655803,0.5053339587146541,5.4555945155713585,11.447753447790747,-22.797960714021592,-3.190478385256304,False
rfdiffusion_34.pdb,A,9,9,10.743996672418064,14.13965368373061,3.3956570113125473,0.7969141017451374,5.572972065830158,8.980395001357087,-28.835587121113154,2.2338729087749525,True
rfdiffusion_34.pdb,A,10,10,8.233780913313701,7.774019349463875,-0.4597615638498267,-0.35463313190093365,4.4501102310842695,12.575216658232529,-23.628551919440756,7.516266929094496,False
rfdiffusion_34.pdb,A,11,11,5.98952692450142,7.0958328481799215,1.1063059236785016,0.05156791554419121,3.591299681528042,8.850019851837494,-18.803817480873903,0.8355515610586335,False
rfdiffusion_34.pdb,A,12,12,7.158031464872898,11.151492602116013,3.9934611372431155,0.9974525233911917,4.282979013431739,2.909737308851494,-24.67789435100034,4.512876746060238,False
rfdiffusion_34.pdb,A,13,13,6.564416418339166,9.2751588860129,2.710742467673734,0.571211550788473,4.735685027414124,6.861583489034567,-22.595301099892154,11.167856587238154,False
rfdiffusion_34.pdb,A,14,14,3.5759894701506463,5.508151205177878,1.9321617350272318,0.09054713139137988,7.411242752659384,1.9987482462268678,-15.252333270942227,12.586340101123369,False
rfdiffusion_35.pdb,A,1,1,8.78249939038422,10.830463778672062,2.0479643882878413,0.7581458885205211,6.9186793494271654,4.718800847246509,-24.009773917457522,2.0118755545065095,False
rfdiffusion_35.pdb,A,2,2,5.805953490655431,2.980980850534791,-2.82497264012064,-0.8500553704744894,5.346108052572853,9.64856900570737,-16.664720672719895,5.548586731561943,False
rfdiffusion_35.pdb,A,3,3,6.414938442406512,9.461062937843746,3.046124495437234,0.7893516950770368,6.15064245993782,4.483191140995906,-22.7012633332093,11.277226971197871,False
rfdiffusion_35.pdb,A,4,4,3.7989194965062683,4.607987644305249,0.8090681477989805,0.29893570241173184,7.672720177626126,-0.4873203371856283,-15.92758667502286,8.179210485299816,False
rfdiffusion_35.pdb,A,5,5,4.0702269208498025,6.753815181535679,2.6835882606858767,0.6427015803741014,7.263230008656585,1.0130882254220692,-15.3084750969508,14.092739346296169,False
rfdiffusion_35.pdb,A,6,6,6.029755856867547,7.0189832970326895,0.9892274401651422,0.15727872108900026,3.348876324847758,8.124029083947788,-20.686568580531198,10.42895361681141,False
rfdiffusion_35.pdb,A,7,7,6.535583540234278,9.422674664868584,2.8870911246343063,0.5751771565704983,7.078357150210516,13.121338446832416,-17.86449731700553,16.300310061524318,False
rfdiffusion_35.pdb,A,8,8,3.906549192939409,5.59080274758609,1.684253554646681,0.41400085325806435,7.513641885920051,16.494620181573026,-13.174070669760786,11.289347533357159,False
rfdiffusion_35.pdb,A,9,9,3.7084154743800535,4.855437242483317,1.1470217681032637,-0.20821138235301712,3.0719931034738908,10.377391910663981,-20.37106052790934,7.845091255856182,False
rfdiffusion_35.pdb,A,10,10,3.3552469310641584,6.070090482885997,2.714843551821839,0.3572135029263935,5.2936002894080705,19.24649432128806,-22.582768814748185,7.40569879920001,False
rfdiffusion_35.pdb,A,11,11,4.237618616299218,2.234057367372983,-2.003561248926235,-0.2641088735609725,6.955301488254748,16.97044628523037,-17.14327490539946,0.21062644917345086,False
rfdiffusion_35.pdb,A,12,12,6.771734053701736,7.6977688059375975,0.9260347522358616,-0.04800722281907941,6.863224059524914,21.028789318894326,-23.736732334553363,2.6367315862819027,False
rfdiffusion_35.pdb,A,13,13,8.340790175076952,7.468617227926016,-0.8721729471509363,-0.4464285974594865,3.5401167225910637,15.000685674120664,-23.0589375885454,8.480612388609611,False
rfdiffusion_35.pdb,A,14,14,9.974475125171997,12.206257548325627,2.2317824231536303,0.41985379346457385,7.254681510367811,9.87598917300976,-27.82547307641632,6.104046309914674,True
rfdiffusion_36.pdb,A,1,1,9.056108870057814,8.59689861487139,-0.45921025518642367,-0.20541977818546364,4.637086906790186,13.843488144904553,-23.891000028117357,1.9427100362685743,False
rfdiffusion_36.pdb,A,2,2,8.771321170303668,10.472631503856036,1.7013103335523674,0.8549301471585493,7.25131109390986,4.968643324068659,-22.815439116321727,0.11380299704642882,False
rfdiffusion_36.pdb,A,3,3,5.7227702039383175,2.298083987404474,-3.4246862165338436,-0.9159841846057378,4.994644874162405,10.73199191647068,-16.26458717840708,4.925821695221031,False
rfdiffusion_36.pdb,A,4,4,5.694846646500361,8.969977726392978,3.275131079892617,0.7271668095381997,5.393686729050889,7.203227998093706,-22.81407597964514,10.197684128468183,False
rfdiffusion_36.pdb,A,5,5,3.6726088953419236,6.1837656801994205,2.511156784857497,0.29784351877538484,8.311146827191624,1.595629485156878,-17.62824971326712,11.350700647163757,False
rfdiffusion_36.pdb,A,6,6,5.479223627106313,8.973515710034112,3.4942920829277995,0.889755928494941,6.685924954834301,8.475468758631818,-20.195600121181293,14.195508774100338,False
rfdiffusion_36.pdb,A,7,7,3.656716599434984,6.703903621284799,3.047187021849815,0.5322653350875372,7.489722446677411,14.191452533828187,-14.299714396789382,13.310757117562822,False
rfdiffusion_36.pdb,A,8,8,3.759331466945876,5.055619046097024,1.296287579151148,-0.15206458066542372,3.0959968299743297,10.734764804390618,-20.729648321912595,6.6182700230736735,False
rfdiffusion_36.pdb,A,9,9,3.4131359597284034,6.09625048935417,2.6831145296257666,0.34846155341017926,7.643287244673166,19.929553588124854,-20.417435256945307,9.978386032146673,False
rfdiffusion_36.pdb,A,10,10,4.029053402775952,4.75470973820718,0.7256563354312275,-0.01809524444005406,3.078428150108421,14.373087758179109,-19.22569624981768,1.4703086353638697,False
rfdiffusion_36.pdb,A,11,11,6.390199218681532,10.074644263060959,3.6844450443794265,0.8736779868871793,7.794247493258275,20.61019754375879,-26.040063323491466,1.4269359778842188,False
rfdiffusion_36.pdb,A,12,12,6.251890551626215,10.05565380378214,3.8037632521559255,0.9203223328925222,5.509875887707634,18.30158377818493,-23.42943190482995,-4.310696580263287,False
rfdiffusion_36.pdb,A,13,13,4.473934534274777,3.940865455655046,-0.533069078619731,-0.5268175349663335,7.905003890350691,16.36854612446215,-14.427049420928908,-2.2432615750922356,False
rfdiffusion_36.pdb,A,14,14,8.204671805189967,11.004739545063341,2.8000677398733735,0.575703332250705,6.099048793129299,15.257380399021349,-22.633517802076934,-6.397420012993012,True
rfdiffusion_37.pdb,A,1,1,4.66627013724581,7.602673719835949,2.936403582590139,0.5482779565353408,4.513868819870086,6.114029838852579,-21.068462647226443,10.231730562350405,False
rfdiffusion_37.pdb,A,2,2,3.24786146287913,5.698425385680489,2.4505639228013587,0.22797493742344815,6.934895107552918,13.295608059856942,-14.973030651184665,12.505179397327414,False
rfdiffusion_37.pdb,A,3,3,3.761292952953916,6.06273332153167,2.3014403685777545,0.2196522183856653,3.410559388324111,10.131651783442518,-21.61407274779883,6.03246550884354,False
rfdiffusion_37.pdb,A,4,4,3.4372907731048254,5.829780861118774,2.3924900880139486,0.22442734706238676,5.172666181112866,18.857026602407686,-22.577997462353803,7.018609857344264,False
rfdiffusion_37.pdb,A,5,5,4.2302943617127,1.8675322754592991,-2.3627620862534005,-0.2918535346002509,7.2086765562097845,17.622792335215916,-16.631529608804996,0.31039100317312096,False
rfdiffusion_37.pdb,A,6,6,6.687703854774469,7.584016737036479,0.8963128822620101,-0.05996215323813059,6.955122904657048,21.251793646264847,-23.350786022961938,2.4252020196027426,False
rfdiffusion_37.pdb,A,7,7,8.216890313253364,7.462637864084342,-0.7542524491690221,-0.3701354235911548,3.4463405233835527,13.595816407825259,-23.1846496816291,7.180549580779079,False
rfdiffusion_37.pdb,A,8,8,11.530787074744762,14.67851011117946,3.147723036434698,0.7208918785606478,6.273497776922589,13.022304576019822,-30.10640927457667,0.3521031916759161,True
rfdiffusion_37.pdb,A,9,9,10.483185357440288,9.32918727314264,-1.1539980842976476,-0.463402103439876,6.13214281648731,10.455728150049582,-25.077419801986355,8.000652598278187,False
rfdiffusion_37.pdb,A,10,10,10.026424743275761,12.151655879101611,2.1252311358258495,0.6956357422208138,6.742577149361096,3.048210536462542,-25.676641631507493,1.5625139873774156,False
rfdiffusion_37.pdb,A,11,11,6.995822670927551,4.391603670990873,-2.6042189999366787,-0.6930019252678926,2.830003922323923,8.28122708793473,-18.82893141600016,6.953391795146452,False
rfdiffusion_37.pdb,A,12,12,7.056186208138846,9.499746173136419,2.443559964997573,0.991770758312588,6.689098929956046,-1.191740045476569,-22.313005644760377,5.81300559564958,False
rfdiffusion_37.pdb,A,13,13,5.441481069990649,8.487454185008628,3.045973115017979,0.6070765010161534,6.270990298795615,1.474348077068122,-19.907741965470723,12.674974563728936,False
rfdiffusion_37.pdb,A,14,14,2.8520590761148266,4.536632069451071,1.684572993336244,0.2709148469963383,8.4050405172464,2.913464362349389,-12.275865668045956,13.14817533141379,False
rfdiffusion_38.pdb,A,1,1,8.376764872412535,8.5558874959689,0.1791226235563652,-0.19349620108540233,4.5972545975830545,14.878682632843441,-23.933221078223486,9.285494771665087,False
rfdiffusion_38.pdb,A,2,2,6.91665248304201,7.742154539620843,0.8255020565788334,0.1198700207288908,3.8902146193482863,11.428784248962472,-20.59686877888213,0.24671489327413987,False
rfdiffusion_38.pdb,A,3,3,9.925449464296273,13.587526422799227,3.6620769585029542,0.8829112615124642,6.19917418020397,8.517204444003244,-27.977899189361924,2.0313347178566428,True
rfdiffusion_38.pdb,A,4,4,9.660503662688019,10.960580136565202,1.3000764738771835,0.13986053704056037,4.497416679577569,11.71253982764258,-26.65579874358585,9.197929450539101,False
rfdiffusion_38.pdb,A,5,5,6.602321557537736,3.687718362991533,-2.9146031945462028,-0.8707426091114452,3.8261037754292344,9.789277275223037,-18.526329147693065,5.818152152779978,False
rfdiffusion_38.pdb,A,6,6,6.204270632027558,9.297237734138578,3.0929671021110208,0.6436223478755401,5.737402877292829,4.176829875548382,-21.385255107893755,13.551333930067095,False
rfdiffusion_38.pdb,A,7,7,3.316781694472047,4.553002534350736,1.2362208398786891,0.17208692309031268,7.996094591513975,0.22003586951416976,-15.014756365795744,10.306098914726068,False
rfdiffusion_38.pdb,A,8,8,4.0998726721238485,7.188184210525396,3.0883115384015474,0.5750494693505204,6.519084458375935,3.7436824742139625,-14.071969901502102,15.457669386261186,False
rfdiffusion_38.pdb,A,9,9,5.883919789013297,8.4974760113966,2.613556222383303,0.614349580449583,4.10469965336757,8.398347453180989,-20.454057516037132,13.381093442779786,False
rfdiffusion_38.pdb,A,10,10,3.5836813493915836,6.197854215972744,2.6141728665811605,0.3338265899410915,6.663740643169367,15.006324498412354,-13.266901860817967,11.905150716051807,False
rfdiffusion_38.pdb,A,11,11,3.964565460176647,5.765926847473917,1.8013613872972702,0.048180979450378594,2.7524918180811238,10.94421488137878,-21.450084194777546,8.281802636520975,False
rfdiffusion_38.pdb,A,12,12,3.2618588696046737,5.854741425510355,2.592882555905681,0.2927117002390188,5.153934471900469,19.522189185393565,-22.347496365174905,7.225436587906142,False
rfdiffusion_38.pdb,A,13,13,4.348781223843617,3.567598533873844,-0.7811826899697731,-0.15612074132746212,7.711026759941507,17.876135968030322,-18.423090019635374,-0.10933827732170132,False
rfdiffusion_38.pdb,A,14,14,7.214500736818995,8.513148218600021,1.2986474817810256,0.07666283065173525,6.634852255752419,19.862734039454473,-25.32728497705685,4.087254635610718,False
rfdiffusion_39.pdb,A,1,1,8.185936789309844,8.740269935130142,0.5543331458202978,-0.10104590088996085,6.501035193451103,5.223733470060427,-19.689640639480672,14.758239799595735,False
rfdiffusion_39.pdb,A,2,2,4.598337529460369,2.8544784829175724,-1.7438590465427963,-0.30580144401596604,7.1709221082187105,4.329561322237931,-15.315155026275377,10.518208976861816,False
rfdiffusion_39.pdb,A,3,3,3.5680667560197086,6.297055635350172,2.7289888793304633,0.382623492617303,5.712090535794102,11.841101058537287,-17.927887284265395,13.041590139446107,False
rfdiffusion_39.pdb,A,4,4,3.7583830386667922,5.361303946230229,1.6029209075634365,-0.04595935816658885,5.929151327970642,11.171256377601832,-19.66177453448519,3.2785585259380055,False
rfdiffusion_39.pdb,A,5,5,3.548624701846576,6.52509234150668,2.9764676396601035,0.49258845194139467,5.491157486868664,17.949913392614103,-20.73514768061776,10.662789059247883,False
rfdiffusion_39.pdb,A,6,6,3.8258495930794285,3.8591361994791016,0.03328660639967307,-0.14514695634880675,6.453113436305795,17.313945819154867,-19.14530234016634,0.5509320208751705,False
rfdiffusion_39.pdb,A,7,7,6.284560720809248,8.91543223276,2.630871511950753,0.4771460785664801,4.923802593614939,23.357370218017454,-23.87411943023307,7.138018849492814,False
rfdiffusion_39.pdb,A,8,8,8.723280840680024,11.96203750737087,3.238756666690845,0.7307272632179103,6.758567357130684,27.708889838147083,-24.066558088088506,1.8845159476909252,False
rfdiffusion_39.pdb,A,9,9,10.991370841464821,14.75276280638193,3.7613919649171095,0.9192868677242231,8.03123081826029,24.878676765537058,-28.7378128126491,-0.9942439143464232,True
rfdiffusion_39.pdb,A,10,10,9.709105573966431,11.08398284605985,1.3748772720934195,0.16206365325339314,6.062400221336146,22.667711272990523,-27.016874063986737,6.5977384149677665,False
rfdiffusion_39.pdb,A,11,11,7.931470055670041,9.084084203531187,1.1526141478611462,0.05693094382950082,5.859125225048197,14.781832491834113,-24.635748391017096,1.1290516534292419,False
rfdiffusion_39.pdb,A,12,12,8.612593064760729,9.40506329118417,0.7924702264234416,-0.02498584958511138,5.6922966648633455,17.254073537369457,-24.658277530524238,10.830916573223153,False
rfdiffusion_39.pdb,A,13,13,7.998567197283399,9.994879657940457,1.996312460657058,0.31131423384457935,6.22243667648252,8.851658913085855,-25.2867605618797,5.254152152213356,False
rfdiffusion_39.pdb,A,14,14,8.358576204906804,8.641686633349043,0.28311042844223877,-0.16729893321002998,5.496326382036955,12.082888337543716,-21.239062462289183,13.888198618658429,False
rfdiffusion_4.pdb,A,1,1,3.5418467175141615,6.2976193437596795,2.755772626245518,0.3922858806569084,5.8520756607456565,12.158965048537329,-17.834195030299284,13.060934626437131,False
rfdiffusion_4.pdb,A,2,2,3.6937182684853243,5.290645797562835,1.5969275290775107,-0.055926766651288706,6.003915011815375,11.2721302304802,-19.549978663899086,3.2654410140571732,False
rfdiffusion_4.pdb,A,3,3,3.600720665828456,6.662831430927838,3.062110765099382,0.5355918830032929,5.63270152519056,17.70733867414649,-20.154417884832082,11.180286280124824,False
rfdiffusion_4.pdb,A,4,4,3.892099502814856,3.853107206513543,-0.038992296301312734,-0.3279953044754683,6.347322259492161,19.068096572459403,-19.087810938553435,1.2930630363494169,False
rfdiffusion_4.pdb,A,5,5,6.8249406818380445,8.900440911974789,2.0755002301367442,0.3047285364165905,5.773588471080472,21.622681193665425,-23.506648881521535,10.193576915996568,False
rfdiffusion_4.pdb,A,6,6,9.721368478936323,12.824246835745642,3.1028783568093186,0.6937847922331841,6.042422769783384,26.099849814123854,-26.85237198556309,6.73283055184573,False
rfdiffusion_4.pdb,A,7,7,10.122336364242107,13.751322373310073,3.6289860090679653,0.8722933260529095,7.833458453645043,25.145512519805123,-27.515142057724272,-0.8192635244908106,True
rfdiffusion_4.pdb,A,8,8,9.560215392160295,12.065658144091003,2.5054427519307083,0.49923542298824247,5.889153563243979,21.153015625869486,-28.63592426454788,6.763429314534189,False
rfdiffusion_4.pdb,A,9,9,7.645483152001195,8.72118919373814,1.075706041736944,0.026252892263110825,6.247249796287416,14.525985152514355,-23.982106213116733,1.0362874427116333,False
rfdiffusion_4.pdb,A,10,10,8.435479634427152,9.255908625532596,0.8204289911054445,-0.022012266325641044,5.197384752312426,17.404246369843804,-24.56705143439563,10.728837379121593,False
rfdiffusion_4.pdb,A,11,11,7.787965253061817,9.3724038176368,1.5844385645749828,0.17959681619085424,5.899362027149053,8.976294899431844,-24.61833222766329,5.143294261888762,False
rfdiffusion_4.pdb,A,12,12,8.469267681830466,9.406607425681402,0.9373397438509361,0.011154578246888924,5.910575172929753,12.060606308117752,-21.95075411402779,14.285695737354564,False
rfdiffusion_4.pdb,A,13,13,8.170733008036612,8.567789873051135,0.3970568650145232,-0.14309997969683425,6.183632648664108,5.900950981314502,-19.169789595055242,14.983413124528218,False
rfdiffusion_4.pdb,A,14,14,4.632511562539277,2.7972133915269044,-1.835298171012373,-0.31672600531601686,7.647983050171809,4.627834475364168,-14.990776504903568,10.780463278532206,False
rfdiffusion_40.pdb,A,1,1,8.423270618931479,9.284190718828938,0.8609200998974593,-0.01120839185381706,5.451818120709583,8.91371120599989,-24.44608400544608,4.8442707714222895,False
rfdiffusion_40.pdb,A,2,2,7.99800342970558,9.509361761901726,1.5113583321961457,0.16347677606106353,6.100825053979548,18.154013526806807,-26.0409355152637,8.477277804636119,False
rfdiffusion_40.pdb,A,3,3,8.593330808997571,10.244301439307852,1.6509706303102814,0.22449813586816592,6.250306044433178,12.617774937068546,-24.495523741093116,0.38476820509326526,False
rfdiffusion_40.pdb,A,4,4,8.900351823383025,9.088842862747,0.18849103936397604,0.12120781004496423,6.31734454661741,18.052740068427436,-23.184659126154177,-3.0308300096782443,False
rfdiffusion_40.pdb,A,5,5,6.131474349965525,7.0112770455304245,0.8798026955648997,0.23069663830474096,7.040920363511127,23.807850947267376,-20.31667319548362,0.6750103082420531,False
rfdiffusion_40.pdb,A,6,6,3.464107591791708,4.380391693215452,0.9162841014237437,0.2822989643238141,4.810655268502257,15.468673553948564,-19.132295126088618,0.08802170101351647,False
rfdiffusion_40.pdb,A,7,7,3.8875048916243506,5.0199153321987255,1.132410440574375,-0.19013302404111965,6.167205198956194,17.421484504115018,-19.096121930786126,9.75622797945345,False
rfdiffusion_40.pdb,A,8,8,3.429285218179112,6.609466504318536,3.180181286139424,0.5804799751081058,5.177250849557703,10.06291096888365,-20.841882118530318,2.999492572322127,False
rfdiffusion_40.pdb,A,9,9,4.004071580441445,4.884786895436471,0.880715314995026,-0.25509799816740053,6.035152527008641,11.21257144599652,-16.127467646346577,11.856376898697569,False
rfdiffusion_40.pdb,A,10,10,4.880380983296578,6.729662502259088,1.8492815189625098,0.42617041270497147,6.073340460736845,4.551537151561902,-20.652397372629366,5.6507992511125265,False
rfdiffusion_40.pdb,A,11,11,6.18593947781721,8.945071684671897,2.7591322068546864,0.5203021559802643,6.3131871325514135,0.5611480348480908,-20.97096745856557,10.445773826186704,False
rfdiffusion_40.pdb,A,12,12,8.063771639676725,11.009522786961305,2.9457511472845805,0.6229278301939518,6.738916248901064,4.277588889011111,-19.96527699447362,17.39485535624558,True
rfdiffusion_40.pdb,A,13,13,9.486682092196043,10.584583764676125,1.0979016724800825,0.33642014313986524,4.483826265008635,4.344616274194564,-24.175623209072697,9.593242041650612,False
rfdiffusion_40.pdb,A,14,14,7.837812590072446,9.423136618066541,1.5853240279940959,0.1812399266639468,5.63304310258686,13.473314953535686,-22.52851913319438,13.55119134488662,False
rfdiffusion_41.pdb,A,1,1,11.594926569296057,14.890995979599674,3.296069410303618,0.7686490661828148,6.641966246185698,14.012438790162589,-31.396372382472574,3.983709443852198,True
rfdiffusion_41.pdb,A,2,2,10.707892347274184,10.482560644521868,-0.22533170275231562,-0.2425183277215933,6.715359559502489,9.664870648590993,-26.01480993471662,8.499109356228415,False
rfdiffusion_41.pdb,A,3,3,9.15685347190906,10.862636529536386,1.7057830576273272,0.6754061101668678,6.993198395926903,4.59727037036305,-23.704163631671875,1.3190368618371275,False
rfdiffusion_41.pdb,A,4,4,5.713576446412394,3.774069350788555,-1.939507095623839,-0.7526231085055876,5.554245799063754,9.014787112335652,-16.48718467153093,3.839062728947054,False
rfdiffusion_41.pdb,A,5,5,5.803039880817073,9.141051045998026,3.338011165180953,0.8726446481101238,5.564769555376,4.290173413644275,-22.61532799499481,10.1417841167477,False
rfdiffusion_41.pdb,A,6,6,3.735336454388373,5.879115345370614,2.1437788909822415,0.5153904076570928,7.764602530365014,-0.7397470893825293,-16.214029791311802,9.592908631147987,False
rfdiffusion_41.pdb,A,7,7,3.5325157102015945,6.894809339680289,3.3622936294786943,0.69642598498932,7.182151288617146,2.3936886046697294,-15.120637379036724,14.547299601415002,False
rfdiffusion_41.pdb,A,8,8,5.481689914569143,7.776503849495368,2.294813934926225,0.3796502826331994,3.8691930823919978,6.698084855493284,-21.2481468904066,10.47014958795667,False
rfdiffusion_41.pdb,A,9,9,3.552773739950866,6.289124573860384,2.736350833909518,0.38458986364503195,6.871372211942196,14.101859603078545,-15.237826205984717,13.005613739762893,False
rfdiffusion_41.pdb,A,10,10,3.7762463436832854,5.459137025037872,1.682890681354587,-0.0151558925584169,2.762057540077165,10.297371014655134,-20.918090774093002,5.84242381301671,False
rfdiffusion_41.pdb,A,11,11,3.2945826683169086,5.782345043997645,2.4877623756807363,0.2496992657757217,5.17606108562828,19.504767248175963,-21.855139036160445,8.045147544019544,False
rfdiffusion_41.pdb,A,12,12,4.093941566794781,3.3385118428764287,-0.7554297239183523,-0.2360239781420052,7.735423398363461,19.120680547192933,-17.844308586443294,0.35864706238468624,False
rfdiffusion_41.pdb,A,13,13,6.833015096128296,8.073886430957575,1.2408713348292792,0.045688966191060915,6.969769811541982,22.068681018609844,-23.989133706780542,4.372233628167666,False
rfdiffusion_41.pdb,A,14,14,8.158861876268091,6.595842267508809,-1.5630196087592818,-0.42960943687481096,3.1823236618540083,13.196278379271822,-22.368009293426486,7.1554619332683025,False
rfdiffusion_42.pdb,A,1,1,4.635645205438367,2.012106894031138,-2.623538311407229,-0.901725369418944,6.737607067003732,5.725239609326506,-12.5149737558473,10.031683656144718,False
rfdiffusion_42.pdb,A,2,2,5.496734707381195,6.927199215392402,1.4304645080112062,0.12245713181815493,6.00454854063355,5.7538704175953095,-20.851343950244367,8.788528397368578,False
rfdiffusion_42.pdb,A,3,3,3.4991892064242887,6.069797686347797,2.570608479923508,0.30714683631271555,5.142072651665443,13.389861860331443,-15.7920994977339,13.040999278543666,False
rfdiffusion_42.pdb,A,4,4,3.6852283316526644,5.235278586895748,1.5500502552430837,-0.07369848897687761,6.829710173291705,11.02542479432303,-20.238115248440582,4.331391575176038,False
rfdiffusion_42.pdb,A,5,5,3.3469773402253598,6.04223619983363,2.69525885960827,0.34756591077612176,3.7095042418958255,18.772446646545017,-19.558516549732072,10.748063333167075,False
rfdiffusion_42.pdb,A,6,6,4.324224460237068,4.719054246974611,0.3948297867375432,-0.18536652469496864,8.31678128632873,22.114898149941588,-19.54882554275003,3.0586978144586956,False
rfdiffusion_42.pdb,A,7,7,7.242319289556423,8.733169377257468,1.4908500877010455,0.13491980605780066,7.005393324963274,22.916235580283853,-22.475811331726465,10.058832768624821,False
rfdiffusion_42.pdb,A,8,8,8.336253449147357,10.838729068806662,2.5024756196593057,0.4796058328845541,6.907043731753305,18.6119820883099,-23.870863204939614,13.739488830535867,False
rfdiffusion_42.pdb,A,9,9,7.830200408615334,9.123217258109332,1.2930168494939975,0.09452270928665751,5.338071606137316,10.615223242775597,-24.787993863042637,8.856103529647564,False
rfdiffusion_42.pdb,A,10,10,8.21190197785246,8.403750858407022,0.19184888055456284,-0.1950264502130143,5.741224225062747,14.293763765845528,-18.01335739546709,14.938078219457319,False
rfdiffusion_42.pdb,A,11,11,9.70392132975374,12.180073291081094,2.4761519613273535,0.6109116589641334,7.187849838950377,6.206928484053364,-23.973462600698365,14.908277677885442,False
rfdiffusion_42.pdb,A,12,12,9.872598327604953,9.495121311172747,-0.37747701643220566,-0.2179735005191247,4.927638214222298,10.076363109708081,-14.8140112267738,16.963156946374216,False
rfdiffusion_42.pdb,A,13,13,10.218999293166334,11.686713081905296,1.467713788738962,0.8415567043130638,8.193021671085981,3.7854644562896467,-14.649475832643075,22.074082169105733,True
rfdiffusion_42.pdb,A,14,14,6.650969897070037,5.596142363587327,-1.05482753348271,-0.4715413395042016,6.72523906313787,8.316524748220646,-11.014977523899708,16.197748203034603,False
rfdiffusion_43.pdb,A,1,1,3.7071770185093733,5.2793694386012655,1.5721924200918922,0.5753738911193589,7.836872126357265,-1.2648489139574535,-15.05950443804096,9.571623003249991,False
rfdiffusion_43.pdb,A,2,2,3.605058885760619,7.18087197611071,3.575813090350091,0.8005374792153532,6.74680335535455,2.086896117862739,-15.393852530414154,14.698606178507614,False
rfdiffusion_43.pdb,A,3,3,5.000621781642181,7.025373796017412,2.024752014375231,0.2935227669003244,2.6397492084967906,6.038191510510329,-20.906549349623166,9.177745987416337,False
rfdiffusion_43.pdb,A,4,4,3.3827975310635647,5.8696184910545295,2.4868209599909648,0.25899798546535635,6.159343462992696,12.892430383480571,-14.654438066728611,12.801372927157075,False
rfdiffusion_43.pdb,A,5,5,3.8835672119717444,6.105927296136481,2.2223600841647366,0.19956697869248405,3.1640913812954796,10.856726060028997,-21.853050283707347,6.5357005222505355,False
rfdiffusion_43.pdb,A,6,6,3.1738641508631384,5.488474568132452,2.314610417269314,0.15950349675612563,5.280601385718035,19.852094887206547,-21.280042313737148,8.140484550546008,False
rfdiffusion_43.pdb,A,7,7,4.144581381591187,2.8836173457080547,-1.260964035883132,-0.23044020295633133,7.42664114801833,17.95800709261399,-17.73702847580861,0.14216853427831122,False
rfdiffusion_43.pdb,A,8,8,6.589408231804981,7.583325205267197,0.9939169734622162,-0.036298402077301464,6.81701235871618,22.272614950501026,-23.276311470451727,4.51383028605206,False
rfdiffusion_43.pdb,A,9,9,8.002938152890996,7.403001087294466,-0.5999370655965306,-0.394270738323188,3.295152254808983,14.4604839805553,-22.737471243105347,8.477184700252534,False
rfdiffusion_43.pdb,A,10,10,11.195533337263955,14.608296623908386,3.412763286644431,0.8045883151967588,6.556292005960114,14.198173134958008,-31.1385625689217,3.5949992752034565,True
rfdiffusion_43.pdb,A,11,11,9.942926623868141,8.28294441698872,-1.6599822068794214,-0.5815016111984712,4.950989913534402,11.654394221408197,-23.92696993626209,9.069810146003592,False
rfdiffusion_43.pdb,A,12,12,9.612651966170606,12.146099693980696,2.53344772781009,0.8753829743112087,6.981538347406732,3.8294079000959846,-25.85403953856618,3.9738384783585787,False
rfdiffusion_43.pdb,A,13,13,5.925003553241706,4.109809558031848,-1.8151939952098584,-0.7117192558171522,5.049062405860272,9.289393233476451,-17.44804831215101,4.369080011792308,False
rfdiffusion_43.pdb,A,14,14,5.75157639250576,9.186859047478539,3.435282654972778,0.9352844161721838,5.870653091074611,1.6403694428652007,-22.078202042688275,9.238851167818645,False
rfdiffusion_44.pdb,A,1,1,10.224142725523143,13.982705891754138,3.7585631662309957,0.9167390286843529,7.007851391541294,24.289118244527046,-27.746472860390845,-1.944790726884583,True
rfdiffusion_44.pdb,A,2,2,9.540071131903087,11.544094006853326,2.0040228749502393,0.3439852662962436,4.79858973091439,21.510802742024445,-28.039129869676064,6.101797611990248,False
rfdiffusion_44.pdb,A,3,3,7.74946617382538,8.890210770721136,1.1407445968957566,0.04809398811825134,6.096144231200441,14.218121967659014,-23.904378154373163,0.7045144102375858,False
rfdiffusion_44.pdb,A,4,4,8.485865999117353,9.229351950767562,0.743485951650209,-0.04167200913786279,5.34981447494018,17.134979508055164,-24.705905874554784,10.385302496945918,False
rfdiffusion_44.pdb,A,5,5,7.760050764123319,9.650127439799489,1.8900766756761698,0.2723334513945438,6.283562960953906,8.67408008689727,-24.676985829147885,4.66031592129854,False
rfdiffusion_44.pdb,A,6,6,8.282474056031266,8.988740926083754,0.7062668700524881,-0.05737888261608359,5.682409145305038,12.547405229161546,-21.89679666959854,13.675143921946056,False
rfdiffusion_44.pdb,A,7,7,8.067521607928093,9.658160284146076,1.5906386762179832,0.18895449405136924,6.978016895820049,6.166635862790416,-19.901421101052097,15.753179452044513,False
rfdiffusion_44.pdb,A,8,8,4.4720833419598796,3.760898555364488,-0.7111847865953917,-0.6108777415561683,7.33006741482399,5.33809300449946,-14.853482777249159,11.968436490280094,False
rfdiffusion_44.pdb,A,9,9,3.347323505083361,5.831670760163902,2.484347255080541,0.2540765049332577,6.090399198632067,12.573055568885547,-17.419565010753786,12.6031823318555,False
rfdiffusion_44.pdb,A,10,10,3.7176048030762447,5.521121922907761,1.803517119831516,0.022265740459442872,5.833178339317802,10.938850499952018,-19.710288315278724,3.1416989553656145,False
rfdiffusion_44.pdb,A,11,11,3.4696114752985743,6.292047138671721,2.822435663373147,0.416172449860367,5.733077058935906,17.89680199711034,-20.307662784515053,10.594944116722921,False
rfdiffusion_44.pdb,A,12,12,3.9903427546753134,4.2843090575862215,0.2939663029109081,-0.14126430647963548,5.818548361652531,17.927514760183435,-19.52336196108282,0.5093360799349957,False
rfdiffusion_44.pdb,A,13,13,6.553826386048371,8.167995033802026,1.6141686477536545,0.14807195261976447,6.183689991665825,22.680093611046814,-22.62170532700199,8.808412839348147,False
rfdiffusion_44.pdb,A,14,14,9.761070727728846,12.63408230288311,2.8730115751542638,0.7004801772032175,6.574952467222819,26.61808947006219,-26.229167451687665,5.346070682219105,False
rfdiffusion_45.pdb,A,1,1,9.041388044730251,7.1413543010161495,-1.9000337437141015,-0.6463023051435676,2.9578956652036825,11.430336124076074,-17.677398223753357,14.090505427982047,False
rfdiffusion_45.pdb,A,2,2,10.170049239226815,13.989395084247098,3.8193458450202833,0.9374742332804482,7.658267624788603,4.945045897548825,-22.85373226718792,18.974734993670964,True
rfdiffusion_45.pdb,A,3,3,9.002861680450584,11.486226111688135,2.4833644312375505,0.5759885087899751,5.671095914225296,9.31563293316338,-16.044706015960372,19.249962560304787,False
rfdiffusion_45.pdb,A,4,4,5.47761404764874,4.430405489798623,-1.0472085578501167,-0.6018990033126257,5.689887013631834,3.4513654472364514,-14.121901432557632,12.39846977875889,False
rfdiffusion_45.pdb,A,5,5,6.227287231492676,9.507440273064057,3.2801530415713813,0.853442557436283,6.079111310346097,12.4477694506913,-16.120302404588458,16.696751478592887,False
rfdiffusion_45.pdb,A,6,6,3.8672899356502,5.558002228011616,1.690712292361416,0.35333187611096556,7.274410883669165,15.896397966706912,-12.21406156329154,10.846249275749852,False
rfdiffusion_45.pdb,A,7,7,3.684472943618116,4.810769262847629,1.1262963192295126,-0.21820760579300946,2.9533337695953783,10.64848856393083,-20.356017359502548,8.328603775467979,False
rfdiffusion_45.pdb,A,8,8,3.448084099179886,6.2572865565522555,2.8092024573723697,0.408355418560131,4.221926070357485,20.018479228261125,-21.094149849841465,9.624010956204938,False
rfdiffusion_45.pdb,A,9,9,3.790252583591666,2.6348613706352637,-1.1553912129564021,-0.36731538326658675,6.636437922303199,16.980276745467766,-18.017450194855595,1.0666725091324971,False
rfdiffusion_45.pdb,A,10,10,6.003814336328701,6.900108540946859,0.8962942046181581,-0.09232233074944157,7.2045842541769405,23.47148519664083,-21.25983386295856,4.945839323155247,False
rfdiffusion_45.pdb,A,11,11,8.001026831893899,8.659246013929282,0.6582191820353831,-0.07864442762128027,6.02559123046145,20.24021128989677,-23.23260761357982,10.946218049394242,False
rfdiffusion_45.pdb,A,12,12,8.426637915543697,11.637398652117742,3.210760736574045,0.7182701683097572,5.918351791748537,14.559317222889911,-28.247239793668943,4.782812422372318,False
rfdiffusion_45.pdb,A,13,13,8.885908218058328,8.768459332224579,-0.11744888583374902,-0.15176651388589307,4.72750296452378,16.548922762558227,-21.799254168161916,12.532882877257032,False
rfdiffusion_45.pdb,A,14,14,8.887894393530456,12.093351197946657,3.205456804416201,0.7208467009144449,6.649843442272539,8.064235139503118,-26.698150320036916,10.903152029985803,False
rfdiffusion_46.pdb,A,1,1,10.423200647780375,14.21513349628277,3.7919328485023946,0.9285404539173978,7.756201959612594,24.339466509907464,-28.38071256422968,-0.8907673830830625,True
rfdiffusion_46.pdb,A,2,2,9.352144760949054,10.764656030751949,1.412511269802895,0.1659406423027681,5.30218217637726,22.123342249069125,-26.79846105337353,7.200792369916883,False
rfdiffusion_46.pdb,A,3,3,7.850034168466985,9.41137527996297,1.5613411114959845,0.17437739501727528,5.734623916836751,14.152277586827749,-24.975048231814817,1.5886214521821174,False
rfdiffusion_46.pdb,A,4,4,8.501201429393301,8.99515731863269,0.4939558892393894,-0.1081842567354509,5.820550026438652,17.29357509134435,-23.8934486622967,11.13094708909761,False
rfdiffusion_46.pdb,A,5,5,7.867495280086151,9.798712370081397,1.931217089995246,0.28785021652764087,6.160269995545197,8.77869046249847,-25.108362225535426,5.879387944711947,False
rfdiffusion_46.pdb,A,6,6,8.599467802003373,9.382812271161276,0.7833444691579032,-0.027816838301081892,5.9523085966119575,11.827531916388498,-21.554741139322147,14.582938239825937,False
rfdiffusion_46.pdb,A,7,7,7.890189434778896,8.828201344102157,0.9380119093232606,-0.00503712579377269,6.424866604001459,5.912157317885807,-18.55554795846834,15.73525340272777,False
rfdiffusion_46.pdb,A,8,8,4.301920724227976,2.9500183024554545,-1.3519024217725217,-0.7497789454905838,8.133423985864042,4.557907578819823,-14.242714426210798,11.18479674773602,False
rfdiffusion_46.pdb,A,9,9,3.6886060279126753,6.540758285568605,2.8521522576559293,0.4465001167702014,5.8625451173797725,12.028157385400256,-17.756523374385758,13.368850315082291,False
rfdiffusion_46.pdb,A,10,10,3.5680204636113353,5.054433356294417,1.4864128926830813,-0.11152800202735158,5.77110203208025,10.787770416748288,-19.58239772407775,3.8223998827934174,False
rfdiffusion_46.pdb,A,11,11,3.4944913995671474,6.256451586495981,2.7619601869288335,0.39103387535982315,5.498027634164938,18.212698407701676,-20.5946569852871,10.426038233191862,False
rfdiffusion_46.pdb,A,12,12,3.852948655560539,3.9752228179419813,0.12227416238144251,-0.08165786478663145,6.550936625815949,16.603112313363056,-19.20446113822994,0.49654125182693143,False
rfdiffusion_46.pdb,A,13,13,5.654924311901748,7.111935099127588,1.4570107872258395,0.057504124675137436,6.1795305827803375,22.461022845445438,-21.218179379785557,8.760258573637069,False
rfdiffusion_46.pdb,A,14,14,8.752549214307288,11.684687259634392,2.932138045327104,0.6628986645354519,6.242355036240746,26.636636507104964,-24.809359357377144,5.306959732980579,False
rfdiffusion_47.pdb,A,1,1,7.896855717669746,9.178355968763594,1.2815002510938474,0.09310490920705486,7.332462312310649,3.144222281953506,-20.98121421611028,13.51750917873699,False
rfdiffusion_47.pdb,A,2,2,4.298086880234999,3.7979181399157094,-0.5001687403192898,-0.5830899501737652,7.678731679305668,4.553858295864584,-15.053142911171868,11.85263175223971,False
rfdiffusion_47.pdb,A,3,3,3.590240998546322,6.313785210082424,2.7235442115361015,0.382079289871491,6.0427230035270485,11.584200731366252,-17.92481640110935,13.063447990107697,False
rfdiffusion_47.pdb,A,4,4,3.664292844264923,5.166287779602295,1.5019949353373723,-0.09335063797972366,5.721857387549778,11.294891447716099,-19.548901806664976,3.4703953971741055,False
rfdiffusion_47.pdb,A,5,5,3.568511594807725,6.5772908101295835,3.0087792153218587,0.508842418834314,5.709954066069638,17.802315660288464,-20.28328543786664,11.025885316639567,False
rfdiffusion_47.pdb,A,6,6,3.8907302712133127,4.1145539783753176,0.22382370716200484,-0.26618642381448215,6.199393370112333,18.421240563059378,-19.33743338855209,1.0515909830193522,False
rfdiffusion_47.pdb,A,7,7,6.691488986098457,9.090810996578828,2.399322010480371,0.40848195683754135,5.424873993692198,22.854145164492927,-23.645616086111346,9.153761022110018,False
rfdiffusion_47.pdb,A,8,8,9.022099127997032,12.510838069568843,3.4887389415718104,0.8191386433939452,6.413014903627771,27.649685447114138,-25.03188451719502,4.450199564002415,False
rfdiffusion_47.pdb,A,9,9,10.84564060596644,14.669836719552908,3.824196113586469,0.9782068304879489,7.088464812707235,25.335852726885072,-28.76526559254568,0.04107846853245678,True
rfdiffusion_47.pdb,A,10,10,9.5997451535604,11.284098791967777,1.6843536384073765,0.2496912524088569,5.595924504354072,22.281030711542932,-27.264927649682953,7.497484361317973,False
rfdiffusion_47.pdb,A,11,11,7.773196193602829,8.983951205511547,1.2107550119087174,0.06896777383180283,6.068160702614468,14.88274121544457,-24.568178323463485,1.1864951957450325,False
rfdiffusion_47.pdb,A,12,12,8.448721624280225,9.084255125405118,0.6355335011248933,-0.07186301940857392,5.387913235651593,17.215016465760026,-24.040721781168557,11.115292109528326,False
rfdiffusion_47.pdb,A,13,13,7.873326354218859,9.812359047373764,1.9390326931549051,0.2904287420723759,6.2247752411211215,9.498602022181435,-25.152099003506727,4.818861019107692,False
rfdiffusion_47.pdb,A,14,14,8.296396714394806,8.530043847395458,0.23364713300065176,-0.18183421991028131,5.344011956335071,10.601580447449763,-20.990514895349808,13.817804618934863,False
rfdiffusion_48.pdb,A,1,1,3.7255269331010497,4.163217234677594,0.43769030157654454,0.11499332943962959,5.847452003593106,14.323117900287759,-18.281073420543578,0.7588815372089588,False
rfdiffusion_48.pdb,A,2,2,3.80052679998829,4.816419131939643,1.015892331951353,-0.2383258539641679,6.611268348700951,18.785327581293316,-19.16127338305718,9.39486461586727,False
rfdiffusion_48.pdb,A,3,3,3.3935578147603676,6.124330812927791,2.730772998167424,0.36802060400522846,2.679745079827138,9.368997730111886,-21.430806672010526,6.521895024198605,False
rfdiffusion_48.pdb,A,4,4,4.2143656189422085,4.6585991680966945,0.444233549154486,-0.2831219567941768,6.981104322887446,12.285507436702781,-13.40472836172955,11.335401228926887,False
rfdiffusion_48.pdb,A,5,5,6.47279447484502,5.15444936262199,-1.3183451122230299,0.12733358062483663,7.635475479213403,6.261549642216089,-16.235017291436865,12.779834425887438,False
rfdiffusion_48.pdb,A,6,6,7.661328717113139,6.554827881398473,-1.106500835714666,-0.3494626907809507,6.089064864874243,6.720803526655623,-20.997681902091422,6.8070009312488065,False
rfdiffusion_48.pdb,A,7,7,8.787772302478013,12.210888868939312,3.4231165664612995,0.7948667907036051,7.068075236458298,9.03011001302536,-27.7619075742328,7.0076599690475225,False
rfdiffusion_48.pdb,A,8,8,8.0713404799454,8.67129159185225,0.5999511119068508,-0.09222816398106491,5.136086692561033,17.506916748053918,-25.489976796945456,7.349233891821736,False
rfdiffusion_48.pdb,A,9,9,8.39972447246899,7.197338331236603,-1.2023861412323864,-0.35291011532488253,5.181671697024441,12.349828641728646,-20.63561383126368,0.7102977465339404,False
rfdiffusion_48.pdb,A,10,10,10.188109109834313,12.987911183934349,2.799802074100036,0.5998201688367969,5.8679700499283145,16.495500688520693,-29.73946068698398,2.393566348678182,True
rfdiffusion_48.pdb,A,11,11,11.25584071110362,9.901341223846817,-1.3544994872568026,-0.4959357748740921,4.96655721030904,14.613086832102486,-22.812199456714804,-4.455495282183783,False
rfdiffusion_48.pdb,A,12,12,11.514498951715698,13.059265124563801,1.544766172848103,0.23840291458524426,8.547527377980357,20.01457766016577,-23.33534789065579,-8.418234530731159,False
rfdiffusion_48.pdb,A,13,13,8.117100440718431,6.535877859734282,-1.5812225809841491,-0.6031959608177404,7.135859316128187,19.811030046630965,-18.211791094297958,-3.7276862730844695,False
rfdiffusion_48.pdb,A,14,14,6.753831076091863,8.639126795632228,1.8852957195403643,0.24097948991946194,5.843325686333033,21.567664491701596,-24.80333288421845,3.5906818280944637,False
rfdiffusion_49.pdb,A,1,1,10.675841182115239,12.023193084123042,1.3473519020078033,0.1707545489947342,3.796129590792959,11.001657188925279,-27.372852442403335,3.7844807194709946,True
rfdiffusion_49.pdb,A,2,2,9.924619324032506,9.841316431248808,-0.0833028927836974,-0.012052762124251083,4.175273333415224,8.453292153675672,-24.743257775563727,9.508865540361171,False
rfdiffusion_49.pdb,A,3,3,6.8729127132624,8.722790638437436,1.8498779251750364,0.38094119645761243,6.3759949773146705,0.9621047710092441,-21.47325179810112,4.5882008610103755,False
rfdiffusion_49.pdb,A,4,4,6.148834404144242,7.522760712094371,1.3739263079501285,0.3671734346055653,5.103050484809854,9.107867091736965,-21.764608871562555,10.818083537533084,False
rfdiffusion_49.pdb,A,5,5,3.4354035794115076,5.035009241292718,1.5996056618812102,-0.08917002335882718,6.6507350708727655,2.4842605285440023,-15.0401218545701,12.335396736528217,False
rfdiffusion_49.pdb,A,6,6,5.413951781839236,8.644852281408072,3.230900499568836,0.8729165061156322,6.661411542030217,9.839075432835404,-19.40771042217875,14.724904978748505,False
rfdiffusion_49.pdb,A,7,7,3.793267148507028,6.897427199394021,3.1041600508869927,0.5759564849448575,7.988573387236758,15.254809860825558,-13.18591788529078,12.605859245896093,False
rfdiffusion_49.pdb,A,8,8,3.9789826059644415,5.927404994402605,1.9484223884381633,0.10372714506100635,3.7302077482421137,10.903895183848809,-21.316849064876532,9.202712124211397,False
rfdiffusion_49.pdb,A,9,9,3.5443078292164234,6.32118927507298,2.7768814458565565,0.40188788233806183,5.240950735947458,17.951181443266442,-23.356034552982106,6.1251819561689445,False
rfdiffusion_49.pdb,A,10,10,4.653358302020646,3.098357477514278,-1.5550008245063678,0.1594187895720277,7.41446362322791,16.208734912736787,-17.656430252687404,-0.24524263160798787,False
rfdiffusion_49.pdb,A,11,11,7.722898217013994,9.164973892136354,1.4420756751223598,0.13520812347323152,6.888481388318139,16.563628204765298,-25.3314933213347,1.3497987018284894,False
rfdiffusion_49.pdb,A,12,12,7.794227359135284,7.920098611423109,0.12587125228782448,-0.21755987721976644,3.8321953483199422,14.461818063956997,-23.233979454003173,8.790062922927001,False
rfdiffusion_49.pdb,A,13,13,5.228684381613957,2.001473288070436,-3.227211093543521,-0.9403236754369447,3.67108573497992,11.338569365988326,-16.67917704985534,5.420117675827495,False
rfdiffusion_49.pdb,A,14,14,8.037789614177257,8.943717164888175,0.9059275507109188,0.255704384983678,3.8895803363322625,10.87725312334441,-21.095506238236737,-1.1424440235242947,False
rfdiffusion_5.pdb,A,1,1,8.096115891620395,9.336989832751254,1.2408739411308591,0.08695969942383223,7.386473957513843,3.2835925912160477,-21.14041226714143,13.6681865900464,False
rfdiffusion_5.pdb,A,2,2,4.532425116326232,4.073313861860659,-0.4591112544655731,-0.5502295082711597,7.535459363732481,4.899920460925226,-15.270591155607669,12.146231929190511,False
rfdiffusion_5.pdb,A,3,3,3.5565133945240586,6.145299961170522,2.588786566646464,0.32039540477223605,6.333520514794428,11.976721219975959,-17.52030093724499,13.012512133984853,False
rfdiffusion_5.pdb,A,4,4,3.69725423663254,5.368788841904033,1.6715346052714932,-0.028595386404993674,5.851585987770029,11.249328392069541,-19.7198521549126,3.330983837002012,False
rfdiffusion_5.pdb,A,5,5,3.4979942580320955,6.418998349485571,2.921004091453476,0.4633932936392627,5.672575954024704,17.784716020701875,-20.107919857650206,10.956889343317567,False
rfdiffusion_5.pdb,A,6,6,3.854649875431537,4.287314848376685,0.43266497294514794,-0.168908614714524,6.9432564277273805,17.92858021396524,-19.59904377403183,0.8421998876688712,False
rfdiffusion_5.pdb,A,7,7,6.385960633779015,8.874630599188384,2.488669965409369,0.4302127893929734,4.508848411458916,23.22418415132303,-23.339793080960614,8.616560004950852,False
rfdiffusion_5.pdb,A,8,8,9.222491664891857,12.072035194968265,2.8495435300764083,0.605580408171287,7.526902380883669,28.813309026107206,-23.06775025749125,4.046185841235485,False
rfdiffusion_5.pdb,A,9,9,11.399547311743378,14.814607427234073,3.4150601154906948,0.8062042692241,7.599637227041759,26.739119379196698,-28.93023282475077,4.231011243334852,True
rfdiffusion_5.pdb,A,10,10,9.871085095684728,11.743586216574116,1.8725011208893871,0.30991395942849,6.938780268685404,21.980712154667426,-27.525358772402583,8.843351211945887,False
rfdiffusion_5.pdb,A,11,11,7.83205383335286,8.830751625845796,0.9986977924929361,0.010232103115283032,5.627948063441767,15.559098796787138,-24.88767100877084,1.6978781502733242,False
rfdiffusion_5.pdb,A,12,12,8.442186573280496,8.967540175235309,0.5253536019548122,-0.10148048832171869,5.601658527677233,16.982297678271983,-23.445915469303273,11.58290525382097,False
rfdiffusion_5.pdb,A,13,13,8.032976933084237,10.424719866783116,2.391742933698879,0.43797687982874167,6.707531274454102,9.442862160140553,-25.909799856607478,5.31085696086471,False
rfdiffusion_5.pdb,A,14,14,8.253946002655127,8.038384022274592,-0.2155619803805351,-0.29549513046640186,4.82525437466227,10.900855971053126,-20.48554643827295,13.628292849205828,False
rfdiffusion_50.pdb,A,1,1,8.781470137631329,8.822261704268671,0.04079156663734196,-0.20195394036598352,4.603244511402448,13.216370304933617,-24.549528036901567,5.416516416149035,False
rfdiffusion_50.pdb,A,2,2,6.68231677275075,5.968951688349181,-0.7133650844015689,-0.46811929801828195,3.5842203740544183,11.066246569450392,-16.718692686553055,-0.2535806118091273,False
rfdiffusion_50.pdb,A,3,3,9.477806403004292,11.843428073473993,2.3656216704697,0.9461048093429879,5.822324163380463,7.338648561438518,-23.367371477617002,-3.320991765305443,True
rfdiffusion_50.pdb,A,4,4,10.097235918832915,12.056002143399313,1.9587662245663982,0.5865702392052045,4.746606470151289,8.553098439740538,-26.904779875682394,3.4581504355533363,False
rfdiffusion_50.pdb,A,5,5,6.726259042923463,3.849957808607212,-2.8763012343162506,-0.8626709915728199,3.573653901865723,8.69499627980671,-17.862531189975435,5.194898007581109,False
rfdiffusion_50.pdb,A,6,6,6.625501934879182,9.732972610265822,3.10747067538664,0.8635145261005623,6.165899157067909,1.3519949988872484,-22.482936788957193,9.868450572514156,False
rfdiffusion_50.pdb,A,7,7,4.090829693754034,5.274277701718877,1.1834480079648433,0.4523184694735145,7.709794147261223,-1.309203813651484,-15.124873511925824,9.45410878508006,False
rfdiffusion_50.pdb,A,8,8,3.301582873399512,6.934116637084512,3.6325337636849997,0.8019458317141489,6.836107925822224,2.4160698518148185,-15.529394567496283,14.473862345287051,False
rfdiffusion_50.pdb,A,9,9,5.118536093190089,7.3337792327712785,2.2152431395811893,0.3842945727445535,2.040982500380371,5.5273965337953594,-21.339695596663837,8.40594859414621,False
rfdiffusion_50.pdb,A,10,10,3.2897378857934414,5.462002309972543,2.1722644241791014,0.1144123825933504,6.073588263608251,13.014797040135043,-16.140716388896003,12.397548446076874,False
rfdiffusion_50.pdb,A,11,11,3.946277848064805,6.570781723832735,2.6245038757679304,0.3675002022591471,3.1796843516471034,10.142901741948293,-22.04870267501479,5.563747993446633,False
rfdiffusion_50.pdb,A,12,12,3.7038191125959017,5.98562037721297,2.2818012646170684,0.20618499063942183,5.171353021906775,17.935938598028876,-22.946069862060355,3.899731435760826,False
rfdiffusion_50.pdb,A,13,13,4.002471060785202,2.9056318433139188,-1.0968392174712829,-0.7363288371957615,7.83503423546508,17.23549339975529,-16.305094327348865,-1.133193662093054,False
rfdiffusion_50.pdb,A,14,14,7.356798643126789,9.174542220139115,1.817743577012326,0.2799845468305542,6.741549150342156,17.691995159400033,-24.443759894741298,-0.35709700781015674,False
rfdiffusion_51.pdb,A,1,1,9.361754059052156,11.997510403837968,2.6357563447858112,0.7819224575308792,6.035376803059293,13.94766116665386,-27.768572298167726,1.1980952407506227,True
rfdiffusion_51.pdb,A,2,2,7.922241055388197,6.685829624993531,-1.236411430394666,-0.5374360789477302,5.46197407998118,10.55083097893744,-18.336227709603833,-0.021952812873396788,False
rfdiffusion_51.pdb,A,3,3,8.186585388707066,8.880708511310877,0.6941231226038109,-0.06341466808262536,5.797854791120339,9.473518648518839,-24.413836678534846,7.667879405003054,False
rfdiffusion_51.pdb,A,4,4,6.954207241621494,8.920106916280238,1.9658996746587443,0.4804588836180139,7.0136270609070275,2.3898678568672787,-21.57734740174122,1.6070333126396164,False
rfdiffusion_51.pdb,A,5,5,6.247924093976576,8.384618289784875,2.136694195808299,0.40225376225207726,5.161519041738767,7.642506303466554,-22.522616294250657,9.984364225819597,False
rfdiffusion_51.pdb,A,6,6,3.4532560942531667,5.49647529241214,2.0432191981589733,0.08275751699534825,7.205225056952644,1.4166071788339831,-16.053516678644648,11.46209841794716,False
rfdiffusion_51.pdb,A,7,7,5.667234796894712,8.93569086729077,3.2684560703960583,0.8980192416543173,6.555908400847484,8.406165217626137,-20.922884057319205,13.654924403224086,False
rfdiffusion_51.pdb,A,8,8,3.7474924238641467,6.667316556821705,2.919824132957558,0.4806350927290963,7.295780309956846,14.159992248844578,-14.86348063413317,13.36697893702125,False
rfdiffusion_51.pdb,A,9,9,3.7099245323886128,5.135946999613082,1.426022467224469,-0.11407203412243616,2.827516410841286,10.346941701886902,-20.688744332546737,6.2265900775579635,False
rfdiffusion_51.pdb,A,10,10,3.3989471183903572,5.951851241568204,2.552904123177847,0.28949006951159884,6.709633365873598,19.680746223196195,-20.679388716348665,9.628866253039142,False
rfdiffusion_51.pdb,A,11,11,3.9813019471744333,4.4036459143266535,0.4223439671522202,-0.03160604072818385,4.242241655462799,14.402344480592673,-18.844685242876345,1.1943022696751568,False
rfdiffusion_51.pdb,A,12,12,6.1315537732655505,8.229158553644611,2.0976047803790605,0.2879184251352125,6.730708557118014,22.3133485291309,-24.08614313191179,5.408789990429376,False
rfdiffusion_51.pdb,A,13,13,9.227706979458036,11.850583954318912,2.6228769748608762,0.5321712977565538,5.85389510179713,18.106883231616038,-28.274546523093253,1.0850483881022464,False
rfdiffusion_51.pdb,A,14,14,7.607492672516616,10.39495843794278,2.7874657654261634,0.561637353977643,6.83427147637012,17.500016056392322,-22.999041426754136,-5.510497721284836,False
rfdiffusion_52.pdb,A,1,1,8.700575043288492,7.751136289963889,-0.9494387533246025,-0.3920438996390744,5.73707662680073,25.253549409444112,-17.2490614817273,8.458936280772267,False
rfdiffusion_52.pdb,A,2,2,8.760045364450638,6.267658326983092,-2.4923870374675463,-0.7511770355233958,4.529526956688265,17.479132016095527,-18.427503440017922,11.367348735926653,False
rfdiffusion_52.pdb,A,3,3,12.223256829273307,15.224802624059251,3.001545794785944,0.6788964383885074,6.727119485670151,22.393534028528524,-19.08337002964483,19.61125088443592,True
rfdiffusion_52.pdb,A,4,4,11.928428846477168,14.635803778561474,2.7073749320843064,0.5859880738311634,7.617496692652074,16.139275641576074,-18.91021264703625,20.699734354553957,False
rfdiffusion_52.pdb,A,5,5,8.489290573348956,7.245557338431649,-1.2437332349173076,-0.5237474532197656,4.123453592374503,14.660749297359217,-21.305866858087747,10.982226453291927,False
rfdiffusion_52.pdb,A,6,6,8.075685165384538,7.099143606718068,-0.9765415586664696,-0.28975850359897326,5.46210139310777,9.660417952028414,-14.380259071358013,14.419112088692865,False
rfdiffusion_52.pdb,A,7,7,8.251934257526074,10.138428301624213,1.8864940440981393,0.28316558843903084,7.922917447100787,4.40050615478018,-21.01790020848189,15.346262141561295,False
rfdiffusion_52.pdb,A,8,8,4.812261072614241,2.946718735589788,-1.8655423370244533,-0.7915900831022955,6.874308506984603,5.3103677849110795,-14.368847251977053,11.272511969216156,False
rfdiffusion_52.pdb,A,9,9,3.253940633240586,5.7660942606055485,2.5121536273649627,0.25583262297465575,2.77677576579811,13.370553704141317,-16.657043894018,12.540851985775923,False
rfdiffusion_52.pdb,A,10,10,3.7367172181931405,5.485942931831517,1.7492257136383769,0.004432847400111156,6.121252924426377,10.792205608464837,-19.877831443262043,3.421751472541734,False
rfdiffusion_52.pdb,A,11,11,3.4551666181189544,6.130564599635102,2.6753979815161477,0.3489573208043615,3.3893128037965954,18.40360596244402,-20.73736725406257,10.093327377436141,False
rfdiffusion_52.pdb,A,12,12,4.125391418752481,3.6038715824356005,-0.5215198363168807,-0.27334952088490466,7.227077571223814,18.91326921250684,-18.388508270608106,0.5800221622749828,False
rfdiffusion_52.pdb,A,13,13,5.718684892991977,6.201511804937436,0.4828269119454589,-0.0713706322697466,5.57371107410989,24.55138902648091,-18.30054952366204,5.319889896078332,False
rfdiffusion_52.pdb,A,14,14,8.26810829226037,11.888396989721338,3.6202886974609676,0.8613271138386903,7.4589769448113215,23.63668872233619,-26.832336902281426,8.883704591503566,False
rfdiffusion_53.pdb,A,1,1,5.129492829586843,3.2655005341091257,-1.863992295477717,-0.7712312856868239,4.265043154328113,18.961059864931794,-17.445375637589027,8.285643845880841,False
rfdiffusion_53.pdb,A,2,2,8.500195462314695,10.870084657983439,2.369889195668744,0.5218499251612706,5.499077297932008,26.884275881918562,-17.795785514434638,11.786152136603302,False
rfdiffusion_53.pdb,A,3,3,10.220145108249628,14.097721902061378,3.87757679381175,0.9575988826378738,7.863611047467523,24.76590727774535,-24.490206273553053,15.113458551692062,True
rfdiffusion_53.pdb,A,4,4,10.34427499919438,12.167453965014962,1.823178965820583,0.43384389812029334,6.796644435429888,24.51470630725339,-16.256850103115102,15.917977669182607,False
rfdiffusion_53.pdb,A,5,5,8.152480811779736,7.156677154729262,-0.995803657050474,-0.44077382873069715,5.291128484191753,16.382120726623505,-20.177403471707564,11.489420321743065,False
rfdiffusion_53.pdb,A,6,6,8.768093268163843,7.001932277465153,-1.7661609906986904,-0.338295193404519,5.27208356226779,14.641978748122495,-11.700821315860534,13.724111149319203,False
rfdiffusion_53.pdb,A,7,7,9.433743402445108,11.32299652459372,1.8892531221486113,0.9047529506397926,7.8357532255511115,10.726892663003856,-15.677847323777529,20.20353193122262,False
rfdiffusion_53.pdb,A,8,8,6.37941477303174,4.99357683613296,-1.3858379368987794,-0.11511857068073295,6.8171429544654005,9.761794426848262,-11.056574545781352,13.858328297394436,False
rfdiffusion_53.pdb,A,9,9,3.8573308523675576,5.923017496608029,2.0656866442404715,0.1888017787224336,3.453005540560606,15.78587631000882,-17.890061056400885,11.345131819748463,False
rfdiffusion_53.pdb,A,10,10,3.7438008363969733,2.4984665092451226,-1.2453343271518507,-0.1989012571024399,5.794478837848975,7.195344070598823,-16.928378106508067,6.314907911931401,False
rfdiffusion_53.pdb,A,11,11,4.255359520260012,6.208466640753008,1.9531071204929953,0.19949960442877163,7.103513701666553,11.019811400948289,-20.063040417364473,2.3014755534144613,False
rfdiffusion_53.pdb,A,12,12,3.382362210039629,5.726397354313158,2.344035144273529,0.19776313053360017,4.388749483514551,17.8815813034897,-20.675983244560936,9.707642424331379,False
rfdiffusion_53.pdb,A,13,13,4.2849758979717345,3.801714498273265,-0.4832613996984696,-0.10800969856498438,7.1544305677821916,17.995784602482722,-18.749398828836842,-0.10474608815062103,False
rfdiffusion_53.pdb,A,14,14,6.028726186356616,7.575669894672249,1.5469437083156325,0.45633969009213426,8.496440702207819,24.26950637225645,-20.59807421444989,0.45482365879809805,False
rfdiffusion_54.pdb,A,1,1,5.143798370810365,6.525705880659092,1.3819075098487268,0.524732630216308,3.252169640492901,10.416094729346417,-19.221691074265266,12.479047258508809,False
rfdiffusion_54.pdb,A,2,2,3.354325845335611,5.718590857109727,2.364265011774116,0.20312501024116658,6.80861458986281,1.2293384770024187,-17.22358311536056,10.252419588122036,False
rfdiffusion_54.pdb,A,3,3,6.075278085560789,9.65769106600637,3.5824129804455813,0.83045562837914,6.953811928976388,6.560911485067474,-18.9960253000227,16.37956139900059,False
rfdiffusion_54.pdb,A,4,4,6.099024194295716,9.092167805482541,2.9931436111868246,0.8120834063246956,6.75677850169224,12.315636297812327,-17.352633615610433,16.039408149438813,False
rfdiffusion_54.pdb,A,5,5,3.681493935269866,5.15012418662472,1.468630251354854,0.26391479569833665,7.884906924857091,15.659975919950531,-12.258316910367938,10.264575857355458,False
rfdiffusion_54.pdb,A,6,6,3.8459975608316226,5.821872010987241,1.9758744501556187,0.1008352192515544,3.3322581799176363,10.705787134502748,-20.98793119777111,9.609547850359123,False
rfdiffusion_54.pdb,A,7,7,3.830322998239662,5.746058983870752,1.9157359856310898,0.07655422928791863,5.197186471887442,19.090853416461997,-22.374697968928512,7.181286765487158,False
rfdiffusion_54.pdb,A,8,8,5.913206352497624,4.8140782863751115,-1.0991280661225122,-0.030454196767122937,5.6046874545123275,11.90046368880785,-17.856723925565586,1.5334525722458383,False
rfdiffusion_54.pdb,A,9,9,6.968049818279128,5.907719526103984,-1.060330292175144,-0.43057029639020855,7.081103748977288,19.384681239448515,-20.845163003097127,0.17481059432748958,False
rfdiffusion_54.pdb,A,10,10,8.419630362755097,7.739983613621795,-0.679646749133302,-0.40059403764945867,4.789063859297371,17.96228903349802,-24.53731064811172,7.406251308543132,False
rfdiffusion_54.pdb,A,11,11,10.528878951266076,9.830558315130775,-0.6983206361353016,-0.06270029117078674,4.703901303124872,11.467966412807057,-25.68342316564345,7.808466643167458,False
rfdiffusion_54.pdb,A,12,12,10.222441700709563,14.140767524806277,3.918325824096714,0.9716733109683227,6.704898528450084,9.741389106614733,-27.441044817571125,-0.7866367831543335,True
rfdiffusion_54.pdb,A,13,13,8.090633171963022,10.876562985828482,2.78592981386546,0.5726337910853867,5.754413455611283,6.556728518836326,-25.299700919289222,5.987671338190511,False
rfdiffusion_54.pdb,A,14,14,4.854003621661665,3.32034819894679,-1.533655422714875,-0.417090228581524,6.782860644155754,8.317712729943405,-16.05175030458016,3.860508144980153,False
rfdiffusion_55.pdb,A,1,1,7.667479696934378,11.500530454890496,3.8330507579561184,0.9369434347526473,6.53177224868673,3.75016579998418,-24.025798635827016,13.129638990455916,False
rfdiffusion_55.pdb,A,2,2,6.803364929151427,6.17651489731346,-0.6268500318379671,-0.4434650976819193,3.0066243816939675,11.487737424945212,-21.63185829609141,9.166739486244527,False
rfdiffusion_55.pdb,A,3,3,5.713387073740596,9.106909540316735,3.3935224665761394,0.7502775953093541,6.944140548945566,11.085393098715002,-15.610228078931145,16.22524074756635,False
rfdiffusion_55.pdb,A,4,4,3.625452201320981,6.78939100259039,3.1639388012694094,0.5884799491335906,8.629718011550262,14.694996535892852,-11.768339908617198,11.849919432864937,False
rfdiffusion_55.pdb,A,5,5,4.031203633675747,6.008728897453441,1.9775252637776939,0.11951207817795571,3.467775542174933,11.594756409814675,-21.119226545239634,9.933874676963102,False
rfdiffusion_55.pdb,A,6,6,3.378072051386048,6.187533382029799,2.8094613306437513,0.4023818160414013,5.088628117215775,18.465936351734197,-22.9904684296053,6.828999255925391,False
rfdiffusion_55.pdb,A,7,7,4.499863371052536,3.2996364452742095,-1.2002269257783262,-0.1364872930386265,7.434814639828082,16.28629055796097,-18.03011980094723,-0.08485797687678476,False
rfdiffusion_55.pdb,A,8,8,7.406352064859058,8.771888137963304,1.3655360731042459,0.10281663583820211,6.750690083853553,17.463579199494795,-25.47442402423912,2.7651763492014645,False
rfdiffusion_55.pdb,A,9,9,7.778804524328033,7.957788180658713,0.17898365633068014,-0.19520224791476842,3.981740213873509,14.917615687939083,-22.841472224566413,9.692085463577268,False
rfdiffusion_55.pdb,A,10,10,5.066400849842932,2.2058288991101245,-2.8605719507328073,-0.9080098813229098,3.713216907006181,11.757056353458282,-16.829377813168193,5.161633188702754,False
rfdiffusion_55.pdb,A,11,11,8.034159033618414,9.304417410011837,1.2702583763934232,0.32909536310987053,3.9170676857904714,11.553848151085212,-22.44576437490026,-0.4845447842426407,False
rfdiffusion_55.pdb,A,12,12,10.468291409313766,12.018960295094027,1.5506688857802615,0.22532665781773686,3.9983533047550575,11.832559200718924,-27.725506522916245,5.4095218885550125,True
rfdiffusion_55.pdb,A,13,13,9.519660419821356,10.575232454918355,1.0555720350969988,0.06843214524077532,4.788178985319023,9.10208785646889,-25.317154666750124,10.778479734482588,False
rfdiffusion_55.pdb,A,14,14,6.792950863491372,7.775691018139918,0.9827401546485461,0.16404473916408313,6.532859749617564,1.792988682889002,-20.49478077809169,5.496455905692755,False
rfdiffusion_56.pdb,A,1,1,5.991237725702909,3.8341483384873603,-2.157089387215549,-0.7760131194760391,4.86297859348919,9.236659623207448,-17.00410650442138,4.342203690939801,False
rfdiffusion_56.pdb,A,2,2,6.16127100815105,9.55870839514377,3.3974373869927197,0.8976274869942836,6.190003044790427,3.2486770002497067,-22.947282437352055,9.886913211154901,False
rfdiffusion_56.pdb,A,3,3,4.1403154130865385,5.9353528795900665,1.795037466503528,0.5466996350977179,7.878309974141086,-1.1956612829034392,-16.487395389395296,9.386860960993818,False
rfdiffusion_56.pdb,A,4,4,3.4908866066482807,7.026481542068029,3.5355949354197485,0.758587842623542,6.893738706008955,2.055498059534962,-15.615157752396527,14.38469684048157,False
rfdiffusion_56.pdb,A,5,5,5.38715228569636,7.913258814615556,2.526106528919196,0.476605685312987,3.527778473875176,6.581641301275339,-21.520264767088495,10.300087248617686,False
rfdiffusion_56.pdb,A,6,6,3.416074161894985,5.970282691047504,2.5542085291525187,0.2918083650078964,6.77767977586901,13.694355754645805,-15.257451281905283,12.759700945045786,False
rfdiffusion_56.pdb,A,7,7,3.813899117967452,5.6914189260093035,1.8775198080418516,0.06051626715598302,2.440608509048271,10.286448598308123,-21.26421650285014,5.934576437116017,False
rfdiffusion_56.pdb,A,8,8,3.3234430777317026,5.773283643829106,2.449840566097403,0.2364088271753016,5.020502954263496,19.484728166269907,-21.992660161246373,7.8679391814742825,False
rfdiffusion_56.pdb,A,9,9,4.346611693666147,2.1954184234073937,-2.1511932702587533,-0.2258675132881014,6.589675514519094,16.20299319095399,-16.850874765763308,0.2263218644060334,False
rfdiffusion_56.pdb,A,10,10,6.142605186740549,6.2628546858531005,0.12024949911255156,-0.20297803556507144,6.97292486998116,22.707043205154992,-21.029394479813185,2.7857965508143554,False
rfdiffusion_56.pdb,A,11,11,7.923287166323109,7.504967030643857,-0.4183201356792523,-0.35423979222821916,4.383541668375676,17.0932521417192,-24.0665937976664,7.9791262519809685,False
rfdiffusion_56.pdb,A,12,12,9.783031488960813,13.24626128593633,3.463229796975517,0.8146213652348487,5.857205309146033,15.797915166956281,-29.555120706719098,0.9416772125935291,True
rfdiffusion_56.pdb,A,13,13,9.458354656366575,8.229908222337139,-1.2284464340294363,-0.49862110129973514,4.416244371068509,13.525986181774154,-23.91544452320406,8.349763065906101,False
rfdiffusion_56.pdb,A,14,14,8.85940012846942,12.14412636224839,3.2847262337789687,0.8618686946733474,6.7582105227273415,5.6178027793673255,-26.012101302057612,3.313704891112096,False
rfdiffusion_57.pdb,A,1,1,7.768870847435091,9.912360040005343,2.143489192570252,0.35236020282144465,6.775464161315005,7.978787029249359,-24.95729574056086,6.506334688152451,False
rfdiffusion_57.pdb,A,2,2,8.212964154031392,7.4129451491018585,-0.800019004929533,-0.4337810344832907,4.306516573409803,13.285056205645656,-19.707683745904767,13.278832396443017,False
rfdiffusion_57.pdb,A,3,3,10.28859722233486,13.895164867274307,3.6065676449394477,0.9249758245277931,8.199426313661817,7.152786200147868,-24.12083267702965,17.438917653523745,True
rfdiffusion_57.pdb,A,4,4,7.910505908143891,8.88273249741327,0.9722265892693791,0.39970135805478935,5.722790204477565,11.438247202136836,-17.127447928727257,15.859531051042666,False
rfdiffusion_57.pdb,A,5,5,4.772932010205605,2.6404950992534513,-2.132436910952154,-0.8330483721965412,6.783570891067157,4.952616249990452,-14.267479466839513,10.97426361344725,False
rfdiffusion_57.pdb,A,6,6,3.3641510794617013,6.072105588638482,2.7079545091767803,0.35495409905347264,5.702750875596981,13.397910014854544,-16.528603603083944,12.932294621807566,False
rfdiffusion_57.pdb,A,7,7,3.6614269046514125,5.347126576505086,1.6856996718536732,-0.027799424345807844,5.371770037746793,10.394903105664765,-20.09819587218312,4.166815907893411,False
rfdiffusion_57.pdb,A,8,8,3.4546839048703344,6.111184777658525,2.6565008727881905,0.3405426455427235,5.534875019051552,18.813395004253003,-21.347576116100196,9.4848098020241,False
rfdiffusion_57.pdb,A,9,9,3.8926183359393534,3.055246831122044,-0.8373715048173094,-0.10443551586829813,6.321526735704397,15.957735908717385,-17.891055832770743,0.38492618504770393,False
rfdiffusion_57.pdb,A,10,10,5.978606788130155,7.032857831408813,1.0542510432786578,-0.04772536270552491,5.494710969025372,22.511271762700105,-22.11504361061364,6.895225427110972,False
rfdiffusion_57.pdb,A,11,11,9.623341665910349,12.472561126515522,2.8492194606051733,0.6099242536113393,8.917795226567627,25.839097358615813,-26.41961791798474,2.938172585105263,False
rfdiffusion_57.pdb,A,12,12,9.635299641416026,12.37259967926214,2.737300037846115,0.5739601345329454,7.017931837453943,20.225464403071182,-29.21507025192146,5.476998256998357,False
rfdiffusion_57.pdb,A,13,13,7.870578194825903,9.580082243437904,1.7095040486120006,0.21967850780899356,5.860261567568453,13.098318193031856,-24.033110296854414,0.7483334947066651,False
rfdiffusion_57.pdb,A,14,14,8.462875631736411,8.885428340823584,0.4225527090871726,-0.12805084191120403,5.166016833379391,17.6862193102164,-24.7537656990288,9.665217976886378,False
rfdiffusion_58.pdb,A,1,1,7.406944356162137,5.034141467957718,-2.3728028882044194,-0.6097957647665875,6.900173957490186,10.820624096232123,-10.376202083458264,11.91902110578067,False
rfdiffusion_58.pdb,A,2,2,6.1573507133647345,5.297153596073419,-0.8601971172913156,0.02054854740979537,7.361913126404729,5.699864601783979,-15.87970183051721,13.192957380661902,False
rfdiffusion_58.pdb,A,3,3,3.5672351210210613,5.876750001321904,2.3095148803008425,0.2036249482669784,4.718243910205193,15.216573488224704,-18.87684950328616,10.96351392418661,False
rfdiffusion_58.pdb,A,4,4,3.8040584326339237,2.854251444964576,-0.9498069876693478,-0.17372532304144192,6.742937748843543,7.3998912611597065,-16.848931948934958,5.089198103600321,False
rfdiffusion_58.pdb,A,5,5,4.434751860196468,5.830777175430925,1.396025315234457,0.20959980524935715,7.663239724339369,12.31358381172624,-19.32904075161298,1.4698964640571295,False
rfdiffusion_58.pdb,A,6,6,3.3535361227855884,6.440360728299742,3.086824605514154,0.5304863586790989,5.955689584875398,17.013798927921513,-20.821711188743894,10.416764967263237,False
rfdiffusion_58.pdb,A,7,7,4.022931713799134,3.575391049026634,-0.4475406647725002,-0.3107980339975201,5.239712168423833,22.1747043278165,-17.770204790968364,3.3075451727753937,False
rfdiffusion_58.pdb,A,8,8,7.588500234722182,10.764457078308771,3.1759568435865893,0.6965836489691751,7.8867349507042155,23.86375263208119,-25.865013797558838,3.2658128235014403,False
rfdiffusion_58.pdb,A,9,9,8.21105702305452,9.099776559316776,0.888719536262256,0.2396065475453597,7.281516395979461,27.517130324027626,-19.659667839984643,4.37719372254619,False
rfdiffusion_58.pdb,A,10,10,6.344740245691603,3.1235068884950485,-3.2212333571965543,-0.9161020187088214,3.1389017277488023,18.873999556583797,-18.058887894228757,8.060158420624884,False
rfdiffusion_58.pdb,A,11,11,9.40862258155392,12.127913660325573,2.7192910787716524,0.6799148982298489,5.4446314489834995,27.115607019559846,-17.72060771120326,13.664805431130745,True
rfdiffusion_58.pdb,A,12,12,9.601107804921243,10.91739197070708,1.3162841657858362,0.4936530656382263,7.01010552994138,23.20952246111627,-13.049293192881722,15.984439087705937,False
rfdiffusion_58.pdb,A,13,13,7.769148886900031,7.3384203534436745,-0.43072853345635664,-0.2616134920889236,4.552077424081521,15.347796934018831,-18.781034708528495,12.917675008704718,False
rfdiffusion_58.pdb,A,14,14,8.250093726788876,6.514754585736886,-1.7353391410519903,-0.6306295044155252,6.837184930686938,16.941704233467036,-9.061796818202534,14.566352374433961,False
rfdiffusion_59.pdb,A,1,1,8.82724564928642,8.011452327743113,-0.8157933215433069,-0.3340391678682131,4.071782477118344,13.39180491466255,-23.541669277559716,3.8087250601640976,False
rfdiffusion_59.pdb,A,2,2,6.484625549911157,3.998381748733687,-2.48624380117747,-0.8108276353856925,3.910365682550537,8.760237369768433,-16.388131298942188,3.339903778493713,False
rfdiffusion_59.pdb,A,3,3,7.516704893824049,11.430797552621874,3.9140926587978244,0.9672170065254097,4.7352405588919595,3.6721522090701004,-24.91636903872857,3.29043758959902,False
rfdiffusion_59.pdb,A,4,4,7.8707509510065,7.866669285576523,-0.0040816654299771216,-0.176274347667216,8.076366819402478,-2.631586628916719,-20.633131060830248,5.153401599665486,False
rfdiffusion_59.pdb,A,5,5,10.176509772670979,13.360686791693237,3.1841770190222576,0.7240522641841836,6.6738051278717085,2.7078782694765007,-27.05330094554863,6.327761415199985,True
rfdiffusion_59.pdb,A,6,6,7.970685913329866,8.77944928566405,0.8087633723341838,0.2306059059377881,2.9259017442397792,8.858322749193526,-24.121568179322164,6.245331768630615,False
rfdiffusion_59.pdb,A,7,7,4.561640837574491,4.825781126220439,0.2641402886459474,0.13557051739326484,6.101813319094036,4.70240870992599,-16.94715505139463,11.909757123533478,False
rfdiffusion_59.pdb,A,8,8,3.444445533677495,5.88972209428614,2.4452765606086446,0.24766761588288988,7.64990665882585,11.575939133017249,-17.354462826180033,12.722701412523127,False
rfdiffusion_59.pdb,A,9,9,3.981816478065946,6.138303165456253,2.1564866873903066,0.1828280896966216,2.3874726215391426,11.15852532510172,-20.853834491644992,3.4304496028014198,False
rfdiffusion_59.pdb,A,10,10,3.1687227325313656,6.0064460105056705,2.837723277974305,0.3959241075675382,8.04434606951003,18.805447061719242,-21.34152985919498,9.255489349865726,False
rfdiffusion_59.pdb,A,11,11,4.324293961706472,7.990772615348098,3.666478653641626,0.8427077230545033,7.619186814067955,17.787332170057606,-24.622418895592336,2.6132046343518534,False
rfdiffusion_59.pdb,A,12,12,5.509187662590188,9.229234416686529,3.720046754096341,0.8809742438499142,5.040623326914827,14.212147877524497,-23.3469572048958,-1.870750623790867,False
rfdiffusion_59.pdb,A,13,13,5.961007319511183,7.021738746734626,1.060731427223443,-0.046736897495472995,7.75614658971451,10.762558533936321,-14.803229199740809,-1.5946566390889991,False
rfdiffusion_59.pdb,A,14,14,9.501833646627476,11.427901090505117,1.9260674438776402,0.7003757934067281,6.4686041187040155,11.278455021194043,-23.165598625694155,-4.2298912529280575,False
rfdiffusion_6.pdb,A,1,1,3.2826450606474187,6.296690407419623,3.0140453467722046,0.6624835580191095,7.207123644774476,2.637485630710707,-13.921898588954559,14.498600646424338,False
rfdiffusion_6.pdb,A,2,2,5.43417706603133,8.071369223401248,2.6371921573699186,0.4512348960170506,3.294762907704643,7.069772264423436,-20.84676531629482,11.825953677449276,False
rfdiffusion_6.pdb,A,3,3,3.3649748980071172,5.8747601924830235,2.5097852944759063,0.2670804110779188,7.069089281373527,14.424904406246144,-14.685927365658596,12.304156741331907,False
rfdiffusion_6.pdb,A,4,4,3.926725547401215,5.982187488541691,2.0554619411404764,0.13902782707653516,1.9564605216062392,10.506926339722137,-21.690237517504723,6.8423375256011205,False
rfdiffusion_6.pdb,A,5,5,3.363328863053127,6.000527882872739,2.6371990198196125,0.32313054040089,5.094808730875483,19.144987844981355,-22.749516152782,6.722929676203911,False
rfdiffusion_6.pdb,A,6,6,4.150284281409809,2.7008107350676567,-1.4494735463421526,-0.21763659244758327,7.6165876957399465,18.462510576098225,-17.22908210036607,0.08106462295486638,False
rfdiffusion_6.pdb,A,7,7,6.966752912267548,8.25193363955296,1.285180727285411,0.06385259968627106,6.796446260299194,20.478807220386713,-24.592130069920795,2.833814659373739,False
rfdiffusion_6.pdb,A,8,8,8.206286063545084,9.0045998408715,0.7983137773264151,-0.03442958097823788,5.368870901495181,15.600356711870178,-25.33481259185499,7.800589281328593,False
rfdiffusion_6.pdb,A,9,9,6.699006528858311,6.782701938067713,0.083695409209402,-0.025290014853810883,3.8219157947358235,11.885885871750714,-19.337866765269855,0.1945010588667282,False
rfdiffusion_6.pdb,A,10,10,9.63193510543788,13.290656779161013,3.658721673723134,0.8807600002785527,5.7214656390733225,9.664960102510024,-27.715606122611167,1.4758169124355944,True
rfdiffusion_6.pdb,A,11,11,9.179317357459041,10.324868517234709,1.1455511597756676,0.08637684020845811,4.640062619566643,12.118781606625767,-26.054390509880374,8.958168592657653,False
rfdiffusion_6.pdb,A,12,12,6.24738563652623,3.6573429437770204,-2.59004269274921,-0.8334220358980015,3.7468682795393233,9.836868875480874,-18.09451339840554,5.113619751598666,False
rfdiffusion_6.pdb,A,13,13,6.5162739775122445,9.466708890924627,2.9504349134123826,0.5976719110199961,5.469073294769,3.580626100828946,-22.27268677455192,12.047210552445698,False
rfdiffusion_6.pdb,A,14,14,3.964265380096541,6.123541947280863,2.159276567184322,0.4875119200850586,7.834313871037958,-0.6829299667576709,-16.431553716523588,10.108049270498707,False
rfdiffusion_60.pdb,A,1,1,10.578070381478568,10.8858134826133,0.30774310113473113,0.3781177779207744,7.2360861307681095,10.608355757999535,-15.299253340218165,19.79091799420967,False
rfdiffusion_60.pdb,A,2,2,7.095749284966886,6.4445862532521465,-0.6511630317147397,-0.1241155088328216,6.335518160448467,9.997097496611309,-12.436843408641382,14.432136040760515,False
rfdiffusion_60.pdb,A,3,3,5.855837945198083,4.991499798419309,-0.8643381467787741,-0.5416766926067216,7.739760724272177,4.750890997125932,-18.538349574560378,9.293989280634806,False
rfdiffusion_60.pdb,A,4,4,3.3718847345130274,5.9462292331247575,2.57434449861173,0.29612651994787226,5.109491553753426,14.172685086672814,-15.631447897680381,12.597074033338764,False
rfdiffusion_60.pdb,A,5,5,3.8137664366381507,5.431841087832834,1.618074651194683,-0.03408431301145842,6.661468476442045,10.517780657722293,-20.669255619231137,4.9164402927234985,False
rfdiffusion_60.pdb,A,6,6,3.1731336681863556,5.665208729710464,2.4920750615241087,0.23737625825765596,4.324161272040985,19.593454484015467,-21.500340732329185,8.240469245094857,False
rfdiffusion_60.pdb,A,7,7,4.097439332753405,2.81147175841547,-1.2859675743379348,-0.24060240648049436,7.504872673655841,18.912755667282354,-17.195036954537034,0.22218573681094478,False
rfdiffusion_60.pdb,A,8,8,7.328879512750631,8.276376478603574,0.9474969658529426,0.12302280480812779,7.639780088289328,21.86121303810843,-22.701094303391038,-0.35211130078729314,False
rfdiffusion_60.pdb,A,9,9,7.653204964974454,6.550421292659987,-1.1027836723144668,-0.5171612309475854,5.3136812418542645,21.16844056529174,-22.25095299692967,7.5134948788167515,False
rfdiffusion_60.pdb,A,10,10,9.917086465046893,13.820794511678418,3.9037080466315253,0.9663341974669112,7.672542326207743,16.98314363892252,-30.37161758244524,8.696489386726778,False
rfdiffusion_60.pdb,A,11,11,9.126860704812525,5.511149210752956,-3.6157114940595694,-0.9440105039285533,2.2503734836207623,15.82814295095461,-20.320215651259797,9.011320465834062,False
rfdiffusion_60.pdb,A,12,12,10.491585677652948,14.472583738306533,3.980998060653585,0.9934426181661475,7.355621254941927,13.173926740934483,-27.80998308593903,15.219235207953641,False
rfdiffusion_60.pdb,A,13,13,9.537787568204973,5.902333876575532,-3.635453691629441,-0.9453430616233931,2.2916737691887827,11.857144954417334,-18.055328281934422,12.574059407345278,False
rfdiffusion_60.pdb,A,14,14,12.1276045051607,15.824013295654783,3.6964087904940826,0.9000190556628871,7.250643487115985,10.451861407132107,-22.65986908566657,21.30716669700696,True
rfdiffusion_61.pdb,A,1,1,10.771186679976276,13.449543502298903,2.678356822322627,0.6302870330710525,3.8284780307363895,7.294711281224764,-26.128042729528065,-0.22276580176701022,True
rfdiffusion_61.pdb,A,2,2,10.622543549860792,10.96941973899387,0.34687618913307894,0.16226175574906293,4.0141251219032785,7.720608632437816,-26.00030846136384,6.773760003564475,False
rfdiffusion_61.pdb,A,3,3,7.7264612540585285,9.748887769436486,2.0224265153779575,0.5957332087724712,6.191269484691738,-0.5732266371174157,-22.225398907955288,7.228403929791105,False
rfdiffusion_61.pdb,A,4,4,6.923665506770107,7.6814802265767925,0.7578147198066851,0.2825334757387657,3.5910780630156736,9.483247704158252,-23.120112109176777,7.91649781855115,False
rfdiffusion_61.pdb,A,5,5,4.222352435306241,5.590564440213354,1.3682120049071136,-0.07619711974575172,6.560008396754651,5.383750761964075,-16.34075915065846,13.356166832971219,False
rfdiffusion_61.pdb,A,6,6,3.48508867537728,6.189285289207798,2.704196613830518,0.36446022680672296,7.861898343089242,12.036157616144422,-16.802579003650383,13.267801271643442,False
rfdiffusion_61.pdb,A,7,7,3.9205929640500075,6.255988002860983,2.3353950388109754,0.24761360197833815,2.2426805401460626,10.379594906897294,-21.677585308768037,5.376073104399002,False
rfdiffusion_61.pdb,A,8,8,3.3186758487718455,5.654283131704188,2.335607282932343,0.1867200877734026,8.810424098263692,18.903309203276667,-22.492124688952465,6.588277268393034,False
rfdiffusion_61.pdb,A,9,9,5.732712625657007,9.07022255814678,3.3375099324897723,0.7283842685819917,4.38391346621774,13.974139046974985,-24.411777763624343,1.5299252485047956,False
rfdiffusion_61.pdb,A,10,10,5.556429806420247,6.224545123950633,0.6681153175303862,-0.010781260284630112,7.432645073118901,11.84214499501669,-15.570989732734073,-1.4998957024057336,False
rfdiffusion_61.pdb,A,11,11,9.241282321628576,11.0318545036568,1.7905721820282245,0.638896374102426,6.827580639333742,11.66010355645334,-23.64398788933184,-3.1383445893423603,False
rfdiffusion_61.pdb,A,12,12,9.064798766966673,9.007714594424492,-0.05708417254218112,-0.23041997586841334,4.524994853695163,12.801185030525406,-24.520230593797216,4.651113679943046,False
rfdiffusion_61.pdb,A,13,13,6.330724160482622,3.1610004695138176,-3.1697236909688042,-0.796216243329643,3.976367333707244,10.006372856262914,-16.8577293235396,4.656276020866565,False
rfdiffusion_61.pdb,A,14,14,7.284860518662993,7.696732982859235,0.4118724641962421,0.2475792790053018,4.2597526442111535,6.146538647301707,-18.549288722796156,-1.7558435452038452,False
rfdiffusion_62.pdb,A,1,1,4.94105268147125,7.0187618571307375,2.0777091756594874,0.22386466691402157,2.725727077613671,6.892858827656385,-21.469155183204755,6.2939738729206685,False
rfdiffusion_62.pdb,A,2,2,3.4650799876769307,5.970701590112981,2.50562160243605,0.3388107873582109,6.076193146476179,10.917634147992734,-15.23502047073477,13.135960952810864,False
rfdiffusion_62.pdb,A,3,3,3.9494359178010745,6.180159894944637,2.2307239771435627,0.2087745107897028,5.360813509141257,11.210055295500233,-21.95684287327795,6.039476898706379,False
rfdiffusion_62.pdb,A,4,4,3.4021341541937615,5.925608758357455,2.523474604163693,0.2769703405137385,7.50908937337013,19.640200475743505,-20.432056785975078,9.804552291812609,False
rfdiffusion_62.pdb,A,5,5,4.023734057939907,4.834716652437408,0.8109825944975011,0.03020553267990017,4.0251152816999,14.043927229944588,-19.12687555566468,1.4167834259417877,False
rfdiffusion_62.pdb,A,6,6,6.334732167819049,8.819979820002668,2.4852476521836193,0.42746900421065376,7.026409618984837,22.27329356574908,-24.544701492099556,3.481431139567945,False
rfdiffusion_62.pdb,A,7,7,8.281279257267997,12.034397010713844,3.7531177534458475,0.9476030475298972,7.098860339290283,17.746834532242676,-27.199449037349705,-1.3308208795862715,True
rfdiffusion_62.pdb,A,8,8,8.643445532848702,11.376269151343777,2.7328236184950754,0.5598222758958304,7.868732277693427,13.922057084800347,-22.34806322367094,-6.768877123610254,False
rfdiffusion_62.pdb,A,9,9,9.96006832169524,8.998380218926897,-0.9616881027683437,-0.24070146511380924,4.635918604829683,12.827255808380478,-24.16230865387139,2.7926510218436946,False
rfdiffusion_62.pdb,A,10,10,10.512593190132659,11.050909241385545,0.5383160512528864,0.6403838310074749,7.1057134838104,4.804686963548923,-24.43418839538072,-1.8538048101070728,False
rfdiffusion_62.pdb,A,11,11,7.15790407518796,4.264654867698102,-2.893249207489858,-0.8565411010472231,5.230444186632766,8.061651973782771,-16.58739757593776,3.0627647041827997,False
rfdiffusion_62.pdb,A,12,12,7.377553934612066,10.557997984697913,3.180444050085847,0.6954035984766808,6.773193385438002,3.6017274305537286,-24.381010106361185,6.933625349401861,False
rfdiffusion_62.pdb,A,13,13,6.091612119062773,6.973641496465156,0.8820293774023833,0.5723670464694648,7.783308341788824,-1.9630774239458524,-18.930453609001887,7.700968319659109,False
rfdiffusion_62.pdb,A,14,14,4.205349928064473,7.695240613458787,3.4898906853943137,0.7589070991699276,7.425261739559803,0.9265096717007832,-18.306014335055696,12.77050223811829,False
rfdiffusion_63.pdb,A,1,1,3.3154342268332875,5.340336489864457,2.0249022630311697,0.49006225276552884,7.805193006320598,-0.16684245004900822,-15.445385372860438,10.94150207660103,False
rfdiffusion_63.pdb,A,2,2,3.8706515101159087,7.0792629597538,3.2086114496378912,0.6212684555302718,7.065205982759706,3.614848697520875,-13.788231233877525,15.331405245022303,False
rfdiffusion_63.pdb,A,3,3,5.693126996001419,8.101094566852035,2.4079675708506167,0.5152245940059698,3.9911983836897735,7.4535418746367865,-20.74997963442469,11.875684528797265,False
rfdiffusion_63.pdb,A,4,4,3.6883891800651845,6.620581473726834,2.93219229366165,0.4821848982994107,6.8643145424795975,15.104681256472205,-14.729575666319112,12.844565269432929,False
rfdiffusion_63.pdb,A,5,5,3.6861338424166217,5.073256066186892,1.3871222237702705,-0.1305451716187086,2.1656089231922637,10.187992033548351,-20.580298107261434,6.357069805976709,False
rfdiffusion_63.pdb,A,6,6,3.2117207870505076,5.653081445930983,2.4413606588804755,0.21959335023232476,5.208384506750897,19.67541295359208,-21.679899851363214,7.992936348094284,False
rfdiffusion_63.pdb,A,7,7,4.294012374220637,2.621434876558511,-1.6725774976621262,-0.21864066831118173,7.185468954288941,17.258091224437774,-17.50546021790641,0.009614357094549497,False
rfdiffusion_63.pdb,A,8,8,6.564675460093661,7.406990991580801,0.8423155314871398,-0.08057230151221462,7.017920089232476,22.508876893709377,-22.605320357381416,3.2316096480340244,False
rfdiffusion_63.pdb,A,9,9,8.14705195590577,7.284864285428271,-0.8621876704774989,-0.4496290340251926,3.4579224186357185,15.322169826446036,-23.121524322403364,8.387737707872303,False
rfdiffusion_63.pdb,A,10,10,10.421252886082968,13.71618196152711,3.2949290754441414,0.7620381142895694,5.768917782467912,14.99691797039178,-30.281597800698414,2.550853351542843,True
rfdiffusion_63.pdb,A,11,11,9.69899262896066,9.443636076555917,-0.2553565524047432,-0.2692057312510998,5.718040929001577,12.236886967765276,-25.097532202664716,9.229181453497791,False
rfdiffusion_63.pdb,A,12,12,8.458516297195455,10.775999514410882,2.317483217215427,0.7694189870004615,6.925663259655426,4.679505854871321,-24.479744677192514,3.561982873686336,False
rfdiffusion_63.pdb,A,13,13,5.398181049982676,2.806418671838583,-2.591762378144093,-0.8000328634716536,4.565502029491593,9.748238421705812,-16.47800556446332,5.340754960524887,False
rfdiffusion_63.pdb,A,14,14,5.642860223279162,8.914555503585754,3.2716952803065924,0.7006071658790256,6.00083767836821,4.131674675767288,-21.928957703572152,11.615215796737347,False
rfdiffusion_64.pdb,A,1,1,8.08454843966509,11.777144384479895,3.692595944814805,0.8865863743572124,6.5841511624632405,14.564088423368656,-28.391840454564555,5.015254616283951,False
rfdiffusion_64.pdb,A,2,2,8.311902163215336,8.577560176033966,0.2656580128186299,-0.17314297164785197,5.864309177289559,20.140343442105795,-23.01290666060686,10.928008333420422,False
rfdiffusion_64.pdb,A,3,3,7.847470122664465,9.878086034431137,2.030615911766672,0.3184751829877991,6.290387682707205,10.464768374447363,-23.629339069548408,13.1074450293971,False
rfdiffusion_64.pdb,A,4,4,8.19084551360374,6.654877032959701,-1.5359684806440397,-0.4253780323092161,4.295678062715547,16.981283607123313,-16.04745253863505,12.671248081039629,False
rfdiffusion_64.pdb,A,5,5,10.307671176491436,13.911179343928024,3.6035081674365887,0.8643177309262147,6.918266458674202,12.095156463504768,-20.809057457325295,20.168924367064395,True
rfdiffusion_64.pdb,A,6,6,10.417505959717339,12.377391086222753,1.959885126505414,0.3440768253151137,7.055376687425276,18.18198688472594,-15.105189397081846,19.290409214450758,False
rfdiffusion_64.pdb,A,7,7,8.030964161369804,6.956891672271592,-1.0740724890982118,0.18358918145055264,5.465905243677194,16.996556009292323,-13.059981658315746,12.7257861816826,False
rfdiffusion_64.pdb,A,8,8,6.538054579535322,5.82818384091878,-0.7098707386165417,-0.11859921408915226,6.470286265755088,7.80503580806536,-12.47740429059824,14.14241494911852,False
rfdiffusion_64.pdb,A,9,9,3.5335100501254826,4.300006175354712,0.7664961252292293,0.02040126325108313,5.409572986046398,15.898567196157805,-13.533578803208343,10.037121027467956,False
rfdiffusion_64.pdb,A,10,10,3.7454740328792813,5.170147377925213,1.4246733450459317,-0.11007123134993713,5.6525705014665295,10.556220639149519,-20.860261752359996,7.006497974048639,False
rfdiffusion_64.pdb,A,11,11,3.263261713869937,5.907147083120941,2.6438853692510045,0.31584618056397873,4.186274026608799,19.89563351662125,-21.756869723663115,8.184242444932238,False
rfdiffusion_64.pdb,A,12,12,4.169772390562025,2.4714589014940542,-1.6983134890679712,-0.23001103496599323,6.385018820850057,15.841764236893333,-17.14449147930094,0.49122614567613354,False
rfdiffusion_64.pdb,A,13,13,6.003420451150402,5.943084001810461,-0.060336449339940756,-0.18929179878760008,7.242159938304393,22.861264062468564,-20.405262138763526,2.305174313714785,False
rfdiffusion_64.pdb,A,14,14,7.738654375485075,8.30304157351629,0.5643871980312154,-0.11220090684594089,5.64070470764005,21.935346007142083,-23.742547964392546,8.10228483508117,False
rfdiffusion_65.pdb,A,1,1,7.467202721237001,8.45058035022552,0.983377628988519,0.24369921463597427,4.152274081190065,10.639442030489096,-20.060311272735635,-1.1366720831522406,False
rfdiffusion_65.pdb,A,2,2,10.161928624757056,13.834646465959356,3.6727178412022994,0.8872903658837061,5.9100939882926,8.367308625079758,-27.922744294994065,1.1697905791917158,True
rfdiffusion_65.pdb,A,3,3,9.027468713530917,9.522489804354217,0.49502109082330037,-0.09439771749998863,4.472363494531571,11.945148783436675,-25.390732791820604,8.161261278535344,False
rfdiffusion_65.pdb,A,4,4,6.1036294008564305,4.669230360643498,-1.4343990402129325,-0.6441367918471089,3.678216905537723,8.688289840465973,-18.102657636335323,3.955741209299346,False
rfdiffusion_65.pdb,A,5,5,5.833500532805357,8.94618848091834,3.112687948112982,0.64293642791944,5.3582032178611225,3.1121136169496255,-21.89423455490512,11.278767786742208,False
rfdiffusion_65.pdb,A,6,6,3.817123419833422,5.912597110476414,2.095473690642992,0.6486691929035073,7.940231764440908,-1.1896789686235736,-15.779209144949586,10.210400397733572,False
rfdiffusion_65.pdb,A,7,7,3.3820831107807416,6.516999015475167,3.1349159046944255,0.7527521691684713,7.07485053497027,2.4991414963018213,-13.892260317846631,14.75180598547129,False
rfdiffusion_65.pdb,A,8,8,5.1691260302857165,7.690846514115196,2.5217204838294798,0.3972929153407171,3.461605222099812,6.351381183602871,-20.81776779761242,11.228906254415048,False
rfdiffusion_65.pdb,A,9,9,3.436899375763395,5.961837879699427,2.524938503936032,0.28118489803950314,6.979163540899215,14.080608944132509,-15.048292710445413,12.568779170949327,False
rfdiffusion_65.pdb,A,10,10,3.7692351647844458,5.913143235176548,2.1439080703921025,0.15779491549970495,2.141116424433133,9.89697837026128,-21.450214005455145,6.420699835757712,False
rfdiffusion_65.pdb,A,11,11,3.5938711108871124,5.952944571746147,2.3590734608590345,0.22683199083537064,5.107398578632853,18.3987527842109,-22.999467176770555,6.178786867248956,False
rfdiffusion_65.pdb,A,12,12,4.380658437972759,2.288547707476598,-2.092110730496161,-0.854686475708569,7.547771663457054,17.46927729197293,-16.886272492124238,-0.1241885208103386,False
rfdiffusion_65.pdb,A,13,13,7.15070924997758,8.150529252340803,0.9998200023632231,-0.012263044819634097,6.807947459080873,19.732092331541377,-24.465621967397382,2.039970489924949,False
rfdiffusion_65.pdb,A,14,14,8.467446671949737,8.99183530642132,0.5243886344715829,-0.10104214100531253,5.212037961406865,14.694378303503173,-25.34114421960408,7.069542797447777,False
rfdiffusion_66.pdb,A,1,1,10.872807171162771,14.745440882160121,3.8726337109973503,0.9566306873990108,7.448321274332892,7.7176346927034585,-21.36081312344788,20.776267511150728,True
rfdiffusion_66.pdb,A,2,2,10.888145489704494,11.913979129187867,1.0258336394833734,0.0848535946605127,5.903705074282288,13.894487860634282,-16.51927601589417,19.082493007638703,False
rfdiffusion_66.pdb,A,3,3,7.4455298533644605,5.154501517276751,-2.2910283360877095,-0.6964663634919657,6.397126485228641,6.81279075873263,-10.4322441851361,16.73287174736554,False
rfdiffusion_66.pdb,A,4,4,6.9944081448517785,9.642437334263427,2.6480291894116483,0.7687313526203674,5.366281882609003,15.210317635780997,-15.262323867472267,16.22200243893911,False
rfdiffusion_66.pdb,A,5,5,3.8276732473721125,3.501833077997678,-0.3258401693744344,0.011846657634899282,7.186721006022391,15.971336282533523,-12.202513406517141,8.42053787526449,False
rfdiffusion_66.pdb,A,6,6,3.766055214204268,5.189458349203721,1.4234031349994534,-0.10796091258547602,1.3081711111220544,10.661325328817806,-20.431252357629916,9.26892873308268,False
rfdiffusion_66.pdb,A,7,7,3.5632590285626984,6.335154936889827,2.771895908327129,0.40122585311846604,4.70879445624344,18.925194016973563,-22.59937578861295,8.1705688431722,False
rfdiffusion_66.pdb,A,8,8,4.120286556862482,2.627586301402908,-1.4927002554595736,-0.34192213486268297,7.078246133720072,17.081206269527193,-17.836670831481666,0.6081544686451354,False
rfdiffusion_66.pdb,A,9,9,6.720757725325836,7.756680985528539,1.0359232602027033,-0.01864529258924008,6.911452903757093,20.796650892111106,-24.293761755534348,4.346390588532451,False
rfdiffusion_66.pdb,A,10,10,8.414341026391636,10.071688157615364,1.6573471312237285,0.2174526712025862,6.609163937843265,16.69334051614358,-26.296146107181187,9.117783062197073,False
rfdiffusion_66.pdb,A,11,11,6.836530949160068,7.804075617080964,0.9675446679208966,-0.03354332082156858,5.089362667681351,9.656909386036522,-21.84101749953095,2.6894731125009694,False
rfdiffusion_66.pdb,A,12,12,7.9288956281711345,10.597735607996578,2.668839979825443,0.527258388463339,5.009318299537185,12.936875210403779,-25.430890663468816,11.648930435887712,False
rfdiffusion_66.pdb,A,13,13,8.100951294052246,9.525562565850576,1.4246112717983301,0.7070402399564788,7.152892524410488,4.158850101709122,-22.445678013764052,11.96123232932523,False
rfdiffusion_66.pdb,A,14,14,8.621213295281565,6.831012505380428,-1.7902007899011378,-0.6330690866339904,2.794861876590527,12.777510594220633,-17.427911866660416,13.761954078273487,False
rfdiffusion_67.pdb,A,1,1,8.278955409840737,7.794367866970504,-0.48458754287023353,-0.3591777403182838,4.895102127228864,14.183504625115972,-12.793446590543788,13.831885048616904,False
rfdiffusion_67.pdb,A,2,2,8.907216045775918,12.486914409390861,3.579698363614943,0.8753297325499206,7.886415305788358,9.914753163444466,-17.496895191071467,19.35925603323258,True
rfdiffusion_67.pdb,A,3,3,6.095787778057638,5.612530611304976,-0.4832571667526624,-0.1521848585690745,6.904793960627462,9.947584635838636,-11.714484930231045,13.699902437180134,False
rfdiffusion_67.pdb,A,4,4,3.505535932544765,5.538609649670067,2.033073717125302,0.2021164266476918,3.0875502906882715,15.887332097506842,-17.974560443196406,10.853912901340573,False
rfdiffusion_67.pdb,A,5,5,3.867127054141162,3.1497808864919965,-0.7173461676491657,-0.095191859174669,5.559634246864763,6.9813240957413125,-17.547897732966312,6.1929311898270045,False
rfdiffusion_67.pdb,A,6,6,4.371444292757444,5.515343232035318,1.1438989392778733,0.06657529887647823,7.597579360063871,11.886418899986646,-19.182278241581816,1.8691976892872417,False
rfdiffusion_67.pdb,A,7,7,3.2461191983340068,6.101283987834897,2.8551647895008903,0.4115828497598873,4.138988544812007,17.600405100504954,-20.8654046747366,9.963391429627812,False
rfdiffusion_67.pdb,A,8,8,4.117438256591677,3.5527508656102187,-0.564687390981458,-0.2688024195633152,5.097336590900964,21.96258708548329,-17.76880079610572,2.407170270212509,False
rfdiffusion_67.pdb,A,9,9,7.606340014852113,10.936691303520957,3.3303512886688447,0.7519189218543842,7.794378164267065,23.296706779796164,-26.16419057158427,2.1804186399773986,False
rfdiffusion_67.pdb,A,10,10,7.944798118201485,7.7253871811215244,-0.21941093707996018,-0.009491342419759033,6.735963436640309,26.28809347304426,-18.733030282557714,2.610078584023552,False
rfdiffusion_67.pdb,A,11,11,6.280944001316199,3.0434408578333825,-3.237503143482816,-0.9192035337593482,3.493581810446666,19.187141670958454,-18.01106164674123,7.813060602171967,False
rfdiffusion_67.pdb,A,12,12,9.435506814912092,12.669687552990144,3.2341807380780523,0.7351511929559364,5.758858639297664,27.694287383332718,-19.49951530147003,12.93327390038101,False
rfdiffusion_67.pdb,A,13,13,9.452184809169259,10.669320652649121,1.2171358434798627,0.3828186336404141,7.685404272788898,23.046849134203153,-14.63047137495438,15.298433526292122,False
rfdiffusion_67.pdb,A,14,14,7.87604172550155,8.260885905442345,0.3848441799407949,-0.006592620006082406,5.960983025131166,16.80318939953711,-21.896290987210353,11.80127973655442,False
rfdiffusion_68.pdb,A,1,1,4.465318072810894,3.459796025151493,-1.005522047659401,-0.6709733841121095,7.929063080957735,4.995232288263322,-14.614555626829652,11.733373220894986,False
rfdiffusion_68.pdb,A,2,2,3.5624601020586977,6.461374313582171,2.8989142115234734,0.4581888180742351,5.598842328890018,12.402007608329988,-17.41298788375973,13.346712997793746,False
rfdiffusion_68.pdb,A,3,3,3.493755568686068,4.886887268318892,1.393131699632824,-0.15472822481780657,5.720132460355014,10.777258402526149,-19.24180412718055,3.732242494291206,False
rfdiffusion_68.pdb,A,4,4,3.6242049938545775,6.531012415306613,2.906807421452035,0.46628366645142666,5.258587256689806,17.999580134439718,-20.963780260096915,10.529356532664433,False
rfdiffusion_68.pdb,A,5,5,3.861965547400409,3.4609034476155953,-0.4010620997848138,-0.2375882453149305,7.046608896663318,17.527000875143454,-18.754939542401402,0.711587776913051,False
rfdiffusion_68.pdb,A,6,6,6.346443843131359,8.41734579013667,2.0709019470053107,0.28705762403202434,4.869136176583947,22.22774205923332,-23.50409947155031,8.561713508079203,False
rfdiffusion_68.pdb,A,7,7,9.651011656297516,11.891318464124794,2.2403068078272774,0.4178503853488616,8.13535934595381,28.38840130614976,-23.35162067271578,3.5589161713029247,False
rfdiffusion_68.pdb,A,8,8,11.315244833081097,12.41731735176658,1.1020725186854818,0.11218277840802554,6.765466715032828,24.004543633272252,-27.311717390528575,8.773816327903495,False
rfdiffusion_68.pdb,A,9,9,10.010001994636903,13.364417723964786,3.354415729327883,0.7793145097673393,6.913013912358767,18.657633048661268,-30.440670586435097,5.5231224155319385,True
rfdiffusion_68.pdb,A,10,10,7.870712983712459,8.813188579244914,0.9424755955324544,-0.004380644656489685,5.525477559279682,14.224076167096506,-23.97302922325874,1.1205142353255417,False
rfdiffusion_68.pdb,A,11,11,8.64964284228747,9.785261019574339,1.1356181772868688,0.07131815414985351,5.333220793866314,16.91028594942948,-25.218797262837207,10.644322522542232,False
rfdiffusion_68.pdb,A,12,12,7.601313467860943,9.108916499487586,1.507603031626643,0.15116455783674754,5.961328314046382,8.245635804451387,-24.096869905444393,5.675297852321913,False
rfdiffusion_68.pdb,A,13,13,8.347187240365598,9.0588995052224,0.7117122648568017,-0.05408819531498482,5.7946394482835455,13.137685083685616,-21.376523774602497,14.181132648195227,False
rfdiffusion_68.pdb,A,14,14,8.098394241177097,9.065932994352025,0.967538753174928,0.009371471242596852,6.10234907257149,6.373941187807573,-19.40573180015645,15.38467554501089,False
rfdiffusion_69.pdb,A,1,1,8.517461952228915,9.032800505399173,0.5153385531702579,-0.10207960483483297,5.070835728073884,13.926558482649057,-24.873620729384953,7.476249232326644,False
rfdiffusion_69.pdb,A,2,2,6.748005993774849,6.3632532625601845,-0.3847527312146646,-0.06025464285696858,3.7075313675161454,11.874755768607717,-18.393718816705913,-0.11641628277060523,False
rfdiffusion_69.pdb,A,3,3,9.940423649090263,13.492441290803985,3.5520176417137215,0.8454613117514969,6.3102260178438945,8.44508096843023,-25.812991055080115,-1.350409369967116,True
rfdiffusion_69.pdb,A,4,4,9.93505046362194,11.102532617171759,1.1674821535498197,0.10771213302059818,4.425352132679599,10.018273794525097,-26.808275769979954,6.519608191122755,False
rfdiffusion_69.pdb,A,5,5,6.487179381895777,3.859961738579886,-2.6272176433158907,-0.8073644364032757,3.8808425551918715,9.180596410308851,-17.917893790463832,5.319606409703458,False
rfdiffusion_69.pdb,A,6,6,6.37234239471053,9.469432095030777,3.0970897003202476,0.8745944354879749,5.849275091101368,1.3959323082482666,-22.177885994253494,10.020598162536732,False
rfdiffusion_69.pdb,A,7,7,4.163439187325133,5.293124141089826,1.1296849537646931,0.6106010291705081,7.876440600440738,-1.7261433190133926,-15.524277842462972,9.12271353723258,False
rfdiffusion_69.pdb,A,8,8,2.946500247550734,6.17136647996089,3.2248662324101556,0.8485136695731794,7.002044345102806,1.7984854097332468,-14.366251091284267,14.067862521148971,False
rfdiffusion_69.pdb,A,9,9,4.7178145292032525,7.343255178905787,2.6254406497025347,0.44205428020217596,2.526876080546455,5.7940604084467235,-21.02211159030075,9.60071917536026,False
rfdiffusion_69.pdb,A,10,10,3.409902547193429,5.714698880765123,2.3047963335716943,0.18440221139669377,6.314444281206906,12.799314317217275,-14.816802377226987,12.642512854814168,False
rfdiffusion_69.pdb,A,11,11,3.8404821421672355,6.403702554190134,2.5632204120228983,0.3338807310390719,3.3894864912381077,10.669728445549765,-22.164371711084225,7.1717818249170495,False
rfdiffusion_69.pdb,A,12,12,3.3680630029825678,5.721392772049709,2.3533297690671415,0.20005887549290985,5.040329800524772,18.709388150797977,-22.685397242832636,6.208492114268861,False
rfdiffusion_69.pdb,A,13,13,4.299964667618169,2.8450675685005193,-1.4548970991176495,-0.7673111157506426,7.855766965333518,18.137561181635242,-17.38929429374745,-0.15915542074787759,False
rfdiffusion_69.pdb,A,14,14,7.202181757272274,8.400383887013291,1.1982021297410173,0.04677450278720008,6.789041227049001,19.21256651976397,-25.053884670222878,2.7169130137901925,False
rfdiffusion_7.pdb,A,1,1,6.781049091017415,6.526557316937792,-0.2544917740796233,-0.025636629348246565,3.5475215962914843,11.59758819816219,-18.04530886505224,-0.4057803702803837,False
rfdiffusion_7.pdb,A,2,2,9.898755923696427,13.4961944702808,3.597438546584373,0.9695349518168186,6.277897215702677,7.977135401959931,-25.2138052787313,-1.9626386711063257,True
rfdiffusion_7.pdb,A,3,3,9.908542829488074,11.275064555697126,1.3665217262090525,0.5417246376104534,4.411566628125339,9.576013830759301,-26.82973164038498,5.683733481768849,False
rfdiffusion_7.pdb,A,4,4,6.367028018299058,3.9180521463920472,-2.4489758719070105,-0.8086172725249614,3.85272885347653,9.055181421774947,-17.74911906391078,5.111877628773804,False
rfdiffusion_7.pdb,A,5,5,6.197894408728319,9.27740804220288,3.079513633474561,0.8795405646441159,5.956559093151977,1.468962582464187,-21.957204826202076,10.138833787863966,False
rfdiffusion_7.pdb,A,6,6,3.8037941472866845,5.1961139481450385,1.392319800858354,0.5297752118779914,7.734990584403578,-1.2528658536608552,-14.91013665070563,9.59366257648424,False
rfdiffusion_7.pdb,A,7,7,3.28447084963938,6.737091151218941,3.452620301579561,0.8080701341382223,7.016667461435493,2.2727822564014377,-14.693876651929338,14.58660031853011,False
rfdiffusion_7.pdb,A,8,8,4.824664578577168,7.026237124962242,2.2015725463850746,0.3193583381492834,2.1473215876466063,5.751066602174002,-20.85393051422388,9.095483673922804,False
rfdiffusion_7.pdb,A,9,9,3.2412819883134127,5.536378779100439,2.2950967907870266,0.15987426098023172,6.254387337707741,13.019536871649832,-14.950614594349414,12.416765293808604,False
rfdiffusion_7.pdb,A,10,10,3.9441834121427894,6.486873438307867,2.542690026165077,0.3334956638309401,3.2808709193282084,10.538341177212876,-22.218122890975515,6.7520088312691335,False
rfdiffusion_7.pdb,A,11,11,3.558607537968364,6.0923363829634285,2.5337288449950646,0.2969165480525581,5.2008555898221696,18.40942335313721,-23.17097978758612,5.636178673904376,False
rfdiffusion_7.pdb,A,12,12,4.222522611038272,2.5665756862871003,-1.6559469247511718,-0.8064606238571003,7.614973528888542,17.63106297956622,-16.98699473951095,-0.33788132912526203,False
rfdiffusion_7.pdb,A,13,13,7.41148050617398,8.575844047331673,1.1643635411576927,0.044104846732393635,6.616270415798969,18.71110003261744,-24.93044074372777,1.7079840016301786,False
rfdiffusion_7.pdb,A,14,14,8.634803055133018,8.720031512517778,0.08522845738476015,-0.2070615015205246,4.509660495398247,13.649367368148049,-24.46093059137485,7.07816563701294,False
rfdiffusion_70.pdb,A,1,1,3.691773066038172,6.559669771146996,2.8678967051088238,0.45371419782200806,7.068164710790515,14.827827568859565,-14.13040129483276,12.855784421202578,False
rfdiffusion_70.pdb,A,2,2,3.846185981554448,5.1081926808407205,1.2620066992862724,-0.15273293133915414,4.638621308061257,10.951488334019514,-20.84479993673727,6.645703772429203,False
rfdiffusion_70.pdb,A,3,3,3.2883051970281363,6.004000860942068,2.715695663913932,0.351057533635016,7.6967183732044555,20.20912547573277,-19.373064182615384,10.296889110073716,False
rfdiffusion_70.pdb,A,4,4,3.9032601648364076,7.298265022554143,3.3950048577177356,0.705475380531232,7.859678685806432,20.461623354462585,-23.913548184414857,5.87166862683061,False
rfdiffusion_70.pdb,A,5,5,5.442826420152596,4.491676942057291,-0.9511494780953056,0.023893977609105083,3.6761376734388924,11.914441395651885,-20.16312054568406,5.841572749558197,False
rfdiffusion_70.pdb,A,6,6,6.426747719620722,9.887787545363803,3.4610398257430814,0.7870477051110829,5.173996633350755,13.26927630825974,-23.11283038922543,-3.09146011983469,False
rfdiffusion_70.pdb,A,7,7,6.878144507341203,7.376885176161063,0.49874066881986057,0.0797452759345752,7.454388559396323,11.515843138777925,-14.256630067705107,-2.880215922461301,False
rfdiffusion_70.pdb,A,8,8,10.262166669073139,12.131060089702467,1.8688934206293286,0.7063462835972059,6.468795469352543,10.29367959877022,-21.944676005056532,-5.830721899801821,True
rfdiffusion_70.pdb,A,9,9,9.783793786396094,8.66646410729618,-1.1173296790999139,-0.41125102105630573,3.7373873992313853,11.579571312607351,-23.2922078513554,2.721202926355489,False
rfdiffusion_70.pdb,A,10,10,8.515300807852043,10.679369026333875,2.164068218481832,0.6705374308297832,6.75807658436698,1.99700758340551,-24.072388066564073,1.9833366053299497,False
rfdiffusion_70.pdb,A,11,11,6.420266516908186,4.038685646163718,-2.381580870744468,-0.5564435672357958,4.452475419732244,10.03738605988108,-19.235734317930515,6.137684551250768,False
rfdiffusion_70.pdb,A,12,12,5.983638906761765,9.327909834911278,3.3442709281495127,0.7354630984026507,7.094528572952357,2.9405689491111007,-22.103135165835177,11.751464339345358,False
rfdiffusion_70.pdb,A,13,13,3.8553988928990797,5.906334722378058,2.0509358294789783,0.1396492869094914,8.347086256532911,2.3756065570642884,-14.998782515435547,13.403132879425083,False
rfdiffusion_70.pdb,A,14,14,5.70340245040287,8.769994061320215,3.066591610917345,0.7879426875197483,5.041429990946404,8.354982806890154,-20.604523798183266,13.603838487010728,False
rfdiffusion_71.pdb,A,1,1,4.494581833636276,6.292819620057126,1.7982377864208505,0.09451138715523039,7.748719688108887,5.556143179734141,-17.604192681636643,13.353119239391063,False
rfdiffusion_71.pdb,A,2,2,3.498995946149735,6.224740436429823,2.725744490280088,0.37526550801029374,7.480416427301564,11.585661726763384,-16.424602942367898,13.319105475113169,False
rfdiffusion_71.pdb,A,3,3,3.7912989249886793,5.693763637191673,1.902464712202994,0.0674240208489108,2.989803063440112,10.929940262632778,-20.87648161971902,4.550042642635139,False
rfdiffusion_71.pdb,A,4,4,3.522703721019252,6.2658370340938525,2.7431333130746003,0.3850477159630673,6.918601476476051,18.95185042269934,-20.44205632457242,10.448806845484837,False
rfdiffusion_71.pdb,A,5,5,3.744904457211023,3.4869381306262315,-0.25796632658479135,-0.18602293096223077,6.381734448249739,16.391194554012696,-18.708906409965515,0.853918137674289,False
rfdiffusion_71.pdb,A,6,6,6.302114395311549,8.42525091213539,2.1231365168238403,0.30283896017186696,5.92579169289738,22.960412985744995,-23.640150818060835,6.807452091940136,False
rfdiffusion_71.pdb,A,7,7,9.423664416297697,12.094878022730851,2.671213606433154,0.5502188726307741,8.008938581604678,26.746251614879426,-24.82041482843149,0.6242486155676329,False
rfdiffusion_71.pdb,A,8,8,11.264338868024405,13.999409507903044,2.7350706398786393,0.5892282946986815,7.165956894493497,23.2148272502516,-29.918894313949075,3.570610284170039,False
rfdiffusion_71.pdb,A,9,9,9.143028450186595,5.523700235309148,-3.619328214877447,-0.9444861184027611,2.0697844923690485,18.098412700652858,-22.590644612180828,5.015602006405567,False
rfdiffusion_71.pdb,A,10,10,10.532629705745965,14.353302510594563,3.8206728048485985,0.938523955299893,6.6736966615362485,12.406572306745959,-29.65974403484279,1.0965534548540488,True
rfdiffusion_71.pdb,A,11,11,9.35168033156387,7.807153243362297,-1.5445270882015727,-0.4196036094833618,7.013077395195442,11.900881275307674,-20.3984798583125,-1.1772759981595264,False
rfdiffusion_71.pdb,A,12,12,9.672855892819126,11.92483441173953,2.2519785189204047,0.4217670799719285,5.740986474913119,8.266887112166687,-27.0885765834339,5.235015206736895,False
rfdiffusion_71.pdb,A,13,13,7.895835630239487,9.562829568876815,1.6669939386373276,0.28791444686758855,8.412669708901776,1.7488302811911285,-22.1293841773274,2.682147819630017,False
rfdiffusion_71.pdb,A,14,14,6.809172842995422,7.955377522630971,1.1462046796355487,0.4511813045792008,3.694407238611904,9.643724712830764,-23.346302844786376,8.737294097920584,False
rfdiffusion_72.pdb,A,1,1,7.390883520093925,7.240906018579037,-0.1499775015148881,0.13022288779240934,7.307334527686755,-1.0495920685610112,-14.308956409307463,14.486925755230804,False
rfdiffusion_72.pdb,A,2,2,5.432414142441053,8.344628565681194,2.9122144232401412,0.5550410625583282,4.3069728359460155,7.616527489949432,-16.063498738877964,16.096291293166033,False
rfdiffusion_72.pdb,A,3,3,4.857006832924615,4.653031756258867,-0.2039750766657482,-0.36074436183619196,5.63913574734619,4.39290812108168,-18.383782022042173,6.771173379421956,False
rfdiffusion_72.pdb,A,4,4,3.331931908744214,5.92442209701664,2.592490188272426,0.30001391796965454,5.338380428736395,12.546526720125197,-17.25044460413904,12.775946842261618,False
rfdiffusion_72.pdb,A,5,5,3.753632684864896,5.446979984129538,1.6933472992646417,-0.013992019669781197,5.7519359991261885,11.089632104261868,-19.708933645342626,3.2311800822533066,False
rfdiffusion_72.pdb,A,6,6,3.2774692636965943,6.166111875222257,2.888642611525663,0.43017680237732525,4.875399662887568,18.523878391018982,-21.23436718702023,9.733949683872286,False
rfdiffusion_72.pdb,A,7,7,4.15272347785666,4.983678935030774,0.830955457174114,-0.062048218784437184,8.35391275591222,22.490266811018483,-19.55948755983448,3.1947821516199597,False
rfdiffusion_72.pdb,A,8,8,7.328283408540963,9.221712075966636,1.893428667425673,0.26159326086838236,6.844736939402642,21.112292153206067,-25.3672052390938,7.706157652447253,False
rfdiffusion_72.pdb,A,9,9,8.459648005431596,11.116587148339303,2.6569391429077065,0.5321271174523139,6.686874117026543,16.133786428136588,-26.904158744285073,10.118856274003814,False
rfdiffusion_72.pdb,A,10,10,7.586964326644194,8.814701771064787,1.2277374444205922,0.06815867765538869,5.857377665841587,8.934801891641783,-23.88085977300589,4.7553487652531405,False
rfdiffusion_72.pdb,A,11,11,8.249593139710862,9.187765049314747,0.9381719096038843,0.005443287937021424,5.643220095135485,13.287504295814815,-22.195112712457664,13.594396238750294,False
rfdiffusion_72.pdb,A,12,12,9.340412151262768,10.002376133833652,0.6619639825708834,-0.0427680471644207,5.298895198964337,4.071339164761211,-23.455896978844187,10.153148856638735,False
rfdiffusion_72.pdb,A,13,13,10.347880125006157,12.074837655860593,1.7269575308544365,0.27448957193503287,6.704134005019984,8.884850978011325,-19.99235332377535,18.09913479990625,True
rfdiffusion_72.pdb,A,14,14,10.46545922953486,11.178283689254357,0.7128244597194975,0.07578163816680317,5.886159383254111,3.073684421945172,-16.65650788944676,19.2747149526882,False
rfdiffusion_73.pdb,A,1,1,3.468617159944137,6.112107327261578,2.6434901673174407,0.336104808472244,7.791225652474769,10.997671907988014,-16.701146979675496,13.101976208059309,False
rfdiffusion_73.pdb,A,2,2,3.8949663723259977,6.02916690204367,2.1342005297176723,0.1662430944066332,3.7196134088656634,11.09256287465069,-21.374650801353468,4.723327652471496,False
rfdiffusion_73.pdb,A,3,3,3.3809126934784053,5.9486414520667745,2.5677287585883692,0.29414262778491307,6.870051945792936,19.25190810400776,-20.525716752635443,9.872395637450953,False
rfdiffusion_73.pdb,A,4,4,3.94703188704908,3.414578566155496,-0.532453320893584,-0.14521934286363114,3.184946850164696,16.271620439043218,-18.480631442070784,0.4456272073304737,False
rfdiffusion_73.pdb,A,5,5,6.585471550936202,9.296886826008034,2.7114152750718326,0.5137003009175253,6.480311447092032,21.71705843664626,-25.605431517778584,5.461179438461854,False
rfdiffusion_73.pdb,A,6,6,8.68577076109679,11.753496566774157,3.067725805677366,0.7625988406044285,5.943116283709178,18.46097685688473,-26.963653561543005,-1.222326905903429,False
rfdiffusion_73.pdb,A,7,7,6.17222306601577,8.701693929415352,2.529470863399582,0.4698390964288833,6.933553544761972,20.99688002463352,-19.61514074538054,-5.118922668854779,False
rfdiffusion_73.pdb,A,8,8,7.436171446922132,11.316594949700159,3.8804235027780267,0.9542658302296406,6.047401902422312,14.711802158361555,-25.37203262902732,-3.142750379486646,False
rfdiffusion_73.pdb,A,9,9,7.07936578639705,5.466406244627929,-1.6129595417691212,-0.631921784839135,6.082671276799955,12.053622517748655,-16.32184864454834,-0.03693748753965523,False
rfdiffusion_73.pdb,A,10,10,8.996316568011318,10.26715132314334,1.2708347551320216,0.3394360215648625,5.277324765753684,9.22978240445051,-25.10698851602931,3.4580412252610175,False
rfdiffusion_73.pdb,A,11,11,7.605635519757285,6.401582615901113,-1.204052903856172,0.41058024585340225,6.740064291639587,4.146678784106653,-18.911303345606655,-2.2397944988525498,False
rfdiffusion_73.pdb,A,12,12,8.720611181281045,12.6830079249456,3.962396743664554,0.9863075060414781,6.89201573213651,3.56700768630958,-25.962300905155825,2.4391241366611585,True
rfdiffusion_73.pdb,A,13,13,7.019968395773358,7.310762948148187,0.29079455237482943,0.2050530082025837,4.1942784399556405,10.017308594033242,-22.888902751766288,6.129534524758135,False
rfdiffusion_73.pdb,A,14,14,4.514150307573698,6.345867054504292,1.831716746930594,0.5399423816723746,7.452877450069626,5.084618070428794,-18.617295300434414,12.415738308487894,False
rfdiffusion_74.pdb,A,1,1,9.618885900178666,12.086813120951138,2.467927220772472,0.4882073294596145,5.229825898145701,19.66607822260887,-29.07061760508105,5.981728490219452,False
rfdiffusion_74.pdb,A,2,2,7.683414964439358,8.534929091150968,0.85151412671161,-0.007557084431903595,5.679575403599116,12.326139852774658,-23.354831446807456,3.0321868062840105,False
rfdiffusion_74.pdb,A,3,3,8.562963043119035,9.794569336554964,1.231606293435929,0.09648020969375795,5.868888992717663,18.421318689667412,-25.266646566324738,10.677601291394915,False
rfdiffusion_74.pdb,A,4,4,7.7999858492308185,9.63952593616309,1.8395400869322707,0.2577036951628409,6.361117301930035,8.882153117646004,-23.99355498349228,11.436268353879555,False
rfdiffusion_74.pdb,A,5,5,8.563840747006461,8.538588388262331,-0.025252358744129566,-0.06732675728000284,5.462452446848781,17.645962302670124,-19.410848670209717,13.489522578750412,False
rfdiffusion_74.pdb,A,6,6,9.129322931727074,10.309804832260214,1.18048190053314,0.09512668933808704,5.741783991610859,12.978581844698024,-15.846094286132507,17.43399333951413,False
rfdiffusion_74.pdb,A,7,7,6.385673833942085,6.585004310235885,0.19933047629379974,-0.04787856150883668,7.090101508436383,7.827957808056593,-13.381521789639722,14.476982742593702,False
rfdiffusion_74.pdb,A,8,8,3.7765523048677285,6.1535775316336965,2.377025226765968,0.32310344548380693,5.322711628332071,15.525308368655605,-14.670763181392768,12.240045211282537,False
rfdiffusion_74.pdb,A,9,9,3.545195524400436,4.585703507628019,1.0405079832275832,-0.2658433999972032,6.110013773220455,10.511951910187706,-19.83897315098594,5.303219692753606,False
rfdiffusion_74.pdb,A,10,10,3.439737011990194,6.2448372265126055,2.8051002145224113,0.4057796127476909,5.109719444531313,19.2074715771642,-20.220991760241148,10.509690844563996,False
rfdiffusion_74.pdb,A,11,11,3.9959460565062837,3.8371099755910536,-0.15883608091523005,-0.22619774315282645,6.431842751763759,17.133222744413143,-19.209194263609348,0.7836283554535197,False
rfdiffusion_74.pdb,A,12,12,6.759473156376767,8.408099565913774,1.6486264095370071,0.16653777927995123,5.770602445952846,22.327594321401747,-23.570171592362794,8.351311176831242,False
rfdiffusion_74.pdb,A,13,13,10.196198189069257,12.840253470910433,2.644055281841176,0.5505685679125365,6.536318578374935,25.070259372970188,-27.767925567742406,4.6076604225991415,False
rfdiffusion_74.pdb,A,14,14,10.450611289714713,14.429668958381507,3.979057668666794,0.9927657533367609,6.8733874706550875,21.331598277736457,-29.13909083027253,-1.9966203889440575,True
rfdiffusion_75.pdb,A,1,1,3.2127810694657697,4.184499195174833,0.9717181257090637,-0.03230973620863936,8.110700783664974,2.543101239040701,-13.15446612987261,12.525251766332403,False
rfdiffusion_75.pdb,A,2,2,4.4988033672842525,7.188981116829152,2.6901777495448993,0.5643168849692098,4.203280509491708,5.986010434553921,-21.219443037622472,8.673511703306879,False
rfdiffusion_75.pdb,A,3,3,3.4586799693914205,6.0523939831656675,2.593714013774247,0.3133061695142684,8.083050577593749,12.218933401208876,-15.081313305266354,13.099495576822758,False
rfdiffusion_75.pdb,A,4,4,3.8175308486742137,6.3115474457154725,2.494016597041259,0.3032748830279803,3.1260686405664333,10.491588957502481,-22.019581331573022,6.7962149238516405,False
rfdiffusion_75.pdb,A,5,5,3.39426443376361,5.71839549111447,2.32413105735086,0.19072672240318797,5.331981720950306,18.88597862185484,-22.50283047580905,6.848657470776976,False
rfdiffusion_75.pdb,A,6,6,4.240107878154868,2.181888097760278,-2.05821978039459,-0.2555974582040305,7.457501420688714,17.600061192236996,-16.932968814190385,0.17969411854494943,False
rfdiffusion_75.pdb,A,7,7,6.853473463179321,7.933093114844167,1.0796196516648457,-0.0006590209798490593,6.764556547340125,20.0362464731412,-24.224893955853048,2.3949994298723913,False
rfdiffusion_75.pdb,A,8,8,8.207592323425867,8.137928287225733,-0.06966403620013395,-0.26101892562831175,4.375386068445745,15.1512628013676,-24.212018399039465,8.082448162592407,False
rfdiffusion_75.pdb,A,9,9,7.835855269031658,7.065081470323105,-0.7707737987085528,-0.27352642377728886,4.0144742746577,10.75205155812449,-19.62828270798514,0.41211090636971903,False
rfdiffusion_75.pdb,A,10,10,10.746135248303313,11.979016207786287,1.2328809594829746,0.1397875128270909,5.120976312072497,7.851340620938437,-27.139688001742595,6.829679857531113,False
rfdiffusion_75.pdb,A,11,11,10.10970333891421,11.885651626397374,1.775948287483164,0.9264677804630974,6.805861540879361,3.4490867951098805,-26.02302350508949,-0.5148883349888274,True
rfdiffusion_75.pdb,A,12,12,8.48132426950094,7.908463938892401,-0.5728603306085382,-0.3270314727760617,4.577660860661932,5.6286375809134,-21.935278317144014,8.53236203304678,False
rfdiffusion_75.pdb,A,13,13,6.866239777775977,8.015240684834879,1.1490009070589018,0.18868476878850224,6.1276711788750795,-3.0411067940112417,-20.863010896229408,3.5828817271104025,False
rfdiffusion_75.pdb,A,14,14,6.376492560673169,9.294929538690253,2.918436978017084,0.5829234377551389,6.6851271386414455,0.4772770434597321,-21.023709738511062,11.385778297268466,False
rfdiffusion_76.pdb,A,1,1,4.606052699670206,5.049326897793706,0.44327419812349955,-0.31806025736978866,7.483756272163218,6.278737955073683,-14.376421805765395,13.33771839078714,False
rfdiffusion_76.pdb,A,2,2,3.3570917418521318,5.794029124642538,2.4369373827904064,0.23460441013034983,6.363675700705085,13.080505630997811,-16.739725985340215,12.701092470791759,False
rfdiffusion_76.pdb,A,3,3,3.6786368918500685,5.458888217233768,1.7802513253836993,0.009075752184395238,6.12798642670204,10.631624729334696,-20.09960485131077,3.8252442679512133,False
rfdiffusion_76.pdb,A,4,4,3.5144259971581686,6.303603432911389,2.7891774357532206,0.40491059784382427,5.266378822378459,18.309519627130673,-20.404430229796564,10.618689339523602,False
rfdiffusion_76.pdb,A,5,5,3.838543857814434,3.941601666906937,0.10305780909250295,-0.12166936370534726,6.537942853580835,16.79748774292228,-19.257464933103122,0.6208589140764982,False
rfdiffusion_76.pdb,A,6,6,6.266525757766942,8.524239721017862,2.2577139632509198,0.3469489705389184,4.190082247889842,23.069071616942647,-23.513563746717445,7.446238773292357,False
rfdiffusion_76.pdb,A,7,7,9.241543465950533,11.76817092806782,2.526627462117286,0.5015898988778101,7.497073259962085,27.909850423695698,-23.52027009879545,1.7393174785247891,False
rfdiffusion_76.pdb,A,8,8,11.514929053468506,14.818571602662415,3.303642549193908,0.7707002536972024,7.581774000018653,25.813144372017394,-29.36318718862996,2.633100791573911,True
rfdiffusion_76.pdb,A,9,9,9.879204601999213,11.241059259597694,1.3618546575984816,0.16148478256737753,6.656582802303502,22.385045905556336,-27.00146324824403,8.173782369397857,False
rfdiffusion_76.pdb,A,10,10,7.977249986562692,9.208013112287311,1.2307631257246197,0.08071371980982597,5.644754226399451,14.750203635179766,-25.119741797776705,1.8614012793408499,False
rfdiffusion_76.pdb,A,11,11,8.557944401880272,9.185685706584078,0.6277413047038056,-0.07100990626180947,5.924790982035318,17.615160009536673,-23.839753261812398,11.524471267585692,False
rfdiffusion_76.pdb,A,12,12,7.857707742199582,9.956633585236759,2.0989258430371764,0.3402866064619601,6.375305573303747,8.928138888799577,-25.394019798079565,6.4215805024070525,False
rfdiffusion_76.pdb,A,13,13,8.141499110149628,8.126351739881116,-0.01514737026851165,-0.24943830879180146,5.1260277726328,12.566575001801102,-20.088175180879002,14.029464063972748,False
rfdiffusion_76.pdb,A,14,14,8.138664588204215,9.928525482141017,1.7898608939368028,0.25092810712476676,7.305918495094792,5.6730721423243855,-19.70272568399536,16.325159355255508,False
rfdiffusion_77.pdb,A,1,1,3.7503237227133646,5.174642447010996,1.4243187242976312,0.49950342514045776,7.802259969096346,-1.1651144464323293,-15.024132060717605,9.51745023858484,False
rfdiffusion_77.pdb,A,2,2,3.368050013329468,6.963822403555715,3.5957723902262466,0.8008108532063263,6.6738818332225245,2.305066177494651,-15.084329407966344,14.634534477313155,False
rfdiffusion_77.pdb,A,3,3,5.1114607942561605,7.37741834571836,2.2659575514621997,0.36262214413674276,2.570677893310628,6.145326177147538,-21.103237592646238,9.72730795883317,False
rfdiffusion_77.pdb,A,4,4,3.408117062364857,5.846536030840091,2.4384189684752338,0.24084861072420616,6.153691828812083,13.20257504049932,-14.79916460712585,12.734978170059236,False
rfdiffusion_77.pdb,A,5,5,3.8989242193504663,6.187908018821524,2.288983799471058,0.2272612701873648,3.14414606552173,10.658825016990718,-21.940488533601442,6.7662072910003195,False
rfdiffusion_77.pdb,A,6,6,3.245025359828553,5.560387888583512,2.3153625287549593,0.1690173010437601,5.30012954618377,19.486911005122224,-21.953536750866785,7.420836818386524,False
rfdiffusion_77.pdb,A,7,7,4.2280801462194235,2.566604788863929,-1.6614753573554943,-0.22635160485654532,7.485908134937527,17.84605821232247,-17.29946888122,0.05351560088125851,False
rfdiffusion_77.pdb,A,8,8,6.730122040148738,7.719651720092122,0.9895296799433835,-0.03160269525752561,6.9785735731271865,21.640701732632998,-23.467518658755736,2.8352115222134726,False
rfdiffusion_77.pdb,A,9,9,8.16366023962126,6.872415232036509,-1.2912450075847506,-0.40511049488332324,3.3521221002167017,13.36770455144523,-22.616450166526434,7.423055096872526,False
rfdiffusion_77.pdb,A,10,10,11.712582665874761,14.717483862604661,3.0049011967299,0.6768334433015987,6.494901231101588,14.36377593879801,-31.31029259390265,3.648108758113434,True
rfdiffusion_77.pdb,A,11,11,10.905517677026968,10.689315173493378,-0.21620250353358905,-0.23690826197130535,6.834148629995389,10.566485130239345,-26.22955343412731,9.506461285502779,False
rfdiffusion_77.pdb,A,12,12,9.9434040234232,12.022748692385681,2.079344668962481,0.7890779036665481,6.802308406438861,3.437852917465234,-25.618785286550903,3.849097290077111,False
rfdiffusion_77.pdb,A,13,13,6.429032014724691,3.9356552666139923,-2.4933767481106988,-0.7742461371736074,4.4558088764157056,9.262490727943355,-17.94539752225231,5.107051155319019,False
rfdiffusion_77.pdb,A,14,14,6.196780966468475,9.285301358018156,3.0885203915496806,0.641799500153526,6.357776896959144,1.8673820483187005,-22.065013345222454,10.55491781888524,False
rfdiffusion_78.pdb,A,1,1,5.951471433851607,2.6865191794533203,-3.2649522543982865,-0.9278770866073187,4.353605879672636,20.575887598220582,-17.11103991954783,5.592954991220031,False
rfdiffusion_78.pdb,A,2,2,7.333844531658209,10.252580182219042,2.9187356505608326,0.6021760631883514,3.5739457085222566,20.98260415265878,-25.13481733398785,10.850760981896174,False
rfdiffusion_78.pdb,A,3,3,10.024109443634153,12.886340078511282,2.862230634877129,0.6181969708814773,5.754655844881925,25.52850409023964,-20.267219051072782,15.139877688317362,True
rfdiffusion_78.pdb,A,4,4,8.27097542184134,6.0616870676834385,-2.209288354157902,-0.4153372635991053,4.456122541690202,22.92191576833471,-14.58413671037194,10.11609625022671,False
rfdiffusion_78.pdb,A,5,5,6.9174658308174095,7.320777141849368,0.40331131103195883,-0.13880725091465887,3.471114700725839,15.840710713491806,-20.46728807453446,11.41079169150476,False
rfdiffusion_78.pdb,A,6,6,8.675934449103483,7.097498597667296,-1.5784358514361871,0.2690063562895805,5.583144001321907,15.513699082229921,-11.370334656383891,15.896818873737764,False
rfdiffusion_78.pdb,A,7,7,6.80271321699389,5.985023447286526,-0.8176897697073642,0.027344498063974487,8.62688738847624,9.252608666776895,-11.972097902474875,15.07410832261047,False
rfdiffusion_78.pdb,A,8,8,3.354626533274696,3.5202675692860157,0.16564103601131963,-0.2525401676809502,5.5048252962663105,15.216041575008262,-13.441065671602352,9.064795235029854,False
rfdiffusion_78.pdb,A,9,9,3.537445915519501,5.047007784517235,1.509561868997734,-0.1074658155065393,7.119309102613708,10.227701094587394,-20.525522671404634,6.100436368159495,False
rfdiffusion_78.pdb,A,10,10,3.5531995319479526,6.20257917077963,2.649379638831677,0.3464047485776138,1.591070078602061,19.337751580624357,-21.276882163062055,9.616769569058093,False
rfdiffusion_78.pdb,A,11,11,4.024405929347785,2.7807380440935114,-1.2436678852542737,-0.32382394171520384,6.561819942063014,16.90424949180067,-18.009688319485438,0.7627255092822307,False
rfdiffusion_78.pdb,A,12,12,5.63008195577704,5.701117496655378,0.07103554087833786,-0.0988523047312784,5.145682268506977,23.670939962268513,-19.314862432242187,2.9388470512907254,False
rfdiffusion_78.pdb,A,13,13,8.350553742482303,12.117996255299039,3.7674425128167357,0.9148208569830876,7.845632205934944,23.995001670876743,-27.577224969052427,6.020479770704518,False
rfdiffusion_78.pdb,A,14,14,8.699717110224281,9.580633585377395,0.8809164751531142,0.16385693549554659,6.803615507219878,27.572090788618866,-20.22932180402739,4.923747099044652,False
rfdiffusion_79.pdb,A,1,1,4.801899731233086,8.138238177449017,3.3363384462159305,0.8547513122064481,7.355693868940174,6.696744929078935,-20.603066853528947,12.495416474596574,False
rfdiffusion_79.pdb,A,2,2,3.3722115271856437,5.9681688661972805,2.595957339011637,0.3057054695718969,7.641447948318931,11.722780870309284,-16.495675364593218,12.987774589488463,False
rfdiffusion_79.pdb,A,3,3,3.779827154979225,5.903912327751267,2.124085172772042,0.15110106802489065,3.4414773324494936,11.148540958362847,-21.038207888124717,4.273374501900118,False
rfdiffusion_79.pdb,A,4,4,3.199077687623848,5.900310490105824,2.7012328024819756,0.33523590176902573,8.07831435055754,19.035306591988174,-20.48060701854719,9.828228444097597,False
rfdiffusion_79.pdb,A,5,5,4.066026499009431,7.721552090036609,3.6555255910271782,0.8328091886741438,4.6354234547166815,14.334140892375297,-23.313246871375295,2.438098195713751,False
rfdiffusion_79.pdb,A,6,6,3.84582621180802,7.473497014279765,3.627670802471745,0.8146096997931547,4.849890152489435,17.66252307349192,-20.63661975849821,-3.646911554103931,False
rfdiffusion_79.pdb,A,7,7,3.806740065118645,4.332984979394404,0.5262449142757593,-0.13785793680060948,7.393286312143479,14.85464810435088,-12.4578725281144,-1.9022225443203074,False
rfdiffusion_79.pdb,A,8,8,7.383521198031674,9.57317507648525,2.1896538784535755,0.3577103471121863,6.972163060056955,14.52838773658865,-18.404496986732827,-7.049938416547414,False
rfdiffusion_79.pdb,A,9,9,8.199885504084238,7.9328295832491555,-0.267055920835082,-0.3095826032465548,3.6462107161030164,16.06106890434976,-22.93441934911618,-0.38763811332635045,False
rfdiffusion_79.pdb,A,10,10,6.770802470853769,2.93638526678586,-3.834417204067909,-0.9825535407993713,3.6489419878192946,12.609225859787351,-17.24901651269738,3.5401467637733517,False
rfdiffusion_79.pdb,A,11,11,8.698324699387456,9.60199419076505,0.9036694913775936,0.8484395152790193,3.5937644391242807,8.213103555432856,-18.529676201427073,-5.07453568562215,False
rfdiffusion_79.pdb,A,12,12,9.352268803942383,11.250485234115635,1.8982164301732514,0.996317394179189,6.277181712386247,5.277092246824478,-24.412314083330628,-2.242609231477524,True
rfdiffusion_79.pdb,A,13,13,7.493831469560647,5.60861499972937,-1.8852164698312777,-0.374209209468496,3.8406199864893247,10.2434613139171,-20.72855023497863,4.792560741834137,False
rfdiffusion_79.pdb,A,14,14,6.395759865225111,9.773587408760427,3.3778275435353162,0.8456869239384764,7.007913121472136,2.2120286413088035,-22.944777820041573,8.761536074604363,False
rfdiffusion_8.pdb,A,1,1,8.791069020108127,11.170157725888243,2.3790887057801164,0.7883139331017621,6.847887390590195,4.757186316142098,-24.68037918652146,2.7591215214557105,False
rfdiffusion_8.pdb,A,2,2,5.95859907663134,2.6310502669000777,-3.327548809731262,-0.8208952571734995,4.0321020859574705,9.91739554462387,-16.968644478321202,5.906723363374971,False
rfdiffusion_8.pdb,A,3,3,6.422607746515713,9.35837168730612,2.935763940790406,0.590282608270945,6.5876240065104685,4.236208803132433,-22.438183426855176,11.625126222938153,False
rfdiffusion_8.pdb,A,4,4,3.7644614879003138,5.359499694972629,1.5950382070723155,0.363051750321657,7.974287666808188,-0.5920155989706357,-16.07164985778666,9.037993107761247,False
rfdiffusion_8.pdb,A,5,5,3.640265707129504,7.0588886480609885,3.4186229409314843,0.7065546785603909,6.732646755241958,2.1306033646746525,-15.518147689229224,14.471278753608111,False
rfdiffusion_8.pdb,A,6,6,5.6804252234998724,8.482262802703922,2.801837579204049,0.5372641984428982,4.581973702467847,7.524581206655303,-21.004078591351682,12.271739030461541,False
rfdiffusion_8.pdb,A,7,7,3.633968049000798,6.213389900763226,2.579421851762428,0.3233548547020026,7.002399388705574,14.053059134406789,-13.810144939073474,12.63827772151018,False
rfdiffusion_8.pdb,A,8,8,3.935196597346343,5.8368830309678605,1.9016864336215176,0.08206171367420736,3.3633143521768685,10.823792671393106,-21.566578206039285,7.804038112009846,False
rfdiffusion_8.pdb,A,9,9,3.2130858726817597,5.653812794133273,2.4407269214515135,0.21948053396896872,4.762850349207646,19.942272598440777,-21.482770130410717,8.150695823040724,False
rfdiffusion_8.pdb,A,10,10,4.100376242458272,2.307604943678295,-1.7927712987799769,-0.26294387364978544,6.829708925346523,16.539934080551248,-17.306247482441094,0.4621303662511598,False
rfdiffusion_8.pdb,A,11,11,6.2464431046075255,7.005426704337407,0.7589835997298815,-0.11446497747842542,7.0456310065385725,22.430983158393932,-22.07853970595749,3.087737616575778,False
rfdiffusion_8.pdb,A,12,12,7.847103519486609,7.971373654273084,0.12427013478647542,-0.2235575783182966,5.396617847658383,18.771775617505817,-23.94763853742258,9.20024018517204,False
rfdiffusion_8.pdb,A,13,13,8.448498266380366,5.3295628972815665,-3.118935369098799,-0.485445279551701,3.0307632027005385,12.20388221225152,-21.1896502549251,7.475870386540577,False
rfdiffusion_8.pdb,A,14,14,10.442642397473058,14.082644497629937,3.640002100156879,0.8770780408029099,6.985653645308837,9.66052305942003,-29.09618472141132,2.893089109308629,True
rfdiffusion_80.pdb,A,1,1,7.973383334110032,9.837565012826603,1.8641816787165713,0.2696917202971447,7.437926587452379,3.1825022859960295,-22.435813728274617,12.351614968301698,False
rfdiffusion_80.pdb,A,2,2,4.403101527657462,2.4944921462120955,-1.9086093814453666,-0.8279621968671206,6.703028455243336,4.882329880730199,-14.355249291541666,10.757989825175079,False
rfdiffusion_80.pdb,A,3,3,3.462877748317102,6.280193886781184,2.8173161384640824,0.4132874809570122,3.802316905221333,12.290823789931538,-16.799223427833823,13.306391731107269,False
rfdiffusion_80.pdb,A,4,4,3.674182751933812,5.253893773222157,1.579711021288345,-0.06451158958545126,5.4405892794703945,10.84474314662726,-20.051631758311032,4.09984883746691,False
rfdiffusion_80.pdb,A,5,5,3.4993536866580306,6.1773093664745895,2.677955679816559,0.3541252049309329,1.9137912130878592,18.602317510935563,-20.669764795387998,10.287096937371443,False
rfdiffusion_80.pdb,A,6,6,4.102433686632204,3.3693126911409563,-0.7331209954912477,-0.25589076590658283,7.165760711865764,17.708904283793572,-18.572364502869053,0.5625449947457115,False
rfdiffusion_80.pdb,A,7,7,5.782212356720642,6.649030506182912,0.8668181494622704,0.2467136356987222,8.431572959249133,23.84047475498217,-19.83382721053461,1.0288012528593407,False
rfdiffusion_80.pdb,A,8,8,5.637693434205802,3.9959598134248404,-1.6417336207809612,-0.7054279576505785,5.0734363495287935,20.082025005681057,-16.62594153781201,8.589620814037263,False
rfdiffusion_80.pdb,A,9,9,8.876644970651794,12.39629173378839,3.5196467631365955,0.8290466341677806,6.660073544823872,26.501084328841216,-23.706389884874685,11.29648866548719,False
rfdiffusion_80.pdb,A,10,10,8.60818364175982,6.880252927911065,-1.7279307138487559,-0.6038023424770615,5.634562610573946,19.836996126965154,-16.88415778294402,11.967750501826622,False
rfdiffusion_80.pdb,A,11,11,10.447012127094862,14.422075763256572,3.9750636361617104,0.9913864552467994,6.85788997592164,17.611075839583844,-24.218116921230127,17.833104710060745,True
rfdiffusion_80.pdb,A,12,12,8.529937209720446,5.850493600235131,-2.6794436094853147,-0.7991201043744511,2.002149682648732,12.312862701333984,-20.816414736191224,10.22259857294199,False
rfdiffusion_80.pdb,A,13,13,10.419115600550306,12.619306058749151,2.200190458198845,0.41616918002118936,6.597514367000446,12.412873368924386,-17.644734057352142,19.59022639182737,False
rfdiffusion_80.pdb,A,14,14,8.575822922236046,6.375136833195355,-2.2006860890406914,-0.7127941099128839,4.853172822849644,8.386508242031097,-14.828495823651624,13.901651720275757,False
rfdiffusion_81.pdb,A,1,1,6.454080201962471,3.5783350263212226,-2.8757451756412484,-0.8686495453967875,7.946373603626128,2.4975362798997174,-16.276315649656524,-4.154264112843503,False
rfdiffusion_81.pdb,A,2,2,7.573369866558149,8.833626958953015,1.2602570923948662,0.9941310587512353,6.377350509372748,3.136658094610991,-22.605178927611142,-1.0225445391537114,False
rfdiffusion_81.pdb,A,3,3,6.5153120210310735,5.6885832920413195,-0.826728728989754,0.006620585613417329,3.2672446389334837,11.118221933457907,-18.407626182830217,1.1463686088257246,False
rfdiffusion_81.pdb,A,4,4,4.766934304585148,8.19258878938638,3.425654484801231,0.7445783183790748,5.911786585397007,6.224412821210554,-22.291606338869727,8.800220551762362,False
rfdiffusion_81.pdb,A,5,5,3.0893453596488194,5.2016746943553915,2.112329334706572,0.4066859119248042,8.413410411691356,8.707976743113226,-15.698960987690153,12.151588779590739,False
rfdiffusion_81.pdb,A,6,6,3.8756195066135506,7.02480670411853,3.149187197504979,0.5911146235784597,4.830591471226257,12.007084881174421,-22.738114959752377,8.647250233969398,False
rfdiffusion_81.pdb,A,7,7,3.347600171611799,5.897341161616443,2.549740990004644,0.28274755535624807,7.285455648771229,19.94018013262978,-20.403208980672957,9.663907404408317,False
rfdiffusion_81.pdb,A,8,8,3.917136354396477,3.351242833588515,-0.5658935208079616,-0.22417750338576192,2.892956750964322,15.48638190975527,-18.275570922223395,1.0411230416510908,False
rfdiffusion_81.pdb,A,9,9,6.833303877003378,10.396455343520365,3.563151466516987,0.8303494452952711,7.28517523280367,18.065915693063754,-27.187171809966596,2.530713792219462,False
rfdiffusion_81.pdb,A,10,10,7.233223599783156,10.095547525509843,2.8623239257266873,0.5806635714573811,5.417248635561455,16.354386987745343,-23.988986940348337,-3.6254708639436815,False
rfdiffusion_81.pdb,A,11,11,4.509417596242269,5.0176121675721115,0.5081945713298426,0.1836627314077146,7.407993223185289,21.64171662088932,-16.37866573953018,-2.9975146979886578,False
rfdiffusion_81.pdb,A,12,12,6.357208830912191,10.27719143971293,3.919982608800739,0.9675346619687373,6.829285721423778,14.827487487571645,-20.68438404450769,-6.838988283760917,False
rfdiffusion_81.pdb,A,13,13,6.361005966845537,5.189540414756554,-1.1714655520889838,-0.5368366580286285,5.651307281461396,12.235377958094016,-13.858733559778976,0.13291427727992788,False
rfdiffusion_81.pdb,A,14,14,9.536774624619376,11.99523883910107,2.458464214481694,0.5248128092335598,6.130077227584882,8.498011105533744,-22.520849521183585,-3.083526628280663,True
rfdiffusion_82.pdb,A,1,1,7.784693574154865,9.397927455543462,1.613233881388597,0.18818317130584003,5.97667845699739,9.059299692668638,-24.676746241061803,8.903582674070249,False
rfdiffusion_82.pdb,A,2,2,8.318370464712556,9.308734259006718,0.9903637942941614,0.02189801668332847,5.884660429328803,15.824803509187767,-19.86950884567067,14.60635152244083,False
rfdiffusion_82.pdb,A,3,3,8.858518355009792,9.693927361911497,0.8354090069017044,0.018708537996723507,5.74238403658076,10.309356153083678,-16.357354085911663,16.774909669958507,False
rfdiffusion_82.pdb,A,4,4,5.757744233074743,4.135856545921784,-1.6218876871529595,-0.6957218879297301,7.062058734576177,5.8544751541884,-14.357730184041728,12.418217582384592,False
rfdiffusion_82.pdb,A,5,5,3.526551743322953,6.244607021742004,2.718055278419051,0.3742519174601971,5.108182441822085,14.317382347455727,-15.844666756818885,12.90678188014053,False
rfdiffusion_82.pdb,A,6,6,3.702805535227474,5.0335911271408404,1.3307855919133664,-0.14764915673190665,5.989497975230139,10.815308866307511,-20.10442870979146,4.592260894714888,False
rfdiffusion_82.pdb,A,7,7,3.398509969867614,6.199718730927883,2.8012087610602694,0.4004196867830927,5.077780517924181,19.057170662320836,-20.04396092552025,10.525587747021534,False
rfdiffusion_82.pdb,A,8,8,4.0517871713149205,4.8274811425798045,0.775693971264884,-0.036302129566001706,6.494261432731174,16.37377949858808,-20.116048057719315,0.7053710476789559,False
rfdiffusion_82.pdb,A,9,9,6.2821658388158665,8.11518080183706,1.833014963021193,0.20674702611582374,5.462468339219622,23.717287438009276,-22.224111942494936,7.588936580175977,False
rfdiffusion_82.pdb,A,10,10,9.116966597700841,12.172318391434375,3.055351793733534,0.6724585648537205,6.287077563001938,27.118235292250993,-25.04240404390114,2.4912773838317017,False
rfdiffusion_82.pdb,A,11,11,11.114358458713525,15.046321233547701,3.931962774834176,0.9769212357589417,7.253701531176577,23.872771352257125,-29.641025190659168,-0.637541921131739,True
rfdiffusion_82.pdb,A,12,12,9.658649566715564,10.839039928638055,1.1803903619224911,0.10606134578969281,5.57447249043216,23.24196944690564,-26.366608466918414,7.016232074709794,False
rfdiffusion_82.pdb,A,13,13,7.962543877066053,9.389409913335339,1.4268660362692858,0.13750181164701444,5.745515359890983,14.246009472154016,-25.410754090324524,2.65997602556584,False
rfdiffusion_82.pdb,A,14,14,8.531003075029604,9.49252795926049,0.9615248842308866,0.019488834981776337,5.984642229103394,18.69291437992707,-24.15080943596736,11.517362984116788,False
rfdiffusion_83.pdb,A,1,1,3.465955630610086,5.0629965199228755,1.5970408893127894,0.36536689412015766,7.8494890842161995,-0.30914006118448745,-15.318922386899423,10.232374027276055,False
rfdiffusion_83.pdb,A,2,2,3.8349624407285714,7.13207743013457,3.297114989405999,0.6570987565907058,6.961404775141434,3.0098127287582597,-14.547352687636426,15.136170017237257,False
rfdiffusion_83.pdb,A,3,3,5.6347751353276445,8.043796437602223,2.409021302274579,0.5156387601872832,3.7939951153366605,7.55658372986984,-20.83333913432436,11.695267326463435,False
rfdiffusion_83.pdb,A,4,4,3.4997736086667883,6.131765052588261,2.631991443921473,0.3339547224518609,6.602813784026139,14.291575302971568,-13.763716310056497,12.412716647493525,False
rfdiffusion_83.pdb,A,5,5,4.045442204411639,6.204067550322298,2.158625345910659,0.18925158555013472,3.63267980413866,11.069270388552441,-21.940025112249927,8.096545054189702,False
rfdiffusion_83.pdb,A,6,6,3.2868302844515624,5.978052745026743,2.691222460575181,0.339759796900913,5.1948815602043705,18.953161715196867,-22.86818721711697,6.262318903164598,False
rfdiffusion_83.pdb,A,7,7,4.278694219758383,2.52583135149425,-1.752862868264133,-0.19176401094910295,7.536568799345051,17.544005884512437,-17.171029630068393,-0.10936681254493097,False
rfdiffusion_83.pdb,A,8,8,7.132294170458065,8.391832064534068,1.2595378940760025,0.06227353095425865,6.612967879970465,19.084005805430735,-25.01613731044478,2.651477122686617,False
rfdiffusion_83.pdb,A,9,9,8.400828864004746,8.541844744609994,0.1410158806052486,-0.19181095398656034,4.620474273356667,13.996540799436834,-24.142868634721157,7.951577640965137,False
rfdiffusion_83.pdb,A,10,10,6.79134727563897,7.071061819728368,0.2797145440893978,0.09968833220232864,3.7522569395821965,11.503191380296485,-18.913147168075596,-0.4844392334993808,False
rfdiffusion_83.pdb,A,11,11,9.924946816169221,13.531023683101283,3.606076866932062,0.9785860814793875,6.356192397529336,8.01907738203691,-26.287198731240256,-0.5438353319508042,True
rfdiffusion_83.pdb,A,12,12,9.748366621553371,11.190338930485114,1.4419723089317422,0.1819924667575286,4.592726014947943,10.380948554155134,-26.951137073099062,6.883901599496634,False
rfdiffusion_83.pdb,A,13,13,6.440619075314991,3.4585928518578264,-2.982026223457164,-0.719438018208737,3.888490884860805,9.99445229520824,-18.065157704941637,5.347820944705605,False
rfdiffusion_83.pdb,A,14,14,6.068203608354,9.218901786964956,3.1506981786109565,0.6625736706306803,5.524022805449549,2.930953293643073,-22.095090234900713,11.374222277302467,False
rfdiffusion_84.pdb,A,1,1,12.133421539959404,15.005869977974298,2.872448438014894,0.6382805126128145,6.736596017912272,13.20504237616507,-31.289873248822495,3.762873760813764,True
rfdiffusion_84.pdb,A,2,2,11.444431771723291,12.04190004855222,0.5974682768289288,-0.02149146292446011,7.0236738170389215,8.315035222362699,-27.362612124387947,7.877708575657861,False
rfdiffusion_84.pdb,A,3,3,9.787995701367613,10.753621226931198,0.9656255255635848,0.3296242276235353,6.862338415004934,3.343066958229031,-23.903112450198716,1.1473612859723943,False
rfdiffusion_84.pdb,A,4,4,6.379563630929514,3.719783656551376,-2.659779974378138,-0.8137491735943483,3.8513628448486736,9.24523981309131,-17.69764139580782,5.241572282925462,False
rfdiffusion_84.pdb,A,5,5,6.304849412089343,9.45603305546519,3.1511836433758464,0.8546178647740763,6.380123281406512,1.5443848107787328,-22.288225849789935,9.649741603371648,False
rfdiffusion_84.pdb,A,6,6,3.946170591109978,4.415043552413522,0.46887296130354406,0.4162233637869166,7.95049026202948,-1.2326417566660077,-14.81784030959484,8.62850641007333,False
rfdiffusion_84.pdb,A,7,7,3.5245260382838777,7.185164710265901,3.660638671982023,0.822958487401011,6.521400546622396,1.8270688814588647,-16.38418823856186,14.12544876419648,False
rfdiffusion_84.pdb,A,8,8,5.107109061433699,7.2905384963719815,2.183429434938282,0.4225921699054173,2.6694078416657687,6.1789138661523655,-21.372929588492585,8.75136601736595,False
rfdiffusion_84.pdb,A,9,9,3.18581371508712,5.443628605936519,2.257814890849399,0.13668736526664949,6.068802006833388,12.569704581294612,-14.53547056920397,12.30522378429837,False
rfdiffusion_84.pdb,A,10,10,3.983819494405989,6.55364998520144,2.5698304907954506,0.3476409504162723,3.5810022455475012,10.849228958124117,-22.35736520603794,6.672672742174968,False
rfdiffusion_84.pdb,A,11,11,3.317882768071919,5.728528974467568,2.410646206395649,0.21880284978297354,5.431425685876097,19.33867945955214,-22.342582195930746,7.036435553828614,False
rfdiffusion_84.pdb,A,12,12,4.256301264898074,2.505174189013915,-1.7511270758841588,-0.23683623826392652,7.496163929635234,18.065617858640138,-17.160851959426466,0.04053143428472161,False
rfdiffusion_84.pdb,A,13,13,7.008371451092933,8.083377200941207,1.0750057498482741,0.003990173900298308,6.8854723438294085,20.936750770016477,-24.05587129210375,2.268240876544101,False
rfdiffusion_84.pdb,A,14,14,8.44098211213127,6.386308147175156,-2.0546739649561134,-0.36958976849623004,3.514537159319412,12.050476833242989,-22.243830208018217,6.281009828076192,False
rfdiffusion_85.pdb,A,1,1,11.834493381939847,14.602393930001782,2.7679005480619345,0.6038985946188902,7.42083129309672,24.948297557408953,-29.766962078094423,3.531351983720503,True
rfdiffusion_85.pdb,A,2,2,10.327160178858577,12.883709927666088,2.5565497488075106,0.5245845051238777,6.868463591137098,20.08107763862825,-29.68223069676727,6.840915908890704,False
rfdiffusion_85.pdb,A,3,3,7.996816906757282,8.531400952018421,0.5345840452611395,-0.11198641004112497,5.112319950025903,13.86300573538066,-23.977830132477823,2.1997814631559605,False
rfdiffusion_85.pdb,A,4,4,8.567396744960853,9.605707392049874,1.0383106470890215,0.04186404310610156,6.195661913086029,18.030689573267672,-24.61794211895643,11.17507320786875,False
rfdiffusion_85.pdb,A,5,5,7.553377083886715,8.800623367107084,1.2472462832203695,0.07277318097664012,5.639627722051315,8.803556132955995,-24.094383099071756,7.75828992858283,False
rfdiffusion_85.pdb,A,6,6,8.282843369083679,9.524673220022517,1.2418298509388386,0.09226761923398014,5.952363003301126,14.400589087015117,-20.378378554002417,15.125768753041413,False
rfdiffusion_85.pdb,A,7,7,8.47786402068236,9.863974376069613,1.3861103553872542,0.13894731249470132,6.430999023267974,9.014737165886386,-16.85610796162581,17.0065441650336,False
rfdiffusion_85.pdb,A,8,8,5.185152142800555,3.088330388235625,-2.09682175456493,-0.8039305898432596,6.884475908759759,5.173365235966706,-14.682971204936921,11.32476943220431,False
rfdiffusion_85.pdb,A,9,9,3.447739500839566,6.235343167512364,2.787603666672798,0.3985436288188809,5.247008797035877,13.465422117199768,-16.162278878996688,13.13232122262789,False
rfdiffusion_85.pdb,A,10,10,3.6129276957748506,5.217000017554343,1.6040723217794928,-0.0635273305963663,5.630708984742198,10.679727671108008,-20.0939826087296,4.264810068181481,False
rfdiffusion_85.pdb,A,11,11,3.3848050835188683,6.106118238140448,2.72131315462158,0.3629372561465602,5.161576901969106,18.81446109070451,-20.40423429025104,10.255853028735178,False
rfdiffusion_85.pdb,A,12,12,3.9713697671696644,3.66193830042319,-0.30943146674647437,-0.1278082248446557,6.888240054125775,16.952522156540606,-18.8510885328755,0.34011034807223783,False
rfdiffusion_85.pdb,A,13,13,6.528046497324315,8.678680837299126,2.150634339974811,0.3198527691652853,3.7066054362317815,22.21382263753602,-24.409291540427215,6.976679354614069,False
rfdiffusion_85.pdb,A,14,14,9.538719583062957,12.036551084154164,2.4978315010912073,0.49654711124464107,7.773700272315209,27.57684784128198,-24.179660229009997,1.3290367800405327,False
rfdiffusion_86.pdb,A,1,1,8.244449842642116,7.982310177129662,-0.2621396655124535,-0.30708050299394685,4.963721033071045,12.684131324347193,-20.449003305351425,13.588785197850996,False
rfdiffusion_86.pdb,A,2,2,8.305050228358867,8.838160863504287,0.5331106351454196,-0.10326203334996875,6.302806717877947,6.282203188142185,-19.08703005111256,15.34848232584298,False
rfdiffusion_86.pdb,A,3,3,4.748471983195643,3.0037641429719124,-1.7447078402237302,-0.27581277096165313,8.269248993293894,4.4129599213325115,-15.091311442382088,10.898571224860866,False
rfdiffusion_86.pdb,A,4,4,3.371144062323744,5.904278392743073,2.5331343304193292,0.2779431388591505,6.253017223223939,12.242525999622774,-16.954443162536002,12.869689504337632,False
rfdiffusion_86.pdb,A,5,5,3.7084315228579072,5.416599076041141,1.7081675531832339,-0.013918239979061232,5.656899763770316,11.20741524175894,-19.862792223163467,3.4232464186448075,False
rfdiffusion_86.pdb,A,6,6,3.6084861074834373,6.627840681617263,3.0193545741338257,0.516390403686267,5.619504466825101,17.94494373228933,-20.573597877421882,10.924034612990086,False
rfdiffusion_86.pdb,A,7,7,3.832373102515242,4.01423186788227,0.1818587653670276,-0.21488445945106088,6.231561774955571,17.76488576700317,-19.36075642522367,0.905561776774237,False
rfdiffusion_86.pdb,A,8,8,5.271674894334275,6.333958715643543,1.0622838213092676,-0.08705780226323084,6.362047100042742,22.13132251913956,-18.225798750812604,9.825662441241896,False
rfdiffusion_86.pdb,A,9,9,8.527395991682598,10.47221340279122,1.9448174111086232,0.3071097145875689,5.239477242920008,21.9994451795037,-25.733318429019224,9.55736592528303,False
rfdiffusion_86.pdb,A,10,10,10.546923756166644,14.345400059420925,3.798476303254281,0.9309930680397959,8.350109270732647,25.171361977212978,-29.451020901753292,4.660374140817087,True
rfdiffusion_86.pdb,A,11,11,9.883286258812765,13.287995590578209,3.404709331765444,0.7954272151931667,6.850030459525393,18.737381080544075,-30.369042329931098,4.845124541755397,False
rfdiffusion_86.pdb,A,12,12,7.674079465253555,8.573779753578522,0.8997002883249676,-0.022507512609149627,5.980815602531093,14.23440055772263,-23.637572088777397,1.0581848630178272,False
rfdiffusion_86.pdb,A,13,13,8.429463100261417,9.114402667370824,0.6849395671094065,-0.0590712627834076,5.253921611852727,17.46650814740111,-24.479849898548196,10.62544620181234,False
rfdiffusion_86.pdb,A,14,14,7.867440179950043,9.962379295064393,2.09493911511435,0.33925243156361634,6.511218783933979,8.670878268238358,-25.22832932785936,5.592192546494497,False
rfdiffusion_87.pdb,A,1,1,8.199557602481045,8.826043492593238,0.6264858901121926,-0.08131081123376004,5.042115941735459,16.15297411001955,-25.08251461170175,8.550565202946057,False
rfdiffusion_87.pdb,A,2,2,10.642731567400602,14.085528808113772,3.442797240713169,0.8119906221237883,6.8169837419447825,15.511778240775536,-30.162094424988464,0.4205272788228651,True
rfdiffusion_87.pdb,A,3,3,10.851079319227507,9.891872374122595,-0.9592069451049117,-0.4135162626009023,5.7123590194126646,12.50418084086672,-25.673305169396798,8.281796370854666,False
rfdiffusion_87.pdb,A,4,4,10.293116231413707,13.06162288448603,2.768506653072322,0.7659424351184029,5.125299036817312,4.682493292217579,-26.909404024880697,3.8415516075565215,False
rfdiffusion_87.pdb,A,5,5,7.04199409876657,5.533074265583485,-1.5089198331830849,-0.6208250200694496,6.1203699303017824,8.288260824552061,-18.167640847446908,2.6305352848125962,False
rfdiffusion_87.pdb,A,6,6,8.051416775695289,11.004372806144698,2.9529560304494087,0.6252145788810924,6.346000402166679,1.7694751632368448,-23.95414616306162,3.944635323848352,False
rfdiffusion_87.pdb,A,7,7,10.212190942860383,12.185293166542008,1.9731022236816251,0.604356222232111,4.132002124231744,8.173070311926118,-27.418586142964763,8.069493324941396,False
rfdiffusion_87.pdb,A,8,8,7.645504032739958,7.535474647820193,-0.11002938491976533,-0.2889010753595647,3.3040164414021773,11.852234347142222,-22.472425494469,10.721047387752767,False
rfdiffusion_87.pdb,A,9,9,4.732610886141149,4.847270114672449,0.11465922853130017,0.14657743897943143,7.682924860185955,5.278852803656922,-15.818601567446496,12.762606380937463,False
rfdiffusion_87.pdb,A,10,10,3.298975618370167,6.151253751225889,2.852278132855722,0.4150789620418091,7.61690022770633,12.413766836777175,-15.186942820092106,13.184435194089732,False
rfdiffusion_87.pdb,A,11,11,3.680946017832592,5.5958088008072036,1.9148627829746117,0.05989330846446564,2.4087136090116843,10.280835634255292,-20.99731976687364,5.577582937419384,False
rfdiffusion_87.pdb,A,12,12,3.5271201376339465,6.062001483295982,2.534881345662036,0.2944075058912483,4.889732513110014,19.14793328719909,-21.909308361588522,8.657102018870285,False
rfdiffusion_87.pdb,A,13,13,4.126796144142144,2.2191665440745054,-1.9076296000676387,-0.33499721315248066,6.938245775576061,17.544892376828997,-17.31432110026089,0.49909497407355463,False
rfdiffusion_87.pdb,A,14,14,6.160641332193624,6.873456352234503,0.7128150200408792,-0.1361282475175731,6.725237214897725,22.68088909042289,-21.993756133241522,5.812496605493061,False
rfdiffusion_88.pdb,A,1,1,3.477988946224789,5.374721445077661,1.896732498852872,0.04594703590634491,7.783190526335541,8.699340323543014,-17.727412569092497,11.055326904669874,False
rfdiffusion_88.pdb,A,2,2,4.056774366794128,6.882379912192353,2.8256055453982247,0.4594085268002804,3.8388110810772664,12.46078000165806,-21.357228339595807,2.8539104833907962,False
rfdiffusion_88.pdb,A,3,3,3.4894039061183992,6.2914936616659505,2.8020897555475512,0.40862826807259534,7.860985955588957,17.10015832364352,-18.99714980577183,11.269122504274758,False
rfdiffusion_88.pdb,A,4,4,4.156639613066972,5.840639701258541,1.6840000881915698,0.0251230430212225,2.983072661583163,18.12232240969737,-21.848768696131827,1.821600405338589,False
rfdiffusion_88.pdb,A,5,5,6.37250765843972,10.20977274902608,3.8372650905863592,0.9342987243215614,8.564415587505744,25.404092668302454,-24.100064257111868,6.019059935029693,True
rfdiffusion_88.pdb,A,6,6,6.0327266986168295,9.47859633906413,3.4458696404472997,0.7759757315490594,5.753477769668286,23.337665764593186,-23.10141635636901,-1.0202171804645443,False
rfdiffusion_88.pdb,A,7,7,4.110980584157696,3.675308681813202,-0.43567190234449393,0.37224997831214013,7.73265685912431,22.271471729661805,-14.7035571980651,-2.197537494128624,False
rfdiffusion_88.pdb,A,8,8,5.32358258130076,8.832481970219545,3.5088993889187856,0.8228399802417802,4.945964080638486,19.456711848560833,-23.88954534441707,-0.28594422728034663,False
rfdiffusion_88.pdb,A,9,9,3.8130880996207432,1.6162455139412957,-2.1968425856794473,-0.5038861558919363,2.47067407442857,16.361272338089016,-17.393716967864176,5.066133821088659,False
rfdiffusion_88.pdb,A,10,10,4.254666460783722,4.972960236346745,0.7182937755630237,-0.14543539313282194,4.9244914611378485,16.422566861883418,-14.263628917089408,-3.4323309222124223,False
rfdiffusion_88.pdb,A,11,11,7.7122860035458585,9.676105808540788,1.9638198049949294,0.2941357008286703,5.0547361727372655,13.809152669763458,-21.363012258740913,-5.158711575171227,False
rfdiffusion_88.pdb,A,12,12,7.720966942726734,5.69240857120476,-2.0285583715219735,-0.6453760777693858,3.0497275442906218,11.89511126040476,-20.55212268673804,3.7260607655110496,False
rfdiffusion_88.pdb,A,13,13,7.453642729837031,9.026352610057808,1.5727098802207768,0.6882464128894751,6.9181057644146735,3.567109366248205,-22.14226867180095,-0.21880595615148235,False
rfdiffusion_88.pdb,A,14,14,5.335876678000529,8.529122402194025,3.1932457241934955,0.6623641432464042,7.1586007034690144,5.73632497500957,-22.820291841257127,6.593311988529183,False
rfdiffusion_89.pdb,A,1,1,6.179384976384249,9.264655372556662,3.0852703961724135,0.8200655412194606,6.764584976298037,2.726143173696597,-22.459639278086794,9.961658999592215,False
rfdiffusion_89.pdb,A,2,2,3.793364286110143,5.306787500997743,1.5134232148875997,0.4442557067039827,7.677128496930304,-0.9049148620105778,-15.715635082893304,9.196376710962836,False
rfdiffusion_89.pdb,A,3,3,3.419548251357649,6.847788252431391,3.4282400010737417,0.7674973641060001,7.411880868871108,2.020364496404152,-15.265967171568057,14.365406217281992,False
rfdiffusion_89.pdb,A,4,4,5.152311750964568,7.257557126909802,2.105245375945234,0.3597365423639197,2.976961495055665,6.6134652970904755,-21.09212802203595,9.580019062947807,False
rfdiffusion_89.pdb,A,5,5,3.5356017983473884,6.3295136697358405,2.793911871388452,0.40877987993911413,6.55171745278891,13.245641259738264,-14.432578639239429,13.179881090454487,False
rfdiffusion_89.pdb,A,6,6,3.7998171177997064,5.72949008623413,1.9296729684344238,0.07857111268811298,3.111012363366057,10.600364794335313,-21.42424890239821,6.821734184371632,False
rfdiffusion_89.pdb,A,7,7,3.242622462036933,5.660492891953898,2.417870429916965,0.21304435961108434,6.597328503459869,19.722889296634357,-21.446150970435696,8.304182651355172,False
rfdiffusion_89.pdb,A,8,8,3.999806001161669,2.4689591349858375,-1.5308468661758314,-0.27471433960965225,7.276589242356364,17.716302788983956,-17.488130946565793,0.3682612932010567,False
rfdiffusion_89.pdb,A,9,9,7.283754230917782,8.528013858815404,1.2442596278976223,0.06305031061913935,4.654481251510828,17.048240163864232,-25.519002816500837,6.200937082039459,False
rfdiffusion_89.pdb,A,10,10,10.811659124811257,13.612774010321173,2.801114885509916,0.6060083189838523,7.9442532343752,18.301182249527038,-28.79322778860704,-1.7893023731784299,False
rfdiffusion_89.pdb,A,11,11,12.930378230984648,15.449695972217109,2.519317741232461,0.5365120092817702,7.258593683849541,13.96107073740604,-31.650959534358908,1.8029029722436833,True
rfdiffusion_89.pdb,A,12,12,10.282890761370666,7.297746993092302,-2.9851437682783644,-0.6560093509159644,2.5442364802926676,14.497793206541296,-23.538324747631613,5.5350102645955195,False
rfdiffusion_89.pdb,A,13,13,9.492721527805383,12.479003238275697,2.9862817104703137,0.854097782036952,5.988583826238368,4.974120880063909,-26.247402751992812,3.3630497290633907,False
rfdiffusion_89.pdb,A,14,14,6.3007898028242355,3.9394280729020585,-2.361361729922177,-0.7484625929968879,4.965933857677808,9.54838828925304,-17.47733532691733,4.44072468529045,False
rfdiffusion_9.pdb,A,1,1,6.456423170774873,4.0844036680328815,-2.372019502741992,-0.4169221604022625,5.287167523712794,11.35031446359579,-16.638610318998275,1.795166966611779,False
rfdiffusion_9.pdb,A,2,2,4.8583228034369315,5.05835102677129,0.20002822333435866,-0.360628237795477,6.221714275528516,18.72124735360798,-21.92795578120518,4.249118984097055,False
rfdiffusion_9.pdb,A,3,3,3.729530733905827,3.5695510538358954,-0.15997968006993135,-0.5753976090892454,5.245641186563736,9.836953605747308,-18.606172999878304,8.015711434376028,False
rfdiffusion_9.pdb,A,4,4,6.413634067851096,7.525300248999409,1.1116661811483128,0.6923447271178479,6.922821427335493,13.941429613997416,-18.33759996915754,13.840684162968953,False
rfdiffusion_9.pdb,A,5,5,8.05101908799947,11.371198717110127,3.3201796291106582,0.7527813409552448,6.699833177869842,17.670073211099865,-24.626418792143777,13.601969640410935,False
rfdiffusion_9.pdb,A,6,6,8.399183176080884,8.212042565188632,-0.18714061089225176,-0.2843823408526459,4.975982842347653,10.136082207181078,-22.830644354374165,11.027349160530173,False
rfdiffusion_9.pdb,A,7,7,8.667059924410479,12.267409303444737,3.600349379034258,0.9417761475055013,6.280874553506982,12.302858633291812,-27.76674405222925,3.092144467300919,True
rfdiffusion_9.pdb,A,8,8,7.652286102931119,4.342317359181089,-3.30996874375003,-0.9098876304499199,5.124228879254514,8.901125787674832,-18.887123504073305,6.161882314787806,False
rfdiffusion_9.pdb,A,9,9,9.482337517805442,11.44063736659046,1.9582998487850176,0.6878426273094749,6.137779372998025,4.34821381702792,-24.789849292746986,-0.19786523409160384,False
rfdiffusion_9.pdb,A,10,10,7.536736617326321,5.556080112901185,-1.980656504425136,-0.48440027399810015,5.527126159035657,9.588790711006801,-15.95277627886185,0.7715399268219227,False
rfdiffusion_9.pdb,A,11,11,5.906560921325045,6.248039803558764,0.3414788822337185,-0.18818380527801576,6.0075927542939604,6.050929927285475,-14.907702368826389,-4.9772827018213,False
rfdiffusion_9.pdb,A,12,12,8.985709822634076,8.357462536578751,-0.6282472860553252,-0.3741468814169635,7.986948567581762,4.540533266302147,-20.559639424615852,-8.962397088990723,False
rfdiffusion_9.pdb,A,13,13,11.160224986535189,9.132817380596258,-2.027407605938931,-0.6400214650683235,6.016603239266126,10.93615286588505,-17.270752374454887,-4.765554184689378,False
rfdiffusion_9.pdb,A,14,14,9.603513927288068,12.068105078204937,2.4645911509168688,0.48695305390518173,6.507297028544652,12.621441037381484,-26.024359424634124,-1.7340361319318276,False
rfdiffusion_90.pdb,A,1,1,6.835801750710257,8.746888612554253,1.9110868618439962,0.372377826924991,5.963007190998537,1.3565145438502997,-21.443859627510378,3.7651274057765094,False
rfdiffusion_90.pdb,A,2,2,6.271447419140307,7.9664616160243815,1.6950141968840748,0.4509810119901202,5.107047976830009,8.88885510940823,-22.292411666705522,10.654516356751841,False
rfdiffusion_90.pdb,A,3,3,3.546662309725952,4.769104327672124,1.2224420179461717,-0.20563199738650303,6.672058167510538,2.713035103809078,-15.2472079884911,12.052379919718243,False
rfdiffusion_90.pdb,A,4,4,5.779254468152278,8.862697939685228,3.0834434715329504,0.880022695984943,6.710947742569218,9.752266920497227,-20.288740366921193,14.486452880010198,False
rfdiffusion_90.pdb,A,5,5,3.768972124899051,6.828472623282983,3.0595004983839322,0.5446739395321573,7.655137811810388,15.011261265206723,-13.452007396899786,12.792705160529525,False
rfdiffusion_90.pdb,A,6,6,3.961928044042714,5.831682562374548,1.8697545183318338,0.07293319070626714,3.634025303384394,10.88922072704672,-21.351780078284047,8.72740287560865,False
rfdiffusion_90.pdb,A,7,7,3.4843543681534053,6.339008995412282,2.854654627258877,0.4320136823113063,5.070433675167027,17.8567961037491,-23.391177719016397,5.7901736569059405,False
rfdiffusion_90.pdb,A,8,8,4.444806664212163,2.527442797409064,-1.9173638668030994,-0.8259172175031452,7.405677835581027,16.655287818533235,-17.071469815161052,-0.15209185472706643,False
rfdiffusion_90.pdb,A,9,9,7.536800242487264,9.0281073036584,1.4913070611711357,0.14434779041371526,6.970236515685764,16.84497682999072,-24.826141044911843,0.6696393112178705,False
rfdiffusion_90.pdb,A,10,10,7.986344728333581,8.001765466698272,0.015420738364690934,-0.16818710744438092,4.0737186686007,14.5612863271484,-23.687488241807394,8.146619774453189,False
rfdiffusion_90.pdb,A,11,11,5.238298153211486,1.6894614659516236,-3.548836687259862,-0.9684797637540359,3.3115256328768985,11.69778325391137,-16.71781906637738,5.7365169428878655,False
rfdiffusion_90.pdb,A,12,12,7.837194042757032,8.205443353023345,0.3682493102663127,0.23867030449388454,3.7501146843387776,11.226056760882607,-20.072980928970562,-1.4453946771633372,False
rfdiffusion_90.pdb,A,13,13,10.64558376950136,12.354884746726334,1.7093009772249736,0.2737604865007487,3.8405344327867765,11.028150645088619,-27.083759594736094,2.109217062574478,True
rfdiffusion_90.pdb,A,14,14,9.898795407870516,9.55906718302226,-0.3397282248482565,-0.04208114147146903,3.9376972058270314,8.881443703805317,-24.769808043659232,8.585680856218886,False
rfdiffusion_91.pdb,A,1,1,6.824797234285872,3.872052092744214,-2.9527451415416577,-0.7836745591108554,4.177705023312221,11.441370404661612,-17.796875991981814,3.1535587547708714,False
rfdiffusion_91.pdb,A,2,2,9.968639214114225,9.179362678137206,-0.7892765359770184,0.12223203264749627,4.133494827554731,14.53310308076659,-23.52728328623018,-1.6387773049161356,False
rfdiffusion_91.pdb,A,3,3,12.138114003422265,12.39028106505972,0.2521670616374543,0.05468384734252563,4.347878338924384,13.144036168103682,-28.5248320001634,4.566870972928641,True
rfdiffusion_91.pdb,A,4,4,10.967683149954487,10.682273497132464,-0.2854096528220236,-0.25277794228119693,4.630067385444816,8.152947170247394,-25.792282954549766,8.012741824633466,False
rfdiffusion_91.pdb,A,5,5,9.342304780495231,9.739955312182465,0.3976505316872334,0.5571542414990358,7.033075097717504,2.6910993104614955,-23.712640136980575,-0.18678899085633738,False
rfdiffusion_91.pdb,A,6,6,8.14110852501757,11.712495966773039,3.571387441755469,0.8430196130387717,7.16825183477612,0.8449823066604787,-24.489000318846465,7.368945350586337,False
rfdiffusion_91.pdb,A,7,7,6.945698252494624,7.226676612396208,0.28097835990158426,0.2340607045506541,2.6504426169801087,10.233309030409222,-22.86160451294799,6.830625384006266,False
rfdiffusion_91.pdb,A,8,8,4.33557579604704,5.723405935240857,1.3878301391938166,0.4990419520513071,6.1848093602872245,5.2185429877066785,-17.106009646950753,12.978030156448481,False
rfdiffusion_91.pdb,A,9,9,3.479015946415643,6.2762895743669525,2.7972736279513093,0.45036720812817255,8.236645415058709,11.030812664217184,-15.223825771873084,13.397092456951139,False
rfdiffusion_91.pdb,A,10,10,3.947601411299859,6.635854680368217,2.688253269068358,0.3942587133009376,3.5430741018707237,11.128626860235427,-22.38312045192321,7.92651368038728,False
rfdiffusion_91.pdb,A,11,11,3.3800710708810575,5.721606161000772,2.3415350901197147,0.19644171159905902,5.293653670345694,18.984546311682877,-22.443455510087468,6.9187710193174645,False
rfdiffusion_91.pdb,A,12,12,4.424571626217857,3.0567211586746956,-1.3678504675431618,-0.19657559866573454,7.706404140591848,17.47360333445125,-17.864588097152883,-0.08770675477401779,False
rfdiffusion_91.pdb,A,13,13,7.140560360627999,8.315486984295788,1.1749266236677887,0.03780730017734504,6.59535457963309,19.21126719130297,-25.096186417286628,3.3292421323017263,False
rfdiffusion_91.pdb,A,14,14,8.314084941000662,7.5496529450536185,-0.7644319959470431,-0.35646280090674765,3.5517080325095414,14.115400589497316,-22.847548509833526,8.94179715229862,False
rfdiffusion_92.pdb,A,1,1,9.929608615771603,9.331640596520694,-0.5979680192509083,-0.346408557701712,4.847472910982509,3.7309443990989344,-20.325137871116894,14.775820161781681,False
rfdiffusion_92.pdb,A,2,2,10.232058314868809,12.70500348106444,2.4729451661956308,0.5774187932782753,7.2902471174715355,-3.0219296144180494,-22.488041285568432,12.893002054067185,True
rfdiffusion_92.pdb,A,3,3,7.138288226932045,7.332062679079556,0.19377445214751088,0.2077218305932727,7.887077930592862,-2.6380331724695543,-16.45507958620807,11.045572469971512,False
rfdiffusion_92.pdb,A,4,4,5.031780766856147,7.478904591940477,2.44712382508433,0.3630721773320615,5.742692813784349,4.3325581667548665,-17.926881094704576,14.497584184727945,False
rfdiffusion_92.pdb,A,5,5,4.851348024890374,5.679322553771409,0.8279745288810352,-0.1440136770607763,5.947259566644528,5.574058791482288,-19.60314290125329,4.711445855991503,False
rfdiffusion_92.pdb,A,6,6,3.386674663136983,5.904232791039437,2.517558127902454,0.27277494335702407,5.560134970862431,11.482156683939548,-17.719463293216506,12.643934213164945,False
rfdiffusion_92.pdb,A,7,7,3.9296652394491494,5.531082670404969,1.60141743095582,0.05447255168340448,7.255607248709091,12.173861798951682,-19.72487924195473,2.699625583077041,False
rfdiffusion_92.pdb,A,8,8,3.5004390465594915,6.796915506931504,3.2964764603720127,0.6408119687579009,3.4912026054487075,17.662045834537604,-19.955463865419752,11.36269804650307,False
rfdiffusion_92.pdb,A,9,9,4.12851361532665,5.591816569660329,1.4633029543336793,-0.011681437146967424,7.775070126560117,23.359530502719945,-18.831798391521435,5.740326898116288,False
rfdiffusion_92.pdb,A,10,10,7.511549208277234,9.795388555996357,2.2838393477191232,0.39150157432477284,7.42046000089392,23.06407560742527,-23.25910562189842,10.828938256691197,False
rfdiffusion_92.pdb,A,11,11,8.337455337254758,10.600825517933286,2.2633701806785282,0.40276588242553557,7.225578674751744,17.516159642744185,-23.359121791418847,13.740526089067117,False
rfdiffusion_92.pdb,A,12,12,7.8416768048073875,8.88305610622857,1.0413793014211832,0.022584308439184714,5.177924096462887,12.65509953299853,-24.581525504277508,5.107033878856921,False
rfdiffusion_92.pdb,A,13,13,8.412845515878393,9.19712501637736,0.7842795004989664,-0.03252260905888532,6.072490480540507,10.819542829137335,-21.400448525527178,14.349083561055798,False
rfdiffusion_92.pdb,A,14,14,9.362021645782335,11.142889987760267,1.780868341977932,0.2739331914665835,6.642963146569322,6.252043819325538,-25.570054301736388,6.41061837345697,False
rfdiffusion_93.pdb,A,1,1,3.4125988448877735,7.091427942035278,3.678829097147504,0.8293722858874253,6.71150871744402,2.2683402573113756,-16.208163477986005,14.337130055910833,False
rfdiffusion_93.pdb,A,2,2,5.014792942598321,6.964981620182296,1.9501886775839745,0.18352754455086828,2.035600750583106,5.609448594395452,-21.12914429366123,7.646460647466676,False
rfdiffusion_93.pdb,A,3,3,3.224559801393918,5.416958219853648,2.1923984184597303,0.11418809713201528,5.624804790698051,12.437329563985124,-15.603276927046874,12.452962163293208,False
rfdiffusion_93.pdb,A,4,4,3.9558787881548128,6.1270009184464485,2.1711221302916357,0.18615218694414293,3.7634504530534203,11.59569759294382,-21.415296875990624,4.370548696194996,False
rfdiffusion_93.pdb,A,5,5,3.0734852438467977,6.2226571249326,3.1491718810858025,0.5399061685599111,7.850755757774359,19.41430484049086,-20.648589652020334,10.049904036409863,False
rfdiffusion_93.pdb,A,6,6,4.087603113363659,7.470655741509739,3.38305262814608,0.7064713956590651,7.064435594835521,19.697451104404387,-24.270157569724187,4.330642563937648,False
rfdiffusion_93.pdb,A,7,7,6.707113390950868,8.464777542455227,1.7576641515043594,0.19880178965045037,7.311978256545975,17.328993022953505,-22.60211378009943,-2.725494397479175,False
rfdiffusion_93.pdb,A,8,8,9.425118508283544,7.276754828925462,-2.1483636793580825,-0.2274633928128911,3.8486599137870487,10.45031864834913,-22.62847834418823,4.68004378045476,False
rfdiffusion_93.pdb,A,9,9,12.879819427027812,15.62931281950294,2.749493392475129,0.6441861096176152,7.5758365291399015,11.955640752839367,-29.90708366789009,-1.3798539954803752,True
rfdiffusion_93.pdb,A,10,10,12.14384603044597,12.669879038797175,0.5260330083512059,-0.030335934871718873,6.826743323271991,7.527563917720112,-27.613969274027447,5.041879266337963,False
rfdiffusion_93.pdb,A,11,11,9.729263741277757,8.651967693537959,-1.0772960477397984,0.2610404265135983,7.056968290283296,1.5216744903039099,-22.75399856198224,0.3390774493507678,False
rfdiffusion_93.pdb,A,12,12,6.687171428885328,3.944651890433211,-2.7425195384521173,-0.7381627373689318,3.628014232792997,8.650764489413517,-17.992324837201004,5.169399008676224,False
rfdiffusion_93.pdb,A,13,13,6.757148990800448,9.69285308193714,2.9357040911366914,0.8009091414079526,6.754162834448773,1.4456741042456387,-22.480188226655777,9.909014057565292,False
rfdiffusion_93.pdb,A,14,14,4.114755094016458,4.939950763228344,0.8251956692118858,0.38599847529774656,7.709123119688354,-1.2256396875019222,-14.848089117887556,9.266499020364693,False
rfdiffusion_94.pdb,A,1,1,12.262014904899905,9.831924886155074,-2.4300900187448313,-0.641469380084672,4.798324948271375,20.586681959585967,-16.384513818550708,15.002696827010041,False
rfdiffusion_94.pdb,A,2,2,12.62099915679805,16.105797234783132,3.484798077985083,0.8330073818799236,5.890299457367658,15.703129913391507,-21.973936471249814,21.483269113469834,True
rfdiffusion_94.pdb,A,3,3,11.315979338203354,10.332847694662906,-0.9831316435404478,-0.16828354822434266,6.403629619854057,18.22101446323369,-13.58674393864552,16.220052278999344,False
rfdiffusion_94.pdb,A,4,4,8.856441057978953,6.267243207755264,-2.589197850223689,-0.7202608224731291,5.015034618843395,12.577131816395514,-12.944133870389638,12.901950004680575,False
rfdiffusion_94.pdb,A,5,5,8.875085705449193,11.793120456197373,2.9180347507481805,0.8734656337958859,6.959926809284236,7.662203103947523,-19.973668022311166,18.08310833681316,False
rfdiffusion_94.pdb,A,6,6,6.086375509076546,4.007775848250667,-2.078599660825879,-0.3059375965730462,6.976074311326999,6.145947620443975,-14.398187495968966,12.233451872487638,False
rfdiffusion_94.pdb,A,7,7,3.4081444292829572,6.001239916180859,2.593095486897902,0.30806469402515513,4.002733704942701,15.176117534439898,-16.020443205874464,12.105882865678787,False
rfdiffusion_94.pdb,A,8,8,3.5765950041687744,5.189421325301977,1.6128263211332023,-0.06507369561254739,5.467060650773835,9.730667379984357,-20.060241325155854,4.881652547990734,False
rfdiffusion_94.pdb,A,9,9,3.3234936667439765,1.0556772414467257,-2.2678164252972506,-0.9238713797718346,5.25871784808735,16.925712609315312,-15.947563237880074,5.591387167484404,False
rfdiffusion_94.pdb,A,10,10,4.756708405544546,7.413031759431508,2.656323353886962,0.42904576167886643,8.291132327760634,20.51160405307342,-23.73971898100746,3.1376281307036202,False
rfdiffusion_94.pdb,A,11,11,4.607381317064313,3.4485679241107254,-1.1588133929535873,-0.5974673515223266,6.61340625398446,20.426414271272755,-14.852587830420587,7.161267976423954,False
rfdiffusion_94.pdb,A,12,12,7.3694163716633225,8.469655784457029,1.100239412793706,0.10806287370732603,5.260865920217952,20.72215236852246,-16.015274424003277,13.438294597408781,False
rfdiffusion_94.pdb,A,13,13,9.604018951770033,11.200986635726924,1.5969676839568905,0.22418898616819638,5.561249654330411,22.834721924124715,-25.656483845709303,10.536915102328253,False
rfdiffusion_94.pdb,A,14,14,12.869244841160613,15.377579423566358,2.5083345824057446,0.5327865920811692,7.662381040527615,25.515778310678183,-23.177602766163982,17.130982416627525,False
rfdiffusion_95.pdb,A,1,1,9.12598855721776,7.175999377884917,-1.9499891793328423,-0.3427710114636819,5.2913763093105795,16.597568540149794,-11.223755851077428,12.870598695038023,False
rfdiffusion_95.pdb,A,2,2,7.293312480427349,6.141079748204878,-1.1522327322224708,0.3374503374555133,7.970905944779911,9.014710430731116,-12.098202364760429,15.320903838726988,False
rfdiffusion_95.pdb,A,3,3,3.959986593027268,4.255200662195709,0.2952140691684413,0.01972740992963945,5.882034545970876,16.178442663671728,-12.905870659768208,9.75022766929274,False
rfdiffusion_95.pdb,A,4,4,3.602911017232578,4.656955326080543,1.0540443088479652,-0.25305006889314474,6.775018408126737,10.38969449614578,-20.202428715033662,7.296359932980403,False
rfdiffusion_95.pdb,A,5,5,3.4951187281536584,6.2172448218519705,2.722126093698312,0.37331631173939533,0.743211335828297,19.781632606199416,-21.365071042526814,9.354930037922744,False
rfdiffusion_95.pdb,A,6,6,3.9581630691462735,3.4055908456379482,-0.5525722235083252,-0.3270759161358797,5.1340699805956485,18.328043314432456,-18.51945466883331,0.8208008366479702,False
rfdiffusion_95.pdb,A,7,7,7.465361564615592,10.75369064613786,3.288329081522268,0.735232962040368,7.431851178296728,14.756170047147933,-26.432558581100537,0.9324729513603529,False
rfdiffusion_95.pdb,A,8,8,7.824387489740998,6.851304543085041,-0.973082946655957,-0.24748148765899264,6.40565815650644,20.651444352396755,-20.514043178492052,-1.354169409777397,False
rfdiffusion_95.pdb,A,9,9,6.711206526885443,3.879795812621281,-2.8314107142641616,-0.8565426633681179,4.641930641131068,21.418202343577782,-18.765093188277866,5.893265704427479,False
rfdiffusion_95.pdb,A,10,10,9.241973927413051,12.99402786149519,3.7520539340821397,0.9120167117486766,6.526749386372745,24.41734490476199,-28.268777433553574,6.864124630099266,True
rfdiffusion_95.pdb,A,11,11,8.50840277685377,8.12003466355212,-0.38836811330165055,-0.32993786389886476,6.187700276008601,24.296390166097844,-19.60878943864427,9.64811744673406,False
rfdiffusion_95.pdb,A,12,12,8.740396617848376,12.565216106834367,3.824819488985991,0.9366011341413034,6.830135447111924,18.40639803706562,-23.96048778210765,15.722039593680684,False
rfdiffusion_95.pdb,A,13,13,7.894571391294167,4.69364183734412,-3.200929553950047,-0.8913401130616785,2.205769095562477,15.895614012600939,-16.211712099968317,10.646573519783102,False
rfdiffusion_95.pdb,A,14,14,10.618543550763013,13.21491628145186,2.596372730688847,0.540099337156911,6.87333133034766,21.12420021996387,-15.213503846877312,18.536863500537017,False
rfdiffusion_96.pdb,A,1,1,5.815283095190149,8.541827808585095,2.7265447133949463,0.7888098122028648,4.45794909099197,10.507932208024881,-19.939707375554747,14.533389039939268,False
rfdiffusion_96.pdb,A,2,2,3.8636175753728907,6.944744107184168,3.0811265318112775,0.5646584216914232,7.462010438141059,15.155616387363125,-12.38535372508863,12.32732431413207,False
rfdiffusion_96.pdb,A,3,3,3.976759229193129,5.433598601220889,1.4568393720277601,-0.0720001914891171,2.2017900880448056,11.07446912824778,-20.85065463056987,9.109372721406444,False
rfdiffusion_96.pdb,A,4,4,3.2693462506967736,6.064292005573281,2.7949457548765078,0.3856662813986612,5.123465617609895,19.5481105548313,-22.316857882315198,7.857779384907817,False
rfdiffusion_96.pdb,A,5,5,4.08107716306921,3.4710483116360846,-0.6100288514331256,-0.1883583000074927,7.5317553848857886,17.66441761083597,-18.586235063790312,0.2560971133973604,False
rfdiffusion_96.pdb,A,6,6,6.969074397071109,8.324065324350123,1.3549909272790135,0.08469678879946574,6.352816632658725,19.495014750698893,-25.291351258539862,5.329630020463693,False
rfdiffusion_96.pdb,A,7,7,7.891264277367044,8.139309025114365,0.2480447477473211,-0.1904590222703874,4.307852844784852,14.68056278129667,-22.89719210249111,10.281100674331238,False
rfdiffusion_96.pdb,A,8,8,7.083333633585619,10.007547237486364,2.9242136039007445,0.5996009136747529,5.398065155328862,9.517827765468132,-23.4375038680112,1.1446844008806392,False
rfdiffusion_96.pdb,A,9,9,9.068093592459894,12.598463221273475,3.530369628813581,0.8338433456394325,6.414431716707867,8.047174524065866,-27.737543359508074,8.541729777954707,True
rfdiffusion_96.pdb,A,10,10,7.216058969673893,7.400767966631076,0.18470899695718312,-0.2303913520289353,4.175924729790776,13.103447593739913,-21.884041607307093,11.33939803969938,False
rfdiffusion_96.pdb,A,11,11,4.456784186312331,4.043822307243641,-0.41296187906869,-0.547211437357543,4.122554017754074,10.191246068889813,-18.23557048640874,4.4682385265428985,False
rfdiffusion_96.pdb,A,12,12,5.765159819901634,9.21748093568476,3.4523211157831257,0.774585769620841,4.2691148383748905,3.742429764224941,-23.04643780529323,6.260501959737931,False
rfdiffusion_96.pdb,A,13,13,6.622604931880768,10.093945841429266,3.4713409095484975,0.7932838314340609,4.153784605680287,7.009206012548711,-22.088962187915623,13.79187568890338,False
rfdiffusion_96.pdb,A,14,14,3.7002652236195726,5.616887260554641,1.9166220369350686,0.06274751375622611,5.9994930582101,3.208353011703887,-14.397279555507076,13.566219820878338,False
rfdiffusion_97.pdb,A,1,1,8.161732232756465,11.686324889522272,3.5245926567658064,0.8263612263440805,6.1351441156031905,19.611268993043392,-28.673047837449477,5.470547466228778,False
rfdiffusion_97.pdb,A,2,2,8.772543281232405,10.155669820171735,1.3831265389393295,0.14505649147716973,5.465107908556606,22.238834134717443,-23.332998076233867,11.974785526241565,False
rfdiffusion_97.pdb,A,3,3,8.8777861871541,10.923894302871737,2.0461081157176366,0.8517926182043281,6.395253616083289,13.12862866435793,-23.944995776269952,14.449019424414725,False
rfdiffusion_97.pdb,A,4,4,8.127283727384158,5.267321974104758,-2.859961753279401,-0.8352738063068456,3.8038648003214237,15.893149807951133,-15.495228898073997,11.375189380209344,False
rfdiffusion_97.pdb,A,5,5,10.967938646195021,12.94774849622103,1.9798098500260082,0.6453728695081158,7.994975674683797,19.701416025039144,-15.481410339935609,18.709036012719107,True
rfdiffusion_97.pdb,A,6,6,8.929017776421164,7.417722037095246,-1.5112957393259174,-0.5698381236328216,4.948838214420729,14.089552028297991,-12.438586038702569,13.390300341745588,False
rfdiffusion_97.pdb,A,7,7,8.915731660700903,12.106889800435734,3.1911581397348314,0.8881098820620112,6.3889611832526745,8.548823649643873,-18.57408915650517,18.990121231233278,False
rfdiffusion_97.pdb,A,8,8,5.9759037862014175,5.72832943079428,-0.24757435540713768,-0.10531528567547693,6.807957368635219,7.452425447262748,-12.61661654076893,13.600663131304138,False
rfdiffusion_97.pdb,A,9,9,3.581605706882872,5.959892958630858,2.3782872517479863,0.2874151006030859,4.6161802640596195,15.318288604935407,-13.925105757077883,11.87008319290684,False
rfdiffusion_97.pdb,A,10,10,3.7099850080244403,5.0782058917192625,1.3682208836948222,-0.13395652268814412,6.085450445368255,10.566886430234627,-20.7072561442737,6.457291273109766,False
rfdiffusion_97.pdb,A,11,11,3.3895108023928975,6.001311943499297,2.6118011411063993,0.314461368085185,2.6241110737157523,19.925175108286993,-20.85820225386752,9.444284478977693,False
rfdiffusion_97.pdb,A,12,12,4.077825777596893,3.365620342019641,-0.7122054355772525,-0.19083949070718742,6.192063818478022,15.3662324505105,-18.136274720896218,0.8693152233742971,False
rfdiffusion_97.pdb,A,13,13,5.293684475477675,4.464264387113958,-0.8294200883637171,-0.2665830409096877,7.524676150554421,22.97078500277961,-18.009890266193814,2.642452371681329,False
rfdiffusion_97.pdb,A,14,14,7.0271387764938416,7.255909921227198,0.22877114473335602,-0.22648712228146167,5.334254921174253,22.780601612701187,-20.73869733679743,9.199600636095646,False
rfdiffusion_98.pdb,A,1,1,8.826279930397947,10.190680660945645,1.3644007305476986,0.43377886929993226,6.861675332240781,6.184434069542977,-21.873245326566856,-0.3901619071818154,False
rfdiffusion_98.pdb,A,2,2,7.8557142894712815,6.620993695563478,-1.2347205939078032,-0.5082332816528677,3.727602940632036,7.95373283256785,-20.834552110770733,9.215903657076646,False
rfdiffusion_98.pdb,A,3,3,7.952751064960385,11.13521266078677,3.1824615958263855,0.9489535364150236,6.915841354151392,-0.11367963943992043,-24.088431868832952,4.837846490880105,False
rfdiffusion_98.pdb,A,4,4,6.530204518577934,8.565116789979353,2.034912271401419,0.2817226872493516,4.944149060724503,4.416470700731159,-21.407569519397327,12.171115041919386,False
rfdiffusion_98.pdb,A,5,5,3.8383285102485245,4.295307122286302,0.4569786120377777,0.3641914200874917,6.854660390087788,-1.017568924725655,-13.74968323069762,9.805799976874427,False
rfdiffusion_98.pdb,A,6,6,3.4567518878428993,7.0978747418350965,3.641122853992197,0.8111188493522759,6.9044274428834935,2.7351258156777702,-14.610209942495155,15.05947071899376,False
rfdiffusion_98.pdb,A,7,7,4.893827012135528,6.893754459645305,1.9999274475097772,0.2311696842280955,2.920111108799853,5.475560578441216,-20.691637283540466,9.088234276346139,False
rfdiffusion_98.pdb,A,8,8,3.3413231127983023,5.745554714095205,2.4042316012969023,0.2187366460432646,5.874379158337926,13.023911434218544,-15.06898306137228,12.704669364708762,False
rfdiffusion_98.pdb,A,9,9,3.9086411955365876,6.12845208515663,2.219810889620043,0.20085142377490509,2.679518214186285,10.581537059716984,-21.871524818470384,6.332731958191186,False
rfdiffusion_98.pdb,A,10,10,3.350821368534382,5.7929990028427705,2.4421776343083885,0.23616724812630227,5.385312914182427,19.28458926986893,-22.32561157956507,7.399342100546187,False
rfdiffusion_98.pdb,A,11,11,4.210569488940482,2.5495326052597926,-1.6610368836806897,-0.25321282227979414,7.467407172801859,18.086993198301688,-17.3041725320735,0.186808482409476,False
rfdiffusion_98.pdb,A,12,12,6.930090672279904,7.962138067090431,1.0320473948105278,-0.011372763197121688,6.654279220274712,20.906153039620254,-24.306540722943357,3.4325612361469555,False
rfdiffusion_98.pdb,A,13,13,8.349947562481383,7.420841623001498,-0.9291059394798848,-0.3869386642327512,3.4566891030924074,13.717334890514937,-23.10416108053137,7.812763687578387,False
rfdiffusion_98.pdb,A,14,14,10.427336656205759,13.613837286653935,3.186500630448176,0.7265423796017937,7.090528903233559,9.021600552315345,-28.8851537967455,4.055749766204936,True
rfdiffusion_99.pdb,A,1,1,8.249471277733644,4.344052020799923,-3.9054192569337207,-0.987684399174598,6.36403711730285,22.594919366176192,-12.837959782311401,9.067347414510763,False
rfdiffusion_99.pdb,A,2,2,10.35893945764402,13.98674116340781,3.6278017057637904,0.9953034473196356,6.422466198171116,23.603339318209446,-15.047452714951744,18.5639591675806,True
rfdiffusion_99.pdb,A,3,3,8.80412316854045,5.080931652254972,-3.7231915162854774,-0.9611507629144761,4.421548203061131,16.656059452940667,-14.125159985665931,11.053278093595281,False
rfdiffusion_99.pdb,A,4,4,8.465948046439992,7.443728805017845,-1.022219241422147,-0.47636688315725295,7.167128107975556,16.96324631652866,-8.83596444745351,18.994740881132415,False
rfdiffusion_99.pdb,A,5,5,7.431072849745141,5.004786967743544,-2.426285882001597,-0.7211097374676597,6.293788381989232,12.293554305395709,-10.05466923471446,12.44358139248805,False
rfdiffusion_99.pdb,A,6,6,6.808973681964475,7.436271416141992,0.6272977341775166,0.3304722112615607,7.924152337503854,7.4951989271727175,-16.757794529796758,14.812470353280178,False
rfdiffusion_99.pdb,A,7,7,3.5336300224563644,4.216773018648345,0.6831429961919806,0.04154502681916382,4.902324361052048,16.10176190039219,-14.007044689611398,10.114086394722767,False
rfdiffusion_99.pdb,A,8,8,3.46069427462575,4.7295583102921395,1.2688640356663896,-0.20254905095469744,7.257799730388465,9.99954482501388,-19.91883224392309,5.571974551502981,False
rfdiffusion_99.pdb,A,9,9,3.4308012131888477,6.027336023334489,2.5965348101456414,0.3118215748975688,3.473683182370881,19.331834583142854,-21.29455471431732,9.232678513801858,False
rfdiffusion_99.pdb,A,10,10,4.064692647233173,2.7302663482190863,-1.3344262990140865,-0.26514774123746504,6.42252572079781,16.7385524491489,-17.809884954541516,0.4378941288683724,False
rfdiffusion_99.pdb,A,11,11,5.952259687833195,6.433762829515693,0.48150314168249864,0.035440538481727124,6.733155530171956,22.97305921062747,-20.499314833885624,1.0575649007666632,False
rfdiffusion_99.pdb,A,12,12,7.506580073897308,11.46222379743511,3.9556437235378015,0.9830347361465896,7.629318132426056,25.607639797327824,-25.516289055386213,6.606330716486185,False
rfdiffusion_99.pdb,A,13,13,6.7172241061407485,3.909110073421582,-2.8081140327191667,-0.8530301479333102,4.7644846486231245,20.39821329550774,-16.894242064886946,8.16784280496629,False
rfdiffusion_99.pdb,A,14,14,9.819800064139176,11.535459585605363,1.7156595214661863,0.6402376521427717,7.363776973983851,29.77195071307331,-18.197765810688512,9.813505957049154,False
