peptide_length	backbone	status	status_detail	completed_sequences	successful_sequences	success	first_successful_sequence_id	max_plddt	min_backbone_rmsd_angstrom	any_sequence_passes_plddt	any_sequence_passes_rmsd
8	length_08_macrocycle_08_0_model_0	complete		8	0	False		0.7932300567626953	1.498473048210144	False	True
8	length_08_macrocycle_08_0_model_1	complete		8	5	True	1	0.8435237407684326	0.8397067785263062	True	True
8	length_08_macrocycle_08_0_model_2	complete		8	3	True	3	0.8309494853019714	1.310446858406067	True	True
8	length_08_macrocycle_08_0_model_3	complete		8	7	True	1	0.8431311845779419	0.7238613367080688	True	True
8	length_08_macrocycle_08_0_model_4	complete		8	8	True	1	0.9410989284515381	0.4680720269680023	True	True
8	length_08_macrocycle_08_0_model_5	complete		8	2	True	3	0.8271775245666504	0.5686408877372742	True	True
8	length_08_macrocycle_08_0_model_6	complete		8	6	True	3	0.8659476041793823	0.5659608244895935	True	True
8	length_08_macrocycle_08_0_model_7	complete		8	4	True	1	0.8432456254959106	1.1420423984527588	True	True
8	length_08_macrocycle_08_0_model_8	complete		8	1	True	6	0.8141834735870361	1.1728870868682861	True	True
8	length_08_macrocycle_08_0_model_9	complete		8	8	True	1	0.9583609700202942	0.22063954174518585	True	True
8	length_08_macrocycle_08_0_model_10	complete		8	2	True	2	0.8131070137023926	1.5349059104919434	True	True
8	length_08_macrocycle_08_0_model_11	complete		8	5	True	1	0.9088115692138672	0.8338814973831177	True	True
8	length_08_macrocycle_08_0_model_12	complete		8	7	True	1	0.8690189719200134	1.2099708318710327	True	True
8	length_08_macrocycle_08_0_model_13	complete		8	0	False		0.788451075553894	1.7308076620101929	False	True
8	length_08_macrocycle_08_0_model_14	complete		8	0	False		0.8033139705657959	1.9762917757034302	True	True
8	length_08_macrocycle_08_0_model_15	complete		8	8	True	1	0.9479236602783203	0.2954693138599396	True	True
8	length_08_macrocycle_08_0_model_16	complete		8	6	True	1	0.8393862247467041	1.0077731609344482	True	True
8	length_08_macrocycle_08_0_model_17	complete		8	0	False		0.7795161604881287	1.921649694442749	False	True
8	length_08_macrocycle_08_0_model_18	complete		8	4	True	1	0.8277840614318848	1.1071090698242188	True	True
8	length_08_macrocycle_08_0_model_19	complete		8	7	True	1	0.8672207593917847	1.8927333354949951	True	True
8	length_08_macrocycle_08_0_model_20	complete		8	8	True	1	0.9348254799842834	1.7725354433059692	True	True
8	length_08_macrocycle_08_0_model_21	complete		8	8	True	1	0.8945672512054443	0.4621214270591736	True	True
8	length_08_macrocycle_08_0_model_22	complete		8	8	True	1	0.8851345181465149	0.45868363976478577	True	True
8	length_08_macrocycle_08_0_model_23	complete		8	5	True	1	0.9350830912590027	0.2547767758369446	True	True
8	length_08_macrocycle_08_0_model_24	complete		8	3	True	3	0.8414710164070129	1.163676142692566	True	True
8	length_08_macrocycle_08_0_model_25	complete		8	6	True	1	0.8485708236694336	0.7002387642860413	True	True
8	length_08_macrocycle_08_0_model_26	complete		8	5	True	2	0.8211055994033813	0.862260103225708	True	True
8	length_08_macrocycle_08_0_model_27	complete		8	6	True	1	0.8360713720321655	0.9266166687011719	True	True
8	length_08_macrocycle_08_0_model_28	complete		8	6	True	1	0.8752232193946838	0.5817162394523621	True	True
8	length_08_macrocycle_08_0_model_29	complete		8	5	True	2	0.8319320678710938	1.3564459085464478	True	True
8	length_08_macrocycle_08_0_model_30	complete		8	8	True	1	0.9334874153137207	0.34965986013412476	True	True
8	length_08_macrocycle_08_0_model_31	complete		8	3	True	3	0.9089460372924805	0.3955995440483093	True	True
8	length_08_macrocycle_08_0_model_32	complete		8	8	True	1	0.8474210500717163	0.8143301010131836	True	True
8	length_08_macrocycle_08_0_model_33	complete		8	3	True	2	0.8010720014572144	0.5150083303451538	True	True
8	length_08_macrocycle_08_0_model_34	complete		8	6	True	1	0.8083748817443848	1.0267990827560425	True	True
8	length_08_macrocycle_08_0_model_35	complete		8	6	True	1	0.8986238241195679	0.5089533925056458	True	True
8	length_08_macrocycle_08_0_model_36	complete		8	8	True	1	0.963971734046936	0.3880208730697632	True	True
8	length_08_macrocycle_08_0_model_37	complete		8	7	True	1	0.9279504418373108	0.27172940969467163	True	True
8	length_08_macrocycle_08_0_model_38	invalid_sequence_input	wrong sequence lengths: [(1, 7), (2, 7), (3, 7), (4, 7), (5, 7), (6, 7), (7, 7), (8, 7)]	0	0	False				False	False
8	length_08_macrocycle_08_0_model_39	complete		8	1	True	6	0.8133447170257568	1.1160492897033691	True	True
8	length_08_macrocycle_08_0_model_40	complete		8	8	True	1	0.8083748817443848	1.5830518007278442	True	True
8	length_08_macrocycle_08_0_model_41	complete		8	8	True	1	0.8402025699615479	1.688305139541626	True	True
8	length_08_macrocycle_08_0_model_42	complete		8	2	True	4	0.8290748596191406	0.5939091444015503	True	True
8	length_08_macrocycle_08_0_model_43	complete		8	8	True	1	0.8810230493545532	1.0670653581619263	True	True
8	length_08_macrocycle_08_0_model_44	complete		8	8	True	1	0.9478762149810791	0.23430801928043365	True	True
8	length_08_macrocycle_08_0_model_45	complete		8	8	True	1	0.9181351065635681	0.30057820677757263	True	True
8	length_08_macrocycle_08_0_model_46	complete		8	5	True	1	0.8851395845413208	1.2231703996658325	True	True
8	length_08_macrocycle_08_0_model_47	complete		8	8	True	1	0.8746260404586792	0.9132636189460754	True	True
8	length_08_macrocycle_08_0_model_48	complete		8	8	True	1	0.8919085264205933	1.1800451278686523	True	True
8	length_08_macrocycle_08_0_model_49	complete		8	8	True	1	0.8083748817443848	1.6231732368469238	True	True
8	length_08_macrocycle_08_0_model_50	complete		8	8	True	1	0.861442506313324	0.4247261583805084	True	True
8	length_08_macrocycle_08_0_model_51	complete		8	8	True	1	0.9132976531982422	0.3660353720188141	True	True
8	length_08_macrocycle_08_0_model_52	complete		8	5	True	3	0.8083748817443848	1.3962159156799316	True	True
8	length_08_macrocycle_08_0_model_53	complete		8	8	True	1	0.9437562823295593	0.2974957823753357	True	True
8	length_08_macrocycle_08_0_model_54	complete		8	4	True	1	0.8601244688034058	0.571804940700531	True	True
8	length_08_macrocycle_08_0_model_55	complete		8	8	True	1	0.922566294670105	0.3064141869544983	True	True
8	length_08_macrocycle_08_0_model_56	complete		8	3	True	3	0.8344979286193848	1.2966914176940918	True	True
8	length_08_macrocycle_08_0_model_57	complete		8	0	False		0.7983914017677307	0.9719861149787903	False	True
8	length_08_macrocycle_08_0_model_58	complete		8	8	True	1	0.8991891145706177	0.4072495102882385	True	True
8	length_08_macrocycle_08_0_model_59	complete		8	4	True	1	0.8296384215354919	0.8404346704483032	True	True
8	length_08_macrocycle_08_0_model_60	complete		8	0	False		0.7960044741630554	1.2828516960144043	False	True
8	length_08_macrocycle_08_0_model_61	complete		8	8	True	1	0.9123718738555908	0.2641324996948242	True	True
8	length_08_macrocycle_08_0_model_62	complete		8	8	True	1	0.969307541847229	0.18696744740009308	True	True
8	length_08_macrocycle_08_0_model_63	complete		8	8	True	1	0.955500066280365	0.3314366936683655	True	True
8	length_08_macrocycle_08_0_model_64	complete		8	8	True	1	0.8938491940498352	0.2904316186904907	True	True
8	length_08_macrocycle_08_0_model_65	complete		8	8	True	1	0.9535555243492126	0.3798871338367462	True	True
8	length_08_macrocycle_08_0_model_66	complete		8	8	True	1	0.8270502090454102	1.129475474357605	True	True
8	length_08_macrocycle_08_0_model_67	complete		8	2	True	1	0.8225939869880676	1.0169020891189575	True	True
8	length_08_macrocycle_08_0_model_68	complete		8	8	True	1	0.831263542175293	0.746471643447876	True	True
8	length_08_macrocycle_08_0_model_69	complete		8	6	True	1	0.8482120037078857	0.9592294096946716	True	True
8	length_08_macrocycle_08_0_model_70	complete		8	8	True	1	0.9495295286178589	0.27799054980278015	True	True
8	length_08_macrocycle_08_0_model_71	complete		8	8	True	1	0.9452000856399536	0.27979403734207153	True	True
8	length_08_macrocycle_08_0_model_72	complete		8	1	True	4	0.8685837388038635	1.7792729139328003	True	True
8	length_08_macrocycle_08_0_model_73	complete		8	6	True	2	0.8676142692565918	0.3625542223453522	True	True
8	length_08_macrocycle_08_0_model_74	complete		8	8	True	1	0.8051125407218933	1.633786678314209	True	True
8	length_08_macrocycle_08_0_model_75	complete		8	3	True	2	0.8405169248580933	0.6286042928695679	True	True
8	length_08_macrocycle_08_0_model_76	complete		8	4	True	1	0.8441511392593384	1.3632898330688477	True	True
8	length_08_macrocycle_08_0_model_77	complete		8	8	True	1	0.8577069044113159	0.7769261002540588	True	True
8	length_08_macrocycle_08_0_model_78	complete		8	8	True	1	0.9664108753204346	0.26376834511756897	True	True
8	length_08_macrocycle_08_0_model_79	complete		8	8	True	1	0.9475892186164856	0.24493065476417542	True	True
8	length_08_macrocycle_08_0_model_80	complete		8	8	True	1	0.9460085034370422	0.42399778962135315	True	True
8	length_08_macrocycle_08_0_model_81	complete		8	2	True	4	0.9201288223266602	0.5335513949394226	True	True
8	length_08_macrocycle_08_0_model_82	complete		8	7	True	1	0.9073330760002136	0.37672659754753113	True	True
8	length_08_macrocycle_08_0_model_83	complete		8	8	True	1	0.8478312492370605	1.2350088357925415	True	True
8	length_08_macrocycle_08_0_model_84	complete		8	6	True	2	0.8583293557167053	0.5464416146278381	True	True
8	length_08_macrocycle_08_0_model_85	complete		8	2	True	5	0.8505797982215881	0.7235175967216492	True	True
8	length_08_macrocycle_08_0_model_86	complete		8	8	True	1	0.9097877144813538	0.3073849081993103	True	True
8	length_08_macrocycle_08_0_model_87	complete		8	8	True	1	0.9190424680709839	0.3441762924194336	True	True
8	length_08_macrocycle_08_0_model_88	complete		8	8	True	1	0.8843803405761719	0.3001241683959961	True	True
8	length_08_macrocycle_08_0_model_89	complete		8	0	False		0.7519195079803467	1.6989028453826904	False	True
8	length_08_macrocycle_08_0_model_90	complete		8	7	True	1	0.8521482944488525	0.7822308540344238	True	True
8	length_08_macrocycle_08_0_model_91	complete		8	7	True	2	0.838126003742218	1.449862003326416	True	True
8	length_08_macrocycle_08_0_model_92	complete		8	6	True	1	0.8507093191146851	0.9609718918800354	True	True
8	length_08_macrocycle_08_0_model_93	complete		8	8	True	1	0.9410536289215088	0.2136067897081375	True	True
8	length_08_macrocycle_08_0_model_94	complete		8	8	True	1	0.9579449892044067	0.29286184906959534	True	True
8	length_08_macrocycle_08_0_model_95	complete		8	5	True	2	0.8664754629135132	0.6472245454788208	True	True
8	length_08_macrocycle_08_0_model_96	complete		8	0	False		0.7926700115203857	1.0753787755966187	False	True
8	length_08_macrocycle_08_0_model_97	complete		8	7	True	1	0.879393458366394	0.3016412854194641	True	True
8	length_08_macrocycle_08_0_model_98	complete		8	3	True	1	0.8620618581771851	1.254556655883789	True	True
8	length_08_macrocycle_08_0_model_99	complete		8	7	True	2	0.8660647869110107	0.44550180435180664	True	True
8	length_08_macrocycle_08_0_model_100	complete		8	8	True	1	0.9350491166114807	0.500281810760498	True	True
8	length_08_macrocycle_08_0_model_101	complete		8	7	True	1	0.8410458564758301	0.5045943260192871	True	True
8	length_08_macrocycle_08_0_model_102	complete		8	8	True	1	0.9624379277229309	0.31850215792655945	True	True
8	length_08_macrocycle_08_0_model_103	complete		8	5	True	2	0.8692845106124878	0.5542068481445312	True	True
8	length_08_macrocycle_08_0_model_104	complete		8	6	True	1	0.844278872013092	1.8265081644058228	True	True
8	length_08_macrocycle_08_0_model_105	complete		8	0	False		0.8169111609458923	1.4335747957229614	True	True
8	length_08_macrocycle_08_0_model_106	complete		8	8	True	1	0.9626144766807556	0.2617805600166321	True	True
8	length_08_macrocycle_08_0_model_107	complete		8	8	True	1	0.9091342687606812	0.3561999499797821	True	True
8	length_08_macrocycle_08_0_model_108	complete		8	8	True	1	0.9324327111244202	0.2731022834777832	True	True
8	length_08_macrocycle_08_0_model_109	complete		8	8	True	1	0.8640976548194885	1.3065428733825684	True	True
8	length_08_macrocycle_08_0_model_110	complete		8	8	True	1	0.8342446684837341	1.045720100402832	True	True
8	length_08_macrocycle_08_0_model_111	complete		8	0	False		0.7795459032058716	1.4989280700683594	False	True
8	length_08_macrocycle_08_0_model_112	complete		8	5	True	1	0.8047451972961426	1.447867751121521	True	True
8	length_08_macrocycle_08_0_model_113	complete		8	3	True	1	0.8362127542495728	0.9451066255569458	True	True
8	length_08_macrocycle_08_0_model_114	complete		8	4	True	3	0.8333677053451538	1.2159441709518433	True	True
8	length_08_macrocycle_08_0_model_115	complete		8	8	True	1	0.9047590494155884	0.32641518115997314	True	True
8	length_08_macrocycle_08_0_model_116	complete		8	8	True	1	0.8755598068237305	0.6550086140632629	True	True
8	length_08_macrocycle_08_0_model_117	complete		8	5	True	1	0.8447985649108887	1.5184119939804077	True	True
8	length_08_macrocycle_08_0_model_118	complete		8	4	True	1	0.8969907760620117	0.3567897081375122	True	True
8	length_08_macrocycle_08_0_model_119	complete		8	0	False		0.7965894937515259	1.1828771829605103	False	True
8	length_08_macrocycle_08_0_model_120	complete		8	8	True	1	0.8872278928756714	0.5180781483650208	True	True
8	length_08_macrocycle_08_0_model_121	complete		8	7	True	1	0.8434963822364807	0.925190269947052	True	True
8	length_08_macrocycle_08_0_model_122	complete		8	6	True	1	0.8244205117225647	0.7018056511878967	True	True
8	length_08_macrocycle_08_0_model_123	complete		8	8	True	1	0.921811044216156	0.3012305200099945	True	True
8	length_08_macrocycle_08_0_model_124	complete		8	6	True	1	0.9004253149032593	0.33415451645851135	True	True
8	length_08_macrocycle_08_0_model_125	complete		8	1	True	3	0.855370044708252	0.5496504902839661	True	True
8	length_08_macrocycle_08_0_model_126	complete		8	8	True	1	0.8746066093444824	1.200229287147522	True	True
8	length_08_macrocycle_08_0_model_127	complete		8	3	True	3	0.8534022569656372	0.3897872567176819	True	True
8	length_08_macrocycle_08_0_model_128	complete		8	7	True	1	0.8213857412338257	0.6732633709907532	True	True
8	length_08_macrocycle_08_0_model_129	complete		8	1	True	4	0.8256531953811646	0.9872376918792725	True	True
8	length_08_macrocycle_08_0_model_130	complete		8	8	True	1	0.8400821685791016	1.2332476377487183	True	True
8	length_08_macrocycle_08_0_model_131	complete		8	8	True	1	0.941169798374176	0.20413535833358765	True	True
8	length_08_macrocycle_08_0_model_132	complete		8	8	True	1	0.8618420362472534	1.4396905899047852	True	True
8	length_08_macrocycle_08_0_model_133	complete		8	8	True	1	0.9610351324081421	0.3707160949707031	True	True
8	length_08_macrocycle_08_0_model_134	complete		8	8	True	1	0.9261754155158997	0.7289390563964844	True	True
8	length_08_macrocycle_08_0_model_135	complete		8	8	True	1	0.8083748817443848	1.6101808547973633	True	True
8	length_08_macrocycle_08_0_model_136	complete		8	8	True	1	0.855597198009491	1.1099803447723389	True	True
8	length_08_macrocycle_08_0_model_137	complete		8	4	True	2	0.8479951620101929	0.8045341372489929	True	True
8	length_08_macrocycle_08_0_model_138	complete		8	1	True	6	0.8260391354560852	1.3608485460281372	True	True
8	length_08_macrocycle_08_0_model_139	complete		8	5	True	1	0.9170072078704834	0.2249855250120163	True	True
8	length_08_macrocycle_08_0_model_140	complete		8	8	True	1	0.9392810463905334	0.2807154059410095	True	True
8	length_08_macrocycle_08_0_model_141	complete		8	1	True	1	0.821713924407959	1.1215828657150269	True	True
8	length_08_macrocycle_08_0_model_142	complete		8	8	True	1	0.9332907199859619	1.6208057403564453	True	True
8	length_08_macrocycle_08_0_model_143	complete		8	8	True	1	0.9421068429946899	0.36189374327659607	True	True
8	length_08_macrocycle_08_0_model_144	complete		8	8	True	1	0.9624379277229309	0.333698570728302	True	True
8	length_08_macrocycle_08_0_model_145	complete		8	1	True	8	0.8447985649108887	1.6341334581375122	True	True
8	length_08_macrocycle_08_0_model_146	complete		8	5	True	3	0.9260164499282837	0.5404254198074341	True	True
8	length_08_macrocycle_08_0_model_147	complete		8	8	True	1	0.9670093059539795	0.32071369886398315	True	True
8	length_08_macrocycle_08_0_model_148	complete		8	7	True	1	0.9410676956176758	0.4719257354736328	True	True
8	length_08_macrocycle_08_0_model_149	complete		8	8	True	1	0.949305534362793	0.27575403451919556	True	True
8	length_08_macrocycle_08_0_model_150	complete		8	7	True	2	0.9103847742080688	0.6075673699378967	True	True
8	length_08_macrocycle_08_0_model_151	complete		8	3	True	1	0.8285250663757324	1.4801299571990967	True	True
8	length_08_macrocycle_08_0_model_152	complete		8	2	True	1	0.811012864112854	1.5246763229370117	True	True
8	length_08_macrocycle_08_0_model_153	complete		8	7	True	1	0.8339647054672241	0.7295931577682495	True	True
8	length_08_macrocycle_08_0_model_154	complete		8	1	True	1	0.8135912418365479	1.66774582862854	True	True
8	length_08_macrocycle_08_0_model_155	complete		8	8	True	1	0.9624572992324829	0.31422993540763855	True	True
8	length_08_macrocycle_08_0_model_156	complete		8	8	True	1	0.9410080313682556	0.3173816502094269	True	True
8	length_08_macrocycle_08_0_model_157	complete		8	0	False		0.7980303764343262	1.0322282314300537	False	True
8	length_08_macrocycle_08_0_model_158	complete		8	8	True	1	0.9361824989318848	0.2693246901035309	True	True
8	length_08_macrocycle_08_0_model_159	complete		8	4	True	3	0.8147265911102295	0.43589669466018677	True	True
8	length_08_macrocycle_08_0_model_160	complete		8	8	True	1	0.964087963104248	0.26403117179870605	True	True
8	length_08_macrocycle_08_0_model_161	complete		8	3	True	2	0.8240845203399658	1.4610729217529297	True	True
8	length_08_macrocycle_08_0_model_162	complete		8	5	True	1	0.8572568893432617	1.5808165073394775	True	True
8	length_08_macrocycle_08_0_model_163	complete		8	8	True	1	0.9189029932022095	0.20066069066524506	True	True
8	length_08_macrocycle_08_0_model_164	complete		8	8	True	1	0.9479036927223206	0.3491101861000061	True	True
8	length_08_macrocycle_08_0_model_165	complete		8	8	True	1	0.9614416360855103	0.3109338581562042	True	True
8	length_08_macrocycle_08_0_model_166	complete		8	8	True	1	0.8799111843109131	0.9140089154243469	True	True
8	length_08_macrocycle_08_0_model_167	complete		8	8	True	1	0.9621976613998413	0.2186373621225357	True	True
8	length_08_macrocycle_08_0_model_168	complete		8	3	True	4	0.8390696048736572	1.3878737688064575	True	True
8	length_08_macrocycle_08_0_model_169	complete		8	8	True	1	0.9141007661819458	0.28477421402931213	True	True
8	length_08_macrocycle_08_0_model_170	complete		8	4	True	1	0.8996403813362122	0.38843071460723877	True	True
8	length_08_macrocycle_08_0_model_171	complete		8	8	True	1	0.9424364566802979	0.2973080277442932	True	True
8	length_08_macrocycle_08_0_model_172	complete		8	7	True	1	0.8459047675132751	1.5496084690093994	True	True
8	length_08_macrocycle_08_0_model_173	complete		8	8	True	1	0.8634006381034851	0.29308581352233887	True	True
8	length_08_macrocycle_08_0_model_174	complete		8	0	False		0.7894056439399719	1.80246901512146	False	True
8	length_08_macrocycle_08_0_model_175	complete		8	1	True	2	0.9205577373504639	0.4089723229408264	True	True
8	length_08_macrocycle_08_0_model_176	complete		8	5	True	3	0.8476575613021851	1.8756322860717773	True	True
8	length_08_macrocycle_08_0_model_177	complete		8	8	True	1	0.9407735466957092	1.6828778982162476	True	True
8	length_08_macrocycle_08_0_model_178	complete		8	8	True	1	0.9383028149604797	0.9315249919891357	True	True
8	length_08_macrocycle_08_0_model_179	complete		8	8	True	1	0.9638925790786743	0.31689906120300293	True	True
8	length_08_macrocycle_08_0_model_180	complete		8	2	True	4	0.8238074779510498	1.0473426580429077	True	True
8	length_08_macrocycle_08_0_model_181	complete		8	7	True	1	0.8033401966094971	1.3942232131958008	True	True
8	length_08_macrocycle_08_0_model_182	complete		8	6	True	1	0.8726069927215576	0.38843458890914917	True	True
8	length_08_macrocycle_08_0_model_183	complete		8	8	True	1	0.9203240871429443	0.3052484095096588	True	True
8	length_08_macrocycle_08_0_model_184	complete		8	8	True	1	0.9141007661819458	0.3513204753398895	True	True
8	length_08_macrocycle_08_0_model_185	complete		8	7	True	1	0.8723471760749817	0.6001144647598267	True	True
8	length_08_macrocycle_08_0_model_186	complete		8	8	True	1	0.9659808278083801	0.23045386373996735	True	True
8	length_08_macrocycle_08_0_model_187	complete		8	2	True	5	0.8272781372070312	1.5217342376708984	True	True
8	length_08_macrocycle_08_0_model_188	complete		8	7	True	1	0.8307260274887085	1.0627532005310059	True	True
8	length_08_macrocycle_08_0_model_189	complete		8	8	True	1	0.8521842956542969	0.9565327167510986	True	True
8	length_08_macrocycle_08_0_model_190	complete		8	8	True	1	0.9668467044830322	0.23372028768062592	True	True
8	length_08_macrocycle_08_0_model_191	complete		8	7	True	1	0.8589861392974854	0.8053983449935913	True	True
8	length_08_macrocycle_08_0_model_192	complete		8	4	True	1	0.924307107925415	0.5284115672111511	True	True
8	length_08_macrocycle_08_0_model_193	complete		8	4	True	1	0.8466026782989502	1.4249061346054077	True	True
8	length_08_macrocycle_08_0_model_194	complete		8	5	True	1	0.8570408821105957	0.6567836999893188	True	True
8	length_08_macrocycle_08_0_model_195	complete		8	8	True	1	0.963667631149292	0.365898460149765	True	True
8	length_08_macrocycle_08_0_model_196	complete		8	7	True	1	0.9262197017669678	0.5474551320075989	True	True
8	length_08_macrocycle_08_0_model_197	complete		8	5	True	1	0.8390880823135376	0.306265652179718	True	True
8	length_08_macrocycle_08_0_model_198	complete		8	5	True	1	0.8446923494338989	0.8304616808891296	True	True
8	length_08_macrocycle_08_0_model_199	complete		8	8	True	1	0.8473253846168518	0.938279390335083	True	True
10	length_10_macrocycle_10_0_model_0	complete		8	8	True	1	0.9669897556304932	0.16998909413814545	True	True
10	length_10_macrocycle_10_0_model_1	complete		8	8	True	1	0.9666339159011841	0.16744160652160645	True	True
10	length_10_macrocycle_10_0_model_2	complete		8	8	True	1	0.964469850063324	0.16603994369506836	True	True
10	length_10_macrocycle_10_0_model_3	complete		8	8	True	1	0.9495159387588501	0.47962886095046997	True	True
10	length_10_macrocycle_10_0_model_4	complete		8	8	True	1	0.9623533487319946	0.22393016517162323	True	True
10	length_10_macrocycle_10_0_model_5	complete		8	8	True	1	0.9595054984092712	0.22125031054019928	True	True
10	length_10_macrocycle_10_0_model_6	complete		8	8	True	1	0.9676317572593689	0.21883037686347961	True	True
10	length_10_macrocycle_10_0_model_7	complete		8	8	True	1	0.9631513357162476	0.22419166564941406	True	True
10	length_10_macrocycle_10_0_model_8	complete		8	8	True	1	0.9698257446289062	0.21055370569229126	True	True
10	length_10_macrocycle_10_0_model_9	complete		8	8	True	1	0.9707363843917847	0.16172988712787628	True	True
10	length_10_macrocycle_10_0_model_10	complete		8	8	True	1	0.952084481716156	0.26229962706565857	True	True
10	length_10_macrocycle_10_0_model_11	complete		8	8	True	1	0.9707363843917847	0.15550054609775543	True	True
10	length_10_macrocycle_10_0_model_12	complete		8	8	True	1	0.9671195149421692	0.26525840163230896	True	True
10	length_10_macrocycle_10_0_model_13	complete		8	8	True	1	0.974102258682251	0.1863594502210617	True	True
10	length_10_macrocycle_10_0_model_14	complete		8	8	True	1	0.9629612565040588	0.23465320467948914	True	True
10	length_10_macrocycle_10_0_model_15	complete		8	8	True	1	0.9646117091178894	0.22662308812141418	True	True
10	length_10_macrocycle_10_0_model_16	complete		8	8	True	1	0.9676415920257568	0.1887475699186325	True	True
10	length_10_macrocycle_10_0_model_17	complete		8	8	True	1	0.9662620425224304	0.21020562946796417	True	True
10	length_10_macrocycle_10_0_model_18	complete		8	8	True	1	0.9628019332885742	0.1898956447839737	True	True
10	length_10_macrocycle_10_0_model_19	complete		8	8	True	1	0.9728779196739197	0.18674305081367493	True	True
10	length_10_macrocycle_10_0_model_20	complete		8	8	True	1	0.9685556292533875	0.2500891089439392	True	True
10	length_10_macrocycle_10_0_model_21	complete		8	8	True	1	0.96372389793396	0.175509512424469	True	True
10	length_10_macrocycle_10_0_model_22	complete		8	8	True	1	0.9696996808052063	0.3232101500034332	True	True
10	length_10_macrocycle_10_0_model_23	complete		8	8	True	1	0.9706183671951294	0.1429101973772049	True	True
10	length_10_macrocycle_10_0_model_24	complete		8	8	True	1	0.9667902588844299	0.1632949709892273	True	True
10	length_10_macrocycle_10_0_model_25	complete		8	8	True	1	0.9660341739654541	0.21965377032756805	True	True
10	length_10_macrocycle_10_0_model_26	complete		8	0	False		0.7697780728340149	1.441931128501892	False	True
10	length_10_macrocycle_10_0_model_27	complete		8	8	True	1	0.9619150161743164	0.2508132755756378	True	True
10	length_10_macrocycle_10_0_model_28	complete		8	8	True	1	0.9627863764762878	0.20576436817646027	True	True
10	length_10_macrocycle_10_0_model_29	complete		8	8	True	1	0.9674515724182129	0.16926296055316925	True	True
10	length_10_macrocycle_10_0_model_30	complete		8	0	False		0.7980150580406189	2.1117377281188965	False	False
10	length_10_macrocycle_10_0_model_31	complete		8	8	True	1	0.9629770517349243	0.1771412491798401	True	True
10	length_10_macrocycle_10_0_model_32	complete		8	8	True	1	0.9653545618057251	0.2072346806526184	True	True
10	length_10_macrocycle_10_0_model_33	complete		8	1	True	7	0.8843203783035278	0.8142883777618408	True	True
10	length_10_macrocycle_10_0_model_34	complete		8	8	True	1	0.9577405452728271	0.21023298799991608	True	True
10	length_10_macrocycle_10_0_model_35	complete		8	8	True	1	0.9539005756378174	0.34662628173828125	True	True
10	length_10_macrocycle_10_0_model_36	complete		8	8	True	1	0.9702494740486145	0.19596773386001587	True	True
10	length_10_macrocycle_10_0_model_37	complete		8	8	True	1	0.9634486436843872	0.23313763737678528	True	True
10	length_10_macrocycle_10_0_model_38	complete		8	8	True	1	0.966249406337738	0.20236143469810486	True	True
10	length_10_macrocycle_10_0_model_39	complete		8	8	True	1	0.9606459140777588	0.2007368803024292	True	True
10	length_10_macrocycle_10_0_model_40	complete		8	8	True	1	0.970471978187561	0.20889294147491455	True	True
10	length_10_macrocycle_10_0_model_41	complete		8	8	True	1	0.9655864238739014	0.21342210471630096	True	True
10	length_10_macrocycle_10_0_model_42	complete		8	8	True	1	0.9518194198608398	0.3005610406398773	True	True
10	length_10_macrocycle_10_0_model_43	complete		8	8	True	1	0.9702494740486145	0.20728391408920288	True	True
10	length_10_macrocycle_10_0_model_44	complete		8	8	True	1	0.9675654768943787	0.2466595321893692	True	True
10	length_10_macrocycle_10_0_model_45	complete		8	8	True	1	0.9660341739654541	0.1897641271352768	True	True
10	length_10_macrocycle_10_0_model_46	complete		8	8	True	1	0.9711037874221802	0.35177314281463623	True	True
10	length_10_macrocycle_10_0_model_47	complete		8	8	True	1	0.9338914155960083	0.4359285533428192	True	True
10	length_10_macrocycle_10_0_model_48	complete		8	8	True	1	0.9628799557685852	0.24716418981552124	True	True
10	length_10_macrocycle_10_0_model_49	complete		8	8	True	1	0.9707363843917847	0.23230992257595062	True	True
10	length_10_macrocycle_10_0_model_50	complete		8	8	True	1	0.9707363843917847	0.2084999680519104	True	True
10	length_10_macrocycle_10_0_model_51	complete		8	8	True	1	0.9676430225372314	0.22300465404987335	True	True
10	length_10_macrocycle_10_0_model_52	complete		8	8	True	1	0.9593032598495483	0.21490055322647095	True	True
10	length_10_macrocycle_10_0_model_53	complete		8	8	True	1	0.961029052734375	0.19664953649044037	True	True
10	length_10_macrocycle_10_0_model_54	complete		8	8	True	1	0.9728244543075562	0.18828602135181427	True	True
10	length_10_macrocycle_10_0_model_55	complete		8	8	True	1	0.9663140177726746	0.15713392198085785	True	True
10	length_10_macrocycle_10_0_model_56	complete		8	8	True	1	0.959479570388794	0.3229272961616516	True	True
10	length_10_macrocycle_10_0_model_57	complete		8	8	True	1	0.9627863764762878	0.18318063020706177	True	True
10	length_10_macrocycle_10_0_model_58	complete		8	0	False		0.8420880436897278	1.8774206638336182	True	True
10	length_10_macrocycle_10_0_model_59	complete		8	8	True	1	0.9661337733268738	0.23258696496486664	True	True
10	length_10_macrocycle_10_0_model_60	complete		8	8	True	1	0.9636152386665344	0.16008545458316803	True	True
10	length_10_macrocycle_10_0_model_61	complete		8	8	True	1	0.9642952680587769	0.17141211032867432	True	True
10	length_10_macrocycle_10_0_model_62	complete		8	8	True	1	0.9567714333534241	0.3270401954650879	True	True
10	length_10_macrocycle_10_0_model_63	complete		8	8	True	1	0.9707363843917847	0.157309427857399	True	True
10	length_10_macrocycle_10_0_model_64	complete		8	1	True	5	0.8173907995223999	0.5073273181915283	True	True
10	length_10_macrocycle_10_0_model_65	complete		8	8	True	1	0.9615080952644348	0.2696925103664398	True	True
10	length_10_macrocycle_10_0_model_66	complete		8	8	True	1	0.959415853023529	0.17681598663330078	True	True
10	length_10_macrocycle_10_0_model_67	complete		8	8	True	1	0.9536976218223572	0.32418787479400635	True	True
10	length_10_macrocycle_10_0_model_68	complete		8	8	True	1	0.9642865061759949	0.18975719809532166	True	True
10	length_10_macrocycle_10_0_model_69	complete		8	8	True	1	0.9605745673179626	0.22407138347625732	True	True
10	length_10_macrocycle_10_0_model_70	complete		8	8	True	1	0.9628799557685852	0.18956218659877777	True	True
10	length_10_macrocycle_10_0_model_71	complete		8	0	False		0.902927041053772	2.8166704177856445	True	False
10	length_10_macrocycle_10_0_model_72	complete		8	8	True	1	0.9707363843917847	0.2005363404750824	True	True
10	length_10_macrocycle_10_0_model_73	complete		8	8	True	1	0.9602866172790527	0.2094201296567917	True	True
10	length_10_macrocycle_10_0_model_74	complete		8	8	True	1	0.9544633030891418	0.33753836154937744	True	True
10	length_10_macrocycle_10_0_model_75	complete		8	4	True	4	0.9296966791152954	0.4702196717262268	True	True
10	length_10_macrocycle_10_0_model_76	complete		8	8	True	1	0.9599509835243225	0.2699946165084839	True	True
10	length_10_macrocycle_10_0_model_77	complete		8	8	True	1	0.9696820378303528	0.2117307186126709	True	True
10	length_10_macrocycle_10_0_model_78	complete		8	8	True	1	0.9585227370262146	0.5128498077392578	True	True
10	length_10_macrocycle_10_0_model_79	complete		8	8	True	1	0.9612520337104797	0.2533814013004303	True	True
10	length_10_macrocycle_10_0_model_80	complete		8	8	True	1	0.9602866172790527	0.18958646059036255	True	True
10	length_10_macrocycle_10_0_model_81	complete		8	8	True	1	0.9707363843917847	0.22968170046806335	True	True
10	length_10_macrocycle_10_0_model_82	complete		8	8	True	1	0.9730192422866821	0.20565591752529144	True	True
10	length_10_macrocycle_10_0_model_83	complete		8	8	True	1	0.960335373878479	0.24234090745449066	True	True
10	length_10_macrocycle_10_0_model_84	complete		8	8	True	1	0.9577048420906067	0.36937621235847473	True	True
10	length_10_macrocycle_10_0_model_85	complete		8	8	True	1	0.9532567858695984	0.2581672966480255	True	True
10	length_10_macrocycle_10_0_model_86	complete		8	6	True	1	0.9469186663627625	0.5351465940475464	True	True
10	length_10_macrocycle_10_0_model_87	complete		8	7	True	1	0.9330621957778931	0.5515145063400269	True	True
10	length_10_macrocycle_10_0_model_88	complete		8	8	True	1	0.9694944620132446	0.15076987445354462	True	True
10	length_10_macrocycle_10_0_model_89	complete		8	8	True	1	0.9665479063987732	0.20109763741493225	True	True
10	length_10_macrocycle_10_0_model_90	complete		8	8	True	1	0.9702643752098083	0.19311471283435822	True	True
10	length_10_macrocycle_10_0_model_91	complete		8	8	True	1	0.9661422967910767	0.2756986618041992	True	True
10	length_10_macrocycle_10_0_model_92	complete		8	8	True	1	0.9674980044364929	0.18145079910755157	True	True
10	length_10_macrocycle_10_0_model_93	complete		8	8	True	1	0.9285158514976501	0.41814929246902466	True	True
10	length_10_macrocycle_10_0_model_94	complete		8	8	True	1	0.9645534157752991	0.20797859132289886	True	True
10	length_10_macrocycle_10_0_model_95	complete		8	3	True	3	0.9309502243995667	0.7320212721824646	True	True
10	length_10_macrocycle_10_0_model_96	complete		8	8	True	1	0.9604297876358032	0.2013712227344513	True	True
10	length_10_macrocycle_10_0_model_97	complete		8	8	True	1	0.9707363843917847	0.2037746012210846	True	True
10	length_10_macrocycle_10_0_model_98	complete		8	8	True	1	0.9748474359512329	0.17280203104019165	True	True
10	length_10_macrocycle_10_0_model_99	complete		8	8	True	1	0.9557200074195862	0.33407294750213623	True	True
10	length_10_macrocycle_10_0_model_100	complete		8	8	True	1	0.9720340967178345	0.2025211602449417	True	True
10	length_10_macrocycle_10_0_model_101	complete		8	3	True	1	0.932573139667511	0.43784114718437195	True	True
10	length_10_macrocycle_10_0_model_102	complete		8	8	True	1	0.9572609066963196	0.17604513466358185	True	True
10	length_10_macrocycle_10_0_model_103	complete		8	8	True	1	0.9602185487747192	0.1919037252664566	True	True
10	length_10_macrocycle_10_0_model_104	complete		8	8	True	1	0.9605727195739746	0.1960492879152298	True	True
10	length_10_macrocycle_10_0_model_105	complete		8	8	True	1	0.9527003169059753	0.23414698243141174	True	True
10	length_10_macrocycle_10_0_model_106	complete		8	8	True	1	0.9609073996543884	0.22981779277324677	True	True
10	length_10_macrocycle_10_0_model_107	complete		8	4	True	1	0.846199631690979	0.6087647676467896	True	True
10	length_10_macrocycle_10_0_model_108	complete		8	2	True	1	0.8461608290672302	0.5578495264053345	True	True
10	length_10_macrocycle_10_0_model_109	complete		8	0	False		0.7829393148422241	2.4795422554016113	False	False
10	length_10_macrocycle_10_0_model_110	complete		8	8	True	1	0.9607880115509033	0.3351605534553528	True	True
10	length_10_macrocycle_10_0_model_111	complete		8	8	True	1	0.9573053121566772	0.22294816374778748	True	True
10	length_10_macrocycle_10_0_model_112	complete		8	8	True	1	0.9617084264755249	0.32214778661727905	True	True
10	length_10_macrocycle_10_0_model_113	complete		8	8	True	1	0.9626547694206238	0.23665791749954224	True	True
10	length_10_macrocycle_10_0_model_114	complete		8	8	True	1	0.9696750044822693	0.22446154057979584	True	True
10	length_10_macrocycle_10_0_model_115	complete		8	8	True	1	0.9335321187973022	0.2651709020137787	True	True
10	length_10_macrocycle_10_0_model_116	complete		8	8	True	1	0.9692307710647583	0.15063107013702393	True	True
10	length_10_macrocycle_10_0_model_117	complete		8	8	True	1	0.9676429033279419	0.20055267214775085	True	True
10	length_10_macrocycle_10_0_model_118	complete		8	8	True	1	0.9577729105949402	0.26513463258743286	True	True
10	length_10_macrocycle_10_0_model_119	complete		8	2	True	2	0.8415520787239075	1.2691104412078857	True	True
10	length_10_macrocycle_10_0_model_120	complete		8	8	True	1	0.969761848449707	0.3980426788330078	True	True
10	length_10_macrocycle_10_0_model_121	complete		8	8	True	1	0.9593867063522339	0.5853543877601624	True	True
10	length_10_macrocycle_10_0_model_122	complete		8	0	False		0.8048326373100281	1.9556856155395508	True	True
10	length_10_macrocycle_10_0_model_123	complete		8	8	True	1	0.9518559575080872	0.29241806268692017	True	True
10	length_10_macrocycle_10_0_model_124	complete		8	8	True	1	0.9727938175201416	0.3382941782474518	True	True
10	length_10_macrocycle_10_0_model_125	complete		8	8	True	1	0.9676429033279419	0.20576851069927216	True	True
10	length_10_macrocycle_10_0_model_126	complete		8	8	True	1	0.968234658241272	0.20907895267009735	True	True
10	length_10_macrocycle_10_0_model_127	complete		8	8	True	1	0.9622759222984314	0.2508944571018219	True	True
10	length_10_macrocycle_10_0_model_128	complete		8	8	True	1	0.9627863764762878	0.1995885670185089	True	True
10	length_10_macrocycle_10_0_model_129	complete		8	8	True	1	0.9723880290985107	0.17581981420516968	True	True
10	length_10_macrocycle_10_0_model_130	complete		8	8	True	1	0.9705759286880493	0.2591472268104553	True	True
10	length_10_macrocycle_10_0_model_131	complete		8	8	True	1	0.9694686532020569	0.6795272827148438	True	True
10	length_10_macrocycle_10_0_model_132	complete		8	8	True	1	0.9628799557685852	0.16383597254753113	True	True
10	length_10_macrocycle_10_0_model_133	complete		8	3	True	3	0.8482556343078613	1.130176305770874	True	True
10	length_10_macrocycle_10_0_model_134	complete		8	8	True	1	0.9666339159011841	0.17608843743801117	True	True
10	length_10_macrocycle_10_0_model_135	complete		8	8	True	1	0.9623216986656189	0.20048493146896362	True	True
10	length_10_macrocycle_10_0_model_136	complete		8	8	True	1	0.9648808836936951	0.47228989005088806	True	True
10	length_10_macrocycle_10_0_model_137	complete		8	8	True	1	0.964469850063324	0.18727853894233704	True	True
10	length_10_macrocycle_10_0_model_138	complete		8	8	True	1	0.9684262275695801	0.19029800593852997	True	True
10	length_10_macrocycle_10_0_model_139	complete		8	1	True	6	0.8415520787239075	1.2559003829956055	True	True
10	length_10_macrocycle_10_0_model_140	complete		8	8	True	1	0.9595465064048767	0.2748629152774811	True	True
10	length_10_macrocycle_10_0_model_141	complete		8	8	True	1	0.960932195186615	0.29730692505836487	True	True
10	length_10_macrocycle_10_0_model_142	complete		8	8	True	1	0.9627496600151062	0.22144834697246552	True	True
10	length_10_macrocycle_10_0_model_143	complete		8	8	True	1	0.9730578064918518	0.20990271866321564	True	True
10	length_10_macrocycle_10_0_model_144	complete		8	8	True	1	0.9614030718803406	0.2628353536128998	True	True
10	length_10_macrocycle_10_0_model_145	complete		8	8	True	1	0.9528889060020447	0.36362504959106445	True	True
10	length_10_macrocycle_10_0_model_146	complete		8	8	True	1	0.9707363843917847	0.2440960705280304	True	True
10	length_10_macrocycle_10_0_model_147	complete		8	8	True	1	0.9518993496894836	0.2773899435997009	True	True
10	length_10_macrocycle_10_0_model_148	complete		8	8	True	1	0.9697721600532532	0.18144124746322632	True	True
10	length_10_macrocycle_10_0_model_149	complete		8	8	True	1	0.9674161672592163	0.23038826882839203	True	True
10	length_10_macrocycle_10_0_model_150	complete		8	8	True	1	0.9650910496711731	0.2428528517484665	True	True
10	length_10_macrocycle_10_0_model_151	complete		8	8	True	1	0.9720340967178345	0.20108170807361603	True	True
10	length_10_macrocycle_10_0_model_152	complete		8	8	True	1	0.9674153327941895	0.16396862268447876	True	True
10	length_10_macrocycle_10_0_model_153	complete		8	8	True	1	0.9506309628486633	0.34012529253959656	True	True
10	length_10_macrocycle_10_0_model_154	complete		8	8	True	1	0.9711104035377502	0.20283164083957672	True	True
10	length_10_macrocycle_10_0_model_155	complete		8	8	True	1	0.9656054377555847	0.2178363800048828	True	True
10	length_10_macrocycle_10_0_model_156	complete		8	0	False		0.8927580714225769	2.177243947982788	True	False
10	length_10_macrocycle_10_0_model_157	complete		8	8	True	1	0.9715880751609802	0.2620197832584381	True	True
10	length_10_macrocycle_10_0_model_158	complete		8	8	True	1	0.9496743083000183	0.29751288890838623	True	True
10	length_10_macrocycle_10_0_model_159	complete		8	8	True	1	0.9652891755104065	0.21780110895633698	True	True
10	length_10_macrocycle_10_0_model_160	complete		8	8	True	1	0.9669128060340881	0.1797027438879013	True	True
10	length_10_macrocycle_10_0_model_161	complete		8	8	True	1	0.9628140926361084	0.15128754079341888	True	True
10	length_10_macrocycle_10_0_model_162	complete		8	8	True	1	0.9561173915863037	0.26259756088256836	True	True
10	length_10_macrocycle_10_0_model_163	complete		8	8	True	1	0.9592700004577637	0.22859042882919312	True	True
10	length_10_macrocycle_10_0_model_164	complete		8	8	True	1	0.9647653698921204	0.18883085250854492	True	True
10	length_10_macrocycle_10_0_model_165	complete		8	8	True	1	0.9547826051712036	0.291227251291275	True	True
10	length_10_macrocycle_10_0_model_166	complete		8	8	True	1	0.9558468461036682	0.22651930153369904	True	True
10	length_10_macrocycle_10_0_model_167	complete		8	8	True	1	0.9674475193023682	0.1971125304698944	True	True
10	length_10_macrocycle_10_0_model_168	complete		8	8	True	1	0.9647623896598816	0.23807036876678467	True	True
10	length_10_macrocycle_10_0_model_169	complete		8	8	True	1	0.9581214189529419	0.1828068047761917	True	True
10	length_10_macrocycle_10_0_model_170	complete		8	8	True	1	0.9646929502487183	0.15333020687103271	True	True
10	length_10_macrocycle_10_0_model_171	complete		8	8	True	1	0.9707363843917847	0.23196829855442047	True	True
10	length_10_macrocycle_10_0_model_172	complete		8	8	True	1	0.965190052986145	0.2571539580821991	True	True
10	length_10_macrocycle_10_0_model_173	complete		8	8	True	1	0.9697975516319275	0.15078654885292053	True	True
10	length_10_macrocycle_10_0_model_174	complete		8	4	True	2	0.8686137795448303	0.49532267451286316	True	True
10	length_10_macrocycle_10_0_model_175	complete		8	0	False		0.7173495292663574	1.2887848615646362	False	True
10	length_10_macrocycle_10_0_model_176	complete		8	8	True	1	0.9581214189529419	0.25239893794059753	True	True
10	length_10_macrocycle_10_0_model_177	complete		8	8	True	1	0.9689801335334778	0.8274697661399841	True	True
10	length_10_macrocycle_10_0_model_178	complete		8	8	True	1	0.9652984142303467	0.16917656362056732	True	True
10	length_10_macrocycle_10_0_model_179	complete		8	8	True	1	0.970471978187561	0.18443888425827026	True	True
10	length_10_macrocycle_10_0_model_180	complete		8	8	True	1	0.969226062297821	0.2030048966407776	True	True
10	length_10_macrocycle_10_0_model_181	complete		8	0	False		0.8681411147117615	1.5203646421432495	True	True
10	length_10_macrocycle_10_0_model_182	complete		8	8	True	1	0.9645636677742004	0.20712612569332123	True	True
10	length_10_macrocycle_10_0_model_183	complete		8	4	True	2	0.9065436720848083	0.32075512409210205	True	True
10	length_10_macrocycle_10_0_model_184	complete		8	8	True	1	0.9693517684936523	0.25891855359077454	True	True
10	length_10_macrocycle_10_0_model_185	complete		8	8	True	1	0.966249406337738	0.17289993166923523	True	True
10	length_10_macrocycle_10_0_model_186	complete		8	8	True	1	0.9680384397506714	0.3693985342979431	True	True
10	length_10_macrocycle_10_0_model_187	complete		8	8	True	1	0.9636151194572449	0.2294151782989502	True	True
10	length_10_macrocycle_10_0_model_188	complete		8	8	True	1	0.9660341739654541	0.22816595435142517	True	True
10	length_10_macrocycle_10_0_model_189	complete		8	8	True	1	0.8842021226882935	0.5028793215751648	True	True
10	length_10_macrocycle_10_0_model_190	complete		8	8	True	1	0.9707363843917847	0.14496810734272003	True	True
10	length_10_macrocycle_10_0_model_191	complete		8	8	True	1	0.9590363502502441	0.21966446936130524	True	True
10	length_10_macrocycle_10_0_model_192	complete		8	8	True	1	0.9707363843917847	0.22017818689346313	True	True
10	length_10_macrocycle_10_0_model_193	complete		8	8	True	1	0.9579097628593445	0.18295763432979584	True	True
10	length_10_macrocycle_10_0_model_194	complete		8	7	True	1	0.9525151252746582	0.8207874298095703	True	True
10	length_10_macrocycle_10_0_model_195	complete		8	0	False		0.9111559987068176	2.360234498977661	True	False
10	length_10_macrocycle_10_0_model_196	complete		8	8	True	1	0.9668138027191162	0.20505894720554352	True	True
10	length_10_macrocycle_10_0_model_197	complete		8	0	False		0.7558792233467102	2.4628121852874756	False	False
10	length_10_macrocycle_10_0_model_198	complete		8	8	True	1	0.9721952080726624	0.2617320120334625	True	True
10	length_10_macrocycle_10_0_model_199	complete		8	8	True	1	0.9713688492774963	0.1967805027961731	True	True
12	length_12_macrocycle_12_0_model_0	complete		8	8	True	1	0.9730196595191956	0.29865381121635437	True	True
12	length_12_macrocycle_12_0_model_1	complete		8	8	True	1	0.9789937734603882	0.21265611052513123	True	True
12	length_12_macrocycle_12_0_model_2	complete		8	8	True	1	0.96956467628479	0.22622816264629364	True	True
12	length_12_macrocycle_12_0_model_3	complete		8	8	True	1	0.9769995212554932	0.22478742897510529	True	True
12	length_12_macrocycle_12_0_model_4	complete		8	8	True	1	0.9794793725013733	0.2893449664115906	True	True
12	length_12_macrocycle_12_0_model_5	complete		8	8	True	1	0.9653028845787048	0.23329514265060425	True	True
12	length_12_macrocycle_12_0_model_6	complete		8	7	True	2	0.956672191619873	0.42487087845802307	True	True
12	length_12_macrocycle_12_0_model_7	complete		8	8	True	1	0.974133312702179	0.2554081082344055	True	True
12	length_12_macrocycle_12_0_model_8	complete		8	8	True	1	0.96956467628479	0.30409178137779236	True	True
12	length_12_macrocycle_12_0_model_9	complete		8	8	True	1	0.9748063683509827	0.22525693476200104	True	True
12	length_12_macrocycle_12_0_model_10	complete		8	8	True	1	0.9515119194984436	0.2920258343219757	True	True
12	length_12_macrocycle_12_0_model_11	complete		8	8	True	1	0.9759473204612732	0.19624224305152893	True	True
12	length_12_macrocycle_12_0_model_12	complete		8	8	True	1	0.9754917621612549	0.1935369372367859	True	True
12	length_12_macrocycle_12_0_model_13	complete		8	8	True	1	0.9778578281402588	0.1579970121383667	True	True
12	length_12_macrocycle_12_0_model_14	complete		8	8	True	1	0.9286065697669983	0.2890416085720062	True	True
12	length_12_macrocycle_12_0_model_15	complete		8	8	True	1	0.9752277731895447	0.35523903369903564	True	True
12	length_12_macrocycle_12_0_model_16	complete		8	5	True	2	0.9348511695861816	0.23724430799484253	True	True
12	length_12_macrocycle_12_0_model_17	complete		8	8	True	1	0.9711970090866089	0.3488541841506958	True	True
12	length_12_macrocycle_12_0_model_18	complete		8	8	True	1	0.9771584868431091	0.6250753402709961	True	True
12	length_12_macrocycle_12_0_model_19	complete		8	7	True	1	0.9364647269248962	0.8420140743255615	True	True
12	length_12_macrocycle_12_0_model_20	complete		8	8	True	1	0.9752162098884583	0.2861778140068054	True	True
12	length_12_macrocycle_12_0_model_21	complete		8	8	True	1	0.9750281572341919	0.2781188488006592	True	True
12	length_12_macrocycle_12_0_model_22	complete		8	0	False		0.7102975845336914	3.0433766841888428	False	False
12	length_12_macrocycle_12_0_model_23	complete		8	8	True	1	0.9759200215339661	0.20580771565437317	True	True
12	length_12_macrocycle_12_0_model_24	complete		8	8	True	1	0.9776735305786133	0.2015303075313568	True	True
12	length_12_macrocycle_12_0_model_25	complete		8	8	True	1	0.9750281572341919	0.36032834649086	True	True
12	length_12_macrocycle_12_0_model_26	complete		8	8	True	1	0.9767270684242249	0.2488068789243698	True	True
12	length_12_macrocycle_12_0_model_27	complete		8	8	True	1	0.9722017645835876	0.5563752055168152	True	True
12	length_12_macrocycle_12_0_model_28	complete		8	8	True	1	0.9792688488960266	0.4123274087905884	True	True
12	length_12_macrocycle_12_0_model_29	complete		8	8	True	1	0.9774895310401917	0.24812762439250946	True	True
12	length_12_macrocycle_12_0_model_30	complete		8	8	True	1	0.9756983518600464	0.22875061631202698	True	True
12	length_12_macrocycle_12_0_model_31	complete		8	8	True	1	0.9768155813217163	0.20531275868415833	True	True
12	length_12_macrocycle_12_0_model_32	complete		8	8	True	1	0.9651236534118652	0.25082388520240784	True	True
12	length_12_macrocycle_12_0_model_33	complete		8	8	True	1	0.9744699001312256	0.2193780094385147	True	True
12	length_12_macrocycle_12_0_model_34	complete		8	8	True	1	0.9720478057861328	0.2538391947746277	True	True
12	length_12_macrocycle_12_0_model_35	complete		8	8	True	1	0.9751693606376648	0.16996626555919647	True	True
12	length_12_macrocycle_12_0_model_36	complete		8	8	True	1	0.9740806818008423	0.3023221492767334	True	True
12	length_12_macrocycle_12_0_model_37	complete		8	7	True	2	0.960107147693634	0.39288532733917236	True	True
12	length_12_macrocycle_12_0_model_38	complete		8	8	True	1	0.9774723052978516	0.21402914822101593	True	True
12	length_12_macrocycle_12_0_model_39	complete		8	8	True	1	0.9708559513092041	0.19344432651996613	True	True
12	length_12_macrocycle_12_0_model_40	complete		8	8	True	1	0.9635081887245178	0.408009797334671	True	True
12	length_12_macrocycle_12_0_model_41	complete		8	8	True	1	0.9758008122444153	0.19214728474617004	True	True
12	length_12_macrocycle_12_0_model_42	complete		8	7	True	1	0.9030612707138062	0.6047943830490112	True	True
12	length_12_macrocycle_12_0_model_43	complete		8	7	True	1	0.9710570573806763	0.2301575094461441	True	True
12	length_12_macrocycle_12_0_model_44	complete		8	6	True	1	0.9741851687431335	0.22853900492191315	True	True
12	length_12_macrocycle_12_0_model_45	complete		8	8	True	1	0.9764872789382935	0.20571927726268768	True	True
12	length_12_macrocycle_12_0_model_46	complete		8	8	True	1	0.9727040529251099	0.28297436237335205	True	True
12	length_12_macrocycle_12_0_model_47	complete		8	8	True	1	0.9776065349578857	0.2864242196083069	True	True
12	length_12_macrocycle_12_0_model_48	complete		8	8	True	1	0.9704218506813049	0.548517107963562	True	True
12	length_12_macrocycle_12_0_model_49	complete		8	8	True	1	0.973376452922821	0.3135811686515808	True	True
12	length_12_macrocycle_12_0_model_50	complete		8	8	True	1	0.9579166173934937	0.4105967879295349	True	True
12	length_12_macrocycle_12_0_model_51	complete		8	8	True	1	0.9778937697410583	0.3802497386932373	True	True
12	length_12_macrocycle_12_0_model_52	complete		8	8	True	1	0.9735188484191895	0.22706668078899384	True	True
12	length_12_macrocycle_12_0_model_53	complete		8	8	True	1	0.9679568409919739	0.6222509145736694	True	True
12	length_12_macrocycle_12_0_model_54	complete		8	8	True	1	0.974133312702179	0.2245849221944809	True	True
12	length_12_macrocycle_12_0_model_55	complete		8	8	True	1	0.9737550616264343	0.2560778558254242	True	True
12	length_12_macrocycle_12_0_model_56	complete		8	8	True	1	0.9750732183456421	0.22863687574863434	True	True
12	length_12_macrocycle_12_0_model_57	complete		8	8	True	1	0.9453549981117249	0.7410330772399902	True	True
12	length_12_macrocycle_12_0_model_58	complete		8	0	False		0.8528346419334412	2.4066526889801025	True	False
12	length_12_macrocycle_12_0_model_59	complete		8	8	True	1	0.9718168377876282	0.25606569647789	True	True
12	length_12_macrocycle_12_0_model_60	complete		8	8	True	1	0.9713025689125061	0.32537776231765747	True	True
12	length_12_macrocycle_12_0_model_61	complete		8	8	True	1	0.9723670482635498	0.18774273991584778	True	True
12	length_12_macrocycle_12_0_model_62	complete		8	8	True	1	0.9753077626228333	0.20022445917129517	True	True
12	length_12_macrocycle_12_0_model_63	complete		8	8	True	1	0.973076343536377	0.19753950834274292	True	True
12	length_12_macrocycle_12_0_model_64	complete		8	8	True	1	0.9752048254013062	0.23548033833503723	True	True
12	length_12_macrocycle_12_0_model_65	complete		8	6	True	1	0.9625834822654724	0.45787757635116577	True	True
12	length_12_macrocycle_12_0_model_66	complete		8	8	True	1	0.9733863472938538	0.2703167200088501	True	True
12	length_12_macrocycle_12_0_model_67	complete		8	3	True	1	0.8223266005516052	0.9739974141120911	True	True
12	length_12_macrocycle_12_0_model_68	complete		8	8	True	1	0.9717176556587219	0.22111232578754425	True	True
12	length_12_macrocycle_12_0_model_69	complete		8	8	True	1	0.9620689749717712	0.201758474111557	True	True
12	length_12_macrocycle_12_0_model_70	complete		8	8	True	1	0.9708257913589478	0.24494428932666779	True	True
12	length_12_macrocycle_12_0_model_71	complete		8	8	True	1	0.9732607007026672	0.28215840458869934	True	True
12	length_12_macrocycle_12_0_model_72	complete		8	8	True	1	0.9718841314315796	0.24420985579490662	True	True
12	length_12_macrocycle_12_0_model_73	complete		8	6	True	1	0.946736216545105	0.7265488505363464	True	True
12	length_12_macrocycle_12_0_model_74	complete		8	8	True	1	0.9694092869758606	0.2076195627450943	True	True
12	length_12_macrocycle_12_0_model_75	complete		8	8	True	1	0.9636236429214478	0.21711793541908264	True	True
12	length_12_macrocycle_12_0_model_76	complete		8	8	True	1	0.975986659526825	0.2331758290529251	True	True
12	length_12_macrocycle_12_0_model_77	complete		8	8	True	1	0.9731902480125427	0.314444363117218	True	True
12	length_12_macrocycle_12_0_model_78	complete		8	8	True	1	0.9763355255126953	0.20831827819347382	True	True
12	length_12_macrocycle_12_0_model_79	complete		8	8	True	1	0.9672261476516724	0.18000870943069458	True	True
12	length_12_macrocycle_12_0_model_80	complete		8	8	True	1	0.9757068157196045	0.1693567931652069	True	True
12	length_12_macrocycle_12_0_model_81	complete		8	7	True	1	0.9328540563583374	0.39423882961273193	True	True
12	length_12_macrocycle_12_0_model_82	complete		8	5	True	1	0.9171795845031738	0.518797755241394	True	True
12	length_12_macrocycle_12_0_model_83	complete		8	8	True	1	0.9616343975067139	0.1923438459634781	True	True
12	length_12_macrocycle_12_0_model_84	complete		8	6	True	1	0.9480099081993103	0.40942221879959106	True	True
12	length_12_macrocycle_12_0_model_85	complete		8	8	True	1	0.9762104749679565	0.2603471577167511	True	True
12	length_12_macrocycle_12_0_model_86	complete		8	8	True	1	0.979033350944519	0.20203836262226105	True	True
12	length_12_macrocycle_12_0_model_87	complete		8	8	True	1	0.9784838557243347	0.1947283148765564	True	True
12	length_12_macrocycle_12_0_model_88	complete		8	8	True	1	0.9707540273666382	0.529078483581543	True	True
12	length_12_macrocycle_12_0_model_89	complete		8	8	True	1	0.9748063683509827	0.19452489912509918	True	True
12	length_12_macrocycle_12_0_model_90	complete		8	8	True	1	0.9754917621612549	0.4176675081253052	True	True
12	length_12_macrocycle_12_0_model_91	complete		8	8	True	1	0.9779829978942871	0.2136271595954895	True	True
12	length_12_macrocycle_12_0_model_92	complete		8	8	True	1	0.9679197669029236	0.21082532405853271	True	True
12	length_12_macrocycle_12_0_model_93	complete		8	7	True	1	0.9758503437042236	0.18771100044250488	True	True
12	length_12_macrocycle_12_0_model_94	complete		8	5	True	1	0.9208778142929077	0.6770976185798645	True	True
12	length_12_macrocycle_12_0_model_95	complete		8	8	True	1	0.9551889896392822	0.28317785263061523	True	True
12	length_12_macrocycle_12_0_model_96	complete		8	8	True	1	0.9681978821754456	0.5562702417373657	True	True
12	length_12_macrocycle_12_0_model_97	complete		8	0	False		0.7272551655769348	1.9344871044158936	False	True
12	length_12_macrocycle_12_0_model_98	complete		8	8	True	1	0.9762822389602661	0.2593219578266144	True	True
12	length_12_macrocycle_12_0_model_99	complete		8	8	True	1	0.9735697507858276	0.36974069476127625	True	True
12	length_12_macrocycle_12_0_model_100	complete		8	8	True	1	0.961965024471283	0.25940847396850586	True	True
12	length_12_macrocycle_12_0_model_101	complete		8	8	True	1	0.9424042701721191	0.7500337958335876	True	True
12	length_12_macrocycle_12_0_model_102	complete		8	8	True	1	0.9738486409187317	0.2227388471364975	True	True
12	length_12_macrocycle_12_0_model_103	complete		8	5	True	1	0.9245104789733887	0.47622889280319214	True	True
12	length_12_macrocycle_12_0_model_104	complete		8	8	True	1	0.9722144603729248	0.3162044286727905	True	True
12	length_12_macrocycle_12_0_model_105	complete		8	8	True	1	0.9718937873840332	0.22187460958957672	True	True
12	length_12_macrocycle_12_0_model_106	complete		8	8	True	1	0.9732924699783325	0.20381483435630798	True	True
12	length_12_macrocycle_12_0_model_107	complete		8	8	True	1	0.928484320640564	0.311968058347702	True	True
12	length_12_macrocycle_12_0_model_108	complete		8	8	True	1	0.9772284030914307	0.2385512888431549	True	True
12	length_12_macrocycle_12_0_model_109	complete		8	8	True	1	0.9715149402618408	0.4765282869338989	True	True
12	length_12_macrocycle_12_0_model_110	complete		8	8	True	1	0.9746308922767639	0.22614510357379913	True	True
12	length_12_macrocycle_12_0_model_111	complete		8	8	True	1	0.9707063436508179	0.32738497853279114	True	True
12	length_12_macrocycle_12_0_model_112	complete		8	8	True	1	0.9702262282371521	0.26383429765701294	True	True
12	length_12_macrocycle_12_0_model_113	complete		8	8	True	1	0.9728501439094543	0.22657109797000885	True	True
12	length_12_macrocycle_12_0_model_114	complete		8	8	True	1	0.9764441251754761	0.26252883672714233	True	True
12	length_12_macrocycle_12_0_model_115	complete		8	8	True	1	0.9722527265548706	0.24283452332019806	True	True
12	length_12_macrocycle_12_0_model_116	complete		8	8	True	1	0.9760086536407471	0.2600698173046112	True	True
12	length_12_macrocycle_12_0_model_117	complete		8	8	True	1	0.9758445024490356	0.23170363903045654	True	True
12	length_12_macrocycle_12_0_model_118	complete		8	0	False		0.8837951421737671	3.652695894241333	True	False
12	length_12_macrocycle_12_0_model_119	complete		8	8	True	1	0.9737550616264343	0.2606924772262573	True	True
12	length_12_macrocycle_12_0_model_120	complete		8	8	True	1	0.9739240407943726	0.19766344130039215	True	True
12	length_12_macrocycle_12_0_model_121	complete		8	8	True	1	0.9747654795646667	0.22293248772621155	True	True
12	length_12_macrocycle_12_0_model_122	complete		8	8	True	1	0.9695688486099243	0.2811543345451355	True	True
12	length_12_macrocycle_12_0_model_123	complete		8	8	True	1	0.9760231971740723	0.23664802312850952	True	True
12	length_12_macrocycle_12_0_model_124	complete		8	8	True	1	0.9699426889419556	0.29732850193977356	True	True
12	length_12_macrocycle_12_0_model_125	complete		8	8	True	1	0.9771584868431091	0.34521055221557617	True	True
12	length_12_macrocycle_12_0_model_126	complete		8	0	False		0.9099982976913452	1.8376497030258179	True	True
12	length_12_macrocycle_12_0_model_127	complete		8	8	True	1	0.967600405216217	0.5538834929466248	True	True
12	length_12_macrocycle_12_0_model_128	complete		8	8	True	1	0.9809359312057495	0.19702786207199097	True	True
12	length_12_macrocycle_12_0_model_129	complete		8	8	True	1	0.9714982509613037	0.2717114984989166	True	True
12	length_12_macrocycle_12_0_model_130	complete		8	8	True	1	0.8966377973556519	0.6735521554946899	True	True
12	length_12_macrocycle_12_0_model_131	complete		8	6	True	1	0.9011013507843018	0.604494035243988	True	True
12	length_12_macrocycle_12_0_model_132	complete		8	8	True	1	0.9720841646194458	0.16421502828598022	True	True
12	length_12_macrocycle_12_0_model_133	complete		8	8	True	1	0.9732660055160522	0.2361423373222351	True	True
12	length_12_macrocycle_12_0_model_134	complete		8	8	True	1	0.9764441251754761	0.24917352199554443	True	True
12	length_12_macrocycle_12_0_model_135	complete		8	8	True	1	0.9767597317695618	0.17849282920360565	True	True
12	length_12_macrocycle_12_0_model_136	complete		8	8	True	1	0.9746702909469604	0.29367220401763916	True	True
12	length_12_macrocycle_12_0_model_137	complete		8	8	True	1	0.9687008857727051	0.32590416073799133	True	True
12	length_12_macrocycle_12_0_model_138	complete		8	8	True	1	0.976352334022522	0.27874067425727844	True	True
12	length_12_macrocycle_12_0_model_139	complete		8	8	True	1	0.9700292944908142	0.28560686111450195	True	True
12	length_12_macrocycle_12_0_model_140	complete		8	8	True	1	0.9762598872184753	0.26860958337783813	True	True
12	length_12_macrocycle_12_0_model_141	complete		8	8	True	1	0.9438095092773438	0.7789524793624878	True	True
12	length_12_macrocycle_12_0_model_142	complete		8	8	True	1	0.9778541326522827	0.36669474840164185	True	True
12	length_12_macrocycle_12_0_model_143	complete		8	8	True	1	0.9767432808876038	0.1851641684770584	True	True
12	length_12_macrocycle_12_0_model_144	complete		8	6	True	1	0.9331604242324829	0.7015351057052612	True	True
12	length_12_macrocycle_12_0_model_145	complete		8	6	True	1	0.8963913321495056	0.38026052713394165	True	True
12	length_12_macrocycle_12_0_model_146	complete		8	8	True	1	0.971906304359436	0.2763820290565491	True	True
12	length_12_macrocycle_12_0_model_147	complete		8	8	True	1	0.9778927564620972	0.2072196900844574	True	True
12	length_12_macrocycle_12_0_model_148	complete		8	8	True	1	0.883099377155304	0.9703344106674194	True	True
12	length_12_macrocycle_12_0_model_149	complete		8	8	True	1	0.9667152166366577	0.24962057173252106	True	True
12	length_12_macrocycle_12_0_model_150	complete		8	8	True	1	0.9780236482620239	0.2806013226509094	True	True
12	length_12_macrocycle_12_0_model_151	complete		8	8	True	1	0.9761601686477661	0.30687642097473145	True	True
12	length_12_macrocycle_12_0_model_152	complete		8	8	True	1	0.975433349609375	0.23705998063087463	True	True
12	length_12_macrocycle_12_0_model_153	complete		8	8	True	1	0.9758445024490356	0.2398083657026291	True	True
12	length_12_macrocycle_12_0_model_154	complete		8	7	True	1	0.9741125702857971	0.19223399460315704	True	True
12	length_12_macrocycle_12_0_model_155	complete		8	8	True	1	0.9474173188209534	0.6873049736022949	True	True
12	length_12_macrocycle_12_0_model_156	complete		8	7	True	1	0.9105379581451416	0.38807031512260437	True	True
12	length_12_macrocycle_12_0_model_157	complete		8	8	True	1	0.9763584733009338	0.23751673102378845	True	True
12	length_12_macrocycle_12_0_model_158	complete		8	8	True	1	0.975123405456543	0.42825591564178467	True	True
12	length_12_macrocycle_12_0_model_159	complete		8	0	False		0.9621140956878662	2.871975898742676	True	False
12	length_12_macrocycle_12_0_model_160	complete		8	8	True	1	0.9766699075698853	0.18539546430110931	True	True
12	length_12_macrocycle_12_0_model_161	complete		8	8	True	1	0.9725231528282166	0.2353433072566986	True	True
12	length_12_macrocycle_12_0_model_162	complete		8	8	True	1	0.963678240776062	0.26995640993118286	True	True
12	length_12_macrocycle_12_0_model_163	complete		8	8	True	1	0.9649999141693115	0.36121904850006104	True	True
12	length_12_macrocycle_12_0_model_164	complete		8	8	True	1	0.9614424705505371	0.6226018071174622	True	True
12	length_12_macrocycle_12_0_model_165	complete		8	8	True	1	0.9768239259719849	0.20546811819076538	True	True
12	length_12_macrocycle_12_0_model_166	complete		8	8	True	1	0.9750281572341919	0.25390225648880005	True	True
12	length_12_macrocycle_12_0_model_167	complete		8	8	True	1	0.9772539734840393	0.21844814717769623	True	True
12	length_12_macrocycle_12_0_model_168	complete		8	8	True	1	0.945651650428772	0.3334784209728241	True	True
12	length_12_macrocycle_12_0_model_169	complete		8	8	True	1	0.9680207967758179	0.2661557197570801	True	True
12	length_12_macrocycle_12_0_model_170	complete		8	8	True	1	0.9692133665084839	0.280011922121048	True	True
12	length_12_macrocycle_12_0_model_171	complete		8	8	True	1	0.9788615703582764	0.16510479152202606	True	True
12	length_12_macrocycle_12_0_model_172	complete		8	8	True	1	0.974561333656311	0.19793100655078888	True	True
12	length_12_macrocycle_12_0_model_173	complete		8	8	True	1	0.9355018734931946	0.3864929676055908	True	True
12	length_12_macrocycle_12_0_model_174	complete		8	8	True	1	0.9735188484191895	0.25982052087783813	True	True
12	length_12_macrocycle_12_0_model_175	complete		8	8	True	1	0.9753486514091492	0.18242676556110382	True	True
12	length_12_macrocycle_12_0_model_176	complete		8	8	True	1	0.9738918542861938	0.20983171463012695	True	True
12	length_12_macrocycle_12_0_model_177	complete		8	8	True	1	0.9605646133422852	0.6377295851707458	True	True
12	length_12_macrocycle_12_0_model_178	complete		8	8	True	1	0.9680413603782654	0.3040488362312317	True	True
12	length_12_macrocycle_12_0_model_179	complete		8	8	True	1	0.9708384871482849	0.6720304489135742	True	True
12	length_12_macrocycle_12_0_model_180	complete		8	8	True	1	0.9750281572341919	0.2192477285861969	True	True
12	length_12_macrocycle_12_0_model_181	complete		8	8	True	1	0.9719812273979187	0.23447391390800476	True	True
12	length_12_macrocycle_12_0_model_182	complete		8	8	True	1	0.9752115607261658	0.2577100098133087	True	True
12	length_12_macrocycle_12_0_model_183	complete		8	7	True	1	0.9224998950958252	0.5035398602485657	True	True
12	length_12_macrocycle_12_0_model_184	complete		8	8	True	1	0.975152313709259	0.2055090218782425	True	True
12	length_12_macrocycle_12_0_model_185	complete		8	8	True	1	0.9773330092430115	0.22798845171928406	True	True
12	length_12_macrocycle_12_0_model_186	complete		8	8	True	1	0.9604476094245911	0.226548969745636	True	True
12	length_12_macrocycle_12_0_model_187	complete		8	8	True	1	0.9705329537391663	0.19379039108753204	True	True
12	length_12_macrocycle_12_0_model_188	complete		8	8	True	1	0.9706423878669739	0.16113142669200897	True	True
12	length_12_macrocycle_12_0_model_189	complete		8	8	True	1	0.9753077626228333	0.21992605924606323	True	True
12	length_12_macrocycle_12_0_model_190	complete		8	8	True	1	0.9766344428062439	0.23239436745643616	True	True
12	length_12_macrocycle_12_0_model_191	complete		8	8	True	1	0.9728313684463501	0.2651807367801666	True	True
12	length_12_macrocycle_12_0_model_192	complete		8	8	True	1	0.9402912259101868	0.3730562925338745	True	True
12	length_12_macrocycle_12_0_model_193	complete		8	8	True	1	0.9700111150741577	0.22766642272472382	True	True
12	length_12_macrocycle_12_0_model_194	complete		8	8	True	1	0.9753077626228333	0.21416006982326508	True	True
12	length_12_macrocycle_12_0_model_195	complete		8	8	True	1	0.9715944528579712	0.4974803030490875	True	True
12	length_12_macrocycle_12_0_model_196	complete		8	8	True	1	0.9802191257476807	0.2458997666835785	True	True
12	length_12_macrocycle_12_0_model_197	complete		8	8	True	1	0.9699913859367371	0.22018788754940033	True	True
12	length_12_macrocycle_12_0_model_198	complete		8	8	True	1	0.9760636687278748	0.21982792019844055	True	True
12	length_12_macrocycle_12_0_model_199	complete		8	8	True	1	0.9666661620140076	0.5006178617477417	True	True
14	length_14_macrocycle_14_0_model_0	complete		8	8	True	1	0.9673281908035278	0.2733059525489807	True	True
14	length_14_macrocycle_14_0_model_1	complete		8	8	True	1	0.9725604057312012	0.3621779680252075	True	True
14	length_14_macrocycle_14_0_model_2	complete		8	8	True	1	0.9518277645111084	0.365183562040329	True	True
14	length_14_macrocycle_14_0_model_3	complete		8	8	True	1	0.9768921732902527	0.19951231777668	True	True
14	length_14_macrocycle_14_0_model_4	complete		8	4	True	1	0.9588354825973511	0.3010018467903137	True	True
14	length_14_macrocycle_14_0_model_5	complete		8	8	True	1	0.9662777185440063	0.20307958126068115	True	True
14	length_14_macrocycle_14_0_model_6	complete		8	8	True	1	0.9756369590759277	0.19214853644371033	True	True
14	length_14_macrocycle_14_0_model_7	complete		8	8	True	1	0.9778551459312439	0.2113535851240158	True	True
14	length_14_macrocycle_14_0_model_8	complete		8	8	True	1	0.9724792838096619	0.3929641544818878	True	True
14	length_14_macrocycle_14_0_model_9	complete		8	8	True	1	0.9613325595855713	0.3665831983089447	True	True
14	length_14_macrocycle_14_0_model_10	complete		8	8	True	1	0.9604148864746094	0.260420560836792	True	True
14	length_14_macrocycle_14_0_model_11	complete		8	8	True	1	0.9767645001411438	0.18952448666095734	True	True
14	length_14_macrocycle_14_0_model_12	complete		8	8	True	1	0.9636092185974121	0.2117956280708313	True	True
14	length_14_macrocycle_14_0_model_13	complete		8	8	True	1	0.9627634882926941	0.3421664834022522	True	True
14	length_14_macrocycle_14_0_model_14	complete		8	8	True	1	0.9697970747947693	0.43926337361335754	True	True
14	length_14_macrocycle_14_0_model_15	complete		8	8	True	1	0.9748373031616211	0.2556600868701935	True	True
14	length_14_macrocycle_14_0_model_16	complete		8	8	True	1	0.9808606505393982	0.21090660989284515	True	True
14	length_14_macrocycle_14_0_model_17	complete		8	8	True	1	0.9705066680908203	0.2996707558631897	True	True
14	length_14_macrocycle_14_0_model_18	complete		8	8	True	1	0.9743414521217346	0.15651042759418488	True	True
14	length_14_macrocycle_14_0_model_19	complete		8	8	True	1	0.9686648845672607	0.6010569334030151	True	True
14	length_14_macrocycle_14_0_model_20	complete		8	8	True	1	0.9767210483551025	0.28198787569999695	True	True
14	length_14_macrocycle_14_0_model_21	complete		8	7	True	1	0.9564632773399353	0.4856996536254883	True	True
14	length_14_macrocycle_14_0_model_22	complete		8	6	True	1	0.9713094234466553	0.3773502707481384	True	True
14	length_14_macrocycle_14_0_model_23	complete		8	8	True	1	0.9624308347702026	0.22695490717887878	True	True
14	length_14_macrocycle_14_0_model_24	complete		8	8	True	1	0.9790084958076477	0.20567794144153595	True	True
14	length_14_macrocycle_14_0_model_25	complete		8	6	True	1	0.9792312979698181	0.4560210108757019	True	True
14	length_14_macrocycle_14_0_model_26	complete		8	8	True	1	0.9783857464790344	0.19773226976394653	True	True
14	length_14_macrocycle_14_0_model_27	complete		8	8	True	1	0.9766852855682373	0.16054749488830566	True	True
14	length_14_macrocycle_14_0_model_28	complete		8	8	True	1	0.9758116006851196	0.216427743434906	True	True
14	length_14_macrocycle_14_0_model_29	complete		8	7	True	1	0.9762735962867737	0.3450995981693268	True	True
14	length_14_macrocycle_14_0_model_30	complete		8	8	True	1	0.970929741859436	0.3004661500453949	True	True
14	length_14_macrocycle_14_0_model_31	complete		8	8	True	1	0.9784027934074402	0.19643519818782806	True	True
14	length_14_macrocycle_14_0_model_32	complete		8	8	True	1	0.972913920879364	0.18592709302902222	True	True
14	length_14_macrocycle_14_0_model_33	complete		8	8	True	1	0.9777053594589233	0.19673673808574677	True	True
14	length_14_macrocycle_14_0_model_34	complete		8	8	True	1	0.9775685667991638	0.23848263919353485	True	True
14	length_14_macrocycle_14_0_model_35	complete		8	8	True	1	0.9620629549026489	0.3112860918045044	True	True
14	length_14_macrocycle_14_0_model_36	complete		8	8	True	1	0.9690368175506592	0.17804419994354248	True	True
14	length_14_macrocycle_14_0_model_37	complete		8	8	True	1	0.966284453868866	0.23282992839813232	True	True
14	length_14_macrocycle_14_0_model_38	complete		8	8	True	1	0.9758656024932861	0.23462331295013428	True	True
14	length_14_macrocycle_14_0_model_39	complete		8	8	True	1	0.9756128787994385	0.20222772657871246	True	True
14	length_14_macrocycle_14_0_model_40	complete		8	8	True	1	0.9719700813293457	0.24855294823646545	True	True
14	length_14_macrocycle_14_0_model_41	complete		8	8	True	1	0.9813342094421387	0.1763317883014679	True	True
14	length_14_macrocycle_14_0_model_42	complete		8	8	True	1	0.9664579033851624	0.21151641011238098	True	True
14	length_14_macrocycle_14_0_model_43	complete		8	8	True	1	0.9777494668960571	0.17976196110248566	True	True
14	length_14_macrocycle_14_0_model_44	complete		8	8	True	1	0.9634838104248047	0.3653517961502075	True	True
14	length_14_macrocycle_14_0_model_45	complete		8	8	True	1	0.9743056893348694	0.2606140375137329	True	True
14	length_14_macrocycle_14_0_model_46	complete		8	8	True	1	0.9687199592590332	0.2419893592596054	True	True
14	length_14_macrocycle_14_0_model_47	complete		8	8	True	1	0.97691810131073	0.3200942873954773	True	True
14	length_14_macrocycle_14_0_model_48	complete		8	8	True	1	0.962275505065918	0.2674713432788849	True	True
14	length_14_macrocycle_14_0_model_49	complete		8	8	True	1	0.9718679189682007	0.17246592044830322	True	True
14	length_14_macrocycle_14_0_model_50	complete		8	8	True	1	0.979564905166626	0.416011780500412	True	True
14	length_14_macrocycle_14_0_model_51	complete		8	8	True	1	0.9699133634567261	0.24737492203712463	True	True
14	length_14_macrocycle_14_0_model_52	complete		8	8	True	1	0.9652996063232422	0.29819366335868835	True	True
14	length_14_macrocycle_14_0_model_53	complete		8	8	True	1	0.9767901301383972	0.22655874490737915	True	True
14	length_14_macrocycle_14_0_model_54	complete		8	8	True	1	0.9756541848182678	0.2531120479106903	True	True
14	length_14_macrocycle_14_0_model_55	complete		8	8	True	1	0.9713596701622009	0.15355153381824493	True	True
14	length_14_macrocycle_14_0_model_56	complete		8	8	True	1	0.9668142199516296	0.2613198757171631	True	True
14	length_14_macrocycle_14_0_model_57	complete		8	8	True	1	0.9772177934646606	0.27041056752204895	True	True
14	length_14_macrocycle_14_0_model_58	complete		8	8	True	1	0.9691484570503235	0.19900667667388916	True	True
14	length_14_macrocycle_14_0_model_59	complete		8	8	True	1	0.9751139879226685	0.22181113064289093	True	True
14	length_14_macrocycle_14_0_model_60	complete		8	8	True	1	0.9726848006248474	0.15005019307136536	True	True
14	length_14_macrocycle_14_0_model_61	complete		8	8	True	1	0.9767290949821472	0.2030237317085266	True	True
14	length_14_macrocycle_14_0_model_62	complete		8	8	True	1	0.9655736088752747	0.16397444903850555	True	True
14	length_14_macrocycle_14_0_model_63	complete		8	8	True	1	0.9615368247032166	0.23012620210647583	True	True
14	length_14_macrocycle_14_0_model_64	complete		8	8	True	1	0.9702081680297852	0.29172924160957336	True	True
14	length_14_macrocycle_14_0_model_65	complete		8	8	True	1	0.9337154626846313	0.2686087489128113	True	True
14	length_14_macrocycle_14_0_model_66	complete		8	8	True	1	0.9487507939338684	0.41848430037498474	True	True
14	length_14_macrocycle_14_0_model_67	complete		8	8	True	1	0.9798881411552429	0.15094202756881714	True	True
14	length_14_macrocycle_14_0_model_68	complete		8	8	True	1	0.8992825746536255	0.7119989991188049	True	True
14	length_14_macrocycle_14_0_model_69	complete		8	8	True	1	0.9633370637893677	0.24693161249160767	True	True
14	length_14_macrocycle_14_0_model_70	complete		8	8	True	1	0.9773752093315125	0.16965164244174957	True	True
14	length_14_macrocycle_14_0_model_71	complete		8	8	True	1	0.9615250825881958	0.2913075089454651	True	True
14	length_14_macrocycle_14_0_model_72	complete		8	8	True	1	0.9772161841392517	0.1966196894645691	True	True
14	length_14_macrocycle_14_0_model_73	complete		8	8	True	1	0.9747125506401062	0.541502833366394	True	True
14	length_14_macrocycle_14_0_model_74	complete		8	8	True	1	0.9769548177719116	0.18941472470760345	True	True
14	length_14_macrocycle_14_0_model_75	complete		8	8	True	1	0.9795986413955688	0.1646856963634491	True	True
14	length_14_macrocycle_14_0_model_76	complete		8	8	True	1	0.962109386920929	0.2371213138103485	True	True
14	length_14_macrocycle_14_0_model_77	complete		8	8	True	1	0.9772957563400269	0.2795315384864807	True	True
14	length_14_macrocycle_14_0_model_78	complete		8	8	True	1	0.978399932384491	0.15357980132102966	True	True
14	length_14_macrocycle_14_0_model_79	complete		8	8	True	1	0.9749032855033875	0.17628918588161469	True	True
14	length_14_macrocycle_14_0_model_80	complete		8	8	True	1	0.9726881980895996	0.19147884845733643	True	True
14	length_14_macrocycle_14_0_model_81	complete		8	6	True	1	0.9707076549530029	0.24773404002189636	True	True
14	length_14_macrocycle_14_0_model_82	complete		8	8	True	1	0.9724239706993103	0.22218488156795502	True	True
14	length_14_macrocycle_14_0_model_83	complete		8	8	True	1	0.9772353172302246	0.19667483866214752	True	True
14	length_14_macrocycle_14_0_model_84	complete		8	8	True	1	0.9672487378120422	0.3937353789806366	True	True
14	length_14_macrocycle_14_0_model_85	complete		8	8	True	1	0.9753212928771973	0.17548035085201263	True	True
14	length_14_macrocycle_14_0_model_86	complete		8	8	True	1	0.9818176031112671	0.19566266238689423	True	True
14	length_14_macrocycle_14_0_model_87	complete		8	8	True	1	0.9734006524085999	0.4215579926967621	True	True
14	length_14_macrocycle_14_0_model_88	complete		8	8	True	1	0.9805259704589844	0.17744481563568115	True	True
14	length_14_macrocycle_14_0_model_89	complete		8	8	True	1	0.962014377117157	0.36517617106437683	True	True
14	length_14_macrocycle_14_0_model_90	complete		8	8	True	1	0.9668142199516296	0.2373436689376831	True	True
14	length_14_macrocycle_14_0_model_91	complete		8	8	True	1	0.9720726609230042	0.2556908130645752	True	True
14	length_14_macrocycle_14_0_model_92	complete		8	8	True	1	0.9648398160934448	0.2195851057767868	True	True
14	length_14_macrocycle_14_0_model_93	complete		8	8	True	1	0.9743689894676208	0.22953522205352783	True	True
14	length_14_macrocycle_14_0_model_94	complete		8	8	True	1	0.9596796035766602	0.2171371728181839	True	True
14	length_14_macrocycle_14_0_model_95	complete		8	8	True	1	0.9709091186523438	0.2816098928451538	True	True
14	length_14_macrocycle_14_0_model_96	complete		8	8	True	1	0.9778331518173218	0.27141138911247253	True	True
14	length_14_macrocycle_14_0_model_97	complete		8	4	True	2	0.9711000919342041	0.5825068354606628	True	True
14	length_14_macrocycle_14_0_model_98	complete		8	4	True	1	0.9551374316215515	1.9109158515930176	True	True
14	length_14_macrocycle_14_0_model_99	complete		8	8	True	1	0.9622033834457397	0.33934494853019714	True	True
14	length_14_macrocycle_14_0_model_100	complete		8	8	True	1	0.9696366786956787	0.23101216554641724	True	True
14	length_14_macrocycle_14_0_model_101	complete		8	8	True	1	0.9753260612487793	0.2694421708583832	True	True
14	length_14_macrocycle_14_0_model_102	complete		8	8	True	1	0.9740917682647705	0.27411243319511414	True	True
14	length_14_macrocycle_14_0_model_103	complete		8	8	True	1	0.9798408150672913	0.3405923843383789	True	True
14	length_14_macrocycle_14_0_model_104	complete		8	8	True	1	0.9661849141120911	0.3111925423145294	True	True
14	length_14_macrocycle_14_0_model_105	complete		8	8	True	1	0.9727144241333008	0.6882756948471069	True	True
14	length_14_macrocycle_14_0_model_106	complete		8	8	True	1	0.9771788716316223	0.2497672587633133	True	True
14	length_14_macrocycle_14_0_model_107	complete		8	8	True	1	0.978399932384491	0.2027108073234558	True	True
14	length_14_macrocycle_14_0_model_108	complete		8	8	True	1	0.9739296436309814	0.21818208694458008	True	True
14	length_14_macrocycle_14_0_model_109	complete		8	8	True	1	0.9714539647102356	0.24357447028160095	True	True
14	length_14_macrocycle_14_0_model_110	complete		8	4	True	1	0.9598339200019836	0.4387706220149994	True	True
14	length_14_macrocycle_14_0_model_111	complete		8	8	True	1	0.9684014320373535	0.3557872474193573	True	True
14	length_14_macrocycle_14_0_model_112	complete		8	8	True	1	0.9728201627731323	0.39206451177597046	True	True
14	length_14_macrocycle_14_0_model_113	complete		8	8	True	1	0.9752265810966492	0.28055256605148315	True	True
14	length_14_macrocycle_14_0_model_114	complete		8	8	True	1	0.9685204029083252	0.4104817509651184	True	True
14	length_14_macrocycle_14_0_model_115	complete		8	7	True	1	0.9568225741386414	0.4517216384410858	True	True
14	length_14_macrocycle_14_0_model_116	complete		8	8	True	1	0.9462215900421143	0.5307927131652832	True	True
14	length_14_macrocycle_14_0_model_117	complete		8	8	True	1	0.9669031500816345	0.18540368974208832	True	True
14	length_14_macrocycle_14_0_model_118	complete		8	8	True	1	0.9737393260002136	0.2687385678291321	True	True
14	length_14_macrocycle_14_0_model_119	complete		8	8	True	1	0.9777494668960571	0.20244337618350983	True	True
14	length_14_macrocycle_14_0_model_120	complete		8	8	True	1	0.9661966562271118	0.280727356672287	True	True
14	length_14_macrocycle_14_0_model_121	complete		8	8	True	1	0.970111608505249	0.5249243378639221	True	True
14	length_14_macrocycle_14_0_model_122	complete		8	8	True	1	0.9725190997123718	0.19792674481868744	True	True
14	length_14_macrocycle_14_0_model_123	complete		8	8	True	1	0.9727014899253845	0.2137822061777115	True	True
14	length_14_macrocycle_14_0_model_124	complete		8	8	True	1	0.9729570746421814	0.20271117985248566	True	True
14	length_14_macrocycle_14_0_model_125	complete		8	8	True	1	0.9704867601394653	0.2445962131023407	True	True
14	length_14_macrocycle_14_0_model_126	complete		8	7	True	2	0.9654822945594788	0.2965117394924164	True	True
14	length_14_macrocycle_14_0_model_127	complete		8	8	True	1	0.9750818014144897	0.20279762148857117	True	True
14	length_14_macrocycle_14_0_model_128	complete		8	8	True	1	0.9750818014144897	0.17721804976463318	True	True
14	length_14_macrocycle_14_0_model_129	complete		8	8	True	1	0.977006196975708	0.16784273087978363	True	True
14	length_14_macrocycle_14_0_model_130	complete		8	8	True	1	0.9809171557426453	0.15673944354057312	True	True
14	length_14_macrocycle_14_0_model_131	complete		8	8	True	1	0.9805567264556885	0.2271096557378769	True	True
14	length_14_macrocycle_14_0_model_132	complete		8	8	True	1	0.9765104055404663	0.18808437883853912	True	True
14	length_14_macrocycle_14_0_model_133	complete		8	8	True	1	0.977549135684967	0.1370425671339035	True	True
14	length_14_macrocycle_14_0_model_134	complete		8	8	True	1	0.9749121069908142	0.23514539003372192	True	True
14	length_14_macrocycle_14_0_model_135	complete		8	8	True	1	0.9794157147407532	0.27492961287498474	True	True
14	length_14_macrocycle_14_0_model_136	complete		8	8	True	1	0.9700146913528442	0.22652535140514374	True	True
14	length_14_macrocycle_14_0_model_137	complete		8	8	True	1	0.9702390432357788	0.33514052629470825	True	True
14	length_14_macrocycle_14_0_model_138	complete		8	3	True	1	0.9571754932403564	0.7567130923271179	True	True
14	length_14_macrocycle_14_0_model_139	complete		8	8	True	1	0.9647104740142822	0.2318335473537445	True	True
14	length_14_macrocycle_14_0_model_140	complete		8	8	True	1	0.9607686400413513	0.1588159203529358	True	True
14	length_14_macrocycle_14_0_model_141	complete		8	8	True	1	0.9840354919433594	0.32475724816322327	True	True
14	length_14_macrocycle_14_0_model_142	complete		8	8	True	1	0.967775285243988	0.3276618421077728	True	True
14	length_14_macrocycle_14_0_model_143	complete		8	8	True	1	0.9673421382904053	0.25476059317588806	True	True
14	length_14_macrocycle_14_0_model_144	complete		8	8	True	1	0.9725171327590942	0.24314334988594055	True	True
14	length_14_macrocycle_14_0_model_145	complete		8	8	True	1	0.9771748781204224	0.1996736228466034	True	True
14	length_14_macrocycle_14_0_model_146	complete		8	4	True	1	0.9740089178085327	0.27160048484802246	True	True
14	length_14_macrocycle_14_0_model_147	complete		8	8	True	1	0.9780038595199585	0.16960322856903076	True	True
14	length_14_macrocycle_14_0_model_148	complete		8	8	True	1	0.9784027934074402	0.238242506980896	True	True
14	length_14_macrocycle_14_0_model_149	complete		8	0	False		0.8024295568466187	1.9160799980163574	True	True
14	length_14_macrocycle_14_0_model_150	complete		8	8	True	1	0.9607218503952026	0.19742490351200104	True	True
14	length_14_macrocycle_14_0_model_151	complete		8	8	True	1	0.9756237864494324	0.26673150062561035	True	True
14	length_14_macrocycle_14_0_model_152	complete		8	8	True	1	0.9740515351295471	0.3283851146697998	True	True
14	length_14_macrocycle_14_0_model_153	complete		8	8	True	1	0.9752032160758972	0.22360292077064514	True	True
14	length_14_macrocycle_14_0_model_154	complete		8	8	True	1	0.9786638617515564	0.2076665163040161	True	True
14	length_14_macrocycle_14_0_model_155	complete		8	8	True	1	0.9567983150482178	0.1863035261631012	True	True
14	length_14_macrocycle_14_0_model_156	complete		8	8	True	1	0.9708186388015747	0.20108304917812347	True	True
14	length_14_macrocycle_14_0_model_157	complete		8	8	True	1	0.974122941493988	0.3227419853210449	True	True
14	length_14_macrocycle_14_0_model_158	complete		8	8	True	1	0.9771287441253662	0.1909169703722	True	True
14	length_14_macrocycle_14_0_model_159	complete		8	8	True	1	0.9728517532348633	0.19401663541793823	True	True
14	length_14_macrocycle_14_0_model_160	complete		8	8	True	1	0.974810004234314	0.2859202027320862	True	True
14	length_14_macrocycle_14_0_model_161	complete		8	8	True	1	0.9782780408859253	0.12654906511306763	True	True
14	length_14_macrocycle_14_0_model_162	complete		8	8	True	1	0.9779552221298218	0.19605274498462677	True	True
14	length_14_macrocycle_14_0_model_163	complete		8	8	True	1	0.9770864248275757	0.35948193073272705	True	True
14	length_14_macrocycle_14_0_model_164	complete		8	5	True	2	0.961620032787323	0.6444584727287292	True	True
14	length_14_macrocycle_14_0_model_165	complete		8	8	True	1	0.9798469543457031	0.20767293870449066	True	True
14	length_14_macrocycle_14_0_model_166	complete		8	8	True	1	0.9797197580337524	0.18070267140865326	True	True
14	length_14_macrocycle_14_0_model_167	complete		8	8	True	1	0.970715343952179	0.32514041662216187	True	True
14	length_14_macrocycle_14_0_model_168	complete		8	1	True	8	0.9261912107467651	0.6711423993110657	True	True
14	length_14_macrocycle_14_0_model_169	complete		8	8	True	1	0.9704621434211731	0.22176195681095123	True	True
14	length_14_macrocycle_14_0_model_170	complete		8	7	True	1	0.9698783159255981	0.29374831914901733	True	True
14	length_14_macrocycle_14_0_model_171	complete		8	8	True	1	0.9736512303352356	0.23981280624866486	True	True
14	length_14_macrocycle_14_0_model_172	complete		8	8	True	1	0.9677470326423645	0.27692875266075134	True	True
14	length_14_macrocycle_14_0_model_173	complete		8	8	True	1	0.977006196975708	0.2259676605463028	True	True
14	length_14_macrocycle_14_0_model_174	complete		8	8	True	1	0.9706708192825317	0.263438880443573	True	True
14	length_14_macrocycle_14_0_model_175	complete		8	8	True	1	0.9611943960189819	0.2238457202911377	True	True
14	length_14_macrocycle_14_0_model_176	complete		8	8	True	1	0.9764912724494934	0.21936535835266113	True	True
14	length_14_macrocycle_14_0_model_177	complete		8	8	True	1	0.9700442552566528	0.31665319204330444	True	True
14	length_14_macrocycle_14_0_model_178	complete		8	8	True	1	0.9759039878845215	0.1466403752565384	True	True
14	length_14_macrocycle_14_0_model_179	complete		8	8	True	1	0.9735729098320007	0.2200658619403839	True	True
14	length_14_macrocycle_14_0_model_180	complete		8	8	True	1	0.9599385857582092	0.48010554909706116	True	True
14	length_14_macrocycle_14_0_model_181	complete		8	7	True	2	0.9699143171310425	0.5129253268241882	True	True
14	length_14_macrocycle_14_0_model_182	complete		8	8	True	1	0.9726706147193909	0.28243523836135864	True	True
14	length_14_macrocycle_14_0_model_183	complete		8	8	True	1	0.966284453868866	0.20056138932704926	True	True
14	length_14_macrocycle_14_0_model_184	complete		8	8	True	1	0.9624164700508118	0.2607879936695099	True	True
14	length_14_macrocycle_14_0_model_185	complete		8	8	True	1	0.9698960185050964	0.3261129558086395	True	True
14	length_14_macrocycle_14_0_model_186	complete		8	8	True	1	0.9753856658935547	0.22742260992527008	True	True
14	length_14_macrocycle_14_0_model_187	complete		8	8	True	1	0.9623822569847107	0.6264835596084595	True	True
14	length_14_macrocycle_14_0_model_188	complete		8	8	True	1	0.9655251502990723	0.23934350907802582	True	True
14	length_14_macrocycle_14_0_model_189	complete		8	8	True	1	0.9780794382095337	0.22412551939487457	True	True
14	length_14_macrocycle_14_0_model_190	complete		8	8	True	1	0.9727014899253845	0.23589889705181122	True	True
14	length_14_macrocycle_14_0_model_191	complete		8	8	True	1	0.9732969403266907	0.2126467227935791	True	True
14	length_14_macrocycle_14_0_model_192	complete		8	8	True	1	0.9685640931129456	0.2250811904668808	True	True
14	length_14_macrocycle_14_0_model_193	complete		8	8	True	1	0.9768989682197571	0.20427681505680084	True	True
14	length_14_macrocycle_14_0_model_194	complete		8	8	True	1	0.9668325781822205	0.3314947783946991	True	True
14	length_14_macrocycle_14_0_model_195	complete		8	8	True	1	0.9628821015357971	0.20904357731342316	True	True
14	length_14_macrocycle_14_0_model_196	complete		8	8	True	1	0.9723694920539856	0.24134890735149384	True	True
14	length_14_macrocycle_14_0_model_197	complete		8	8	True	1	0.9694172143936157	0.28263410925865173	True	True
14	length_14_macrocycle_14_0_model_198	complete		8	8	True	1	0.9599913954734802	0.3184821605682373	True	True
14	length_14_macrocycle_14_0_model_199	complete		8	8	True	1	0.97962486743927	0.18289655447006226	True	True
16	length_16_macrocycle_16_0_model_0	complete		8	8	True	1	0.9741171002388	0.26653531193733215	True	True
16	length_16_macrocycle_16_0_model_1	complete		8	8	True	1	0.9743941426277161	0.24798648059368134	True	True
16	length_16_macrocycle_16_0_model_2	complete		8	8	True	1	0.9735125303268433	0.3067724108695984	True	True
16	length_16_macrocycle_16_0_model_3	complete		8	8	True	1	0.9723883271217346	0.2788979113101959	True	True
16	length_16_macrocycle_16_0_model_4	complete		8	8	True	1	0.9741331338882446	0.33319616317749023	True	True
16	length_16_macrocycle_16_0_model_5	complete		8	7	True	1	0.9592434763908386	0.3361545205116272	True	True
16	length_16_macrocycle_16_0_model_6	complete		8	8	True	1	0.97867351770401	0.20482082664966583	True	True
16	length_16_macrocycle_16_0_model_7	complete		8	7	True	1	0.9743556976318359	0.225587397813797	True	True
16	length_16_macrocycle_16_0_model_8	complete		8	8	True	1	0.974168598651886	0.3142493963241577	True	True
16	length_16_macrocycle_16_0_model_9	complete		8	7	True	1	0.9738002419471741	0.28699058294296265	True	True
16	length_16_macrocycle_16_0_model_10	complete		8	8	True	1	0.9824680685997009	0.2363278567790985	True	True
16	length_16_macrocycle_16_0_model_11	complete		8	8	True	1	0.9778218865394592	0.24377626180648804	True	True
16	length_16_macrocycle_16_0_model_12	complete		8	8	True	1	0.9767594933509827	0.31022483110427856	True	True
16	length_16_macrocycle_16_0_model_13	complete		8	8	True	1	0.9823441505432129	0.17908553779125214	True	True
16	length_16_macrocycle_16_0_model_14	complete		8	8	True	1	0.9699546694755554	0.3093286156654358	True	True
16	length_16_macrocycle_16_0_model_15	complete		8	7	True	1	0.9734084010124207	0.2236393839120865	True	True
16	length_16_macrocycle_16_0_model_16	complete		8	8	True	1	0.9745576977729797	0.3099368214607239	True	True
16	length_16_macrocycle_16_0_model_17	complete		8	7	True	1	0.974905788898468	0.30954042077064514	True	True
16	length_16_macrocycle_16_0_model_18	complete		8	8	True	1	0.9718274474143982	0.2636307179927826	True	True
16	length_16_macrocycle_16_0_model_19	complete		8	8	True	1	0.9692714810371399	0.34159860014915466	True	True
16	length_16_macrocycle_16_0_model_20	complete		8	8	True	1	0.9725350737571716	0.2905517518520355	True	True
16	length_16_macrocycle_16_0_model_21	complete		8	8	True	1	0.9741945266723633	0.29645854234695435	True	True
16	length_16_macrocycle_16_0_model_22	complete		8	8	True	1	0.979871928691864	0.24503152072429657	True	True
16	length_16_macrocycle_16_0_model_23	complete		8	8	True	1	0.9754209518432617	0.24385973811149597	True	True
16	length_16_macrocycle_16_0_model_24	complete		8	8	True	1	0.9608513712882996	0.3216836154460907	True	True
16	length_16_macrocycle_16_0_model_25	complete		8	8	True	1	0.9809302091598511	0.18914848566055298	True	True
16	length_16_macrocycle_16_0_model_26	complete		8	8	True	1	0.9687705039978027	0.23275262117385864	True	True
16	length_16_macrocycle_16_0_model_27	complete		8	8	True	1	0.9747525453567505	0.22370725870132446	True	True
16	length_16_macrocycle_16_0_model_28	complete		8	8	True	1	0.9787701368331909	0.22700944542884827	True	True
16	length_16_macrocycle_16_0_model_29	complete		8	8	True	1	0.9757592678070068	0.20527949929237366	True	True
16	length_16_macrocycle_16_0_model_30	complete		8	8	True	1	0.9744582176208496	0.4404883086681366	True	True
16	length_16_macrocycle_16_0_model_31	complete		8	8	True	1	0.9777993559837341	0.20407634973526	True	True
16	length_16_macrocycle_16_0_model_32	complete		8	6	True	1	0.9700986742973328	0.5544704794883728	True	True
16	length_16_macrocycle_16_0_model_33	complete		8	7	True	1	0.9775979518890381	0.3317281901836395	True	True
16	length_16_macrocycle_16_0_model_34	complete		8	8	True	1	0.9817918539047241	0.3262522220611572	True	True
16	length_16_macrocycle_16_0_model_35	complete		8	2	True	2	0.8669933080673218	0.4369867146015167	True	True
16	length_16_macrocycle_16_0_model_36	complete		8	8	True	1	0.9759127497673035	0.1910824477672577	True	True
16	length_16_macrocycle_16_0_model_37	complete		8	8	True	1	0.9743275046348572	0.23208732903003693	True	True
16	length_16_macrocycle_16_0_model_38	complete		8	8	True	1	0.9621294140815735	0.20931828022003174	True	True
16	length_16_macrocycle_16_0_model_39	complete		8	8	True	1	0.9796267747879028	0.19807040691375732	True	True
16	length_16_macrocycle_16_0_model_40	complete		8	8	True	1	0.9716137051582336	0.41955387592315674	True	True
16	length_16_macrocycle_16_0_model_41	complete		8	8	True	1	0.9752699136734009	0.22808337211608887	True	True
16	length_16_macrocycle_16_0_model_42	complete		8	8	True	1	0.976747989654541	0.2942383289337158	True	True
16	length_16_macrocycle_16_0_model_43	complete		8	8	True	1	0.9784764051437378	0.23136864602565765	True	True
16	length_16_macrocycle_16_0_model_44	complete		8	7	True	1	0.9743478894233704	0.25307580828666687	True	True
16	length_16_macrocycle_16_0_model_45	complete		8	8	True	1	0.9746919870376587	0.2521703243255615	True	True
16	length_16_macrocycle_16_0_model_46	complete		8	8	True	1	0.968582808971405	0.3784182369709015	True	True
16	length_16_macrocycle_16_0_model_47	complete		8	8	True	1	0.9741411209106445	0.26044535636901855	True	True
16	length_16_macrocycle_16_0_model_48	complete		8	8	True	1	0.9755277633666992	0.22033175826072693	True	True
16	length_16_macrocycle_16_0_model_49	complete		8	8	True	1	0.9805436134338379	0.23115013539791107	True	True
16	length_16_macrocycle_16_0_model_50	complete		8	8	True	1	0.967907190322876	0.32914307713508606	True	True
16	length_16_macrocycle_16_0_model_51	complete		8	8	True	1	0.9773103594779968	0.3180601894855499	True	True
16	length_16_macrocycle_16_0_model_52	complete		8	8	True	1	0.9759369492530823	0.2505648136138916	True	True
16	length_16_macrocycle_16_0_model_53	complete		8	8	True	1	0.9711616039276123	0.3729068338871002	True	True
16	length_16_macrocycle_16_0_model_54	complete		8	8	True	1	0.977557361125946	0.24046336114406586	True	True
16	length_16_macrocycle_16_0_model_55	complete		8	8	True	1	0.9718603491783142	0.33003735542297363	True	True
16	length_16_macrocycle_16_0_model_56	complete		8	7	True	1	0.9558089375495911	0.28269991278648376	True	True
16	length_16_macrocycle_16_0_model_57	complete		8	8	True	1	0.9755475521087646	0.5371391177177429	True	True
16	length_16_macrocycle_16_0_model_58	complete		8	8	True	1	0.9716540575027466	0.26247259974479675	True	True
16	length_16_macrocycle_16_0_model_59	complete		8	8	True	1	0.9777100086212158	0.30960193276405334	True	True
16	length_16_macrocycle_16_0_model_60	complete		8	6	True	1	0.9785106182098389	0.32697680592536926	True	True
16	length_16_macrocycle_16_0_model_61	complete		8	8	True	1	0.9742668271064758	0.33267298340797424	True	True
16	length_16_macrocycle_16_0_model_62	complete		8	8	True	1	0.9727512001991272	0.3797518014907837	True	True
16	length_16_macrocycle_16_0_model_63	complete		8	8	True	1	0.9736849069595337	0.2041795253753662	True	True
16	length_16_macrocycle_16_0_model_64	complete		8	8	True	1	0.9734196066856384	0.21528077125549316	True	True
16	length_16_macrocycle_16_0_model_65	complete		8	8	True	1	0.9759951829910278	0.31413733959198	True	True
16	length_16_macrocycle_16_0_model_66	complete		8	8	True	1	0.9790287613868713	0.27118638157844543	True	True
16	length_16_macrocycle_16_0_model_67	complete		8	8	True	1	0.9728548526763916	0.26864832639694214	True	True
16	length_16_macrocycle_16_0_model_68	complete		8	8	True	1	0.9731166958808899	0.40346232056617737	True	True
16	length_16_macrocycle_16_0_model_69	complete		8	8	True	1	0.9732249975204468	0.3163776099681854	True	True
16	length_16_macrocycle_16_0_model_70	complete		8	8	True	1	0.9698963165283203	0.23056162893772125	True	True
16	length_16_macrocycle_16_0_model_71	complete		8	8	True	1	0.9710682034492493	0.22153766453266144	True	True
16	length_16_macrocycle_16_0_model_72	complete		8	8	True	1	0.9726536273956299	0.23595786094665527	True	True
16	length_16_macrocycle_16_0_model_73	complete		8	8	True	1	0.9761239886283875	0.2584426999092102	True	True
16	length_16_macrocycle_16_0_model_74	complete		8	8	True	1	0.977626621723175	0.23153860867023468	True	True
16	length_16_macrocycle_16_0_model_75	complete		8	8	True	1	0.9672336578369141	0.297198086977005	True	True
16	length_16_macrocycle_16_0_model_76	complete		8	8	True	1	0.9770401120185852	0.2565625011920929	True	True
16	length_16_macrocycle_16_0_model_77	complete		8	8	True	1	0.9762577414512634	0.2118413746356964	True	True
16	length_16_macrocycle_16_0_model_78	complete		8	8	True	1	0.9754243493080139	0.3146873116493225	True	True
16	length_16_macrocycle_16_0_model_79	complete		8	8	True	1	0.9797568917274475	0.30100417137145996	True	True
16	length_16_macrocycle_16_0_model_80	complete		8	8	True	1	0.8989092111587524	0.9726355075836182	True	True
16	length_16_macrocycle_16_0_model_81	complete		8	8	True	1	0.9787696599960327	0.25031423568725586	True	True
16	length_16_macrocycle_16_0_model_82	complete		8	2	True	1	0.9265231490135193	0.41061481833457947	True	True
16	length_16_macrocycle_16_0_model_83	complete		8	8	True	1	0.9762293100357056	0.22735106945037842	True	True
16	length_16_macrocycle_16_0_model_84	complete		8	8	True	1	0.9717224836349487	0.24436312913894653	True	True
16	length_16_macrocycle_16_0_model_85	complete		8	8	True	1	0.9801717400550842	0.19248779118061066	True	True
16	length_16_macrocycle_16_0_model_86	complete		8	8	True	1	0.9790536165237427	0.2987586259841919	True	True
16	length_16_macrocycle_16_0_model_87	complete		8	8	True	1	0.9785553812980652	0.1961289942264557	True	True
16	length_16_macrocycle_16_0_model_88	complete		8	8	True	1	0.971921443939209	0.21717722713947296	True	True
16	length_16_macrocycle_16_0_model_89	complete		8	8	True	1	0.978958249092102	0.21219444274902344	True	True
16	length_16_macrocycle_16_0_model_90	complete		8	8	True	1	0.9795751571655273	0.32091060280799866	True	True
16	length_16_macrocycle_16_0_model_91	complete		8	8	True	1	0.9756705164909363	0.23413531482219696	True	True
16	length_16_macrocycle_16_0_model_92	complete		8	8	True	1	0.9726949334144592	0.2725783586502075	True	True
16	length_16_macrocycle_16_0_model_93	complete		8	8	True	1	0.9697839021682739	0.1953333020210266	True	True
16	length_16_macrocycle_16_0_model_94	complete		8	7	True	1	0.9734131097793579	0.3306504786014557	True	True
16	length_16_macrocycle_16_0_model_95	complete		8	8	True	1	0.9736448526382446	0.2411046177148819	True	True
16	length_16_macrocycle_16_0_model_96	complete		8	8	True	1	0.9687386751174927	0.3558657169342041	True	True
16	length_16_macrocycle_16_0_model_97	complete		8	8	True	1	0.9766780138015747	0.3688335120677948	True	True
16	length_16_macrocycle_16_0_model_98	complete		8	8	True	1	0.9684028029441833	0.20120231807231903	True	True
16	length_16_macrocycle_16_0_model_99	complete		8	8	True	1	0.9785152077674866	0.1522434800863266	True	True
16	length_16_macrocycle_16_0_model_100	complete		8	0	False		0.8633278012275696	1.7830939292907715	True	True
16	length_16_macrocycle_16_0_model_101	complete		8	8	True	1	0.9724807143211365	0.3323978781700134	True	True
16	length_16_macrocycle_16_0_model_102	complete		8	8	True	1	0.9740434885025024	0.27013179659843445	True	True
16	length_16_macrocycle_16_0_model_103	complete		8	8	True	1	0.9694164991378784	0.298826664686203	True	True
16	length_16_macrocycle_16_0_model_104	complete		8	8	True	1	0.9784183502197266	0.23652434349060059	True	True
16	length_16_macrocycle_16_0_model_105	complete		8	8	True	1	0.9688968658447266	0.2544150948524475	True	True
16	length_16_macrocycle_16_0_model_106	complete		8	8	True	1	0.9764050245285034	0.2171366959810257	True	True
16	length_16_macrocycle_16_0_model_107	complete		8	8	True	1	0.9756791591644287	0.20051123201847076	True	True
16	length_16_macrocycle_16_0_model_108	complete		8	8	True	1	0.9806944131851196	0.20781809091567993	True	True
16	length_16_macrocycle_16_0_model_109	complete		8	8	True	1	0.9725095629692078	0.20834527909755707	True	True
16	length_16_macrocycle_16_0_model_110	complete		8	8	True	1	0.9775887131690979	0.23428280651569366	True	True
16	length_16_macrocycle_16_0_model_111	complete		8	8	True	1	0.9810431003570557	0.18354381620883942	True	True
16	length_16_macrocycle_16_0_model_112	complete		8	8	True	1	0.9730297327041626	0.27430030703544617	True	True
16	length_16_macrocycle_16_0_model_113	complete		8	7	True	1	0.9770634174346924	0.1930002123117447	True	True
16	length_16_macrocycle_16_0_model_114	complete		8	8	True	1	0.9742050766944885	0.34653881192207336	True	True
16	length_16_macrocycle_16_0_model_115	complete		8	8	True	1	0.9701002836227417	0.22857153415679932	True	True
16	length_16_macrocycle_16_0_model_116	complete		8	8	True	1	0.9791195392608643	0.22497034072875977	True	True
16	length_16_macrocycle_16_0_model_117	complete		8	8	True	1	0.9755278825759888	0.21720530092716217	True	True
16	length_16_macrocycle_16_0_model_118	complete		8	8	True	1	0.9703537225723267	0.3768354058265686	True	True
16	length_16_macrocycle_16_0_model_119	complete		8	8	True	1	0.9745950698852539	0.24326716363430023	True	True
16	length_16_macrocycle_16_0_model_120	complete		8	8	True	1	0.977090060710907	0.21777382493019104	True	True
16	length_16_macrocycle_16_0_model_121	complete		8	8	True	1	0.9754052758216858	0.36195024847984314	True	True
16	length_16_macrocycle_16_0_model_122	complete		8	8	True	1	0.975130558013916	0.2738300561904907	True	True
16	length_16_macrocycle_16_0_model_123	complete		8	8	True	1	0.9644889831542969	0.5593491196632385	True	True
16	length_16_macrocycle_16_0_model_124	complete		8	8	True	1	0.9754524230957031	0.237510547041893	True	True
16	length_16_macrocycle_16_0_model_125	complete		8	8	True	1	0.9705625772476196	0.34209099411964417	True	True
16	length_16_macrocycle_16_0_model_126	complete		8	8	True	1	0.9727217555046082	0.25312259793281555	True	True
16	length_16_macrocycle_16_0_model_127	complete		8	8	True	1	0.976755678653717	0.24603016674518585	True	True
16	length_16_macrocycle_16_0_model_128	complete		8	8	True	1	0.9729917645454407	0.3486155867576599	True	True
16	length_16_macrocycle_16_0_model_129	complete		8	8	True	1	0.9764312505722046	0.24958564341068268	True	True
16	length_16_macrocycle_16_0_model_130	complete		8	8	True	1	0.9691763520240784	0.32897812128067017	True	True
16	length_16_macrocycle_16_0_model_131	complete		8	8	True	1	0.9649707674980164	0.553516685962677	True	True
16	length_16_macrocycle_16_0_model_132	complete		8	8	True	1	0.973026692867279	0.2116919755935669	True	True
16	length_16_macrocycle_16_0_model_133	complete		8	8	True	1	0.9798223972320557	0.20654290914535522	True	True
16	length_16_macrocycle_16_0_model_134	complete		8	8	True	1	0.9767906665802002	0.2189909666776657	True	True
16	length_16_macrocycle_16_0_model_135	complete		8	8	True	1	0.9754171967506409	0.2580499053001404	True	True
16	length_16_macrocycle_16_0_model_136	complete		8	8	True	1	0.9791879653930664	0.21653598546981812	True	True
16	length_16_macrocycle_16_0_model_137	complete		8	8	True	1	0.9712584614753723	0.23533113300800323	True	True
16	length_16_macrocycle_16_0_model_138	complete		8	8	True	1	0.977777898311615	0.22505104541778564	True	True
16	length_16_macrocycle_16_0_model_139	complete		8	8	True	1	0.9777331948280334	0.22900015115737915	True	True
16	length_16_macrocycle_16_0_model_140	complete		8	8	True	1	0.9735923409461975	0.35489991307258606	True	True
16	length_16_macrocycle_16_0_model_141	complete		8	8	True	1	0.9678220748901367	0.3281216025352478	True	True
16	length_16_macrocycle_16_0_model_142	complete		8	8	True	1	0.9735223054885864	0.3175830841064453	True	True
16	length_16_macrocycle_16_0_model_143	complete		8	8	True	1	0.9758984446525574	0.20027633011341095	True	True
16	length_16_macrocycle_16_0_model_144	complete		8	8	True	1	0.963821291923523	0.318449467420578	True	True
16	length_16_macrocycle_16_0_model_145	complete		8	8	True	1	0.9811029434204102	0.2844497859477997	True	True
16	length_16_macrocycle_16_0_model_146	complete		8	8	True	1	0.9788841605186462	0.2178828865289688	True	True
16	length_16_macrocycle_16_0_model_147	complete		8	8	True	1	0.9727824926376343	0.5546882748603821	True	True
16	length_16_macrocycle_16_0_model_148	complete		8	4	True	1	0.9587249159812927	0.3958117365837097	True	True
16	length_16_macrocycle_16_0_model_149	complete		8	8	True	1	0.9791402816772461	0.32692694664001465	True	True
16	length_16_macrocycle_16_0_model_150	complete		8	8	True	1	0.9760090112686157	0.26252445578575134	True	True
16	length_16_macrocycle_16_0_model_151	complete		8	8	True	1	0.9770515561103821	0.2480802685022354	True	True
16	length_16_macrocycle_16_0_model_152	complete		8	8	True	1	0.9659421443939209	0.3323558568954468	True	True
16	length_16_macrocycle_16_0_model_153	complete		8	8	True	1	0.9737445116043091	0.2684524953365326	True	True
16	length_16_macrocycle_16_0_model_154	complete		8	8	True	1	0.9815683364868164	0.19349563121795654	True	True
16	length_16_macrocycle_16_0_model_155	complete		8	8	True	1	0.9763701558113098	0.351604163646698	True	True
16	length_16_macrocycle_16_0_model_156	complete		8	8	True	1	0.9687792658805847	0.23755231499671936	True	True
16	length_16_macrocycle_16_0_model_157	complete		8	1	True	6	0.9570348858833313	0.3687511682510376	True	True
16	length_16_macrocycle_16_0_model_158	complete		8	8	True	1	0.9686341881752014	0.2665064334869385	True	True
16	length_16_macrocycle_16_0_model_159	complete		8	4	True	2	0.8881874680519104	0.6572877764701843	True	True
16	length_16_macrocycle_16_0_model_160	complete		8	6	True	1	0.915192186832428	0.4747486114501953	True	True
16	length_16_macrocycle_16_0_model_161	complete		8	8	True	1	0.9791768789291382	0.20463022589683533	True	True
16	length_16_macrocycle_16_0_model_162	complete		8	8	True	1	0.9796878695487976	0.3311753273010254	True	True
16	length_16_macrocycle_16_0_model_163	complete		8	8	True	1	0.9738959074020386	0.3815199136734009	True	True
16	length_16_macrocycle_16_0_model_164	complete		8	8	True	1	0.9730955958366394	0.21942158043384552	True	True
16	length_16_macrocycle_16_0_model_165	complete		8	8	True	1	0.9693415760993958	0.2653970718383789	True	True
16	length_16_macrocycle_16_0_model_166	complete		8	8	True	1	0.9805617928504944	0.31636831164360046	True	True
16	length_16_macrocycle_16_0_model_167	complete		8	8	True	1	0.9675394892692566	0.31411248445510864	True	True
16	length_16_macrocycle_16_0_model_168	complete		8	8	True	1	0.9754992127418518	0.26682597398757935	True	True
16	length_16_macrocycle_16_0_model_169	complete		8	8	True	1	0.9657672047615051	0.21504217386245728	True	True
16	length_16_macrocycle_16_0_model_170	complete		8	0	False		0.7815410494804382	2.4704184532165527	False	False
16	length_16_macrocycle_16_0_model_171	complete		8	8	True	1	0.952903151512146	0.3651416301727295	True	True
16	length_16_macrocycle_16_0_model_172	complete		8	1	True	3	0.9341678619384766	0.5439790487289429	True	True
16	length_16_macrocycle_16_0_model_173	complete		8	8	True	1	0.9712816476821899	0.4458899199962616	True	True
16	length_16_macrocycle_16_0_model_174	complete		8	8	True	1	0.9758467674255371	0.24204733967781067	True	True
16	length_16_macrocycle_16_0_model_175	complete		8	8	True	1	0.975132405757904	0.28951525688171387	True	True
16	length_16_macrocycle_16_0_model_176	complete		8	8	True	1	0.9753896594047546	0.1899091750383377	True	True
16	length_16_macrocycle_16_0_model_177	complete		8	8	True	1	0.9757937788963318	0.277319073677063	True	True
16	length_16_macrocycle_16_0_model_178	complete		8	8	True	1	0.9691329002380371	0.6288615465164185	True	True
16	length_16_macrocycle_16_0_model_179	complete		8	8	True	1	0.9825606346130371	0.231026753783226	True	True
16	length_16_macrocycle_16_0_model_180	complete		8	8	True	1	0.9759309887886047	0.24990743398666382	True	True
16	length_16_macrocycle_16_0_model_181	complete		8	8	True	1	0.9767102003097534	0.2977735698223114	True	True
16	length_16_macrocycle_16_0_model_182	complete		8	8	True	1	0.97321617603302	0.31651559472084045	True	True
16	length_16_macrocycle_16_0_model_183	complete		8	8	True	1	0.9821681380271912	0.22082334756851196	True	True
16	length_16_macrocycle_16_0_model_184	complete		8	7	True	1	0.9792772531509399	0.2889002561569214	True	True
16	length_16_macrocycle_16_0_model_185	complete		8	8	True	1	0.9762978553771973	0.17076827585697174	True	True
16	length_16_macrocycle_16_0_model_186	complete		8	8	True	1	0.9747541546821594	0.5519877672195435	True	True
16	length_16_macrocycle_16_0_model_187	complete		8	8	True	1	0.9750255942344666	0.25512805581092834	True	True
16	length_16_macrocycle_16_0_model_188	complete		8	8	True	1	0.9779993295669556	0.27405479550361633	True	True
16	length_16_macrocycle_16_0_model_189	complete		8	8	True	1	0.9688037633895874	0.3907659947872162	True	True
16	length_16_macrocycle_16_0_model_190	complete		8	8	True	1	0.9734348058700562	0.36362823843955994	True	True
16	length_16_macrocycle_16_0_model_191	complete		8	3	True	2	0.8283572793006897	1.1479705572128296	True	True
16	length_16_macrocycle_16_0_model_192	complete		8	8	True	1	0.9710052013397217	0.25277724862098694	True	True
16	length_16_macrocycle_16_0_model_193	complete		8	8	True	1	0.9739112854003906	0.256928026676178	True	True
16	length_16_macrocycle_16_0_model_194	complete		8	8	True	1	0.9735305309295654	0.32428866624832153	True	True
16	length_16_macrocycle_16_0_model_195	complete		8	8	True	1	0.9684568047523499	0.6600351333618164	True	True
16	length_16_macrocycle_16_0_model_196	complete		8	8	True	1	0.9750332832336426	0.26102563738822937	True	True
16	length_16_macrocycle_16_0_model_197	complete		8	8	True	1	0.9773426651954651	0.2229498326778412	True	True
16	length_16_macrocycle_16_0_model_198	complete		8	8	True	1	0.9428040385246277	0.6527987718582153	True	True
16	length_16_macrocycle_16_0_model_199	complete		8	8	True	1	0.9806798696517944	0.15964165329933167	True	True
18	length_18_macrocycle_18_0_model_0	complete		8	8	True	1	0.961959719657898	0.32926487922668457	True	True
18	length_18_macrocycle_18_0_model_1	complete		8	8	True	1	0.971973717212677	0.30233386158943176	True	True
18	length_18_macrocycle_18_0_model_2	complete		8	8	True	1	0.9663401246070862	0.3970784544944763	True	True
18	length_18_macrocycle_18_0_model_3	complete		8	8	True	1	0.9760072827339172	0.19451700150966644	True	True
18	length_18_macrocycle_18_0_model_4	complete		8	8	True	1	0.9756161570549011	0.47543585300445557	True	True
18	length_18_macrocycle_18_0_model_5	complete		8	8	True	1	0.9800736308097839	0.3028483986854553	True	True
18	length_18_macrocycle_18_0_model_6	complete		8	8	True	1	0.9699621200561523	0.2734399437904358	True	True
18	length_18_macrocycle_18_0_model_7	complete		8	8	True	1	0.9716395735740662	0.2897704541683197	True	True
18	length_18_macrocycle_18_0_model_8	complete		8	8	True	1	0.9605649709701538	0.26625773310661316	True	True
18	length_18_macrocycle_18_0_model_9	complete		8	8	True	1	0.9666406512260437	0.3276619017124176	True	True
18	length_18_macrocycle_18_0_model_10	complete		8	8	True	1	0.9714527726173401	0.2975669801235199	True	True
18	length_18_macrocycle_18_0_model_11	complete		8	8	True	1	0.966192901134491	0.42698749899864197	True	True
18	length_18_macrocycle_18_0_model_12	complete		8	8	True	1	0.9768069982528687	0.24243701994419098	True	True
18	length_18_macrocycle_18_0_model_13	complete		8	5	True	1	0.9689136743545532	0.3252679705619812	True	True
18	length_18_macrocycle_18_0_model_14	complete		8	8	True	1	0.9632471799850464	0.2862255573272705	True	True
18	length_18_macrocycle_18_0_model_15	complete		8	8	True	1	0.9730405807495117	0.19431354105472565	True	True
18	length_18_macrocycle_18_0_model_16	complete		8	8	True	1	0.9727078080177307	0.2759365737438202	True	True
18	length_18_macrocycle_18_0_model_17	complete		8	8	True	1	0.9763800501823425	0.2688504159450531	True	True
18	length_18_macrocycle_18_0_model_18	complete		8	8	True	1	0.9637006521224976	0.30209457874298096	True	True
18	length_18_macrocycle_18_0_model_19	complete		8	8	True	1	0.9666321277618408	0.5290254354476929	True	True
18	length_18_macrocycle_18_0_model_20	complete		8	8	True	1	0.9661703109741211	0.3101974129676819	True	True
18	length_18_macrocycle_18_0_model_21	complete		8	6	True	1	0.9734805226325989	0.4673924744129181	True	True
18	length_18_macrocycle_18_0_model_22	complete		8	8	True	1	0.9787975549697876	0.4329442083835602	True	True
18	length_18_macrocycle_18_0_model_23	complete		8	8	True	1	0.9651960730552673	0.5107064247131348	True	True
18	length_18_macrocycle_18_0_model_24	complete		8	8	True	1	0.979296088218689	0.335373193025589	True	True
18	length_18_macrocycle_18_0_model_25	complete		8	8	True	1	0.9742189645767212	0.26816326379776	True	True
18	length_18_macrocycle_18_0_model_26	complete		8	8	True	1	0.968801736831665	0.38808923959732056	True	True
18	length_18_macrocycle_18_0_model_27	complete		8	8	True	1	0.9675799012184143	0.27160927653312683	True	True
18	length_18_macrocycle_18_0_model_28	complete		8	8	True	1	0.9692017436027527	0.3920016884803772	True	True
18	length_18_macrocycle_18_0_model_29	complete		8	8	True	1	0.9683226346969604	0.28789281845092773	True	True
18	length_18_macrocycle_18_0_model_30	complete		8	8	True	1	0.9760990738868713	0.323125422000885	True	True
18	length_18_macrocycle_18_0_model_31	complete		8	7	True	1	0.9762054681777954	0.33655810356140137	True	True
18	length_18_macrocycle_18_0_model_32	complete		8	8	True	1	0.9703654050827026	0.28700149059295654	True	True
18	length_18_macrocycle_18_0_model_33	complete		8	8	True	1	0.9603379964828491	0.3555474579334259	True	True
18	length_18_macrocycle_18_0_model_34	complete		8	4	True	1	0.9410791993141174	1.1149888038635254	True	True
18	length_18_macrocycle_18_0_model_35	complete		8	8	True	1	0.9642382264137268	0.410421222448349	True	True
18	length_18_macrocycle_18_0_model_36	complete		8	8	True	1	0.9758056402206421	0.22618746757507324	True	True
18	length_18_macrocycle_18_0_model_37	complete		8	8	True	1	0.9738116264343262	0.3878408670425415	True	True
18	length_18_macrocycle_18_0_model_38	complete		8	8	True	1	0.9623156785964966	0.31106096506118774	True	True
18	length_18_macrocycle_18_0_model_39	complete		8	2	True	2	0.9027225971221924	1.3551568984985352	True	True
18	length_18_macrocycle_18_0_model_40	complete		8	8	True	1	0.9729345440864563	0.4513891935348511	True	True
18	length_18_macrocycle_18_0_model_41	complete		8	8	True	1	0.9694581031799316	0.3572080135345459	True	True
18	length_18_macrocycle_18_0_model_42	complete		8	8	True	1	0.9655277132987976	0.34141385555267334	True	True
18	length_18_macrocycle_18_0_model_43	complete		8	8	True	1	0.9765743017196655	0.2428821176290512	True	True
18	length_18_macrocycle_18_0_model_44	complete		8	8	True	1	0.9682176113128662	0.3227936625480652	True	True
18	length_18_macrocycle_18_0_model_45	complete		8	8	True	1	0.9810563325881958	0.3507212996482849	True	True
18	length_18_macrocycle_18_0_model_46	complete		8	8	True	1	0.9688571691513062	0.5810429453849792	True	True
18	length_18_macrocycle_18_0_model_47	complete		8	8	True	1	0.9786573052406311	0.21355758607387543	True	True
18	length_18_macrocycle_18_0_model_48	complete		8	6	True	1	0.96461021900177	0.3504393994808197	True	True
18	length_18_macrocycle_18_0_model_49	complete		8	8	True	1	0.9707827568054199	0.32144618034362793	True	True
18	length_18_macrocycle_18_0_model_50	complete		8	8	True	1	0.9735515713691711	0.31558018922805786	True	True
18	length_18_macrocycle_18_0_model_51	complete		8	8	True	1	0.9651292562484741	0.4304051101207733	True	True
18	length_18_macrocycle_18_0_model_52	complete		8	8	True	1	0.9695482850074768	0.3266930878162384	True	True
18	length_18_macrocycle_18_0_model_53	complete		8	8	True	1	0.9827512502670288	0.2474004477262497	True	True
18	length_18_macrocycle_18_0_model_54	complete		8	0	False		0.952434778213501	3.9438540935516357	True	False
18	length_18_macrocycle_18_0_model_55	complete		8	8	True	1	0.9761874079704285	0.3512491285800934	True	True
18	length_18_macrocycle_18_0_model_56	complete		8	8	True	1	0.9760362505912781	0.3179473578929901	True	True
18	length_18_macrocycle_18_0_model_57	complete		8	8	True	1	0.9750505685806274	0.5228860378265381	True	True
18	length_18_macrocycle_18_0_model_58	complete		8	8	True	1	0.9715123772621155	0.6923447251319885	True	True
18	length_18_macrocycle_18_0_model_59	complete		8	8	True	1	0.976929247379303	0.26336491107940674	True	True
18	length_18_macrocycle_18_0_model_60	complete		8	8	True	1	0.9780462384223938	0.506986677646637	True	True
18	length_18_macrocycle_18_0_model_61	complete		8	8	True	1	0.9738290309906006	0.28653624653816223	True	True
18	length_18_macrocycle_18_0_model_62	complete		8	8	True	1	0.9586653113365173	0.2886447608470917	True	True
18	length_18_macrocycle_18_0_model_63	complete		8	7	True	1	0.9813510179519653	0.3522767424583435	True	True
18	length_18_macrocycle_18_0_model_64	complete		8	8	True	1	0.9681106805801392	0.26459357142448425	True	True
18	length_18_macrocycle_18_0_model_65	complete		8	8	True	1	0.9697608947753906	0.27132898569107056	True	True
18	length_18_macrocycle_18_0_model_66	complete		8	8	True	1	0.974825918674469	0.23328432440757751	True	True
18	length_18_macrocycle_18_0_model_67	complete		8	8	True	1	0.9737809896469116	0.24540016055107117	True	True
18	length_18_macrocycle_18_0_model_68	complete		8	8	True	1	0.9752813577651978	0.25771185755729675	True	True
18	length_18_macrocycle_18_0_model_69	complete		8	8	True	1	0.977990984916687	0.3346920609474182	True	True
18	length_18_macrocycle_18_0_model_70	complete		8	8	True	1	0.9706343412399292	0.3507331907749176	True	True
18	length_18_macrocycle_18_0_model_71	complete		8	8	True	1	0.9784031510353088	0.25640127062797546	True	True
18	length_18_macrocycle_18_0_model_72	complete		8	8	True	1	0.975235104560852	0.2472517341375351	True	True
18	length_18_macrocycle_18_0_model_73	complete		8	8	True	1	0.9802258610725403	0.2757364511489868	True	True
18	length_18_macrocycle_18_0_model_74	complete		8	8	True	1	0.9736517667770386	0.3454539477825165	True	True
18	length_18_macrocycle_18_0_model_75	complete		8	8	True	1	0.9675463438034058	0.5673115849494934	True	True
18	length_18_macrocycle_18_0_model_76	complete		8	8	True	1	0.9486954212188721	1.098368525505066	True	True
18	length_18_macrocycle_18_0_model_77	complete		8	8	True	1	0.9722173810005188	0.2538999617099762	True	True
18	length_18_macrocycle_18_0_model_78	complete		8	1	True	4	0.831764817237854	1.080085039138794	True	True
18	length_18_macrocycle_18_0_model_79	complete		8	8	True	1	0.9611427187919617	0.4248470664024353	True	True
18	length_18_macrocycle_18_0_model_80	complete		8	8	True	1	0.9609101414680481	0.4680470824241638	True	True
18	length_18_macrocycle_18_0_model_81	complete		8	8	True	1	0.9747163653373718	0.15135739743709564	True	True
18	length_18_macrocycle_18_0_model_82	complete		8	8	True	1	0.973926305770874	0.5541908740997314	True	True
18	length_18_macrocycle_18_0_model_83	complete		8	8	True	1	0.969527542591095	0.20808033645153046	True	True
18	length_18_macrocycle_18_0_model_84	complete		8	8	True	1	0.9779399037361145	0.48966115713119507	True	True
18	length_18_macrocycle_18_0_model_85	complete		8	8	True	1	0.9750513434410095	0.3656422197818756	True	True
18	length_18_macrocycle_18_0_model_86	complete		8	8	True	1	0.9727928042411804	0.32562893629074097	True	True
18	length_18_macrocycle_18_0_model_87	complete		8	8	True	1	0.9762572646141052	0.2689305543899536	True	True
18	length_18_macrocycle_18_0_model_88	complete		8	8	True	1	0.9655593037605286	0.2313629537820816	True	True
18	length_18_macrocycle_18_0_model_89	complete		8	8	True	1	0.9788998365402222	0.4580991566181183	True	True
18	length_18_macrocycle_18_0_model_90	complete		8	6	True	2	0.9475236535072327	0.296198308467865	True	True
18	length_18_macrocycle_18_0_model_91	complete		8	7	True	1	0.9663095474243164	0.27766892313957214	True	True
18	length_18_macrocycle_18_0_model_92	complete		8	8	True	1	0.9754524230957031	0.384859561920166	True	True
18	length_18_macrocycle_18_0_model_93	complete		8	5	True	1	0.9311026334762573	0.41563618183135986	True	True
18	length_18_macrocycle_18_0_model_94	complete		8	8	True	1	0.9742008447647095	0.24620914459228516	True	True
18	length_18_macrocycle_18_0_model_95	complete		8	0	False		0.7318332195281982	1.5108256340026855	False	True
18	length_18_macrocycle_18_0_model_96	complete		8	8	True	1	0.9718022346496582	0.44891852140426636	True	True
18	length_18_macrocycle_18_0_model_97	complete		8	8	True	1	0.9633919596672058	0.47612619400024414	True	True
18	length_18_macrocycle_18_0_model_98	complete		8	8	True	1	0.9631871581077576	0.3275066614151001	True	True
18	length_18_macrocycle_18_0_model_99	complete		8	8	True	1	0.9650072455406189	0.2914230227470398	True	True
18	length_18_macrocycle_18_0_model_100	complete		8	8	True	1	0.9729570150375366	0.422053724527359	True	True
18	length_18_macrocycle_18_0_model_101	complete		8	8	True	1	0.9725806713104248	0.3565179407596588	True	True
18	length_18_macrocycle_18_0_model_102	complete		8	8	True	1	0.9675571918487549	0.27455100417137146	True	True
18	length_18_macrocycle_18_0_model_103	complete		8	8	True	1	0.9647223353385925	0.25594213604927063	True	True
18	length_18_macrocycle_18_0_model_104	complete		8	8	True	1	0.9758279323577881	0.2824346423149109	True	True
18	length_18_macrocycle_18_0_model_105	complete		8	6	True	1	0.9744846820831299	0.8154874444007874	True	True
18	length_18_macrocycle_18_0_model_106	complete		8	8	True	1	0.9708739519119263	0.2907661497592926	True	True
18	length_18_macrocycle_18_0_model_107	complete		8	8	True	1	0.9712451696395874	0.30041900277137756	True	True
18	length_18_macrocycle_18_0_model_108	complete		8	8	True	1	0.9718510508537292	0.42208364605903625	True	True
18	length_18_macrocycle_18_0_model_109	complete		8	7	True	2	0.9651675820350647	0.5881065726280212	True	True
18	length_18_macrocycle_18_0_model_110	complete		8	3	True	6	0.9655241370201111	0.5448564291000366	True	True
18	length_18_macrocycle_18_0_model_111	complete		8	4	True	2	0.961290717124939	0.5716434717178345	True	True
18	length_18_macrocycle_18_0_model_112	complete		8	8	True	1	0.9693989753723145	0.39087826013565063	True	True
18	length_18_macrocycle_18_0_model_113	complete		8	8	True	1	0.9760866761207581	0.4078991413116455	True	True
18	length_18_macrocycle_18_0_model_114	complete		8	8	True	1	0.9745607376098633	0.2858198881149292	True	True
18	length_18_macrocycle_18_0_model_115	complete		8	6	True	2	0.9696615934371948	0.7851750254631042	True	True
18	length_18_macrocycle_18_0_model_116	complete		8	8	True	1	0.9678268432617188	0.23468922078609467	True	True
18	length_18_macrocycle_18_0_model_117	complete		8	7	True	1	0.9751255512237549	0.35191965103149414	True	True
18	length_18_macrocycle_18_0_model_118	complete		8	8	True	1	0.9750760197639465	0.2978183627128601	True	True
18	length_18_macrocycle_18_0_model_119	complete		8	8	True	1	0.9778850674629211	0.34793251752853394	True	True
18	length_18_macrocycle_18_0_model_120	complete		8	8	True	1	0.9667792916297913	0.38064196705818176	True	True
18	length_18_macrocycle_18_0_model_121	complete		8	8	True	1	0.9683054089546204	0.2785325348377228	True	True
18	length_18_macrocycle_18_0_model_122	complete		8	8	True	1	0.97784423828125	0.4168512225151062	True	True
18	length_18_macrocycle_18_0_model_123	complete		8	0	False		0.9646278619766235	3.1801705360412598	True	False
18	length_18_macrocycle_18_0_model_124	complete		8	8	True	1	0.9753757119178772	0.4408365488052368	True	True
18	length_18_macrocycle_18_0_model_125	complete		8	7	True	1	0.9649216532707214	0.42929935455322266	True	True
18	length_18_macrocycle_18_0_model_126	complete		8	8	True	1	0.9713293313980103	0.1738191694021225	True	True
18	length_18_macrocycle_18_0_model_127	complete		8	8	True	1	0.9734073281288147	0.41678497195243835	True	True
18	length_18_macrocycle_18_0_model_128	complete		8	8	True	1	0.9766703248023987	0.559653639793396	True	True
18	length_18_macrocycle_18_0_model_129	complete		8	0	False		0.9449777603149414	3.417328119277954	True	False
18	length_18_macrocycle_18_0_model_130	complete		8	8	True	1	0.9741369485855103	0.3495199382305145	True	True
18	length_18_macrocycle_18_0_model_131	complete		8	8	True	1	0.9763199090957642	0.3047280013561249	True	True
18	length_18_macrocycle_18_0_model_132	complete		8	8	True	1	0.9683036804199219	0.3805704414844513	True	True
18	length_18_macrocycle_18_0_model_133	complete		8	8	True	1	0.9697197079658508	0.44453296065330505	True	True
18	length_18_macrocycle_18_0_model_134	complete		8	8	True	1	0.9759512543678284	0.2510562837123871	True	True
18	length_18_macrocycle_18_0_model_135	complete		8	8	True	1	0.9766887426376343	0.5893388390541077	True	True
18	length_18_macrocycle_18_0_model_136	complete		8	8	True	1	0.9579574465751648	0.32581642270088196	True	True
18	length_18_macrocycle_18_0_model_137	complete		8	8	True	1	0.9700012803077698	0.5905349850654602	True	True
18	length_18_macrocycle_18_0_model_138	complete		8	8	True	1	0.9765583276748657	0.26983800530433655	True	True
18	length_18_macrocycle_18_0_model_139	complete		8	8	True	1	0.963373064994812	0.24026411771774292	True	True
18	length_18_macrocycle_18_0_model_140	complete		8	8	True	1	0.9731563329696655	0.36297792196273804	True	True
18	length_18_macrocycle_18_0_model_141	complete		8	8	True	1	0.9723957777023315	0.2719074487686157	True	True
18	length_18_macrocycle_18_0_model_142	complete		8	8	True	1	0.9796731472015381	0.4625796973705292	True	True
18	length_18_macrocycle_18_0_model_143	complete		8	8	True	1	0.9655919075012207	0.3108735680580139	True	True
18	length_18_macrocycle_18_0_model_144	complete		8	8	True	1	0.9788936376571655	0.2120608687400818	True	True
18	length_18_macrocycle_18_0_model_145	complete		8	8	True	1	0.9745840430259705	0.31400805711746216	True	True
18	length_18_macrocycle_18_0_model_146	complete		8	8	True	1	0.9642195105552673	0.34351709485054016	True	True
18	length_18_macrocycle_18_0_model_147	complete		8	6	True	1	0.9646139740943909	0.21745818853378296	True	True
18	length_18_macrocycle_18_0_model_148	complete		8	8	True	1	0.9814016222953796	0.24574416875839233	True	True
18	length_18_macrocycle_18_0_model_149	complete		8	8	True	1	0.9640796184539795	0.4428936243057251	True	True
18	length_18_macrocycle_18_0_model_150	complete		8	8	True	1	0.9662006497383118	0.3911057114601135	True	True
18	length_18_macrocycle_18_0_model_151	complete		8	8	True	1	0.9770361185073853	0.3345660865306854	True	True
18	length_18_macrocycle_18_0_model_152	complete		8	8	True	1	0.9802136421203613	0.23269253969192505	True	True
18	length_18_macrocycle_18_0_model_153	complete		8	8	True	1	0.9730207920074463	0.2853035628795624	True	True
18	length_18_macrocycle_18_0_model_154	complete		8	0	False		0.7781379222869873	2.1489341259002686	False	False
18	length_18_macrocycle_18_0_model_155	complete		8	8	True	1	0.9792545437812805	0.2340911477804184	True	True
18	length_18_macrocycle_18_0_model_156	complete		8	8	True	1	0.9752678871154785	0.2317521721124649	True	True
18	length_18_macrocycle_18_0_model_157	complete		8	8	True	1	0.9760692119598389	0.3180941045284271	True	True
18	length_18_macrocycle_18_0_model_158	complete		8	7	True	2	0.9637470841407776	0.8763620853424072	True	True
18	length_18_macrocycle_18_0_model_159	complete		8	0	False		0.818488597869873	3.792980194091797	True	False
18	length_18_macrocycle_18_0_model_160	complete		8	8	True	1	0.9735606908798218	0.2587750554084778	True	True
18	length_18_macrocycle_18_0_model_161	complete		8	8	True	1	0.966030478477478	0.27464500069618225	True	True
18	length_18_macrocycle_18_0_model_162	complete		8	8	True	1	0.9580463767051697	0.2865307927131653	True	True
18	length_18_macrocycle_18_0_model_163	complete		8	8	True	1	0.9770392775535583	0.36124342679977417	True	True
18	length_18_macrocycle_18_0_model_164	complete		8	8	True	1	0.969802737236023	0.22927053272724152	True	True
18	length_18_macrocycle_18_0_model_165	complete		8	6	True	1	0.9646528363227844	0.28674429655075073	True	True
18	length_18_macrocycle_18_0_model_166	complete		8	8	True	1	0.9506037831306458	0.5958089828491211	True	True
18	length_18_macrocycle_18_0_model_167	complete		8	6	True	2	0.9646677374839783	0.5415869951248169	True	True
18	length_18_macrocycle_18_0_model_168	complete		8	8	True	1	0.9641364812850952	0.4479321837425232	True	True
18	length_18_macrocycle_18_0_model_169	complete		8	8	True	1	0.9654228091239929	0.281355619430542	True	True
18	length_18_macrocycle_18_0_model_170	complete		8	7	True	1	0.9655906558036804	0.3015630841255188	True	True
18	length_18_macrocycle_18_0_model_171	complete		8	8	True	1	0.9792995452880859	0.30017897486686707	True	True
18	length_18_macrocycle_18_0_model_172	complete		8	8	True	1	0.9680453538894653	0.30994245409965515	True	True
18	length_18_macrocycle_18_0_model_173	complete		8	8	True	1	0.96695476770401	0.40067604184150696	True	True
18	length_18_macrocycle_18_0_model_174	complete		8	8	True	1	0.9724156260490417	0.43260371685028076	True	True
18	length_18_macrocycle_18_0_model_175	complete		8	8	True	1	0.9657405018806458	0.32364875078201294	True	True
18	length_18_macrocycle_18_0_model_176	complete		8	4	True	3	0.9656055569648743	0.5104409456253052	True	True
18	length_18_macrocycle_18_0_model_177	complete		8	0	False		0.9477699995040894	3.593724012374878	True	False
18	length_18_macrocycle_18_0_model_178	complete		8	8	True	1	0.9689808487892151	0.2728739380836487	True	True
18	length_18_macrocycle_18_0_model_179	complete		8	7	True	1	0.9705472588539124	0.268277645111084	True	True
18	length_18_macrocycle_18_0_model_180	complete		8	8	True	1	0.972773551940918	0.4943538308143616	True	True
18	length_18_macrocycle_18_0_model_181	complete		8	8	True	1	0.9744623303413391	0.3349348306655884	True	True
18	length_18_macrocycle_18_0_model_182	complete		8	7	True	1	0.9732403755187988	0.45584821701049805	True	True
18	length_18_macrocycle_18_0_model_183	complete		8	8	True	1	0.966086208820343	0.2786576747894287	True	True
18	length_18_macrocycle_18_0_model_184	complete		8	8	True	1	0.9657066464424133	0.525793731212616	True	True
18	length_18_macrocycle_18_0_model_185	complete		8	5	True	1	0.9834283590316772	0.25391557812690735	True	True
18	length_18_macrocycle_18_0_model_186	complete		8	7	True	1	0.9776268601417542	0.33826324343681335	True	True
18	length_18_macrocycle_18_0_model_187	complete		8	8	True	1	0.9642819762229919	0.5400223135948181	True	True
18	length_18_macrocycle_18_0_model_188	complete		8	8	True	1	0.9771265387535095	0.2747441232204437	True	True
18	length_18_macrocycle_18_0_model_189	complete		8	8	True	1	0.9664562344551086	0.5569507479667664	True	True
18	length_18_macrocycle_18_0_model_190	complete		8	8	True	1	0.9736630320549011	0.6587116122245789	True	True
18	length_18_macrocycle_18_0_model_191	complete		8	8	True	1	0.9689279794692993	0.48123136162757874	True	True
18	length_18_macrocycle_18_0_model_192	complete		8	8	True	1	0.9726386666297913	0.2581360638141632	True	True
18	length_18_macrocycle_18_0_model_193	complete		8	5	True	4	0.9655746221542358	0.5665998458862305	True	True
18	length_18_macrocycle_18_0_model_194	complete		8	8	True	1	0.97245192527771	0.3122292757034302	True	True
18	length_18_macrocycle_18_0_model_195	complete		8	8	True	1	0.9736611247062683	0.3948710560798645	True	True
18	length_18_macrocycle_18_0_model_196	complete		8	8	True	1	0.9772936701774597	0.2624613046646118	True	True
18	length_18_macrocycle_18_0_model_197	complete		8	8	True	1	0.9789124131202698	0.3192761540412903	True	True
18	length_18_macrocycle_18_0_model_198	complete		8	8	True	1	0.9765580296516418	0.44741860032081604	True	True
18	length_18_macrocycle_18_0_model_199	complete		8	8	True	1	0.9655147194862366	0.28819626569747925	True	True
