matrix_index	peptide_length	backbone	source_path	tmalign_pdb_path
0	8	length_08_macrocycle_08_0_model_0	/home/dkouv/work/tfr1-binder-design/experiments/007_RFD3_macrocycles/monomer_self_consistency/rfd3_backbones/length_08/length_08_macrocycle_08_0_model_0.cif.gz	/home/dkouv/work/tfr1-binder-design/experiments/007_RFD3_macrocycles/monomer_self_consistency/structural_tsne/tmalign_inputs/length_08_macrocycle_08_0_model_0.pdb
1	8	length_08_macrocycle_08_0_model_1	/home/dkouv/work/tfr1-binder-design/experiments/007_RFD3_macrocycles/monomer_self_consistency/rfd3_backbones/length_08/length_08_macrocycle_08_0_model_1.cif.gz	/home/dkouv/work/tfr1-binder-design/experiments/007_RFD3_macrocycles/monomer_self_consistency/structural_tsne/tmalign_inputs/length_08_macrocycle_08_0_model_1.pdb
2	8	length_08_macrocycle_08_0_model_2	/home/dkouv/work/tfr1-binder-design/experiments/007_RFD3_macrocycles/monomer_self_consistency/rfd3_backbones/length_08/length_08_macrocycle_08_0_model_2.cif.gz	/home/dkouv/work/tfr1-binder-design/experiments/007_RFD3_macrocycles/monomer_self_consistency/structural_tsne/tmalign_inputs/length_08_macrocycle_08_0_model_2.pdb
3	8	length_08_macrocycle_08_0_model_3	/home/dkouv/work/tfr1-binder-design/experiments/007_RFD3_macrocycles/monomer_self_consistency/rfd3_backbones/length_08/length_08_macrocycle_08_0_model_3.cif.gz	/home/dkouv/work/tfr1-binder-design/experiments/007_RFD3_macrocycles/monomer_self_consistency/structural_tsne/tmalign_inputs/length_08_macrocycle_08_0_model_3.pdb
4	8	length_08_macrocycle_08_0_model_4	/home/dkouv/work/tfr1-binder-design/experiments/007_RFD3_macrocycles/monomer_self_consistency/rfd3_backbones/length_08/length_08_macrocycle_08_0_model_4.cif.gz	/home/dkouv/work/tfr1-binder-design/experiments/007_RFD3_macrocycles/monomer_self_consistency/structural_tsne/tmalign_inputs/length_08_macrocycle_08_0_model_4.pdb
5	8	length_08_macrocycle_08_0_model_5	/home/dkouv/work/tfr1-binder-design/experiments/007_RFD3_macrocycles/monomer_self_consistency/rfd3_backbones/length_08/length_08_macrocycle_08_0_model_5.cif.gz	/home/dkouv/work/tfr1-binder-design/experiments/007_RFD3_macrocycles/monomer_self_consistency/structural_tsne/tmalign_inputs/length_08_macrocycle_08_0_model_5.pdb
6	8	length_08_macrocycle_08_0_model_6	/home/dkouv/work/tfr1-binder-design/experiments/007_RFD3_macrocycles/monomer_self_consistency/rfd3_backbones/length_08/length_08_macrocycle_08_0_model_6.cif.gz	/home/dkouv/work/tfr1-binder-design/experiments/007_RFD3_macrocycles/monomer_self_consistency/structural_tsne/tmalign_inputs/length_08_macrocycle_08_0_model_6.pdb
7	8	length_08_macrocycle_08_0_model_7	/home/dkouv/work/tfr1-binder-design/experiments/007_RFD3_macrocycles/monomer_self_consistency/rfd3_backbones/length_08/length_08_macrocycle_08_0_model_7.cif.gz	/home/dkouv/work/tfr1-binder-design/experiments/007_RFD3_macrocycles/monomer_self_consistency/structural_tsne/tmalign_inputs/length_08_macrocycle_08_0_model_7.pdb
8	8	length_08_macrocycle_08_0_model_8	/home/dkouv/work/tfr1-binder-design/experiments/007_RFD3_macrocycles/monomer_self_consistency/rfd3_backbones/length_08/length_08_macrocycle_08_0_model_8.cif.gz	/home/dkouv/work/tfr1-binder-design/experiments/007_RFD3_macrocycles/monomer_self_consistency/structural_tsne/tmalign_inputs/length_08_macrocycle_08_0_model_8.pdb
9	8	length_08_macrocycle_08_0_model_9	/home/dkouv/work/tfr1-binder-design/experiments/007_RFD3_macrocycles/monomer_self_consistency/rfd3_backbones/length_08/length_08_macrocycle_08_0_model_9.cif.gz	/home/dkouv/work/tfr1-binder-design/experiments/007_RFD3_macrocycles/monomer_self_consistency/structural_tsne/tmalign_inputs/length_08_macrocycle_08_0_model_9.pdb
10	8	length_08_macrocycle_08_0_model_10	/home/dkouv/work/tfr1-binder-design/experiments/007_RFD3_macrocycles/monomer_self_consistency/rfd3_backbones/length_08/length_08_macrocycle_08_0_model_10.cif.gz	/home/dkouv/work/tfr1-binder-design/experiments/007_RFD3_macrocycles/monomer_self_consistency/structural_tsne/tmalign_inputs/length_08_macrocycle_08_0_model_10.pdb
11	8	length_08_macrocycle_08_0_model_11	/home/dkouv/work/tfr1-binder-design/experiments/007_RFD3_macrocycles/monomer_self_consistency/rfd3_backbones/length_08/length_08_macrocycle_08_0_model_11.cif.gz	/home/dkouv/work/tfr1-binder-design/experiments/007_RFD3_macrocycles/monomer_self_consistency/structural_tsne/tmalign_inputs/length_08_macrocycle_08_0_model_11.pdb
12	8	length_08_macrocycle_08_0_model_12	/home/dkouv/work/tfr1-binder-design/experiments/007_RFD3_macrocycles/monomer_self_consistency/rfd3_backbones/length_08/length_08_macrocycle_08_0_model_12.cif.gz	/home/dkouv/work/tfr1-binder-design/experiments/007_RFD3_macrocycles/monomer_self_consistency/structural_tsne/tmalign_inputs/length_08_macrocycle_08_0_model_12.pdb
13	8	length_08_macrocycle_08_0_model_13	/home/dkouv/work/tfr1-binder-design/experiments/007_RFD3_macrocycles/monomer_self_consistency/rfd3_backbones/length_08/length_08_macrocycle_08_0_model_13.cif.gz	/home/dkouv/work/tfr1-binder-design/experiments/007_RFD3_macrocycles/monomer_self_consistency/structural_tsne/tmalign_inputs/length_08_macrocycle_08_0_model_13.pdb
14	8	length_08_macrocycle_08_0_model_14	/home/dkouv/work/tfr1-binder-design/experiments/007_RFD3_macrocycles/monomer_self_consistency/rfd3_backbones/length_08/length_08_macrocycle_08_0_model_14.cif.gz	/home/dkouv/work/tfr1-binder-design/experiments/007_RFD3_macrocycles/monomer_self_consistency/structural_tsne/tmalign_inputs/length_08_macrocycle_08_0_model_14.pdb
15	8	length_08_macrocycle_08_0_model_15	/home/dkouv/work/tfr1-binder-design/experiments/007_RFD3_macrocycles/monomer_self_consistency/rfd3_backbones/length_08/length_08_macrocycle_08_0_model_15.cif.gz	/home/dkouv/work/tfr1-binder-design/experiments/007_RFD3_macrocycles/monomer_self_consistency/structural_tsne/tmalign_inputs/length_08_macrocycle_08_0_model_15.pdb
16	8	length_08_macrocycle_08_0_model_16	/home/dkouv/work/tfr1-binder-design/experiments/007_RFD3_macrocycles/monomer_self_consistency/rfd3_backbones/length_08/length_08_macrocycle_08_0_model_16.cif.gz	/home/dkouv/work/tfr1-binder-design/experiments/007_RFD3_macrocycles/monomer_self_consistency/structural_tsne/tmalign_inputs/length_08_macrocycle_08_0_model_16.pdb
17	8	length_08_macrocycle_08_0_model_17	/home/dkouv/work/tfr1-binder-design/experiments/007_RFD3_macrocycles/monomer_self_consistency/rfd3_backbones/length_08/length_08_macrocycle_08_0_model_17.cif.gz	/home/dkouv/work/tfr1-binder-design/experiments/007_RFD3_macrocycles/monomer_self_consistency/structural_tsne/tmalign_inputs/length_08_macrocycle_08_0_model_17.pdb
18	8	length_08_macrocycle_08_0_model_18	/home/dkouv/work/tfr1-binder-design/experiments/007_RFD3_macrocycles/monomer_self_consistency/rfd3_backbones/length_08/length_08_macrocycle_08_0_model_18.cif.gz	/home/dkouv/work/tfr1-binder-design/experiments/007_RFD3_macrocycles/monomer_self_consistency/structural_tsne/tmalign_inputs/length_08_macrocycle_08_0_model_18.pdb
19	8	length_08_macrocycle_08_0_model_19	/home/dkouv/work/tfr1-binder-design/experiments/007_RFD3_macrocycles/monomer_self_consistency/rfd3_backbones/length_08/length_08_macrocycle_08_0_model_19.cif.gz	/home/dkouv/work/tfr1-binder-design/experiments/007_RFD3_macrocycles/monomer_self_consistency/structural_tsne/tmalign_inputs/length_08_macrocycle_08_0_model_19.pdb
20	8	length_08_macrocycle_08_0_model_20	/home/dkouv/work/tfr1-binder-design/experiments/007_RFD3_macrocycles/monomer_self_consistency/rfd3_backbones/length_08/length_08_macrocycle_08_0_model_20.cif.gz	/home/dkouv/work/tfr1-binder-design/experiments/007_RFD3_macrocycles/monomer_self_consistency/structural_tsne/tmalign_inputs/length_08_macrocycle_08_0_model_20.pdb
21	8	length_08_macrocycle_08_0_model_21	/home/dkouv/work/tfr1-binder-design/experiments/007_RFD3_macrocycles/monomer_self_consistency/rfd3_backbones/length_08/length_08_macrocycle_08_0_model_21.cif.gz	/home/dkouv/work/tfr1-binder-design/experiments/007_RFD3_macrocycles/monomer_self_consistency/structural_tsne/tmalign_inputs/length_08_macrocycle_08_0_model_21.pdb
22	8	length_08_macrocycle_08_0_model_22	/home/dkouv/work/tfr1-binder-design/experiments/007_RFD3_macrocycles/monomer_self_consistency/rfd3_backbones/length_08/length_08_macrocycle_08_0_model_22.cif.gz	/home/dkouv/work/tfr1-binder-design/experiments/007_RFD3_macrocycles/monomer_self_consistency/structural_tsne/tmalign_inputs/length_08_macrocycle_08_0_model_22.pdb
23	8	length_08_macrocycle_08_0_model_23	/home/dkouv/work/tfr1-binder-design/experiments/007_RFD3_macrocycles/monomer_self_consistency/rfd3_backbones/length_08/length_08_macrocycle_08_0_model_23.cif.gz	/home/dkouv/work/tfr1-binder-design/experiments/007_RFD3_macrocycles/monomer_self_consistency/structural_tsne/tmalign_inputs/length_08_macrocycle_08_0_model_23.pdb
24	8	length_08_macrocycle_08_0_model_24	/home/dkouv/work/tfr1-binder-design/experiments/007_RFD3_macrocycles/monomer_self_consistency/rfd3_backbones/length_08/length_08_macrocycle_08_0_model_24.cif.gz	/home/dkouv/work/tfr1-binder-design/experiments/007_RFD3_macrocycles/monomer_self_consistency/structural_tsne/tmalign_inputs/length_08_macrocycle_08_0_model_24.pdb
25	8	length_08_macrocycle_08_0_model_25	/home/dkouv/work/tfr1-binder-design/experiments/007_RFD3_macrocycles/monomer_self_consistency/rfd3_backbones/length_08/length_08_macrocycle_08_0_model_25.cif.gz	/home/dkouv/work/tfr1-binder-design/experiments/007_RFD3_macrocycles/monomer_self_consistency/structural_tsne/tmalign_inputs/length_08_macrocycle_08_0_model_25.pdb
26	8	length_08_macrocycle_08_0_model_26	/home/dkouv/work/tfr1-binder-design/experiments/007_RFD3_macrocycles/monomer_self_consistency/rfd3_backbones/length_08/length_08_macrocycle_08_0_model_26.cif.gz	/home/dkouv/work/tfr1-binder-design/experiments/007_RFD3_macrocycles/monomer_self_consistency/structural_tsne/tmalign_inputs/length_08_macrocycle_08_0_model_26.pdb
27	8	length_08_macrocycle_08_0_model_27	/home/dkouv/work/tfr1-binder-design/experiments/007_RFD3_macrocycles/monomer_self_consistency/rfd3_backbones/length_08/length_08_macrocycle_08_0_model_27.cif.gz	/home/dkouv/work/tfr1-binder-design/experiments/007_RFD3_macrocycles/monomer_self_consistency/structural_tsne/tmalign_inputs/length_08_macrocycle_08_0_model_27.pdb
28	8	length_08_macrocycle_08_0_model_28	/home/dkouv/work/tfr1-binder-design/experiments/007_RFD3_macrocycles/monomer_self_consistency/rfd3_backbones/length_08/length_08_macrocycle_08_0_model_28.cif.gz	/home/dkouv/work/tfr1-binder-design/experiments/007_RFD3_macrocycles/monomer_self_consistency/structural_tsne/tmalign_inputs/length_08_macrocycle_08_0_model_28.pdb
29	8	length_08_macrocycle_08_0_model_29	/home/dkouv/work/tfr1-binder-design/experiments/007_RFD3_macrocycles/monomer_self_consistency/rfd3_backbones/length_08/length_08_macrocycle_08_0_model_29.cif.gz	/home/dkouv/work/tfr1-binder-design/experiments/007_RFD3_macrocycles/monomer_self_consistency/structural_tsne/tmalign_inputs/length_08_macrocycle_08_0_model_29.pdb
30	8	length_08_macrocycle_08_0_model_30	/home/dkouv/work/tfr1-binder-design/experiments/007_RFD3_macrocycles/monomer_self_consistency/rfd3_backbones/length_08/length_08_macrocycle_08_0_model_30.cif.gz	/home/dkouv/work/tfr1-binder-design/experiments/007_RFD3_macrocycles/monomer_self_consistency/structural_tsne/tmalign_inputs/length_08_macrocycle_08_0_model_30.pdb
31	8	length_08_macrocycle_08_0_model_31	/home/dkouv/work/tfr1-binder-design/experiments/007_RFD3_macrocycles/monomer_self_consistency/rfd3_backbones/length_08/length_08_macrocycle_08_0_model_31.cif.gz	/home/dkouv/work/tfr1-binder-design/experiments/007_RFD3_macrocycles/monomer_self_consistency/structural_tsne/tmalign_inputs/length_08_macrocycle_08_0_model_31.pdb
32	8	length_08_macrocycle_08_0_model_32	/home/dkouv/work/tfr1-binder-design/experiments/007_RFD3_macrocycles/monomer_self_consistency/rfd3_backbones/length_08/length_08_macrocycle_08_0_model_32.cif.gz	/home/dkouv/work/tfr1-binder-design/experiments/007_RFD3_macrocycles/monomer_self_consistency/structural_tsne/tmalign_inputs/length_08_macrocycle_08_0_model_32.pdb
33	8	length_08_macrocycle_08_0_model_33	/home/dkouv/work/tfr1-binder-design/experiments/007_RFD3_macrocycles/monomer_self_consistency/rfd3_backbones/length_08/length_08_macrocycle_08_0_model_33.cif.gz	/home/dkouv/work/tfr1-binder-design/experiments/007_RFD3_macrocycles/monomer_self_consistency/structural_tsne/tmalign_inputs/length_08_macrocycle_08_0_model_33.pdb
34	8	length_08_macrocycle_08_0_model_34	/home/dkouv/work/tfr1-binder-design/experiments/007_RFD3_macrocycles/monomer_self_consistency/rfd3_backbones/length_08/length_08_macrocycle_08_0_model_34.cif.gz	/home/dkouv/work/tfr1-binder-design/experiments/007_RFD3_macrocycles/monomer_self_consistency/structural_tsne/tmalign_inputs/length_08_macrocycle_08_0_model_34.pdb
35	8	length_08_macrocycle_08_0_model_35	/home/dkouv/work/tfr1-binder-design/experiments/007_RFD3_macrocycles/monomer_self_consistency/rfd3_backbones/length_08/length_08_macrocycle_08_0_model_35.cif.gz	/home/dkouv/work/tfr1-binder-design/experiments/007_RFD3_macrocycles/monomer_self_consistency/structural_tsne/tmalign_inputs/length_08_macrocycle_08_0_model_35.pdb
36	8	length_08_macrocycle_08_0_model_36	/home/dkouv/work/tfr1-binder-design/experiments/007_RFD3_macrocycles/monomer_self_consistency/rfd3_backbones/length_08/length_08_macrocycle_08_0_model_36.cif.gz	/home/dkouv/work/tfr1-binder-design/experiments/007_RFD3_macrocycles/monomer_self_consistency/structural_tsne/tmalign_inputs/length_08_macrocycle_08_0_model_36.pdb
37	8	length_08_macrocycle_08_0_model_37	/home/dkouv/work/tfr1-binder-design/experiments/007_RFD3_macrocycles/monomer_self_consistency/rfd3_backbones/length_08/length_08_macrocycle_08_0_model_37.cif.gz	/home/dkouv/work/tfr1-binder-design/experiments/007_RFD3_macrocycles/monomer_self_consistency/structural_tsne/tmalign_inputs/length_08_macrocycle_08_0_model_37.pdb
38	8	length_08_macrocycle_08_0_model_38	/home/dkouv/work/tfr1-binder-design/experiments/007_RFD3_macrocycles/monomer_self_consistency/rfd3_backbones/length_08/length_08_macrocycle_08_0_model_38.cif.gz	/home/dkouv/work/tfr1-binder-design/experiments/007_RFD3_macrocycles/monomer_self_consistency/structural_tsne/tmalign_inputs/length_08_macrocycle_08_0_model_38.pdb
39	8	length_08_macrocycle_08_0_model_39	/home/dkouv/work/tfr1-binder-design/experiments/007_RFD3_macrocycles/monomer_self_consistency/rfd3_backbones/length_08/length_08_macrocycle_08_0_model_39.cif.gz	/home/dkouv/work/tfr1-binder-design/experiments/007_RFD3_macrocycles/monomer_self_consistency/structural_tsne/tmalign_inputs/length_08_macrocycle_08_0_model_39.pdb
40	8	length_08_macrocycle_08_0_model_40	/home/dkouv/work/tfr1-binder-design/experiments/007_RFD3_macrocycles/monomer_self_consistency/rfd3_backbones/length_08/length_08_macrocycle_08_0_model_40.cif.gz	/home/dkouv/work/tfr1-binder-design/experiments/007_RFD3_macrocycles/monomer_self_consistency/structural_tsne/tmalign_inputs/length_08_macrocycle_08_0_model_40.pdb
41	8	length_08_macrocycle_08_0_model_41	/home/dkouv/work/tfr1-binder-design/experiments/007_RFD3_macrocycles/monomer_self_consistency/rfd3_backbones/length_08/length_08_macrocycle_08_0_model_41.cif.gz	/home/dkouv/work/tfr1-binder-design/experiments/007_RFD3_macrocycles/monomer_self_consistency/structural_tsne/tmalign_inputs/length_08_macrocycle_08_0_model_41.pdb
42	8	length_08_macrocycle_08_0_model_42	/home/dkouv/work/tfr1-binder-design/experiments/007_RFD3_macrocycles/monomer_self_consistency/rfd3_backbones/length_08/length_08_macrocycle_08_0_model_42.cif.gz	/home/dkouv/work/tfr1-binder-design/experiments/007_RFD3_macrocycles/monomer_self_consistency/structural_tsne/tmalign_inputs/length_08_macrocycle_08_0_model_42.pdb
43	8	length_08_macrocycle_08_0_model_43	/home/dkouv/work/tfr1-binder-design/experiments/007_RFD3_macrocycles/monomer_self_consistency/rfd3_backbones/length_08/length_08_macrocycle_08_0_model_43.cif.gz	/home/dkouv/work/tfr1-binder-design/experiments/007_RFD3_macrocycles/monomer_self_consistency/structural_tsne/tmalign_inputs/length_08_macrocycle_08_0_model_43.pdb
44	8	length_08_macrocycle_08_0_model_44	/home/dkouv/work/tfr1-binder-design/experiments/007_RFD3_macrocycles/monomer_self_consistency/rfd3_backbones/length_08/length_08_macrocycle_08_0_model_44.cif.gz	/home/dkouv/work/tfr1-binder-design/experiments/007_RFD3_macrocycles/monomer_self_consistency/structural_tsne/tmalign_inputs/length_08_macrocycle_08_0_model_44.pdb
45	8	length_08_macrocycle_08_0_model_45	/home/dkouv/work/tfr1-binder-design/experiments/007_RFD3_macrocycles/monomer_self_consistency/rfd3_backbones/length_08/length_08_macrocycle_08_0_model_45.cif.gz	/home/dkouv/work/tfr1-binder-design/experiments/007_RFD3_macrocycles/monomer_self_consistency/structural_tsne/tmalign_inputs/length_08_macrocycle_08_0_model_45.pdb
46	8	length_08_macrocycle_08_0_model_46	/home/dkouv/work/tfr1-binder-design/experiments/007_RFD3_macrocycles/monomer_self_consistency/rfd3_backbones/length_08/length_08_macrocycle_08_0_model_46.cif.gz	/home/dkouv/work/tfr1-binder-design/experiments/007_RFD3_macrocycles/monomer_self_consistency/structural_tsne/tmalign_inputs/length_08_macrocycle_08_0_model_46.pdb
47	8	length_08_macrocycle_08_0_model_47	/home/dkouv/work/tfr1-binder-design/experiments/007_RFD3_macrocycles/monomer_self_consistency/rfd3_backbones/length_08/length_08_macrocycle_08_0_model_47.cif.gz	/home/dkouv/work/tfr1-binder-design/experiments/007_RFD3_macrocycles/monomer_self_consistency/structural_tsne/tmalign_inputs/length_08_macrocycle_08_0_model_47.pdb
48	8	length_08_macrocycle_08_0_model_48	/home/dkouv/work/tfr1-binder-design/experiments/007_RFD3_macrocycles/monomer_self_consistency/rfd3_backbones/length_08/length_08_macrocycle_08_0_model_48.cif.gz	/home/dkouv/work/tfr1-binder-design/experiments/007_RFD3_macrocycles/monomer_self_consistency/structural_tsne/tmalign_inputs/length_08_macrocycle_08_0_model_48.pdb
49	8	length_08_macrocycle_08_0_model_49	/home/dkouv/work/tfr1-binder-design/experiments/007_RFD3_macrocycles/monomer_self_consistency/rfd3_backbones/length_08/length_08_macrocycle_08_0_model_49.cif.gz	/home/dkouv/work/tfr1-binder-design/experiments/007_RFD3_macrocycles/monomer_self_consistency/structural_tsne/tmalign_inputs/length_08_macrocycle_08_0_model_49.pdb
50	8	length_08_macrocycle_08_0_model_50	/home/dkouv/work/tfr1-binder-design/experiments/007_RFD3_macrocycles/monomer_self_consistency/rfd3_backbones/length_08/length_08_macrocycle_08_0_model_50.cif.gz	/home/dkouv/work/tfr1-binder-design/experiments/007_RFD3_macrocycles/monomer_self_consistency/structural_tsne/tmalign_inputs/length_08_macrocycle_08_0_model_50.pdb
51	8	length_08_macrocycle_08_0_model_51	/home/dkouv/work/tfr1-binder-design/experiments/007_RFD3_macrocycles/monomer_self_consistency/rfd3_backbones/length_08/length_08_macrocycle_08_0_model_51.cif.gz	/home/dkouv/work/tfr1-binder-design/experiments/007_RFD3_macrocycles/monomer_self_consistency/structural_tsne/tmalign_inputs/length_08_macrocycle_08_0_model_51.pdb
52	8	length_08_macrocycle_08_0_model_52	/home/dkouv/work/tfr1-binder-design/experiments/007_RFD3_macrocycles/monomer_self_consistency/rfd3_backbones/length_08/length_08_macrocycle_08_0_model_52.cif.gz	/home/dkouv/work/tfr1-binder-design/experiments/007_RFD3_macrocycles/monomer_self_consistency/structural_tsne/tmalign_inputs/length_08_macrocycle_08_0_model_52.pdb
53	8	length_08_macrocycle_08_0_model_53	/home/dkouv/work/tfr1-binder-design/experiments/007_RFD3_macrocycles/monomer_self_consistency/rfd3_backbones/length_08/length_08_macrocycle_08_0_model_53.cif.gz	/home/dkouv/work/tfr1-binder-design/experiments/007_RFD3_macrocycles/monomer_self_consistency/structural_tsne/tmalign_inputs/length_08_macrocycle_08_0_model_53.pdb
54	8	length_08_macrocycle_08_0_model_54	/home/dkouv/work/tfr1-binder-design/experiments/007_RFD3_macrocycles/monomer_self_consistency/rfd3_backbones/length_08/length_08_macrocycle_08_0_model_54.cif.gz	/home/dkouv/work/tfr1-binder-design/experiments/007_RFD3_macrocycles/monomer_self_consistency/structural_tsne/tmalign_inputs/length_08_macrocycle_08_0_model_54.pdb
55	8	length_08_macrocycle_08_0_model_55	/home/dkouv/work/tfr1-binder-design/experiments/007_RFD3_macrocycles/monomer_self_consistency/rfd3_backbones/length_08/length_08_macrocycle_08_0_model_55.cif.gz	/home/dkouv/work/tfr1-binder-design/experiments/007_RFD3_macrocycles/monomer_self_consistency/structural_tsne/tmalign_inputs/length_08_macrocycle_08_0_model_55.pdb
56	8	length_08_macrocycle_08_0_model_56	/home/dkouv/work/tfr1-binder-design/experiments/007_RFD3_macrocycles/monomer_self_consistency/rfd3_backbones/length_08/length_08_macrocycle_08_0_model_56.cif.gz	/home/dkouv/work/tfr1-binder-design/experiments/007_RFD3_macrocycles/monomer_self_consistency/structural_tsne/tmalign_inputs/length_08_macrocycle_08_0_model_56.pdb
57	8	length_08_macrocycle_08_0_model_57	/home/dkouv/work/tfr1-binder-design/experiments/007_RFD3_macrocycles/monomer_self_consistency/rfd3_backbones/length_08/length_08_macrocycle_08_0_model_57.cif.gz	/home/dkouv/work/tfr1-binder-design/experiments/007_RFD3_macrocycles/monomer_self_consistency/structural_tsne/tmalign_inputs/length_08_macrocycle_08_0_model_57.pdb
58	8	length_08_macrocycle_08_0_model_58	/home/dkouv/work/tfr1-binder-design/experiments/007_RFD3_macrocycles/monomer_self_consistency/rfd3_backbones/length_08/length_08_macrocycle_08_0_model_58.cif.gz	/home/dkouv/work/tfr1-binder-design/experiments/007_RFD3_macrocycles/monomer_self_consistency/structural_tsne/tmalign_inputs/length_08_macrocycle_08_0_model_58.pdb
59	8	length_08_macrocycle_08_0_model_59	/home/dkouv/work/tfr1-binder-design/experiments/007_RFD3_macrocycles/monomer_self_consistency/rfd3_backbones/length_08/length_08_macrocycle_08_0_model_59.cif.gz	/home/dkouv/work/tfr1-binder-design/experiments/007_RFD3_macrocycles/monomer_self_consistency/structural_tsne/tmalign_inputs/length_08_macrocycle_08_0_model_59.pdb
60	8	length_08_macrocycle_08_0_model_60	/home/dkouv/work/tfr1-binder-design/experiments/007_RFD3_macrocycles/monomer_self_consistency/rfd3_backbones/length_08/length_08_macrocycle_08_0_model_60.cif.gz	/home/dkouv/work/tfr1-binder-design/experiments/007_RFD3_macrocycles/monomer_self_consistency/structural_tsne/tmalign_inputs/length_08_macrocycle_08_0_model_60.pdb
61	8	length_08_macrocycle_08_0_model_61	/home/dkouv/work/tfr1-binder-design/experiments/007_RFD3_macrocycles/monomer_self_consistency/rfd3_backbones/length_08/length_08_macrocycle_08_0_model_61.cif.gz	/home/dkouv/work/tfr1-binder-design/experiments/007_RFD3_macrocycles/monomer_self_consistency/structural_tsne/tmalign_inputs/length_08_macrocycle_08_0_model_61.pdb
62	8	length_08_macrocycle_08_0_model_62	/home/dkouv/work/tfr1-binder-design/experiments/007_RFD3_macrocycles/monomer_self_consistency/rfd3_backbones/length_08/length_08_macrocycle_08_0_model_62.cif.gz	/home/dkouv/work/tfr1-binder-design/experiments/007_RFD3_macrocycles/monomer_self_consistency/structural_tsne/tmalign_inputs/length_08_macrocycle_08_0_model_62.pdb
63	8	length_08_macrocycle_08_0_model_63	/home/dkouv/work/tfr1-binder-design/experiments/007_RFD3_macrocycles/monomer_self_consistency/rfd3_backbones/length_08/length_08_macrocycle_08_0_model_63.cif.gz	/home/dkouv/work/tfr1-binder-design/experiments/007_RFD3_macrocycles/monomer_self_consistency/structural_tsne/tmalign_inputs/length_08_macrocycle_08_0_model_63.pdb
64	8	length_08_macrocycle_08_0_model_64	/home/dkouv/work/tfr1-binder-design/experiments/007_RFD3_macrocycles/monomer_self_consistency/rfd3_backbones/length_08/length_08_macrocycle_08_0_model_64.cif.gz	/home/dkouv/work/tfr1-binder-design/experiments/007_RFD3_macrocycles/monomer_self_consistency/structural_tsne/tmalign_inputs/length_08_macrocycle_08_0_model_64.pdb
65	8	length_08_macrocycle_08_0_model_65	/home/dkouv/work/tfr1-binder-design/experiments/007_RFD3_macrocycles/monomer_self_consistency/rfd3_backbones/length_08/length_08_macrocycle_08_0_model_65.cif.gz	/home/dkouv/work/tfr1-binder-design/experiments/007_RFD3_macrocycles/monomer_self_consistency/structural_tsne/tmalign_inputs/length_08_macrocycle_08_0_model_65.pdb
66	8	length_08_macrocycle_08_0_model_66	/home/dkouv/work/tfr1-binder-design/experiments/007_RFD3_macrocycles/monomer_self_consistency/rfd3_backbones/length_08/length_08_macrocycle_08_0_model_66.cif.gz	/home/dkouv/work/tfr1-binder-design/experiments/007_RFD3_macrocycles/monomer_self_consistency/structural_tsne/tmalign_inputs/length_08_macrocycle_08_0_model_66.pdb
67	8	length_08_macrocycle_08_0_model_67	/home/dkouv/work/tfr1-binder-design/experiments/007_RFD3_macrocycles/monomer_self_consistency/rfd3_backbones/length_08/length_08_macrocycle_08_0_model_67.cif.gz	/home/dkouv/work/tfr1-binder-design/experiments/007_RFD3_macrocycles/monomer_self_consistency/structural_tsne/tmalign_inputs/length_08_macrocycle_08_0_model_67.pdb
68	8	length_08_macrocycle_08_0_model_68	/home/dkouv/work/tfr1-binder-design/experiments/007_RFD3_macrocycles/monomer_self_consistency/rfd3_backbones/length_08/length_08_macrocycle_08_0_model_68.cif.gz	/home/dkouv/work/tfr1-binder-design/experiments/007_RFD3_macrocycles/monomer_self_consistency/structural_tsne/tmalign_inputs/length_08_macrocycle_08_0_model_68.pdb
69	8	length_08_macrocycle_08_0_model_69	/home/dkouv/work/tfr1-binder-design/experiments/007_RFD3_macrocycles/monomer_self_consistency/rfd3_backbones/length_08/length_08_macrocycle_08_0_model_69.cif.gz	/home/dkouv/work/tfr1-binder-design/experiments/007_RFD3_macrocycles/monomer_self_consistency/structural_tsne/tmalign_inputs/length_08_macrocycle_08_0_model_69.pdb
70	8	length_08_macrocycle_08_0_model_70	/home/dkouv/work/tfr1-binder-design/experiments/007_RFD3_macrocycles/monomer_self_consistency/rfd3_backbones/length_08/length_08_macrocycle_08_0_model_70.cif.gz	/home/dkouv/work/tfr1-binder-design/experiments/007_RFD3_macrocycles/monomer_self_consistency/structural_tsne/tmalign_inputs/length_08_macrocycle_08_0_model_70.pdb
71	8	length_08_macrocycle_08_0_model_71	/home/dkouv/work/tfr1-binder-design/experiments/007_RFD3_macrocycles/monomer_self_consistency/rfd3_backbones/length_08/length_08_macrocycle_08_0_model_71.cif.gz	/home/dkouv/work/tfr1-binder-design/experiments/007_RFD3_macrocycles/monomer_self_consistency/structural_tsne/tmalign_inputs/length_08_macrocycle_08_0_model_71.pdb
72	8	length_08_macrocycle_08_0_model_72	/home/dkouv/work/tfr1-binder-design/experiments/007_RFD3_macrocycles/monomer_self_consistency/rfd3_backbones/length_08/length_08_macrocycle_08_0_model_72.cif.gz	/home/dkouv/work/tfr1-binder-design/experiments/007_RFD3_macrocycles/monomer_self_consistency/structural_tsne/tmalign_inputs/length_08_macrocycle_08_0_model_72.pdb
73	8	length_08_macrocycle_08_0_model_73	/home/dkouv/work/tfr1-binder-design/experiments/007_RFD3_macrocycles/monomer_self_consistency/rfd3_backbones/length_08/length_08_macrocycle_08_0_model_73.cif.gz	/home/dkouv/work/tfr1-binder-design/experiments/007_RFD3_macrocycles/monomer_self_consistency/structural_tsne/tmalign_inputs/length_08_macrocycle_08_0_model_73.pdb
74	8	length_08_macrocycle_08_0_model_74	/home/dkouv/work/tfr1-binder-design/experiments/007_RFD3_macrocycles/monomer_self_consistency/rfd3_backbones/length_08/length_08_macrocycle_08_0_model_74.cif.gz	/home/dkouv/work/tfr1-binder-design/experiments/007_RFD3_macrocycles/monomer_self_consistency/structural_tsne/tmalign_inputs/length_08_macrocycle_08_0_model_74.pdb
75	8	length_08_macrocycle_08_0_model_75	/home/dkouv/work/tfr1-binder-design/experiments/007_RFD3_macrocycles/monomer_self_consistency/rfd3_backbones/length_08/length_08_macrocycle_08_0_model_75.cif.gz	/home/dkouv/work/tfr1-binder-design/experiments/007_RFD3_macrocycles/monomer_self_consistency/structural_tsne/tmalign_inputs/length_08_macrocycle_08_0_model_75.pdb
76	8	length_08_macrocycle_08_0_model_76	/home/dkouv/work/tfr1-binder-design/experiments/007_RFD3_macrocycles/monomer_self_consistency/rfd3_backbones/length_08/length_08_macrocycle_08_0_model_76.cif.gz	/home/dkouv/work/tfr1-binder-design/experiments/007_RFD3_macrocycles/monomer_self_consistency/structural_tsne/tmalign_inputs/length_08_macrocycle_08_0_model_76.pdb
77	8	length_08_macrocycle_08_0_model_77	/home/dkouv/work/tfr1-binder-design/experiments/007_RFD3_macrocycles/monomer_self_consistency/rfd3_backbones/length_08/length_08_macrocycle_08_0_model_77.cif.gz	/home/dkouv/work/tfr1-binder-design/experiments/007_RFD3_macrocycles/monomer_self_consistency/structural_tsne/tmalign_inputs/length_08_macrocycle_08_0_model_77.pdb
78	8	length_08_macrocycle_08_0_model_78	/home/dkouv/work/tfr1-binder-design/experiments/007_RFD3_macrocycles/monomer_self_consistency/rfd3_backbones/length_08/length_08_macrocycle_08_0_model_78.cif.gz	/home/dkouv/work/tfr1-binder-design/experiments/007_RFD3_macrocycles/monomer_self_consistency/structural_tsne/tmalign_inputs/length_08_macrocycle_08_0_model_78.pdb
79	8	length_08_macrocycle_08_0_model_79	/home/dkouv/work/tfr1-binder-design/experiments/007_RFD3_macrocycles/monomer_self_consistency/rfd3_backbones/length_08/length_08_macrocycle_08_0_model_79.cif.gz	/home/dkouv/work/tfr1-binder-design/experiments/007_RFD3_macrocycles/monomer_self_consistency/structural_tsne/tmalign_inputs/length_08_macrocycle_08_0_model_79.pdb
80	8	length_08_macrocycle_08_0_model_80	/home/dkouv/work/tfr1-binder-design/experiments/007_RFD3_macrocycles/monomer_self_consistency/rfd3_backbones/length_08/length_08_macrocycle_08_0_model_80.cif.gz	/home/dkouv/work/tfr1-binder-design/experiments/007_RFD3_macrocycles/monomer_self_consistency/structural_tsne/tmalign_inputs/length_08_macrocycle_08_0_model_80.pdb
81	8	length_08_macrocycle_08_0_model_81	/home/dkouv/work/tfr1-binder-design/experiments/007_RFD3_macrocycles/monomer_self_consistency/rfd3_backbones/length_08/length_08_macrocycle_08_0_model_81.cif.gz	/home/dkouv/work/tfr1-binder-design/experiments/007_RFD3_macrocycles/monomer_self_consistency/structural_tsne/tmalign_inputs/length_08_macrocycle_08_0_model_81.pdb
82	8	length_08_macrocycle_08_0_model_82	/home/dkouv/work/tfr1-binder-design/experiments/007_RFD3_macrocycles/monomer_self_consistency/rfd3_backbones/length_08/length_08_macrocycle_08_0_model_82.cif.gz	/home/dkouv/work/tfr1-binder-design/experiments/007_RFD3_macrocycles/monomer_self_consistency/structural_tsne/tmalign_inputs/length_08_macrocycle_08_0_model_82.pdb
83	8	length_08_macrocycle_08_0_model_83	/home/dkouv/work/tfr1-binder-design/experiments/007_RFD3_macrocycles/monomer_self_consistency/rfd3_backbones/length_08/length_08_macrocycle_08_0_model_83.cif.gz	/home/dkouv/work/tfr1-binder-design/experiments/007_RFD3_macrocycles/monomer_self_consistency/structural_tsne/tmalign_inputs/length_08_macrocycle_08_0_model_83.pdb
84	8	length_08_macrocycle_08_0_model_84	/home/dkouv/work/tfr1-binder-design/experiments/007_RFD3_macrocycles/monomer_self_consistency/rfd3_backbones/length_08/length_08_macrocycle_08_0_model_84.cif.gz	/home/dkouv/work/tfr1-binder-design/experiments/007_RFD3_macrocycles/monomer_self_consistency/structural_tsne/tmalign_inputs/length_08_macrocycle_08_0_model_84.pdb
85	8	length_08_macrocycle_08_0_model_85	/home/dkouv/work/tfr1-binder-design/experiments/007_RFD3_macrocycles/monomer_self_consistency/rfd3_backbones/length_08/length_08_macrocycle_08_0_model_85.cif.gz	/home/dkouv/work/tfr1-binder-design/experiments/007_RFD3_macrocycles/monomer_self_consistency/structural_tsne/tmalign_inputs/length_08_macrocycle_08_0_model_85.pdb
86	8	length_08_macrocycle_08_0_model_86	/home/dkouv/work/tfr1-binder-design/experiments/007_RFD3_macrocycles/monomer_self_consistency/rfd3_backbones/length_08/length_08_macrocycle_08_0_model_86.cif.gz	/home/dkouv/work/tfr1-binder-design/experiments/007_RFD3_macrocycles/monomer_self_consistency/structural_tsne/tmalign_inputs/length_08_macrocycle_08_0_model_86.pdb
87	8	length_08_macrocycle_08_0_model_87	/home/dkouv/work/tfr1-binder-design/experiments/007_RFD3_macrocycles/monomer_self_consistency/rfd3_backbones/length_08/length_08_macrocycle_08_0_model_87.cif.gz	/home/dkouv/work/tfr1-binder-design/experiments/007_RFD3_macrocycles/monomer_self_consistency/structural_tsne/tmalign_inputs/length_08_macrocycle_08_0_model_87.pdb
88	8	length_08_macrocycle_08_0_model_88	/home/dkouv/work/tfr1-binder-design/experiments/007_RFD3_macrocycles/monomer_self_consistency/rfd3_backbones/length_08/length_08_macrocycle_08_0_model_88.cif.gz	/home/dkouv/work/tfr1-binder-design/experiments/007_RFD3_macrocycles/monomer_self_consistency/structural_tsne/tmalign_inputs/length_08_macrocycle_08_0_model_88.pdb
89	8	length_08_macrocycle_08_0_model_89	/home/dkouv/work/tfr1-binder-design/experiments/007_RFD3_macrocycles/monomer_self_consistency/rfd3_backbones/length_08/length_08_macrocycle_08_0_model_89.cif.gz	/home/dkouv/work/tfr1-binder-design/experiments/007_RFD3_macrocycles/monomer_self_consistency/structural_tsne/tmalign_inputs/length_08_macrocycle_08_0_model_89.pdb
90	8	length_08_macrocycle_08_0_model_90	/home/dkouv/work/tfr1-binder-design/experiments/007_RFD3_macrocycles/monomer_self_consistency/rfd3_backbones/length_08/length_08_macrocycle_08_0_model_90.cif.gz	/home/dkouv/work/tfr1-binder-design/experiments/007_RFD3_macrocycles/monomer_self_consistency/structural_tsne/tmalign_inputs/length_08_macrocycle_08_0_model_90.pdb
91	8	length_08_macrocycle_08_0_model_91	/home/dkouv/work/tfr1-binder-design/experiments/007_RFD3_macrocycles/monomer_self_consistency/rfd3_backbones/length_08/length_08_macrocycle_08_0_model_91.cif.gz	/home/dkouv/work/tfr1-binder-design/experiments/007_RFD3_macrocycles/monomer_self_consistency/structural_tsne/tmalign_inputs/length_08_macrocycle_08_0_model_91.pdb
92	8	length_08_macrocycle_08_0_model_92	/home/dkouv/work/tfr1-binder-design/experiments/007_RFD3_macrocycles/monomer_self_consistency/rfd3_backbones/length_08/length_08_macrocycle_08_0_model_92.cif.gz	/home/dkouv/work/tfr1-binder-design/experiments/007_RFD3_macrocycles/monomer_self_consistency/structural_tsne/tmalign_inputs/length_08_macrocycle_08_0_model_92.pdb
93	8	length_08_macrocycle_08_0_model_93	/home/dkouv/work/tfr1-binder-design/experiments/007_RFD3_macrocycles/monomer_self_consistency/rfd3_backbones/length_08/length_08_macrocycle_08_0_model_93.cif.gz	/home/dkouv/work/tfr1-binder-design/experiments/007_RFD3_macrocycles/monomer_self_consistency/structural_tsne/tmalign_inputs/length_08_macrocycle_08_0_model_93.pdb
94	8	length_08_macrocycle_08_0_model_94	/home/dkouv/work/tfr1-binder-design/experiments/007_RFD3_macrocycles/monomer_self_consistency/rfd3_backbones/length_08/length_08_macrocycle_08_0_model_94.cif.gz	/home/dkouv/work/tfr1-binder-design/experiments/007_RFD3_macrocycles/monomer_self_consistency/structural_tsne/tmalign_inputs/length_08_macrocycle_08_0_model_94.pdb
95	8	length_08_macrocycle_08_0_model_95	/home/dkouv/work/tfr1-binder-design/experiments/007_RFD3_macrocycles/monomer_self_consistency/rfd3_backbones/length_08/length_08_macrocycle_08_0_model_95.cif.gz	/home/dkouv/work/tfr1-binder-design/experiments/007_RFD3_macrocycles/monomer_self_consistency/structural_tsne/tmalign_inputs/length_08_macrocycle_08_0_model_95.pdb
96	8	length_08_macrocycle_08_0_model_96	/home/dkouv/work/tfr1-binder-design/experiments/007_RFD3_macrocycles/monomer_self_consistency/rfd3_backbones/length_08/length_08_macrocycle_08_0_model_96.cif.gz	/home/dkouv/work/tfr1-binder-design/experiments/007_RFD3_macrocycles/monomer_self_consistency/structural_tsne/tmalign_inputs/length_08_macrocycle_08_0_model_96.pdb
97	8	length_08_macrocycle_08_0_model_97	/home/dkouv/work/tfr1-binder-design/experiments/007_RFD3_macrocycles/monomer_self_consistency/rfd3_backbones/length_08/length_08_macrocycle_08_0_model_97.cif.gz	/home/dkouv/work/tfr1-binder-design/experiments/007_RFD3_macrocycles/monomer_self_consistency/structural_tsne/tmalign_inputs/length_08_macrocycle_08_0_model_97.pdb
98	8	length_08_macrocycle_08_0_model_98	/home/dkouv/work/tfr1-binder-design/experiments/007_RFD3_macrocycles/monomer_self_consistency/rfd3_backbones/length_08/length_08_macrocycle_08_0_model_98.cif.gz	/home/dkouv/work/tfr1-binder-design/experiments/007_RFD3_macrocycles/monomer_self_consistency/structural_tsne/tmalign_inputs/length_08_macrocycle_08_0_model_98.pdb
99	8	length_08_macrocycle_08_0_model_99	/home/dkouv/work/tfr1-binder-design/experiments/007_RFD3_macrocycles/monomer_self_consistency/rfd3_backbones/length_08/length_08_macrocycle_08_0_model_99.cif.gz	/home/dkouv/work/tfr1-binder-design/experiments/007_RFD3_macrocycles/monomer_self_consistency/structural_tsne/tmalign_inputs/length_08_macrocycle_08_0_model_99.pdb
100	8	length_08_macrocycle_08_0_model_100	/home/dkouv/work/tfr1-binder-design/experiments/007_RFD3_macrocycles/monomer_self_consistency/rfd3_backbones/length_08/length_08_macrocycle_08_0_model_100.cif.gz	/home/dkouv/work/tfr1-binder-design/experiments/007_RFD3_macrocycles/monomer_self_consistency/structural_tsne/tmalign_inputs/length_08_macrocycle_08_0_model_100.pdb
101	8	length_08_macrocycle_08_0_model_101	/home/dkouv/work/tfr1-binder-design/experiments/007_RFD3_macrocycles/monomer_self_consistency/rfd3_backbones/length_08/length_08_macrocycle_08_0_model_101.cif.gz	/home/dkouv/work/tfr1-binder-design/experiments/007_RFD3_macrocycles/monomer_self_consistency/structural_tsne/tmalign_inputs/length_08_macrocycle_08_0_model_101.pdb
102	8	length_08_macrocycle_08_0_model_102	/home/dkouv/work/tfr1-binder-design/experiments/007_RFD3_macrocycles/monomer_self_consistency/rfd3_backbones/length_08/length_08_macrocycle_08_0_model_102.cif.gz	/home/dkouv/work/tfr1-binder-design/experiments/007_RFD3_macrocycles/monomer_self_consistency/structural_tsne/tmalign_inputs/length_08_macrocycle_08_0_model_102.pdb
103	8	length_08_macrocycle_08_0_model_103	/home/dkouv/work/tfr1-binder-design/experiments/007_RFD3_macrocycles/monomer_self_consistency/rfd3_backbones/length_08/length_08_macrocycle_08_0_model_103.cif.gz	/home/dkouv/work/tfr1-binder-design/experiments/007_RFD3_macrocycles/monomer_self_consistency/structural_tsne/tmalign_inputs/length_08_macrocycle_08_0_model_103.pdb
104	8	length_08_macrocycle_08_0_model_104	/home/dkouv/work/tfr1-binder-design/experiments/007_RFD3_macrocycles/monomer_self_consistency/rfd3_backbones/length_08/length_08_macrocycle_08_0_model_104.cif.gz	/home/dkouv/work/tfr1-binder-design/experiments/007_RFD3_macrocycles/monomer_self_consistency/structural_tsne/tmalign_inputs/length_08_macrocycle_08_0_model_104.pdb
105	8	length_08_macrocycle_08_0_model_105	/home/dkouv/work/tfr1-binder-design/experiments/007_RFD3_macrocycles/monomer_self_consistency/rfd3_backbones/length_08/length_08_macrocycle_08_0_model_105.cif.gz	/home/dkouv/work/tfr1-binder-design/experiments/007_RFD3_macrocycles/monomer_self_consistency/structural_tsne/tmalign_inputs/length_08_macrocycle_08_0_model_105.pdb
106	8	length_08_macrocycle_08_0_model_106	/home/dkouv/work/tfr1-binder-design/experiments/007_RFD3_macrocycles/monomer_self_consistency/rfd3_backbones/length_08/length_08_macrocycle_08_0_model_106.cif.gz	/home/dkouv/work/tfr1-binder-design/experiments/007_RFD3_macrocycles/monomer_self_consistency/structural_tsne/tmalign_inputs/length_08_macrocycle_08_0_model_106.pdb
107	8	length_08_macrocycle_08_0_model_107	/home/dkouv/work/tfr1-binder-design/experiments/007_RFD3_macrocycles/monomer_self_consistency/rfd3_backbones/length_08/length_08_macrocycle_08_0_model_107.cif.gz	/home/dkouv/work/tfr1-binder-design/experiments/007_RFD3_macrocycles/monomer_self_consistency/structural_tsne/tmalign_inputs/length_08_macrocycle_08_0_model_107.pdb
108	8	length_08_macrocycle_08_0_model_108	/home/dkouv/work/tfr1-binder-design/experiments/007_RFD3_macrocycles/monomer_self_consistency/rfd3_backbones/length_08/length_08_macrocycle_08_0_model_108.cif.gz	/home/dkouv/work/tfr1-binder-design/experiments/007_RFD3_macrocycles/monomer_self_consistency/structural_tsne/tmalign_inputs/length_08_macrocycle_08_0_model_108.pdb
109	8	length_08_macrocycle_08_0_model_109	/home/dkouv/work/tfr1-binder-design/experiments/007_RFD3_macrocycles/monomer_self_consistency/rfd3_backbones/length_08/length_08_macrocycle_08_0_model_109.cif.gz	/home/dkouv/work/tfr1-binder-design/experiments/007_RFD3_macrocycles/monomer_self_consistency/structural_tsne/tmalign_inputs/length_08_macrocycle_08_0_model_109.pdb
110	8	length_08_macrocycle_08_0_model_110	/home/dkouv/work/tfr1-binder-design/experiments/007_RFD3_macrocycles/monomer_self_consistency/rfd3_backbones/length_08/length_08_macrocycle_08_0_model_110.cif.gz	/home/dkouv/work/tfr1-binder-design/experiments/007_RFD3_macrocycles/monomer_self_consistency/structural_tsne/tmalign_inputs/length_08_macrocycle_08_0_model_110.pdb
111	8	length_08_macrocycle_08_0_model_111	/home/dkouv/work/tfr1-binder-design/experiments/007_RFD3_macrocycles/monomer_self_consistency/rfd3_backbones/length_08/length_08_macrocycle_08_0_model_111.cif.gz	/home/dkouv/work/tfr1-binder-design/experiments/007_RFD3_macrocycles/monomer_self_consistency/structural_tsne/tmalign_inputs/length_08_macrocycle_08_0_model_111.pdb
112	8	length_08_macrocycle_08_0_model_112	/home/dkouv/work/tfr1-binder-design/experiments/007_RFD3_macrocycles/monomer_self_consistency/rfd3_backbones/length_08/length_08_macrocycle_08_0_model_112.cif.gz	/home/dkouv/work/tfr1-binder-design/experiments/007_RFD3_macrocycles/monomer_self_consistency/structural_tsne/tmalign_inputs/length_08_macrocycle_08_0_model_112.pdb
113	8	length_08_macrocycle_08_0_model_113	/home/dkouv/work/tfr1-binder-design/experiments/007_RFD3_macrocycles/monomer_self_consistency/rfd3_backbones/length_08/length_08_macrocycle_08_0_model_113.cif.gz	/home/dkouv/work/tfr1-binder-design/experiments/007_RFD3_macrocycles/monomer_self_consistency/structural_tsne/tmalign_inputs/length_08_macrocycle_08_0_model_113.pdb
114	8	length_08_macrocycle_08_0_model_114	/home/dkouv/work/tfr1-binder-design/experiments/007_RFD3_macrocycles/monomer_self_consistency/rfd3_backbones/length_08/length_08_macrocycle_08_0_model_114.cif.gz	/home/dkouv/work/tfr1-binder-design/experiments/007_RFD3_macrocycles/monomer_self_consistency/structural_tsne/tmalign_inputs/length_08_macrocycle_08_0_model_114.pdb
115	8	length_08_macrocycle_08_0_model_115	/home/dkouv/work/tfr1-binder-design/experiments/007_RFD3_macrocycles/monomer_self_consistency/rfd3_backbones/length_08/length_08_macrocycle_08_0_model_115.cif.gz	/home/dkouv/work/tfr1-binder-design/experiments/007_RFD3_macrocycles/monomer_self_consistency/structural_tsne/tmalign_inputs/length_08_macrocycle_08_0_model_115.pdb
116	8	length_08_macrocycle_08_0_model_116	/home/dkouv/work/tfr1-binder-design/experiments/007_RFD3_macrocycles/monomer_self_consistency/rfd3_backbones/length_08/length_08_macrocycle_08_0_model_116.cif.gz	/home/dkouv/work/tfr1-binder-design/experiments/007_RFD3_macrocycles/monomer_self_consistency/structural_tsne/tmalign_inputs/length_08_macrocycle_08_0_model_116.pdb
117	8	length_08_macrocycle_08_0_model_117	/home/dkouv/work/tfr1-binder-design/experiments/007_RFD3_macrocycles/monomer_self_consistency/rfd3_backbones/length_08/length_08_macrocycle_08_0_model_117.cif.gz	/home/dkouv/work/tfr1-binder-design/experiments/007_RFD3_macrocycles/monomer_self_consistency/structural_tsne/tmalign_inputs/length_08_macrocycle_08_0_model_117.pdb
118	8	length_08_macrocycle_08_0_model_118	/home/dkouv/work/tfr1-binder-design/experiments/007_RFD3_macrocycles/monomer_self_consistency/rfd3_backbones/length_08/length_08_macrocycle_08_0_model_118.cif.gz	/home/dkouv/work/tfr1-binder-design/experiments/007_RFD3_macrocycles/monomer_self_consistency/structural_tsne/tmalign_inputs/length_08_macrocycle_08_0_model_118.pdb
119	8	length_08_macrocycle_08_0_model_119	/home/dkouv/work/tfr1-binder-design/experiments/007_RFD3_macrocycles/monomer_self_consistency/rfd3_backbones/length_08/length_08_macrocycle_08_0_model_119.cif.gz	/home/dkouv/work/tfr1-binder-design/experiments/007_RFD3_macrocycles/monomer_self_consistency/structural_tsne/tmalign_inputs/length_08_macrocycle_08_0_model_119.pdb
120	8	length_08_macrocycle_08_0_model_120	/home/dkouv/work/tfr1-binder-design/experiments/007_RFD3_macrocycles/monomer_self_consistency/rfd3_backbones/length_08/length_08_macrocycle_08_0_model_120.cif.gz	/home/dkouv/work/tfr1-binder-design/experiments/007_RFD3_macrocycles/monomer_self_consistency/structural_tsne/tmalign_inputs/length_08_macrocycle_08_0_model_120.pdb
121	8	length_08_macrocycle_08_0_model_121	/home/dkouv/work/tfr1-binder-design/experiments/007_RFD3_macrocycles/monomer_self_consistency/rfd3_backbones/length_08/length_08_macrocycle_08_0_model_121.cif.gz	/home/dkouv/work/tfr1-binder-design/experiments/007_RFD3_macrocycles/monomer_self_consistency/structural_tsne/tmalign_inputs/length_08_macrocycle_08_0_model_121.pdb
122	8	length_08_macrocycle_08_0_model_122	/home/dkouv/work/tfr1-binder-design/experiments/007_RFD3_macrocycles/monomer_self_consistency/rfd3_backbones/length_08/length_08_macrocycle_08_0_model_122.cif.gz	/home/dkouv/work/tfr1-binder-design/experiments/007_RFD3_macrocycles/monomer_self_consistency/structural_tsne/tmalign_inputs/length_08_macrocycle_08_0_model_122.pdb
123	8	length_08_macrocycle_08_0_model_123	/home/dkouv/work/tfr1-binder-design/experiments/007_RFD3_macrocycles/monomer_self_consistency/rfd3_backbones/length_08/length_08_macrocycle_08_0_model_123.cif.gz	/home/dkouv/work/tfr1-binder-design/experiments/007_RFD3_macrocycles/monomer_self_consistency/structural_tsne/tmalign_inputs/length_08_macrocycle_08_0_model_123.pdb
124	8	length_08_macrocycle_08_0_model_124	/home/dkouv/work/tfr1-binder-design/experiments/007_RFD3_macrocycles/monomer_self_consistency/rfd3_backbones/length_08/length_08_macrocycle_08_0_model_124.cif.gz	/home/dkouv/work/tfr1-binder-design/experiments/007_RFD3_macrocycles/monomer_self_consistency/structural_tsne/tmalign_inputs/length_08_macrocycle_08_0_model_124.pdb
125	8	length_08_macrocycle_08_0_model_125	/home/dkouv/work/tfr1-binder-design/experiments/007_RFD3_macrocycles/monomer_self_consistency/rfd3_backbones/length_08/length_08_macrocycle_08_0_model_125.cif.gz	/home/dkouv/work/tfr1-binder-design/experiments/007_RFD3_macrocycles/monomer_self_consistency/structural_tsne/tmalign_inputs/length_08_macrocycle_08_0_model_125.pdb
126	8	length_08_macrocycle_08_0_model_126	/home/dkouv/work/tfr1-binder-design/experiments/007_RFD3_macrocycles/monomer_self_consistency/rfd3_backbones/length_08/length_08_macrocycle_08_0_model_126.cif.gz	/home/dkouv/work/tfr1-binder-design/experiments/007_RFD3_macrocycles/monomer_self_consistency/structural_tsne/tmalign_inputs/length_08_macrocycle_08_0_model_126.pdb
127	8	length_08_macrocycle_08_0_model_127	/home/dkouv/work/tfr1-binder-design/experiments/007_RFD3_macrocycles/monomer_self_consistency/rfd3_backbones/length_08/length_08_macrocycle_08_0_model_127.cif.gz	/home/dkouv/work/tfr1-binder-design/experiments/007_RFD3_macrocycles/monomer_self_consistency/structural_tsne/tmalign_inputs/length_08_macrocycle_08_0_model_127.pdb
128	8	length_08_macrocycle_08_0_model_128	/home/dkouv/work/tfr1-binder-design/experiments/007_RFD3_macrocycles/monomer_self_consistency/rfd3_backbones/length_08/length_08_macrocycle_08_0_model_128.cif.gz	/home/dkouv/work/tfr1-binder-design/experiments/007_RFD3_macrocycles/monomer_self_consistency/structural_tsne/tmalign_inputs/length_08_macrocycle_08_0_model_128.pdb
129	8	length_08_macrocycle_08_0_model_129	/home/dkouv/work/tfr1-binder-design/experiments/007_RFD3_macrocycles/monomer_self_consistency/rfd3_backbones/length_08/length_08_macrocycle_08_0_model_129.cif.gz	/home/dkouv/work/tfr1-binder-design/experiments/007_RFD3_macrocycles/monomer_self_consistency/structural_tsne/tmalign_inputs/length_08_macrocycle_08_0_model_129.pdb
130	8	length_08_macrocycle_08_0_model_130	/home/dkouv/work/tfr1-binder-design/experiments/007_RFD3_macrocycles/monomer_self_consistency/rfd3_backbones/length_08/length_08_macrocycle_08_0_model_130.cif.gz	/home/dkouv/work/tfr1-binder-design/experiments/007_RFD3_macrocycles/monomer_self_consistency/structural_tsne/tmalign_inputs/length_08_macrocycle_08_0_model_130.pdb
131	8	length_08_macrocycle_08_0_model_131	/home/dkouv/work/tfr1-binder-design/experiments/007_RFD3_macrocycles/monomer_self_consistency/rfd3_backbones/length_08/length_08_macrocycle_08_0_model_131.cif.gz	/home/dkouv/work/tfr1-binder-design/experiments/007_RFD3_macrocycles/monomer_self_consistency/structural_tsne/tmalign_inputs/length_08_macrocycle_08_0_model_131.pdb
132	8	length_08_macrocycle_08_0_model_132	/home/dkouv/work/tfr1-binder-design/experiments/007_RFD3_macrocycles/monomer_self_consistency/rfd3_backbones/length_08/length_08_macrocycle_08_0_model_132.cif.gz	/home/dkouv/work/tfr1-binder-design/experiments/007_RFD3_macrocycles/monomer_self_consistency/structural_tsne/tmalign_inputs/length_08_macrocycle_08_0_model_132.pdb
133	8	length_08_macrocycle_08_0_model_133	/home/dkouv/work/tfr1-binder-design/experiments/007_RFD3_macrocycles/monomer_self_consistency/rfd3_backbones/length_08/length_08_macrocycle_08_0_model_133.cif.gz	/home/dkouv/work/tfr1-binder-design/experiments/007_RFD3_macrocycles/monomer_self_consistency/structural_tsne/tmalign_inputs/length_08_macrocycle_08_0_model_133.pdb
134	8	length_08_macrocycle_08_0_model_134	/home/dkouv/work/tfr1-binder-design/experiments/007_RFD3_macrocycles/monomer_self_consistency/rfd3_backbones/length_08/length_08_macrocycle_08_0_model_134.cif.gz	/home/dkouv/work/tfr1-binder-design/experiments/007_RFD3_macrocycles/monomer_self_consistency/structural_tsne/tmalign_inputs/length_08_macrocycle_08_0_model_134.pdb
135	8	length_08_macrocycle_08_0_model_135	/home/dkouv/work/tfr1-binder-design/experiments/007_RFD3_macrocycles/monomer_self_consistency/rfd3_backbones/length_08/length_08_macrocycle_08_0_model_135.cif.gz	/home/dkouv/work/tfr1-binder-design/experiments/007_RFD3_macrocycles/monomer_self_consistency/structural_tsne/tmalign_inputs/length_08_macrocycle_08_0_model_135.pdb
136	8	length_08_macrocycle_08_0_model_136	/home/dkouv/work/tfr1-binder-design/experiments/007_RFD3_macrocycles/monomer_self_consistency/rfd3_backbones/length_08/length_08_macrocycle_08_0_model_136.cif.gz	/home/dkouv/work/tfr1-binder-design/experiments/007_RFD3_macrocycles/monomer_self_consistency/structural_tsne/tmalign_inputs/length_08_macrocycle_08_0_model_136.pdb
137	8	length_08_macrocycle_08_0_model_137	/home/dkouv/work/tfr1-binder-design/experiments/007_RFD3_macrocycles/monomer_self_consistency/rfd3_backbones/length_08/length_08_macrocycle_08_0_model_137.cif.gz	/home/dkouv/work/tfr1-binder-design/experiments/007_RFD3_macrocycles/monomer_self_consistency/structural_tsne/tmalign_inputs/length_08_macrocycle_08_0_model_137.pdb
138	8	length_08_macrocycle_08_0_model_138	/home/dkouv/work/tfr1-binder-design/experiments/007_RFD3_macrocycles/monomer_self_consistency/rfd3_backbones/length_08/length_08_macrocycle_08_0_model_138.cif.gz	/home/dkouv/work/tfr1-binder-design/experiments/007_RFD3_macrocycles/monomer_self_consistency/structural_tsne/tmalign_inputs/length_08_macrocycle_08_0_model_138.pdb
139	8	length_08_macrocycle_08_0_model_139	/home/dkouv/work/tfr1-binder-design/experiments/007_RFD3_macrocycles/monomer_self_consistency/rfd3_backbones/length_08/length_08_macrocycle_08_0_model_139.cif.gz	/home/dkouv/work/tfr1-binder-design/experiments/007_RFD3_macrocycles/monomer_self_consistency/structural_tsne/tmalign_inputs/length_08_macrocycle_08_0_model_139.pdb
140	8	length_08_macrocycle_08_0_model_140	/home/dkouv/work/tfr1-binder-design/experiments/007_RFD3_macrocycles/monomer_self_consistency/rfd3_backbones/length_08/length_08_macrocycle_08_0_model_140.cif.gz	/home/dkouv/work/tfr1-binder-design/experiments/007_RFD3_macrocycles/monomer_self_consistency/structural_tsne/tmalign_inputs/length_08_macrocycle_08_0_model_140.pdb
141	8	length_08_macrocycle_08_0_model_141	/home/dkouv/work/tfr1-binder-design/experiments/007_RFD3_macrocycles/monomer_self_consistency/rfd3_backbones/length_08/length_08_macrocycle_08_0_model_141.cif.gz	/home/dkouv/work/tfr1-binder-design/experiments/007_RFD3_macrocycles/monomer_self_consistency/structural_tsne/tmalign_inputs/length_08_macrocycle_08_0_model_141.pdb
142	8	length_08_macrocycle_08_0_model_142	/home/dkouv/work/tfr1-binder-design/experiments/007_RFD3_macrocycles/monomer_self_consistency/rfd3_backbones/length_08/length_08_macrocycle_08_0_model_142.cif.gz	/home/dkouv/work/tfr1-binder-design/experiments/007_RFD3_macrocycles/monomer_self_consistency/structural_tsne/tmalign_inputs/length_08_macrocycle_08_0_model_142.pdb
143	8	length_08_macrocycle_08_0_model_143	/home/dkouv/work/tfr1-binder-design/experiments/007_RFD3_macrocycles/monomer_self_consistency/rfd3_backbones/length_08/length_08_macrocycle_08_0_model_143.cif.gz	/home/dkouv/work/tfr1-binder-design/experiments/007_RFD3_macrocycles/monomer_self_consistency/structural_tsne/tmalign_inputs/length_08_macrocycle_08_0_model_143.pdb
144	8	length_08_macrocycle_08_0_model_144	/home/dkouv/work/tfr1-binder-design/experiments/007_RFD3_macrocycles/monomer_self_consistency/rfd3_backbones/length_08/length_08_macrocycle_08_0_model_144.cif.gz	/home/dkouv/work/tfr1-binder-design/experiments/007_RFD3_macrocycles/monomer_self_consistency/structural_tsne/tmalign_inputs/length_08_macrocycle_08_0_model_144.pdb
145	8	length_08_macrocycle_08_0_model_145	/home/dkouv/work/tfr1-binder-design/experiments/007_RFD3_macrocycles/monomer_self_consistency/rfd3_backbones/length_08/length_08_macrocycle_08_0_model_145.cif.gz	/home/dkouv/work/tfr1-binder-design/experiments/007_RFD3_macrocycles/monomer_self_consistency/structural_tsne/tmalign_inputs/length_08_macrocycle_08_0_model_145.pdb
146	8	length_08_macrocycle_08_0_model_146	/home/dkouv/work/tfr1-binder-design/experiments/007_RFD3_macrocycles/monomer_self_consistency/rfd3_backbones/length_08/length_08_macrocycle_08_0_model_146.cif.gz	/home/dkouv/work/tfr1-binder-design/experiments/007_RFD3_macrocycles/monomer_self_consistency/structural_tsne/tmalign_inputs/length_08_macrocycle_08_0_model_146.pdb
147	8	length_08_macrocycle_08_0_model_147	/home/dkouv/work/tfr1-binder-design/experiments/007_RFD3_macrocycles/monomer_self_consistency/rfd3_backbones/length_08/length_08_macrocycle_08_0_model_147.cif.gz	/home/dkouv/work/tfr1-binder-design/experiments/007_RFD3_macrocycles/monomer_self_consistency/structural_tsne/tmalign_inputs/length_08_macrocycle_08_0_model_147.pdb
148	8	length_08_macrocycle_08_0_model_148	/home/dkouv/work/tfr1-binder-design/experiments/007_RFD3_macrocycles/monomer_self_consistency/rfd3_backbones/length_08/length_08_macrocycle_08_0_model_148.cif.gz	/home/dkouv/work/tfr1-binder-design/experiments/007_RFD3_macrocycles/monomer_self_consistency/structural_tsne/tmalign_inputs/length_08_macrocycle_08_0_model_148.pdb
149	8	length_08_macrocycle_08_0_model_149	/home/dkouv/work/tfr1-binder-design/experiments/007_RFD3_macrocycles/monomer_self_consistency/rfd3_backbones/length_08/length_08_macrocycle_08_0_model_149.cif.gz	/home/dkouv/work/tfr1-binder-design/experiments/007_RFD3_macrocycles/monomer_self_consistency/structural_tsne/tmalign_inputs/length_08_macrocycle_08_0_model_149.pdb
150	8	length_08_macrocycle_08_0_model_150	/home/dkouv/work/tfr1-binder-design/experiments/007_RFD3_macrocycles/monomer_self_consistency/rfd3_backbones/length_08/length_08_macrocycle_08_0_model_150.cif.gz	/home/dkouv/work/tfr1-binder-design/experiments/007_RFD3_macrocycles/monomer_self_consistency/structural_tsne/tmalign_inputs/length_08_macrocycle_08_0_model_150.pdb
151	8	length_08_macrocycle_08_0_model_151	/home/dkouv/work/tfr1-binder-design/experiments/007_RFD3_macrocycles/monomer_self_consistency/rfd3_backbones/length_08/length_08_macrocycle_08_0_model_151.cif.gz	/home/dkouv/work/tfr1-binder-design/experiments/007_RFD3_macrocycles/monomer_self_consistency/structural_tsne/tmalign_inputs/length_08_macrocycle_08_0_model_151.pdb
152	8	length_08_macrocycle_08_0_model_152	/home/dkouv/work/tfr1-binder-design/experiments/007_RFD3_macrocycles/monomer_self_consistency/rfd3_backbones/length_08/length_08_macrocycle_08_0_model_152.cif.gz	/home/dkouv/work/tfr1-binder-design/experiments/007_RFD3_macrocycles/monomer_self_consistency/structural_tsne/tmalign_inputs/length_08_macrocycle_08_0_model_152.pdb
153	8	length_08_macrocycle_08_0_model_153	/home/dkouv/work/tfr1-binder-design/experiments/007_RFD3_macrocycles/monomer_self_consistency/rfd3_backbones/length_08/length_08_macrocycle_08_0_model_153.cif.gz	/home/dkouv/work/tfr1-binder-design/experiments/007_RFD3_macrocycles/monomer_self_consistency/structural_tsne/tmalign_inputs/length_08_macrocycle_08_0_model_153.pdb
154	8	length_08_macrocycle_08_0_model_154	/home/dkouv/work/tfr1-binder-design/experiments/007_RFD3_macrocycles/monomer_self_consistency/rfd3_backbones/length_08/length_08_macrocycle_08_0_model_154.cif.gz	/home/dkouv/work/tfr1-binder-design/experiments/007_RFD3_macrocycles/monomer_self_consistency/structural_tsne/tmalign_inputs/length_08_macrocycle_08_0_model_154.pdb
155	8	length_08_macrocycle_08_0_model_155	/home/dkouv/work/tfr1-binder-design/experiments/007_RFD3_macrocycles/monomer_self_consistency/rfd3_backbones/length_08/length_08_macrocycle_08_0_model_155.cif.gz	/home/dkouv/work/tfr1-binder-design/experiments/007_RFD3_macrocycles/monomer_self_consistency/structural_tsne/tmalign_inputs/length_08_macrocycle_08_0_model_155.pdb
156	8	length_08_macrocycle_08_0_model_156	/home/dkouv/work/tfr1-binder-design/experiments/007_RFD3_macrocycles/monomer_self_consistency/rfd3_backbones/length_08/length_08_macrocycle_08_0_model_156.cif.gz	/home/dkouv/work/tfr1-binder-design/experiments/007_RFD3_macrocycles/monomer_self_consistency/structural_tsne/tmalign_inputs/length_08_macrocycle_08_0_model_156.pdb
157	8	length_08_macrocycle_08_0_model_157	/home/dkouv/work/tfr1-binder-design/experiments/007_RFD3_macrocycles/monomer_self_consistency/rfd3_backbones/length_08/length_08_macrocycle_08_0_model_157.cif.gz	/home/dkouv/work/tfr1-binder-design/experiments/007_RFD3_macrocycles/monomer_self_consistency/structural_tsne/tmalign_inputs/length_08_macrocycle_08_0_model_157.pdb
158	8	length_08_macrocycle_08_0_model_158	/home/dkouv/work/tfr1-binder-design/experiments/007_RFD3_macrocycles/monomer_self_consistency/rfd3_backbones/length_08/length_08_macrocycle_08_0_model_158.cif.gz	/home/dkouv/work/tfr1-binder-design/experiments/007_RFD3_macrocycles/monomer_self_consistency/structural_tsne/tmalign_inputs/length_08_macrocycle_08_0_model_158.pdb
159	8	length_08_macrocycle_08_0_model_159	/home/dkouv/work/tfr1-binder-design/experiments/007_RFD3_macrocycles/monomer_self_consistency/rfd3_backbones/length_08/length_08_macrocycle_08_0_model_159.cif.gz	/home/dkouv/work/tfr1-binder-design/experiments/007_RFD3_macrocycles/monomer_self_consistency/structural_tsne/tmalign_inputs/length_08_macrocycle_08_0_model_159.pdb
160	8	length_08_macrocycle_08_0_model_160	/home/dkouv/work/tfr1-binder-design/experiments/007_RFD3_macrocycles/monomer_self_consistency/rfd3_backbones/length_08/length_08_macrocycle_08_0_model_160.cif.gz	/home/dkouv/work/tfr1-binder-design/experiments/007_RFD3_macrocycles/monomer_self_consistency/structural_tsne/tmalign_inputs/length_08_macrocycle_08_0_model_160.pdb
161	8	length_08_macrocycle_08_0_model_161	/home/dkouv/work/tfr1-binder-design/experiments/007_RFD3_macrocycles/monomer_self_consistency/rfd3_backbones/length_08/length_08_macrocycle_08_0_model_161.cif.gz	/home/dkouv/work/tfr1-binder-design/experiments/007_RFD3_macrocycles/monomer_self_consistency/structural_tsne/tmalign_inputs/length_08_macrocycle_08_0_model_161.pdb
162	8	length_08_macrocycle_08_0_model_162	/home/dkouv/work/tfr1-binder-design/experiments/007_RFD3_macrocycles/monomer_self_consistency/rfd3_backbones/length_08/length_08_macrocycle_08_0_model_162.cif.gz	/home/dkouv/work/tfr1-binder-design/experiments/007_RFD3_macrocycles/monomer_self_consistency/structural_tsne/tmalign_inputs/length_08_macrocycle_08_0_model_162.pdb
163	8	length_08_macrocycle_08_0_model_163	/home/dkouv/work/tfr1-binder-design/experiments/007_RFD3_macrocycles/monomer_self_consistency/rfd3_backbones/length_08/length_08_macrocycle_08_0_model_163.cif.gz	/home/dkouv/work/tfr1-binder-design/experiments/007_RFD3_macrocycles/monomer_self_consistency/structural_tsne/tmalign_inputs/length_08_macrocycle_08_0_model_163.pdb
164	8	length_08_macrocycle_08_0_model_164	/home/dkouv/work/tfr1-binder-design/experiments/007_RFD3_macrocycles/monomer_self_consistency/rfd3_backbones/length_08/length_08_macrocycle_08_0_model_164.cif.gz	/home/dkouv/work/tfr1-binder-design/experiments/007_RFD3_macrocycles/monomer_self_consistency/structural_tsne/tmalign_inputs/length_08_macrocycle_08_0_model_164.pdb
165	8	length_08_macrocycle_08_0_model_165	/home/dkouv/work/tfr1-binder-design/experiments/007_RFD3_macrocycles/monomer_self_consistency/rfd3_backbones/length_08/length_08_macrocycle_08_0_model_165.cif.gz	/home/dkouv/work/tfr1-binder-design/experiments/007_RFD3_macrocycles/monomer_self_consistency/structural_tsne/tmalign_inputs/length_08_macrocycle_08_0_model_165.pdb
166	8	length_08_macrocycle_08_0_model_166	/home/dkouv/work/tfr1-binder-design/experiments/007_RFD3_macrocycles/monomer_self_consistency/rfd3_backbones/length_08/length_08_macrocycle_08_0_model_166.cif.gz	/home/dkouv/work/tfr1-binder-design/experiments/007_RFD3_macrocycles/monomer_self_consistency/structural_tsne/tmalign_inputs/length_08_macrocycle_08_0_model_166.pdb
167	8	length_08_macrocycle_08_0_model_167	/home/dkouv/work/tfr1-binder-design/experiments/007_RFD3_macrocycles/monomer_self_consistency/rfd3_backbones/length_08/length_08_macrocycle_08_0_model_167.cif.gz	/home/dkouv/work/tfr1-binder-design/experiments/007_RFD3_macrocycles/monomer_self_consistency/structural_tsne/tmalign_inputs/length_08_macrocycle_08_0_model_167.pdb
168	8	length_08_macrocycle_08_0_model_168	/home/dkouv/work/tfr1-binder-design/experiments/007_RFD3_macrocycles/monomer_self_consistency/rfd3_backbones/length_08/length_08_macrocycle_08_0_model_168.cif.gz	/home/dkouv/work/tfr1-binder-design/experiments/007_RFD3_macrocycles/monomer_self_consistency/structural_tsne/tmalign_inputs/length_08_macrocycle_08_0_model_168.pdb
169	8	length_08_macrocycle_08_0_model_169	/home/dkouv/work/tfr1-binder-design/experiments/007_RFD3_macrocycles/monomer_self_consistency/rfd3_backbones/length_08/length_08_macrocycle_08_0_model_169.cif.gz	/home/dkouv/work/tfr1-binder-design/experiments/007_RFD3_macrocycles/monomer_self_consistency/structural_tsne/tmalign_inputs/length_08_macrocycle_08_0_model_169.pdb
170	8	length_08_macrocycle_08_0_model_170	/home/dkouv/work/tfr1-binder-design/experiments/007_RFD3_macrocycles/monomer_self_consistency/rfd3_backbones/length_08/length_08_macrocycle_08_0_model_170.cif.gz	/home/dkouv/work/tfr1-binder-design/experiments/007_RFD3_macrocycles/monomer_self_consistency/structural_tsne/tmalign_inputs/length_08_macrocycle_08_0_model_170.pdb
171	8	length_08_macrocycle_08_0_model_171	/home/dkouv/work/tfr1-binder-design/experiments/007_RFD3_macrocycles/monomer_self_consistency/rfd3_backbones/length_08/length_08_macrocycle_08_0_model_171.cif.gz	/home/dkouv/work/tfr1-binder-design/experiments/007_RFD3_macrocycles/monomer_self_consistency/structural_tsne/tmalign_inputs/length_08_macrocycle_08_0_model_171.pdb
172	8	length_08_macrocycle_08_0_model_172	/home/dkouv/work/tfr1-binder-design/experiments/007_RFD3_macrocycles/monomer_self_consistency/rfd3_backbones/length_08/length_08_macrocycle_08_0_model_172.cif.gz	/home/dkouv/work/tfr1-binder-design/experiments/007_RFD3_macrocycles/monomer_self_consistency/structural_tsne/tmalign_inputs/length_08_macrocycle_08_0_model_172.pdb
173	8	length_08_macrocycle_08_0_model_173	/home/dkouv/work/tfr1-binder-design/experiments/007_RFD3_macrocycles/monomer_self_consistency/rfd3_backbones/length_08/length_08_macrocycle_08_0_model_173.cif.gz	/home/dkouv/work/tfr1-binder-design/experiments/007_RFD3_macrocycles/monomer_self_consistency/structural_tsne/tmalign_inputs/length_08_macrocycle_08_0_model_173.pdb
174	8	length_08_macrocycle_08_0_model_174	/home/dkouv/work/tfr1-binder-design/experiments/007_RFD3_macrocycles/monomer_self_consistency/rfd3_backbones/length_08/length_08_macrocycle_08_0_model_174.cif.gz	/home/dkouv/work/tfr1-binder-design/experiments/007_RFD3_macrocycles/monomer_self_consistency/structural_tsne/tmalign_inputs/length_08_macrocycle_08_0_model_174.pdb
175	8	length_08_macrocycle_08_0_model_175	/home/dkouv/work/tfr1-binder-design/experiments/007_RFD3_macrocycles/monomer_self_consistency/rfd3_backbones/length_08/length_08_macrocycle_08_0_model_175.cif.gz	/home/dkouv/work/tfr1-binder-design/experiments/007_RFD3_macrocycles/monomer_self_consistency/structural_tsne/tmalign_inputs/length_08_macrocycle_08_0_model_175.pdb
176	8	length_08_macrocycle_08_0_model_176	/home/dkouv/work/tfr1-binder-design/experiments/007_RFD3_macrocycles/monomer_self_consistency/rfd3_backbones/length_08/length_08_macrocycle_08_0_model_176.cif.gz	/home/dkouv/work/tfr1-binder-design/experiments/007_RFD3_macrocycles/monomer_self_consistency/structural_tsne/tmalign_inputs/length_08_macrocycle_08_0_model_176.pdb
177	8	length_08_macrocycle_08_0_model_177	/home/dkouv/work/tfr1-binder-design/experiments/007_RFD3_macrocycles/monomer_self_consistency/rfd3_backbones/length_08/length_08_macrocycle_08_0_model_177.cif.gz	/home/dkouv/work/tfr1-binder-design/experiments/007_RFD3_macrocycles/monomer_self_consistency/structural_tsne/tmalign_inputs/length_08_macrocycle_08_0_model_177.pdb
178	8	length_08_macrocycle_08_0_model_178	/home/dkouv/work/tfr1-binder-design/experiments/007_RFD3_macrocycles/monomer_self_consistency/rfd3_backbones/length_08/length_08_macrocycle_08_0_model_178.cif.gz	/home/dkouv/work/tfr1-binder-design/experiments/007_RFD3_macrocycles/monomer_self_consistency/structural_tsne/tmalign_inputs/length_08_macrocycle_08_0_model_178.pdb
179	8	length_08_macrocycle_08_0_model_179	/home/dkouv/work/tfr1-binder-design/experiments/007_RFD3_macrocycles/monomer_self_consistency/rfd3_backbones/length_08/length_08_macrocycle_08_0_model_179.cif.gz	/home/dkouv/work/tfr1-binder-design/experiments/007_RFD3_macrocycles/monomer_self_consistency/structural_tsne/tmalign_inputs/length_08_macrocycle_08_0_model_179.pdb
180	8	length_08_macrocycle_08_0_model_180	/home/dkouv/work/tfr1-binder-design/experiments/007_RFD3_macrocycles/monomer_self_consistency/rfd3_backbones/length_08/length_08_macrocycle_08_0_model_180.cif.gz	/home/dkouv/work/tfr1-binder-design/experiments/007_RFD3_macrocycles/monomer_self_consistency/structural_tsne/tmalign_inputs/length_08_macrocycle_08_0_model_180.pdb
181	8	length_08_macrocycle_08_0_model_181	/home/dkouv/work/tfr1-binder-design/experiments/007_RFD3_macrocycles/monomer_self_consistency/rfd3_backbones/length_08/length_08_macrocycle_08_0_model_181.cif.gz	/home/dkouv/work/tfr1-binder-design/experiments/007_RFD3_macrocycles/monomer_self_consistency/structural_tsne/tmalign_inputs/length_08_macrocycle_08_0_model_181.pdb
182	8	length_08_macrocycle_08_0_model_182	/home/dkouv/work/tfr1-binder-design/experiments/007_RFD3_macrocycles/monomer_self_consistency/rfd3_backbones/length_08/length_08_macrocycle_08_0_model_182.cif.gz	/home/dkouv/work/tfr1-binder-design/experiments/007_RFD3_macrocycles/monomer_self_consistency/structural_tsne/tmalign_inputs/length_08_macrocycle_08_0_model_182.pdb
183	8	length_08_macrocycle_08_0_model_183	/home/dkouv/work/tfr1-binder-design/experiments/007_RFD3_macrocycles/monomer_self_consistency/rfd3_backbones/length_08/length_08_macrocycle_08_0_model_183.cif.gz	/home/dkouv/work/tfr1-binder-design/experiments/007_RFD3_macrocycles/monomer_self_consistency/structural_tsne/tmalign_inputs/length_08_macrocycle_08_0_model_183.pdb
184	8	length_08_macrocycle_08_0_model_184	/home/dkouv/work/tfr1-binder-design/experiments/007_RFD3_macrocycles/monomer_self_consistency/rfd3_backbones/length_08/length_08_macrocycle_08_0_model_184.cif.gz	/home/dkouv/work/tfr1-binder-design/experiments/007_RFD3_macrocycles/monomer_self_consistency/structural_tsne/tmalign_inputs/length_08_macrocycle_08_0_model_184.pdb
185	8	length_08_macrocycle_08_0_model_185	/home/dkouv/work/tfr1-binder-design/experiments/007_RFD3_macrocycles/monomer_self_consistency/rfd3_backbones/length_08/length_08_macrocycle_08_0_model_185.cif.gz	/home/dkouv/work/tfr1-binder-design/experiments/007_RFD3_macrocycles/monomer_self_consistency/structural_tsne/tmalign_inputs/length_08_macrocycle_08_0_model_185.pdb
186	8	length_08_macrocycle_08_0_model_186	/home/dkouv/work/tfr1-binder-design/experiments/007_RFD3_macrocycles/monomer_self_consistency/rfd3_backbones/length_08/length_08_macrocycle_08_0_model_186.cif.gz	/home/dkouv/work/tfr1-binder-design/experiments/007_RFD3_macrocycles/monomer_self_consistency/structural_tsne/tmalign_inputs/length_08_macrocycle_08_0_model_186.pdb
187	8	length_08_macrocycle_08_0_model_187	/home/dkouv/work/tfr1-binder-design/experiments/007_RFD3_macrocycles/monomer_self_consistency/rfd3_backbones/length_08/length_08_macrocycle_08_0_model_187.cif.gz	/home/dkouv/work/tfr1-binder-design/experiments/007_RFD3_macrocycles/monomer_self_consistency/structural_tsne/tmalign_inputs/length_08_macrocycle_08_0_model_187.pdb
188	8	length_08_macrocycle_08_0_model_188	/home/dkouv/work/tfr1-binder-design/experiments/007_RFD3_macrocycles/monomer_self_consistency/rfd3_backbones/length_08/length_08_macrocycle_08_0_model_188.cif.gz	/home/dkouv/work/tfr1-binder-design/experiments/007_RFD3_macrocycles/monomer_self_consistency/structural_tsne/tmalign_inputs/length_08_macrocycle_08_0_model_188.pdb
189	8	length_08_macrocycle_08_0_model_189	/home/dkouv/work/tfr1-binder-design/experiments/007_RFD3_macrocycles/monomer_self_consistency/rfd3_backbones/length_08/length_08_macrocycle_08_0_model_189.cif.gz	/home/dkouv/work/tfr1-binder-design/experiments/007_RFD3_macrocycles/monomer_self_consistency/structural_tsne/tmalign_inputs/length_08_macrocycle_08_0_model_189.pdb
190	8	length_08_macrocycle_08_0_model_190	/home/dkouv/work/tfr1-binder-design/experiments/007_RFD3_macrocycles/monomer_self_consistency/rfd3_backbones/length_08/length_08_macrocycle_08_0_model_190.cif.gz	/home/dkouv/work/tfr1-binder-design/experiments/007_RFD3_macrocycles/monomer_self_consistency/structural_tsne/tmalign_inputs/length_08_macrocycle_08_0_model_190.pdb
191	8	length_08_macrocycle_08_0_model_191	/home/dkouv/work/tfr1-binder-design/experiments/007_RFD3_macrocycles/monomer_self_consistency/rfd3_backbones/length_08/length_08_macrocycle_08_0_model_191.cif.gz	/home/dkouv/work/tfr1-binder-design/experiments/007_RFD3_macrocycles/monomer_self_consistency/structural_tsne/tmalign_inputs/length_08_macrocycle_08_0_model_191.pdb
192	8	length_08_macrocycle_08_0_model_192	/home/dkouv/work/tfr1-binder-design/experiments/007_RFD3_macrocycles/monomer_self_consistency/rfd3_backbones/length_08/length_08_macrocycle_08_0_model_192.cif.gz	/home/dkouv/work/tfr1-binder-design/experiments/007_RFD3_macrocycles/monomer_self_consistency/structural_tsne/tmalign_inputs/length_08_macrocycle_08_0_model_192.pdb
193	8	length_08_macrocycle_08_0_model_193	/home/dkouv/work/tfr1-binder-design/experiments/007_RFD3_macrocycles/monomer_self_consistency/rfd3_backbones/length_08/length_08_macrocycle_08_0_model_193.cif.gz	/home/dkouv/work/tfr1-binder-design/experiments/007_RFD3_macrocycles/monomer_self_consistency/structural_tsne/tmalign_inputs/length_08_macrocycle_08_0_model_193.pdb
194	8	length_08_macrocycle_08_0_model_194	/home/dkouv/work/tfr1-binder-design/experiments/007_RFD3_macrocycles/monomer_self_consistency/rfd3_backbones/length_08/length_08_macrocycle_08_0_model_194.cif.gz	/home/dkouv/work/tfr1-binder-design/experiments/007_RFD3_macrocycles/monomer_self_consistency/structural_tsne/tmalign_inputs/length_08_macrocycle_08_0_model_194.pdb
195	8	length_08_macrocycle_08_0_model_195	/home/dkouv/work/tfr1-binder-design/experiments/007_RFD3_macrocycles/monomer_self_consistency/rfd3_backbones/length_08/length_08_macrocycle_08_0_model_195.cif.gz	/home/dkouv/work/tfr1-binder-design/experiments/007_RFD3_macrocycles/monomer_self_consistency/structural_tsne/tmalign_inputs/length_08_macrocycle_08_0_model_195.pdb
196	8	length_08_macrocycle_08_0_model_196	/home/dkouv/work/tfr1-binder-design/experiments/007_RFD3_macrocycles/monomer_self_consistency/rfd3_backbones/length_08/length_08_macrocycle_08_0_model_196.cif.gz	/home/dkouv/work/tfr1-binder-design/experiments/007_RFD3_macrocycles/monomer_self_consistency/structural_tsne/tmalign_inputs/length_08_macrocycle_08_0_model_196.pdb
197	8	length_08_macrocycle_08_0_model_197	/home/dkouv/work/tfr1-binder-design/experiments/007_RFD3_macrocycles/monomer_self_consistency/rfd3_backbones/length_08/length_08_macrocycle_08_0_model_197.cif.gz	/home/dkouv/work/tfr1-binder-design/experiments/007_RFD3_macrocycles/monomer_self_consistency/structural_tsne/tmalign_inputs/length_08_macrocycle_08_0_model_197.pdb
198	8	length_08_macrocycle_08_0_model_198	/home/dkouv/work/tfr1-binder-design/experiments/007_RFD3_macrocycles/monomer_self_consistency/rfd3_backbones/length_08/length_08_macrocycle_08_0_model_198.cif.gz	/home/dkouv/work/tfr1-binder-design/experiments/007_RFD3_macrocycles/monomer_self_consistency/structural_tsne/tmalign_inputs/length_08_macrocycle_08_0_model_198.pdb
199	8	length_08_macrocycle_08_0_model_199	/home/dkouv/work/tfr1-binder-design/experiments/007_RFD3_macrocycles/monomer_self_consistency/rfd3_backbones/length_08/length_08_macrocycle_08_0_model_199.cif.gz	/home/dkouv/work/tfr1-binder-design/experiments/007_RFD3_macrocycles/monomer_self_consistency/structural_tsne/tmalign_inputs/length_08_macrocycle_08_0_model_199.pdb
200	10	length_10_macrocycle_10_0_model_0	/home/dkouv/work/tfr1-binder-design/experiments/007_RFD3_macrocycles/monomer_self_consistency/rfd3_backbones/length_10/length_10_macrocycle_10_0_model_0.cif.gz	/home/dkouv/work/tfr1-binder-design/experiments/007_RFD3_macrocycles/monomer_self_consistency/structural_tsne/tmalign_inputs/length_10_macrocycle_10_0_model_0.pdb
201	10	length_10_macrocycle_10_0_model_1	/home/dkouv/work/tfr1-binder-design/experiments/007_RFD3_macrocycles/monomer_self_consistency/rfd3_backbones/length_10/length_10_macrocycle_10_0_model_1.cif.gz	/home/dkouv/work/tfr1-binder-design/experiments/007_RFD3_macrocycles/monomer_self_consistency/structural_tsne/tmalign_inputs/length_10_macrocycle_10_0_model_1.pdb
202	10	length_10_macrocycle_10_0_model_2	/home/dkouv/work/tfr1-binder-design/experiments/007_RFD3_macrocycles/monomer_self_consistency/rfd3_backbones/length_10/length_10_macrocycle_10_0_model_2.cif.gz	/home/dkouv/work/tfr1-binder-design/experiments/007_RFD3_macrocycles/monomer_self_consistency/structural_tsne/tmalign_inputs/length_10_macrocycle_10_0_model_2.pdb
203	10	length_10_macrocycle_10_0_model_3	/home/dkouv/work/tfr1-binder-design/experiments/007_RFD3_macrocycles/monomer_self_consistency/rfd3_backbones/length_10/length_10_macrocycle_10_0_model_3.cif.gz	/home/dkouv/work/tfr1-binder-design/experiments/007_RFD3_macrocycles/monomer_self_consistency/structural_tsne/tmalign_inputs/length_10_macrocycle_10_0_model_3.pdb
204	10	length_10_macrocycle_10_0_model_4	/home/dkouv/work/tfr1-binder-design/experiments/007_RFD3_macrocycles/monomer_self_consistency/rfd3_backbones/length_10/length_10_macrocycle_10_0_model_4.cif.gz	/home/dkouv/work/tfr1-binder-design/experiments/007_RFD3_macrocycles/monomer_self_consistency/structural_tsne/tmalign_inputs/length_10_macrocycle_10_0_model_4.pdb
205	10	length_10_macrocycle_10_0_model_5	/home/dkouv/work/tfr1-binder-design/experiments/007_RFD3_macrocycles/monomer_self_consistency/rfd3_backbones/length_10/length_10_macrocycle_10_0_model_5.cif.gz	/home/dkouv/work/tfr1-binder-design/experiments/007_RFD3_macrocycles/monomer_self_consistency/structural_tsne/tmalign_inputs/length_10_macrocycle_10_0_model_5.pdb
206	10	length_10_macrocycle_10_0_model_6	/home/dkouv/work/tfr1-binder-design/experiments/007_RFD3_macrocycles/monomer_self_consistency/rfd3_backbones/length_10/length_10_macrocycle_10_0_model_6.cif.gz	/home/dkouv/work/tfr1-binder-design/experiments/007_RFD3_macrocycles/monomer_self_consistency/structural_tsne/tmalign_inputs/length_10_macrocycle_10_0_model_6.pdb
207	10	length_10_macrocycle_10_0_model_7	/home/dkouv/work/tfr1-binder-design/experiments/007_RFD3_macrocycles/monomer_self_consistency/rfd3_backbones/length_10/length_10_macrocycle_10_0_model_7.cif.gz	/home/dkouv/work/tfr1-binder-design/experiments/007_RFD3_macrocycles/monomer_self_consistency/structural_tsne/tmalign_inputs/length_10_macrocycle_10_0_model_7.pdb
208	10	length_10_macrocycle_10_0_model_8	/home/dkouv/work/tfr1-binder-design/experiments/007_RFD3_macrocycles/monomer_self_consistency/rfd3_backbones/length_10/length_10_macrocycle_10_0_model_8.cif.gz	/home/dkouv/work/tfr1-binder-design/experiments/007_RFD3_macrocycles/monomer_self_consistency/structural_tsne/tmalign_inputs/length_10_macrocycle_10_0_model_8.pdb
209	10	length_10_macrocycle_10_0_model_9	/home/dkouv/work/tfr1-binder-design/experiments/007_RFD3_macrocycles/monomer_self_consistency/rfd3_backbones/length_10/length_10_macrocycle_10_0_model_9.cif.gz	/home/dkouv/work/tfr1-binder-design/experiments/007_RFD3_macrocycles/monomer_self_consistency/structural_tsne/tmalign_inputs/length_10_macrocycle_10_0_model_9.pdb
210	10	length_10_macrocycle_10_0_model_10	/home/dkouv/work/tfr1-binder-design/experiments/007_RFD3_macrocycles/monomer_self_consistency/rfd3_backbones/length_10/length_10_macrocycle_10_0_model_10.cif.gz	/home/dkouv/work/tfr1-binder-design/experiments/007_RFD3_macrocycles/monomer_self_consistency/structural_tsne/tmalign_inputs/length_10_macrocycle_10_0_model_10.pdb
211	10	length_10_macrocycle_10_0_model_11	/home/dkouv/work/tfr1-binder-design/experiments/007_RFD3_macrocycles/monomer_self_consistency/rfd3_backbones/length_10/length_10_macrocycle_10_0_model_11.cif.gz	/home/dkouv/work/tfr1-binder-design/experiments/007_RFD3_macrocycles/monomer_self_consistency/structural_tsne/tmalign_inputs/length_10_macrocycle_10_0_model_11.pdb
212	10	length_10_macrocycle_10_0_model_12	/home/dkouv/work/tfr1-binder-design/experiments/007_RFD3_macrocycles/monomer_self_consistency/rfd3_backbones/length_10/length_10_macrocycle_10_0_model_12.cif.gz	/home/dkouv/work/tfr1-binder-design/experiments/007_RFD3_macrocycles/monomer_self_consistency/structural_tsne/tmalign_inputs/length_10_macrocycle_10_0_model_12.pdb
213	10	length_10_macrocycle_10_0_model_13	/home/dkouv/work/tfr1-binder-design/experiments/007_RFD3_macrocycles/monomer_self_consistency/rfd3_backbones/length_10/length_10_macrocycle_10_0_model_13.cif.gz	/home/dkouv/work/tfr1-binder-design/experiments/007_RFD3_macrocycles/monomer_self_consistency/structural_tsne/tmalign_inputs/length_10_macrocycle_10_0_model_13.pdb
214	10	length_10_macrocycle_10_0_model_14	/home/dkouv/work/tfr1-binder-design/experiments/007_RFD3_macrocycles/monomer_self_consistency/rfd3_backbones/length_10/length_10_macrocycle_10_0_model_14.cif.gz	/home/dkouv/work/tfr1-binder-design/experiments/007_RFD3_macrocycles/monomer_self_consistency/structural_tsne/tmalign_inputs/length_10_macrocycle_10_0_model_14.pdb
215	10	length_10_macrocycle_10_0_model_15	/home/dkouv/work/tfr1-binder-design/experiments/007_RFD3_macrocycles/monomer_self_consistency/rfd3_backbones/length_10/length_10_macrocycle_10_0_model_15.cif.gz	/home/dkouv/work/tfr1-binder-design/experiments/007_RFD3_macrocycles/monomer_self_consistency/structural_tsne/tmalign_inputs/length_10_macrocycle_10_0_model_15.pdb
216	10	length_10_macrocycle_10_0_model_16	/home/dkouv/work/tfr1-binder-design/experiments/007_RFD3_macrocycles/monomer_self_consistency/rfd3_backbones/length_10/length_10_macrocycle_10_0_model_16.cif.gz	/home/dkouv/work/tfr1-binder-design/experiments/007_RFD3_macrocycles/monomer_self_consistency/structural_tsne/tmalign_inputs/length_10_macrocycle_10_0_model_16.pdb
217	10	length_10_macrocycle_10_0_model_17	/home/dkouv/work/tfr1-binder-design/experiments/007_RFD3_macrocycles/monomer_self_consistency/rfd3_backbones/length_10/length_10_macrocycle_10_0_model_17.cif.gz	/home/dkouv/work/tfr1-binder-design/experiments/007_RFD3_macrocycles/monomer_self_consistency/structural_tsne/tmalign_inputs/length_10_macrocycle_10_0_model_17.pdb
218	10	length_10_macrocycle_10_0_model_18	/home/dkouv/work/tfr1-binder-design/experiments/007_RFD3_macrocycles/monomer_self_consistency/rfd3_backbones/length_10/length_10_macrocycle_10_0_model_18.cif.gz	/home/dkouv/work/tfr1-binder-design/experiments/007_RFD3_macrocycles/monomer_self_consistency/structural_tsne/tmalign_inputs/length_10_macrocycle_10_0_model_18.pdb
219	10	length_10_macrocycle_10_0_model_19	/home/dkouv/work/tfr1-binder-design/experiments/007_RFD3_macrocycles/monomer_self_consistency/rfd3_backbones/length_10/length_10_macrocycle_10_0_model_19.cif.gz	/home/dkouv/work/tfr1-binder-design/experiments/007_RFD3_macrocycles/monomer_self_consistency/structural_tsne/tmalign_inputs/length_10_macrocycle_10_0_model_19.pdb
220	10	length_10_macrocycle_10_0_model_20	/home/dkouv/work/tfr1-binder-design/experiments/007_RFD3_macrocycles/monomer_self_consistency/rfd3_backbones/length_10/length_10_macrocycle_10_0_model_20.cif.gz	/home/dkouv/work/tfr1-binder-design/experiments/007_RFD3_macrocycles/monomer_self_consistency/structural_tsne/tmalign_inputs/length_10_macrocycle_10_0_model_20.pdb
221	10	length_10_macrocycle_10_0_model_21	/home/dkouv/work/tfr1-binder-design/experiments/007_RFD3_macrocycles/monomer_self_consistency/rfd3_backbones/length_10/length_10_macrocycle_10_0_model_21.cif.gz	/home/dkouv/work/tfr1-binder-design/experiments/007_RFD3_macrocycles/monomer_self_consistency/structural_tsne/tmalign_inputs/length_10_macrocycle_10_0_model_21.pdb
222	10	length_10_macrocycle_10_0_model_22	/home/dkouv/work/tfr1-binder-design/experiments/007_RFD3_macrocycles/monomer_self_consistency/rfd3_backbones/length_10/length_10_macrocycle_10_0_model_22.cif.gz	/home/dkouv/work/tfr1-binder-design/experiments/007_RFD3_macrocycles/monomer_self_consistency/structural_tsne/tmalign_inputs/length_10_macrocycle_10_0_model_22.pdb
223	10	length_10_macrocycle_10_0_model_23	/home/dkouv/work/tfr1-binder-design/experiments/007_RFD3_macrocycles/monomer_self_consistency/rfd3_backbones/length_10/length_10_macrocycle_10_0_model_23.cif.gz	/home/dkouv/work/tfr1-binder-design/experiments/007_RFD3_macrocycles/monomer_self_consistency/structural_tsne/tmalign_inputs/length_10_macrocycle_10_0_model_23.pdb
224	10	length_10_macrocycle_10_0_model_24	/home/dkouv/work/tfr1-binder-design/experiments/007_RFD3_macrocycles/monomer_self_consistency/rfd3_backbones/length_10/length_10_macrocycle_10_0_model_24.cif.gz	/home/dkouv/work/tfr1-binder-design/experiments/007_RFD3_macrocycles/monomer_self_consistency/structural_tsne/tmalign_inputs/length_10_macrocycle_10_0_model_24.pdb
225	10	length_10_macrocycle_10_0_model_25	/home/dkouv/work/tfr1-binder-design/experiments/007_RFD3_macrocycles/monomer_self_consistency/rfd3_backbones/length_10/length_10_macrocycle_10_0_model_25.cif.gz	/home/dkouv/work/tfr1-binder-design/experiments/007_RFD3_macrocycles/monomer_self_consistency/structural_tsne/tmalign_inputs/length_10_macrocycle_10_0_model_25.pdb
226	10	length_10_macrocycle_10_0_model_26	/home/dkouv/work/tfr1-binder-design/experiments/007_RFD3_macrocycles/monomer_self_consistency/rfd3_backbones/length_10/length_10_macrocycle_10_0_model_26.cif.gz	/home/dkouv/work/tfr1-binder-design/experiments/007_RFD3_macrocycles/monomer_self_consistency/structural_tsne/tmalign_inputs/length_10_macrocycle_10_0_model_26.pdb
227	10	length_10_macrocycle_10_0_model_27	/home/dkouv/work/tfr1-binder-design/experiments/007_RFD3_macrocycles/monomer_self_consistency/rfd3_backbones/length_10/length_10_macrocycle_10_0_model_27.cif.gz	/home/dkouv/work/tfr1-binder-design/experiments/007_RFD3_macrocycles/monomer_self_consistency/structural_tsne/tmalign_inputs/length_10_macrocycle_10_0_model_27.pdb
228	10	length_10_macrocycle_10_0_model_28	/home/dkouv/work/tfr1-binder-design/experiments/007_RFD3_macrocycles/monomer_self_consistency/rfd3_backbones/length_10/length_10_macrocycle_10_0_model_28.cif.gz	/home/dkouv/work/tfr1-binder-design/experiments/007_RFD3_macrocycles/monomer_self_consistency/structural_tsne/tmalign_inputs/length_10_macrocycle_10_0_model_28.pdb
229	10	length_10_macrocycle_10_0_model_29	/home/dkouv/work/tfr1-binder-design/experiments/007_RFD3_macrocycles/monomer_self_consistency/rfd3_backbones/length_10/length_10_macrocycle_10_0_model_29.cif.gz	/home/dkouv/work/tfr1-binder-design/experiments/007_RFD3_macrocycles/monomer_self_consistency/structural_tsne/tmalign_inputs/length_10_macrocycle_10_0_model_29.pdb
230	10	length_10_macrocycle_10_0_model_30	/home/dkouv/work/tfr1-binder-design/experiments/007_RFD3_macrocycles/monomer_self_consistency/rfd3_backbones/length_10/length_10_macrocycle_10_0_model_30.cif.gz	/home/dkouv/work/tfr1-binder-design/experiments/007_RFD3_macrocycles/monomer_self_consistency/structural_tsne/tmalign_inputs/length_10_macrocycle_10_0_model_30.pdb
231	10	length_10_macrocycle_10_0_model_31	/home/dkouv/work/tfr1-binder-design/experiments/007_RFD3_macrocycles/monomer_self_consistency/rfd3_backbones/length_10/length_10_macrocycle_10_0_model_31.cif.gz	/home/dkouv/work/tfr1-binder-design/experiments/007_RFD3_macrocycles/monomer_self_consistency/structural_tsne/tmalign_inputs/length_10_macrocycle_10_0_model_31.pdb
232	10	length_10_macrocycle_10_0_model_32	/home/dkouv/work/tfr1-binder-design/experiments/007_RFD3_macrocycles/monomer_self_consistency/rfd3_backbones/length_10/length_10_macrocycle_10_0_model_32.cif.gz	/home/dkouv/work/tfr1-binder-design/experiments/007_RFD3_macrocycles/monomer_self_consistency/structural_tsne/tmalign_inputs/length_10_macrocycle_10_0_model_32.pdb
233	10	length_10_macrocycle_10_0_model_33	/home/dkouv/work/tfr1-binder-design/experiments/007_RFD3_macrocycles/monomer_self_consistency/rfd3_backbones/length_10/length_10_macrocycle_10_0_model_33.cif.gz	/home/dkouv/work/tfr1-binder-design/experiments/007_RFD3_macrocycles/monomer_self_consistency/structural_tsne/tmalign_inputs/length_10_macrocycle_10_0_model_33.pdb
234	10	length_10_macrocycle_10_0_model_34	/home/dkouv/work/tfr1-binder-design/experiments/007_RFD3_macrocycles/monomer_self_consistency/rfd3_backbones/length_10/length_10_macrocycle_10_0_model_34.cif.gz	/home/dkouv/work/tfr1-binder-design/experiments/007_RFD3_macrocycles/monomer_self_consistency/structural_tsne/tmalign_inputs/length_10_macrocycle_10_0_model_34.pdb
235	10	length_10_macrocycle_10_0_model_35	/home/dkouv/work/tfr1-binder-design/experiments/007_RFD3_macrocycles/monomer_self_consistency/rfd3_backbones/length_10/length_10_macrocycle_10_0_model_35.cif.gz	/home/dkouv/work/tfr1-binder-design/experiments/007_RFD3_macrocycles/monomer_self_consistency/structural_tsne/tmalign_inputs/length_10_macrocycle_10_0_model_35.pdb
236	10	length_10_macrocycle_10_0_model_36	/home/dkouv/work/tfr1-binder-design/experiments/007_RFD3_macrocycles/monomer_self_consistency/rfd3_backbones/length_10/length_10_macrocycle_10_0_model_36.cif.gz	/home/dkouv/work/tfr1-binder-design/experiments/007_RFD3_macrocycles/monomer_self_consistency/structural_tsne/tmalign_inputs/length_10_macrocycle_10_0_model_36.pdb
237	10	length_10_macrocycle_10_0_model_37	/home/dkouv/work/tfr1-binder-design/experiments/007_RFD3_macrocycles/monomer_self_consistency/rfd3_backbones/length_10/length_10_macrocycle_10_0_model_37.cif.gz	/home/dkouv/work/tfr1-binder-design/experiments/007_RFD3_macrocycles/monomer_self_consistency/structural_tsne/tmalign_inputs/length_10_macrocycle_10_0_model_37.pdb
238	10	length_10_macrocycle_10_0_model_38	/home/dkouv/work/tfr1-binder-design/experiments/007_RFD3_macrocycles/monomer_self_consistency/rfd3_backbones/length_10/length_10_macrocycle_10_0_model_38.cif.gz	/home/dkouv/work/tfr1-binder-design/experiments/007_RFD3_macrocycles/monomer_self_consistency/structural_tsne/tmalign_inputs/length_10_macrocycle_10_0_model_38.pdb
239	10	length_10_macrocycle_10_0_model_39	/home/dkouv/work/tfr1-binder-design/experiments/007_RFD3_macrocycles/monomer_self_consistency/rfd3_backbones/length_10/length_10_macrocycle_10_0_model_39.cif.gz	/home/dkouv/work/tfr1-binder-design/experiments/007_RFD3_macrocycles/monomer_self_consistency/structural_tsne/tmalign_inputs/length_10_macrocycle_10_0_model_39.pdb
240	10	length_10_macrocycle_10_0_model_40	/home/dkouv/work/tfr1-binder-design/experiments/007_RFD3_macrocycles/monomer_self_consistency/rfd3_backbones/length_10/length_10_macrocycle_10_0_model_40.cif.gz	/home/dkouv/work/tfr1-binder-design/experiments/007_RFD3_macrocycles/monomer_self_consistency/structural_tsne/tmalign_inputs/length_10_macrocycle_10_0_model_40.pdb
241	10	length_10_macrocycle_10_0_model_41	/home/dkouv/work/tfr1-binder-design/experiments/007_RFD3_macrocycles/monomer_self_consistency/rfd3_backbones/length_10/length_10_macrocycle_10_0_model_41.cif.gz	/home/dkouv/work/tfr1-binder-design/experiments/007_RFD3_macrocycles/monomer_self_consistency/structural_tsne/tmalign_inputs/length_10_macrocycle_10_0_model_41.pdb
242	10	length_10_macrocycle_10_0_model_42	/home/dkouv/work/tfr1-binder-design/experiments/007_RFD3_macrocycles/monomer_self_consistency/rfd3_backbones/length_10/length_10_macrocycle_10_0_model_42.cif.gz	/home/dkouv/work/tfr1-binder-design/experiments/007_RFD3_macrocycles/monomer_self_consistency/structural_tsne/tmalign_inputs/length_10_macrocycle_10_0_model_42.pdb
243	10	length_10_macrocycle_10_0_model_43	/home/dkouv/work/tfr1-binder-design/experiments/007_RFD3_macrocycles/monomer_self_consistency/rfd3_backbones/length_10/length_10_macrocycle_10_0_model_43.cif.gz	/home/dkouv/work/tfr1-binder-design/experiments/007_RFD3_macrocycles/monomer_self_consistency/structural_tsne/tmalign_inputs/length_10_macrocycle_10_0_model_43.pdb
244	10	length_10_macrocycle_10_0_model_44	/home/dkouv/work/tfr1-binder-design/experiments/007_RFD3_macrocycles/monomer_self_consistency/rfd3_backbones/length_10/length_10_macrocycle_10_0_model_44.cif.gz	/home/dkouv/work/tfr1-binder-design/experiments/007_RFD3_macrocycles/monomer_self_consistency/structural_tsne/tmalign_inputs/length_10_macrocycle_10_0_model_44.pdb
245	10	length_10_macrocycle_10_0_model_45	/home/dkouv/work/tfr1-binder-design/experiments/007_RFD3_macrocycles/monomer_self_consistency/rfd3_backbones/length_10/length_10_macrocycle_10_0_model_45.cif.gz	/home/dkouv/work/tfr1-binder-design/experiments/007_RFD3_macrocycles/monomer_self_consistency/structural_tsne/tmalign_inputs/length_10_macrocycle_10_0_model_45.pdb
246	10	length_10_macrocycle_10_0_model_46	/home/dkouv/work/tfr1-binder-design/experiments/007_RFD3_macrocycles/monomer_self_consistency/rfd3_backbones/length_10/length_10_macrocycle_10_0_model_46.cif.gz	/home/dkouv/work/tfr1-binder-design/experiments/007_RFD3_macrocycles/monomer_self_consistency/structural_tsne/tmalign_inputs/length_10_macrocycle_10_0_model_46.pdb
247	10	length_10_macrocycle_10_0_model_47	/home/dkouv/work/tfr1-binder-design/experiments/007_RFD3_macrocycles/monomer_self_consistency/rfd3_backbones/length_10/length_10_macrocycle_10_0_model_47.cif.gz	/home/dkouv/work/tfr1-binder-design/experiments/007_RFD3_macrocycles/monomer_self_consistency/structural_tsne/tmalign_inputs/length_10_macrocycle_10_0_model_47.pdb
248	10	length_10_macrocycle_10_0_model_48	/home/dkouv/work/tfr1-binder-design/experiments/007_RFD3_macrocycles/monomer_self_consistency/rfd3_backbones/length_10/length_10_macrocycle_10_0_model_48.cif.gz	/home/dkouv/work/tfr1-binder-design/experiments/007_RFD3_macrocycles/monomer_self_consistency/structural_tsne/tmalign_inputs/length_10_macrocycle_10_0_model_48.pdb
249	10	length_10_macrocycle_10_0_model_49	/home/dkouv/work/tfr1-binder-design/experiments/007_RFD3_macrocycles/monomer_self_consistency/rfd3_backbones/length_10/length_10_macrocycle_10_0_model_49.cif.gz	/home/dkouv/work/tfr1-binder-design/experiments/007_RFD3_macrocycles/monomer_self_consistency/structural_tsne/tmalign_inputs/length_10_macrocycle_10_0_model_49.pdb
250	10	length_10_macrocycle_10_0_model_50	/home/dkouv/work/tfr1-binder-design/experiments/007_RFD3_macrocycles/monomer_self_consistency/rfd3_backbones/length_10/length_10_macrocycle_10_0_model_50.cif.gz	/home/dkouv/work/tfr1-binder-design/experiments/007_RFD3_macrocycles/monomer_self_consistency/structural_tsne/tmalign_inputs/length_10_macrocycle_10_0_model_50.pdb
251	10	length_10_macrocycle_10_0_model_51	/home/dkouv/work/tfr1-binder-design/experiments/007_RFD3_macrocycles/monomer_self_consistency/rfd3_backbones/length_10/length_10_macrocycle_10_0_model_51.cif.gz	/home/dkouv/work/tfr1-binder-design/experiments/007_RFD3_macrocycles/monomer_self_consistency/structural_tsne/tmalign_inputs/length_10_macrocycle_10_0_model_51.pdb
252	10	length_10_macrocycle_10_0_model_52	/home/dkouv/work/tfr1-binder-design/experiments/007_RFD3_macrocycles/monomer_self_consistency/rfd3_backbones/length_10/length_10_macrocycle_10_0_model_52.cif.gz	/home/dkouv/work/tfr1-binder-design/experiments/007_RFD3_macrocycles/monomer_self_consistency/structural_tsne/tmalign_inputs/length_10_macrocycle_10_0_model_52.pdb
253	10	length_10_macrocycle_10_0_model_53	/home/dkouv/work/tfr1-binder-design/experiments/007_RFD3_macrocycles/monomer_self_consistency/rfd3_backbones/length_10/length_10_macrocycle_10_0_model_53.cif.gz	/home/dkouv/work/tfr1-binder-design/experiments/007_RFD3_macrocycles/monomer_self_consistency/structural_tsne/tmalign_inputs/length_10_macrocycle_10_0_model_53.pdb
254	10	length_10_macrocycle_10_0_model_54	/home/dkouv/work/tfr1-binder-design/experiments/007_RFD3_macrocycles/monomer_self_consistency/rfd3_backbones/length_10/length_10_macrocycle_10_0_model_54.cif.gz	/home/dkouv/work/tfr1-binder-design/experiments/007_RFD3_macrocycles/monomer_self_consistency/structural_tsne/tmalign_inputs/length_10_macrocycle_10_0_model_54.pdb
255	10	length_10_macrocycle_10_0_model_55	/home/dkouv/work/tfr1-binder-design/experiments/007_RFD3_macrocycles/monomer_self_consistency/rfd3_backbones/length_10/length_10_macrocycle_10_0_model_55.cif.gz	/home/dkouv/work/tfr1-binder-design/experiments/007_RFD3_macrocycles/monomer_self_consistency/structural_tsne/tmalign_inputs/length_10_macrocycle_10_0_model_55.pdb
256	10	length_10_macrocycle_10_0_model_56	/home/dkouv/work/tfr1-binder-design/experiments/007_RFD3_macrocycles/monomer_self_consistency/rfd3_backbones/length_10/length_10_macrocycle_10_0_model_56.cif.gz	/home/dkouv/work/tfr1-binder-design/experiments/007_RFD3_macrocycles/monomer_self_consistency/structural_tsne/tmalign_inputs/length_10_macrocycle_10_0_model_56.pdb
257	10	length_10_macrocycle_10_0_model_57	/home/dkouv/work/tfr1-binder-design/experiments/007_RFD3_macrocycles/monomer_self_consistency/rfd3_backbones/length_10/length_10_macrocycle_10_0_model_57.cif.gz	/home/dkouv/work/tfr1-binder-design/experiments/007_RFD3_macrocycles/monomer_self_consistency/structural_tsne/tmalign_inputs/length_10_macrocycle_10_0_model_57.pdb
258	10	length_10_macrocycle_10_0_model_58	/home/dkouv/work/tfr1-binder-design/experiments/007_RFD3_macrocycles/monomer_self_consistency/rfd3_backbones/length_10/length_10_macrocycle_10_0_model_58.cif.gz	/home/dkouv/work/tfr1-binder-design/experiments/007_RFD3_macrocycles/monomer_self_consistency/structural_tsne/tmalign_inputs/length_10_macrocycle_10_0_model_58.pdb
259	10	length_10_macrocycle_10_0_model_59	/home/dkouv/work/tfr1-binder-design/experiments/007_RFD3_macrocycles/monomer_self_consistency/rfd3_backbones/length_10/length_10_macrocycle_10_0_model_59.cif.gz	/home/dkouv/work/tfr1-binder-design/experiments/007_RFD3_macrocycles/monomer_self_consistency/structural_tsne/tmalign_inputs/length_10_macrocycle_10_0_model_59.pdb
260	10	length_10_macrocycle_10_0_model_60	/home/dkouv/work/tfr1-binder-design/experiments/007_RFD3_macrocycles/monomer_self_consistency/rfd3_backbones/length_10/length_10_macrocycle_10_0_model_60.cif.gz	/home/dkouv/work/tfr1-binder-design/experiments/007_RFD3_macrocycles/monomer_self_consistency/structural_tsne/tmalign_inputs/length_10_macrocycle_10_0_model_60.pdb
261	10	length_10_macrocycle_10_0_model_61	/home/dkouv/work/tfr1-binder-design/experiments/007_RFD3_macrocycles/monomer_self_consistency/rfd3_backbones/length_10/length_10_macrocycle_10_0_model_61.cif.gz	/home/dkouv/work/tfr1-binder-design/experiments/007_RFD3_macrocycles/monomer_self_consistency/structural_tsne/tmalign_inputs/length_10_macrocycle_10_0_model_61.pdb
262	10	length_10_macrocycle_10_0_model_62	/home/dkouv/work/tfr1-binder-design/experiments/007_RFD3_macrocycles/monomer_self_consistency/rfd3_backbones/length_10/length_10_macrocycle_10_0_model_62.cif.gz	/home/dkouv/work/tfr1-binder-design/experiments/007_RFD3_macrocycles/monomer_self_consistency/structural_tsne/tmalign_inputs/length_10_macrocycle_10_0_model_62.pdb
263	10	length_10_macrocycle_10_0_model_63	/home/dkouv/work/tfr1-binder-design/experiments/007_RFD3_macrocycles/monomer_self_consistency/rfd3_backbones/length_10/length_10_macrocycle_10_0_model_63.cif.gz	/home/dkouv/work/tfr1-binder-design/experiments/007_RFD3_macrocycles/monomer_self_consistency/structural_tsne/tmalign_inputs/length_10_macrocycle_10_0_model_63.pdb
264	10	length_10_macrocycle_10_0_model_64	/home/dkouv/work/tfr1-binder-design/experiments/007_RFD3_macrocycles/monomer_self_consistency/rfd3_backbones/length_10/length_10_macrocycle_10_0_model_64.cif.gz	/home/dkouv/work/tfr1-binder-design/experiments/007_RFD3_macrocycles/monomer_self_consistency/structural_tsne/tmalign_inputs/length_10_macrocycle_10_0_model_64.pdb
265	10	length_10_macrocycle_10_0_model_65	/home/dkouv/work/tfr1-binder-design/experiments/007_RFD3_macrocycles/monomer_self_consistency/rfd3_backbones/length_10/length_10_macrocycle_10_0_model_65.cif.gz	/home/dkouv/work/tfr1-binder-design/experiments/007_RFD3_macrocycles/monomer_self_consistency/structural_tsne/tmalign_inputs/length_10_macrocycle_10_0_model_65.pdb
266	10	length_10_macrocycle_10_0_model_66	/home/dkouv/work/tfr1-binder-design/experiments/007_RFD3_macrocycles/monomer_self_consistency/rfd3_backbones/length_10/length_10_macrocycle_10_0_model_66.cif.gz	/home/dkouv/work/tfr1-binder-design/experiments/007_RFD3_macrocycles/monomer_self_consistency/structural_tsne/tmalign_inputs/length_10_macrocycle_10_0_model_66.pdb
267	10	length_10_macrocycle_10_0_model_67	/home/dkouv/work/tfr1-binder-design/experiments/007_RFD3_macrocycles/monomer_self_consistency/rfd3_backbones/length_10/length_10_macrocycle_10_0_model_67.cif.gz	/home/dkouv/work/tfr1-binder-design/experiments/007_RFD3_macrocycles/monomer_self_consistency/structural_tsne/tmalign_inputs/length_10_macrocycle_10_0_model_67.pdb
268	10	length_10_macrocycle_10_0_model_68	/home/dkouv/work/tfr1-binder-design/experiments/007_RFD3_macrocycles/monomer_self_consistency/rfd3_backbones/length_10/length_10_macrocycle_10_0_model_68.cif.gz	/home/dkouv/work/tfr1-binder-design/experiments/007_RFD3_macrocycles/monomer_self_consistency/structural_tsne/tmalign_inputs/length_10_macrocycle_10_0_model_68.pdb
269	10	length_10_macrocycle_10_0_model_69	/home/dkouv/work/tfr1-binder-design/experiments/007_RFD3_macrocycles/monomer_self_consistency/rfd3_backbones/length_10/length_10_macrocycle_10_0_model_69.cif.gz	/home/dkouv/work/tfr1-binder-design/experiments/007_RFD3_macrocycles/monomer_self_consistency/structural_tsne/tmalign_inputs/length_10_macrocycle_10_0_model_69.pdb
270	10	length_10_macrocycle_10_0_model_70	/home/dkouv/work/tfr1-binder-design/experiments/007_RFD3_macrocycles/monomer_self_consistency/rfd3_backbones/length_10/length_10_macrocycle_10_0_model_70.cif.gz	/home/dkouv/work/tfr1-binder-design/experiments/007_RFD3_macrocycles/monomer_self_consistency/structural_tsne/tmalign_inputs/length_10_macrocycle_10_0_model_70.pdb
271	10	length_10_macrocycle_10_0_model_71	/home/dkouv/work/tfr1-binder-design/experiments/007_RFD3_macrocycles/monomer_self_consistency/rfd3_backbones/length_10/length_10_macrocycle_10_0_model_71.cif.gz	/home/dkouv/work/tfr1-binder-design/experiments/007_RFD3_macrocycles/monomer_self_consistency/structural_tsne/tmalign_inputs/length_10_macrocycle_10_0_model_71.pdb
272	10	length_10_macrocycle_10_0_model_72	/home/dkouv/work/tfr1-binder-design/experiments/007_RFD3_macrocycles/monomer_self_consistency/rfd3_backbones/length_10/length_10_macrocycle_10_0_model_72.cif.gz	/home/dkouv/work/tfr1-binder-design/experiments/007_RFD3_macrocycles/monomer_self_consistency/structural_tsne/tmalign_inputs/length_10_macrocycle_10_0_model_72.pdb
273	10	length_10_macrocycle_10_0_model_73	/home/dkouv/work/tfr1-binder-design/experiments/007_RFD3_macrocycles/monomer_self_consistency/rfd3_backbones/length_10/length_10_macrocycle_10_0_model_73.cif.gz	/home/dkouv/work/tfr1-binder-design/experiments/007_RFD3_macrocycles/monomer_self_consistency/structural_tsne/tmalign_inputs/length_10_macrocycle_10_0_model_73.pdb
274	10	length_10_macrocycle_10_0_model_74	/home/dkouv/work/tfr1-binder-design/experiments/007_RFD3_macrocycles/monomer_self_consistency/rfd3_backbones/length_10/length_10_macrocycle_10_0_model_74.cif.gz	/home/dkouv/work/tfr1-binder-design/experiments/007_RFD3_macrocycles/monomer_self_consistency/structural_tsne/tmalign_inputs/length_10_macrocycle_10_0_model_74.pdb
275	10	length_10_macrocycle_10_0_model_75	/home/dkouv/work/tfr1-binder-design/experiments/007_RFD3_macrocycles/monomer_self_consistency/rfd3_backbones/length_10/length_10_macrocycle_10_0_model_75.cif.gz	/home/dkouv/work/tfr1-binder-design/experiments/007_RFD3_macrocycles/monomer_self_consistency/structural_tsne/tmalign_inputs/length_10_macrocycle_10_0_model_75.pdb
276	10	length_10_macrocycle_10_0_model_76	/home/dkouv/work/tfr1-binder-design/experiments/007_RFD3_macrocycles/monomer_self_consistency/rfd3_backbones/length_10/length_10_macrocycle_10_0_model_76.cif.gz	/home/dkouv/work/tfr1-binder-design/experiments/007_RFD3_macrocycles/monomer_self_consistency/structural_tsne/tmalign_inputs/length_10_macrocycle_10_0_model_76.pdb
277	10	length_10_macrocycle_10_0_model_77	/home/dkouv/work/tfr1-binder-design/experiments/007_RFD3_macrocycles/monomer_self_consistency/rfd3_backbones/length_10/length_10_macrocycle_10_0_model_77.cif.gz	/home/dkouv/work/tfr1-binder-design/experiments/007_RFD3_macrocycles/monomer_self_consistency/structural_tsne/tmalign_inputs/length_10_macrocycle_10_0_model_77.pdb
278	10	length_10_macrocycle_10_0_model_78	/home/dkouv/work/tfr1-binder-design/experiments/007_RFD3_macrocycles/monomer_self_consistency/rfd3_backbones/length_10/length_10_macrocycle_10_0_model_78.cif.gz	/home/dkouv/work/tfr1-binder-design/experiments/007_RFD3_macrocycles/monomer_self_consistency/structural_tsne/tmalign_inputs/length_10_macrocycle_10_0_model_78.pdb
279	10	length_10_macrocycle_10_0_model_79	/home/dkouv/work/tfr1-binder-design/experiments/007_RFD3_macrocycles/monomer_self_consistency/rfd3_backbones/length_10/length_10_macrocycle_10_0_model_79.cif.gz	/home/dkouv/work/tfr1-binder-design/experiments/007_RFD3_macrocycles/monomer_self_consistency/structural_tsne/tmalign_inputs/length_10_macrocycle_10_0_model_79.pdb
280	10	length_10_macrocycle_10_0_model_80	/home/dkouv/work/tfr1-binder-design/experiments/007_RFD3_macrocycles/monomer_self_consistency/rfd3_backbones/length_10/length_10_macrocycle_10_0_model_80.cif.gz	/home/dkouv/work/tfr1-binder-design/experiments/007_RFD3_macrocycles/monomer_self_consistency/structural_tsne/tmalign_inputs/length_10_macrocycle_10_0_model_80.pdb
281	10	length_10_macrocycle_10_0_model_81	/home/dkouv/work/tfr1-binder-design/experiments/007_RFD3_macrocycles/monomer_self_consistency/rfd3_backbones/length_10/length_10_macrocycle_10_0_model_81.cif.gz	/home/dkouv/work/tfr1-binder-design/experiments/007_RFD3_macrocycles/monomer_self_consistency/structural_tsne/tmalign_inputs/length_10_macrocycle_10_0_model_81.pdb
282	10	length_10_macrocycle_10_0_model_82	/home/dkouv/work/tfr1-binder-design/experiments/007_RFD3_macrocycles/monomer_self_consistency/rfd3_backbones/length_10/length_10_macrocycle_10_0_model_82.cif.gz	/home/dkouv/work/tfr1-binder-design/experiments/007_RFD3_macrocycles/monomer_self_consistency/structural_tsne/tmalign_inputs/length_10_macrocycle_10_0_model_82.pdb
283	10	length_10_macrocycle_10_0_model_83	/home/dkouv/work/tfr1-binder-design/experiments/007_RFD3_macrocycles/monomer_self_consistency/rfd3_backbones/length_10/length_10_macrocycle_10_0_model_83.cif.gz	/home/dkouv/work/tfr1-binder-design/experiments/007_RFD3_macrocycles/monomer_self_consistency/structural_tsne/tmalign_inputs/length_10_macrocycle_10_0_model_83.pdb
284	10	length_10_macrocycle_10_0_model_84	/home/dkouv/work/tfr1-binder-design/experiments/007_RFD3_macrocycles/monomer_self_consistency/rfd3_backbones/length_10/length_10_macrocycle_10_0_model_84.cif.gz	/home/dkouv/work/tfr1-binder-design/experiments/007_RFD3_macrocycles/monomer_self_consistency/structural_tsne/tmalign_inputs/length_10_macrocycle_10_0_model_84.pdb
285	10	length_10_macrocycle_10_0_model_85	/home/dkouv/work/tfr1-binder-design/experiments/007_RFD3_macrocycles/monomer_self_consistency/rfd3_backbones/length_10/length_10_macrocycle_10_0_model_85.cif.gz	/home/dkouv/work/tfr1-binder-design/experiments/007_RFD3_macrocycles/monomer_self_consistency/structural_tsne/tmalign_inputs/length_10_macrocycle_10_0_model_85.pdb
286	10	length_10_macrocycle_10_0_model_86	/home/dkouv/work/tfr1-binder-design/experiments/007_RFD3_macrocycles/monomer_self_consistency/rfd3_backbones/length_10/length_10_macrocycle_10_0_model_86.cif.gz	/home/dkouv/work/tfr1-binder-design/experiments/007_RFD3_macrocycles/monomer_self_consistency/structural_tsne/tmalign_inputs/length_10_macrocycle_10_0_model_86.pdb
287	10	length_10_macrocycle_10_0_model_87	/home/dkouv/work/tfr1-binder-design/experiments/007_RFD3_macrocycles/monomer_self_consistency/rfd3_backbones/length_10/length_10_macrocycle_10_0_model_87.cif.gz	/home/dkouv/work/tfr1-binder-design/experiments/007_RFD3_macrocycles/monomer_self_consistency/structural_tsne/tmalign_inputs/length_10_macrocycle_10_0_model_87.pdb
288	10	length_10_macrocycle_10_0_model_88	/home/dkouv/work/tfr1-binder-design/experiments/007_RFD3_macrocycles/monomer_self_consistency/rfd3_backbones/length_10/length_10_macrocycle_10_0_model_88.cif.gz	/home/dkouv/work/tfr1-binder-design/experiments/007_RFD3_macrocycles/monomer_self_consistency/structural_tsne/tmalign_inputs/length_10_macrocycle_10_0_model_88.pdb
289	10	length_10_macrocycle_10_0_model_89	/home/dkouv/work/tfr1-binder-design/experiments/007_RFD3_macrocycles/monomer_self_consistency/rfd3_backbones/length_10/length_10_macrocycle_10_0_model_89.cif.gz	/home/dkouv/work/tfr1-binder-design/experiments/007_RFD3_macrocycles/monomer_self_consistency/structural_tsne/tmalign_inputs/length_10_macrocycle_10_0_model_89.pdb
290	10	length_10_macrocycle_10_0_model_90	/home/dkouv/work/tfr1-binder-design/experiments/007_RFD3_macrocycles/monomer_self_consistency/rfd3_backbones/length_10/length_10_macrocycle_10_0_model_90.cif.gz	/home/dkouv/work/tfr1-binder-design/experiments/007_RFD3_macrocycles/monomer_self_consistency/structural_tsne/tmalign_inputs/length_10_macrocycle_10_0_model_90.pdb
291	10	length_10_macrocycle_10_0_model_91	/home/dkouv/work/tfr1-binder-design/experiments/007_RFD3_macrocycles/monomer_self_consistency/rfd3_backbones/length_10/length_10_macrocycle_10_0_model_91.cif.gz	/home/dkouv/work/tfr1-binder-design/experiments/007_RFD3_macrocycles/monomer_self_consistency/structural_tsne/tmalign_inputs/length_10_macrocycle_10_0_model_91.pdb
292	10	length_10_macrocycle_10_0_model_92	/home/dkouv/work/tfr1-binder-design/experiments/007_RFD3_macrocycles/monomer_self_consistency/rfd3_backbones/length_10/length_10_macrocycle_10_0_model_92.cif.gz	/home/dkouv/work/tfr1-binder-design/experiments/007_RFD3_macrocycles/monomer_self_consistency/structural_tsne/tmalign_inputs/length_10_macrocycle_10_0_model_92.pdb
293	10	length_10_macrocycle_10_0_model_93	/home/dkouv/work/tfr1-binder-design/experiments/007_RFD3_macrocycles/monomer_self_consistency/rfd3_backbones/length_10/length_10_macrocycle_10_0_model_93.cif.gz	/home/dkouv/work/tfr1-binder-design/experiments/007_RFD3_macrocycles/monomer_self_consistency/structural_tsne/tmalign_inputs/length_10_macrocycle_10_0_model_93.pdb
294	10	length_10_macrocycle_10_0_model_94	/home/dkouv/work/tfr1-binder-design/experiments/007_RFD3_macrocycles/monomer_self_consistency/rfd3_backbones/length_10/length_10_macrocycle_10_0_model_94.cif.gz	/home/dkouv/work/tfr1-binder-design/experiments/007_RFD3_macrocycles/monomer_self_consistency/structural_tsne/tmalign_inputs/length_10_macrocycle_10_0_model_94.pdb
295	10	length_10_macrocycle_10_0_model_95	/home/dkouv/work/tfr1-binder-design/experiments/007_RFD3_macrocycles/monomer_self_consistency/rfd3_backbones/length_10/length_10_macrocycle_10_0_model_95.cif.gz	/home/dkouv/work/tfr1-binder-design/experiments/007_RFD3_macrocycles/monomer_self_consistency/structural_tsne/tmalign_inputs/length_10_macrocycle_10_0_model_95.pdb
296	10	length_10_macrocycle_10_0_model_96	/home/dkouv/work/tfr1-binder-design/experiments/007_RFD3_macrocycles/monomer_self_consistency/rfd3_backbones/length_10/length_10_macrocycle_10_0_model_96.cif.gz	/home/dkouv/work/tfr1-binder-design/experiments/007_RFD3_macrocycles/monomer_self_consistency/structural_tsne/tmalign_inputs/length_10_macrocycle_10_0_model_96.pdb
297	10	length_10_macrocycle_10_0_model_97	/home/dkouv/work/tfr1-binder-design/experiments/007_RFD3_macrocycles/monomer_self_consistency/rfd3_backbones/length_10/length_10_macrocycle_10_0_model_97.cif.gz	/home/dkouv/work/tfr1-binder-design/experiments/007_RFD3_macrocycles/monomer_self_consistency/structural_tsne/tmalign_inputs/length_10_macrocycle_10_0_model_97.pdb
298	10	length_10_macrocycle_10_0_model_98	/home/dkouv/work/tfr1-binder-design/experiments/007_RFD3_macrocycles/monomer_self_consistency/rfd3_backbones/length_10/length_10_macrocycle_10_0_model_98.cif.gz	/home/dkouv/work/tfr1-binder-design/experiments/007_RFD3_macrocycles/monomer_self_consistency/structural_tsne/tmalign_inputs/length_10_macrocycle_10_0_model_98.pdb
299	10	length_10_macrocycle_10_0_model_99	/home/dkouv/work/tfr1-binder-design/experiments/007_RFD3_macrocycles/monomer_self_consistency/rfd3_backbones/length_10/length_10_macrocycle_10_0_model_99.cif.gz	/home/dkouv/work/tfr1-binder-design/experiments/007_RFD3_macrocycles/monomer_self_consistency/structural_tsne/tmalign_inputs/length_10_macrocycle_10_0_model_99.pdb
300	10	length_10_macrocycle_10_0_model_100	/home/dkouv/work/tfr1-binder-design/experiments/007_RFD3_macrocycles/monomer_self_consistency/rfd3_backbones/length_10/length_10_macrocycle_10_0_model_100.cif.gz	/home/dkouv/work/tfr1-binder-design/experiments/007_RFD3_macrocycles/monomer_self_consistency/structural_tsne/tmalign_inputs/length_10_macrocycle_10_0_model_100.pdb
301	10	length_10_macrocycle_10_0_model_101	/home/dkouv/work/tfr1-binder-design/experiments/007_RFD3_macrocycles/monomer_self_consistency/rfd3_backbones/length_10/length_10_macrocycle_10_0_model_101.cif.gz	/home/dkouv/work/tfr1-binder-design/experiments/007_RFD3_macrocycles/monomer_self_consistency/structural_tsne/tmalign_inputs/length_10_macrocycle_10_0_model_101.pdb
302	10	length_10_macrocycle_10_0_model_102	/home/dkouv/work/tfr1-binder-design/experiments/007_RFD3_macrocycles/monomer_self_consistency/rfd3_backbones/length_10/length_10_macrocycle_10_0_model_102.cif.gz	/home/dkouv/work/tfr1-binder-design/experiments/007_RFD3_macrocycles/monomer_self_consistency/structural_tsne/tmalign_inputs/length_10_macrocycle_10_0_model_102.pdb
303	10	length_10_macrocycle_10_0_model_103	/home/dkouv/work/tfr1-binder-design/experiments/007_RFD3_macrocycles/monomer_self_consistency/rfd3_backbones/length_10/length_10_macrocycle_10_0_model_103.cif.gz	/home/dkouv/work/tfr1-binder-design/experiments/007_RFD3_macrocycles/monomer_self_consistency/structural_tsne/tmalign_inputs/length_10_macrocycle_10_0_model_103.pdb
304	10	length_10_macrocycle_10_0_model_104	/home/dkouv/work/tfr1-binder-design/experiments/007_RFD3_macrocycles/monomer_self_consistency/rfd3_backbones/length_10/length_10_macrocycle_10_0_model_104.cif.gz	/home/dkouv/work/tfr1-binder-design/experiments/007_RFD3_macrocycles/monomer_self_consistency/structural_tsne/tmalign_inputs/length_10_macrocycle_10_0_model_104.pdb
305	10	length_10_macrocycle_10_0_model_105	/home/dkouv/work/tfr1-binder-design/experiments/007_RFD3_macrocycles/monomer_self_consistency/rfd3_backbones/length_10/length_10_macrocycle_10_0_model_105.cif.gz	/home/dkouv/work/tfr1-binder-design/experiments/007_RFD3_macrocycles/monomer_self_consistency/structural_tsne/tmalign_inputs/length_10_macrocycle_10_0_model_105.pdb
306	10	length_10_macrocycle_10_0_model_106	/home/dkouv/work/tfr1-binder-design/experiments/007_RFD3_macrocycles/monomer_self_consistency/rfd3_backbones/length_10/length_10_macrocycle_10_0_model_106.cif.gz	/home/dkouv/work/tfr1-binder-design/experiments/007_RFD3_macrocycles/monomer_self_consistency/structural_tsne/tmalign_inputs/length_10_macrocycle_10_0_model_106.pdb
307	10	length_10_macrocycle_10_0_model_107	/home/dkouv/work/tfr1-binder-design/experiments/007_RFD3_macrocycles/monomer_self_consistency/rfd3_backbones/length_10/length_10_macrocycle_10_0_model_107.cif.gz	/home/dkouv/work/tfr1-binder-design/experiments/007_RFD3_macrocycles/monomer_self_consistency/structural_tsne/tmalign_inputs/length_10_macrocycle_10_0_model_107.pdb
308	10	length_10_macrocycle_10_0_model_108	/home/dkouv/work/tfr1-binder-design/experiments/007_RFD3_macrocycles/monomer_self_consistency/rfd3_backbones/length_10/length_10_macrocycle_10_0_model_108.cif.gz	/home/dkouv/work/tfr1-binder-design/experiments/007_RFD3_macrocycles/monomer_self_consistency/structural_tsne/tmalign_inputs/length_10_macrocycle_10_0_model_108.pdb
309	10	length_10_macrocycle_10_0_model_109	/home/dkouv/work/tfr1-binder-design/experiments/007_RFD3_macrocycles/monomer_self_consistency/rfd3_backbones/length_10/length_10_macrocycle_10_0_model_109.cif.gz	/home/dkouv/work/tfr1-binder-design/experiments/007_RFD3_macrocycles/monomer_self_consistency/structural_tsne/tmalign_inputs/length_10_macrocycle_10_0_model_109.pdb
310	10	length_10_macrocycle_10_0_model_110	/home/dkouv/work/tfr1-binder-design/experiments/007_RFD3_macrocycles/monomer_self_consistency/rfd3_backbones/length_10/length_10_macrocycle_10_0_model_110.cif.gz	/home/dkouv/work/tfr1-binder-design/experiments/007_RFD3_macrocycles/monomer_self_consistency/structural_tsne/tmalign_inputs/length_10_macrocycle_10_0_model_110.pdb
311	10	length_10_macrocycle_10_0_model_111	/home/dkouv/work/tfr1-binder-design/experiments/007_RFD3_macrocycles/monomer_self_consistency/rfd3_backbones/length_10/length_10_macrocycle_10_0_model_111.cif.gz	/home/dkouv/work/tfr1-binder-design/experiments/007_RFD3_macrocycles/monomer_self_consistency/structural_tsne/tmalign_inputs/length_10_macrocycle_10_0_model_111.pdb
312	10	length_10_macrocycle_10_0_model_112	/home/dkouv/work/tfr1-binder-design/experiments/007_RFD3_macrocycles/monomer_self_consistency/rfd3_backbones/length_10/length_10_macrocycle_10_0_model_112.cif.gz	/home/dkouv/work/tfr1-binder-design/experiments/007_RFD3_macrocycles/monomer_self_consistency/structural_tsne/tmalign_inputs/length_10_macrocycle_10_0_model_112.pdb
313	10	length_10_macrocycle_10_0_model_113	/home/dkouv/work/tfr1-binder-design/experiments/007_RFD3_macrocycles/monomer_self_consistency/rfd3_backbones/length_10/length_10_macrocycle_10_0_model_113.cif.gz	/home/dkouv/work/tfr1-binder-design/experiments/007_RFD3_macrocycles/monomer_self_consistency/structural_tsne/tmalign_inputs/length_10_macrocycle_10_0_model_113.pdb
314	10	length_10_macrocycle_10_0_model_114	/home/dkouv/work/tfr1-binder-design/experiments/007_RFD3_macrocycles/monomer_self_consistency/rfd3_backbones/length_10/length_10_macrocycle_10_0_model_114.cif.gz	/home/dkouv/work/tfr1-binder-design/experiments/007_RFD3_macrocycles/monomer_self_consistency/structural_tsne/tmalign_inputs/length_10_macrocycle_10_0_model_114.pdb
315	10	length_10_macrocycle_10_0_model_115	/home/dkouv/work/tfr1-binder-design/experiments/007_RFD3_macrocycles/monomer_self_consistency/rfd3_backbones/length_10/length_10_macrocycle_10_0_model_115.cif.gz	/home/dkouv/work/tfr1-binder-design/experiments/007_RFD3_macrocycles/monomer_self_consistency/structural_tsne/tmalign_inputs/length_10_macrocycle_10_0_model_115.pdb
316	10	length_10_macrocycle_10_0_model_116	/home/dkouv/work/tfr1-binder-design/experiments/007_RFD3_macrocycles/monomer_self_consistency/rfd3_backbones/length_10/length_10_macrocycle_10_0_model_116.cif.gz	/home/dkouv/work/tfr1-binder-design/experiments/007_RFD3_macrocycles/monomer_self_consistency/structural_tsne/tmalign_inputs/length_10_macrocycle_10_0_model_116.pdb
317	10	length_10_macrocycle_10_0_model_117	/home/dkouv/work/tfr1-binder-design/experiments/007_RFD3_macrocycles/monomer_self_consistency/rfd3_backbones/length_10/length_10_macrocycle_10_0_model_117.cif.gz	/home/dkouv/work/tfr1-binder-design/experiments/007_RFD3_macrocycles/monomer_self_consistency/structural_tsne/tmalign_inputs/length_10_macrocycle_10_0_model_117.pdb
318	10	length_10_macrocycle_10_0_model_118	/home/dkouv/work/tfr1-binder-design/experiments/007_RFD3_macrocycles/monomer_self_consistency/rfd3_backbones/length_10/length_10_macrocycle_10_0_model_118.cif.gz	/home/dkouv/work/tfr1-binder-design/experiments/007_RFD3_macrocycles/monomer_self_consistency/structural_tsne/tmalign_inputs/length_10_macrocycle_10_0_model_118.pdb
319	10	length_10_macrocycle_10_0_model_119	/home/dkouv/work/tfr1-binder-design/experiments/007_RFD3_macrocycles/monomer_self_consistency/rfd3_backbones/length_10/length_10_macrocycle_10_0_model_119.cif.gz	/home/dkouv/work/tfr1-binder-design/experiments/007_RFD3_macrocycles/monomer_self_consistency/structural_tsne/tmalign_inputs/length_10_macrocycle_10_0_model_119.pdb
320	10	length_10_macrocycle_10_0_model_120	/home/dkouv/work/tfr1-binder-design/experiments/007_RFD3_macrocycles/monomer_self_consistency/rfd3_backbones/length_10/length_10_macrocycle_10_0_model_120.cif.gz	/home/dkouv/work/tfr1-binder-design/experiments/007_RFD3_macrocycles/monomer_self_consistency/structural_tsne/tmalign_inputs/length_10_macrocycle_10_0_model_120.pdb
321	10	length_10_macrocycle_10_0_model_121	/home/dkouv/work/tfr1-binder-design/experiments/007_RFD3_macrocycles/monomer_self_consistency/rfd3_backbones/length_10/length_10_macrocycle_10_0_model_121.cif.gz	/home/dkouv/work/tfr1-binder-design/experiments/007_RFD3_macrocycles/monomer_self_consistency/structural_tsne/tmalign_inputs/length_10_macrocycle_10_0_model_121.pdb
322	10	length_10_macrocycle_10_0_model_122	/home/dkouv/work/tfr1-binder-design/experiments/007_RFD3_macrocycles/monomer_self_consistency/rfd3_backbones/length_10/length_10_macrocycle_10_0_model_122.cif.gz	/home/dkouv/work/tfr1-binder-design/experiments/007_RFD3_macrocycles/monomer_self_consistency/structural_tsne/tmalign_inputs/length_10_macrocycle_10_0_model_122.pdb
323	10	length_10_macrocycle_10_0_model_123	/home/dkouv/work/tfr1-binder-design/experiments/007_RFD3_macrocycles/monomer_self_consistency/rfd3_backbones/length_10/length_10_macrocycle_10_0_model_123.cif.gz	/home/dkouv/work/tfr1-binder-design/experiments/007_RFD3_macrocycles/monomer_self_consistency/structural_tsne/tmalign_inputs/length_10_macrocycle_10_0_model_123.pdb
324	10	length_10_macrocycle_10_0_model_124	/home/dkouv/work/tfr1-binder-design/experiments/007_RFD3_macrocycles/monomer_self_consistency/rfd3_backbones/length_10/length_10_macrocycle_10_0_model_124.cif.gz	/home/dkouv/work/tfr1-binder-design/experiments/007_RFD3_macrocycles/monomer_self_consistency/structural_tsne/tmalign_inputs/length_10_macrocycle_10_0_model_124.pdb
325	10	length_10_macrocycle_10_0_model_125	/home/dkouv/work/tfr1-binder-design/experiments/007_RFD3_macrocycles/monomer_self_consistency/rfd3_backbones/length_10/length_10_macrocycle_10_0_model_125.cif.gz	/home/dkouv/work/tfr1-binder-design/experiments/007_RFD3_macrocycles/monomer_self_consistency/structural_tsne/tmalign_inputs/length_10_macrocycle_10_0_model_125.pdb
326	10	length_10_macrocycle_10_0_model_126	/home/dkouv/work/tfr1-binder-design/experiments/007_RFD3_macrocycles/monomer_self_consistency/rfd3_backbones/length_10/length_10_macrocycle_10_0_model_126.cif.gz	/home/dkouv/work/tfr1-binder-design/experiments/007_RFD3_macrocycles/monomer_self_consistency/structural_tsne/tmalign_inputs/length_10_macrocycle_10_0_model_126.pdb
327	10	length_10_macrocycle_10_0_model_127	/home/dkouv/work/tfr1-binder-design/experiments/007_RFD3_macrocycles/monomer_self_consistency/rfd3_backbones/length_10/length_10_macrocycle_10_0_model_127.cif.gz	/home/dkouv/work/tfr1-binder-design/experiments/007_RFD3_macrocycles/monomer_self_consistency/structural_tsne/tmalign_inputs/length_10_macrocycle_10_0_model_127.pdb
328	10	length_10_macrocycle_10_0_model_128	/home/dkouv/work/tfr1-binder-design/experiments/007_RFD3_macrocycles/monomer_self_consistency/rfd3_backbones/length_10/length_10_macrocycle_10_0_model_128.cif.gz	/home/dkouv/work/tfr1-binder-design/experiments/007_RFD3_macrocycles/monomer_self_consistency/structural_tsne/tmalign_inputs/length_10_macrocycle_10_0_model_128.pdb
329	10	length_10_macrocycle_10_0_model_129	/home/dkouv/work/tfr1-binder-design/experiments/007_RFD3_macrocycles/monomer_self_consistency/rfd3_backbones/length_10/length_10_macrocycle_10_0_model_129.cif.gz	/home/dkouv/work/tfr1-binder-design/experiments/007_RFD3_macrocycles/monomer_self_consistency/structural_tsne/tmalign_inputs/length_10_macrocycle_10_0_model_129.pdb
330	10	length_10_macrocycle_10_0_model_130	/home/dkouv/work/tfr1-binder-design/experiments/007_RFD3_macrocycles/monomer_self_consistency/rfd3_backbones/length_10/length_10_macrocycle_10_0_model_130.cif.gz	/home/dkouv/work/tfr1-binder-design/experiments/007_RFD3_macrocycles/monomer_self_consistency/structural_tsne/tmalign_inputs/length_10_macrocycle_10_0_model_130.pdb
331	10	length_10_macrocycle_10_0_model_131	/home/dkouv/work/tfr1-binder-design/experiments/007_RFD3_macrocycles/monomer_self_consistency/rfd3_backbones/length_10/length_10_macrocycle_10_0_model_131.cif.gz	/home/dkouv/work/tfr1-binder-design/experiments/007_RFD3_macrocycles/monomer_self_consistency/structural_tsne/tmalign_inputs/length_10_macrocycle_10_0_model_131.pdb
332	10	length_10_macrocycle_10_0_model_132	/home/dkouv/work/tfr1-binder-design/experiments/007_RFD3_macrocycles/monomer_self_consistency/rfd3_backbones/length_10/length_10_macrocycle_10_0_model_132.cif.gz	/home/dkouv/work/tfr1-binder-design/experiments/007_RFD3_macrocycles/monomer_self_consistency/structural_tsne/tmalign_inputs/length_10_macrocycle_10_0_model_132.pdb
333	10	length_10_macrocycle_10_0_model_133	/home/dkouv/work/tfr1-binder-design/experiments/007_RFD3_macrocycles/monomer_self_consistency/rfd3_backbones/length_10/length_10_macrocycle_10_0_model_133.cif.gz	/home/dkouv/work/tfr1-binder-design/experiments/007_RFD3_macrocycles/monomer_self_consistency/structural_tsne/tmalign_inputs/length_10_macrocycle_10_0_model_133.pdb
334	10	length_10_macrocycle_10_0_model_134	/home/dkouv/work/tfr1-binder-design/experiments/007_RFD3_macrocycles/monomer_self_consistency/rfd3_backbones/length_10/length_10_macrocycle_10_0_model_134.cif.gz	/home/dkouv/work/tfr1-binder-design/experiments/007_RFD3_macrocycles/monomer_self_consistency/structural_tsne/tmalign_inputs/length_10_macrocycle_10_0_model_134.pdb
335	10	length_10_macrocycle_10_0_model_135	/home/dkouv/work/tfr1-binder-design/experiments/007_RFD3_macrocycles/monomer_self_consistency/rfd3_backbones/length_10/length_10_macrocycle_10_0_model_135.cif.gz	/home/dkouv/work/tfr1-binder-design/experiments/007_RFD3_macrocycles/monomer_self_consistency/structural_tsne/tmalign_inputs/length_10_macrocycle_10_0_model_135.pdb
336	10	length_10_macrocycle_10_0_model_136	/home/dkouv/work/tfr1-binder-design/experiments/007_RFD3_macrocycles/monomer_self_consistency/rfd3_backbones/length_10/length_10_macrocycle_10_0_model_136.cif.gz	/home/dkouv/work/tfr1-binder-design/experiments/007_RFD3_macrocycles/monomer_self_consistency/structural_tsne/tmalign_inputs/length_10_macrocycle_10_0_model_136.pdb
337	10	length_10_macrocycle_10_0_model_137	/home/dkouv/work/tfr1-binder-design/experiments/007_RFD3_macrocycles/monomer_self_consistency/rfd3_backbones/length_10/length_10_macrocycle_10_0_model_137.cif.gz	/home/dkouv/work/tfr1-binder-design/experiments/007_RFD3_macrocycles/monomer_self_consistency/structural_tsne/tmalign_inputs/length_10_macrocycle_10_0_model_137.pdb
338	10	length_10_macrocycle_10_0_model_138	/home/dkouv/work/tfr1-binder-design/experiments/007_RFD3_macrocycles/monomer_self_consistency/rfd3_backbones/length_10/length_10_macrocycle_10_0_model_138.cif.gz	/home/dkouv/work/tfr1-binder-design/experiments/007_RFD3_macrocycles/monomer_self_consistency/structural_tsne/tmalign_inputs/length_10_macrocycle_10_0_model_138.pdb
339	10	length_10_macrocycle_10_0_model_139	/home/dkouv/work/tfr1-binder-design/experiments/007_RFD3_macrocycles/monomer_self_consistency/rfd3_backbones/length_10/length_10_macrocycle_10_0_model_139.cif.gz	/home/dkouv/work/tfr1-binder-design/experiments/007_RFD3_macrocycles/monomer_self_consistency/structural_tsne/tmalign_inputs/length_10_macrocycle_10_0_model_139.pdb
340	10	length_10_macrocycle_10_0_model_140	/home/dkouv/work/tfr1-binder-design/experiments/007_RFD3_macrocycles/monomer_self_consistency/rfd3_backbones/length_10/length_10_macrocycle_10_0_model_140.cif.gz	/home/dkouv/work/tfr1-binder-design/experiments/007_RFD3_macrocycles/monomer_self_consistency/structural_tsne/tmalign_inputs/length_10_macrocycle_10_0_model_140.pdb
341	10	length_10_macrocycle_10_0_model_141	/home/dkouv/work/tfr1-binder-design/experiments/007_RFD3_macrocycles/monomer_self_consistency/rfd3_backbones/length_10/length_10_macrocycle_10_0_model_141.cif.gz	/home/dkouv/work/tfr1-binder-design/experiments/007_RFD3_macrocycles/monomer_self_consistency/structural_tsne/tmalign_inputs/length_10_macrocycle_10_0_model_141.pdb
342	10	length_10_macrocycle_10_0_model_142	/home/dkouv/work/tfr1-binder-design/experiments/007_RFD3_macrocycles/monomer_self_consistency/rfd3_backbones/length_10/length_10_macrocycle_10_0_model_142.cif.gz	/home/dkouv/work/tfr1-binder-design/experiments/007_RFD3_macrocycles/monomer_self_consistency/structural_tsne/tmalign_inputs/length_10_macrocycle_10_0_model_142.pdb
343	10	length_10_macrocycle_10_0_model_143	/home/dkouv/work/tfr1-binder-design/experiments/007_RFD3_macrocycles/monomer_self_consistency/rfd3_backbones/length_10/length_10_macrocycle_10_0_model_143.cif.gz	/home/dkouv/work/tfr1-binder-design/experiments/007_RFD3_macrocycles/monomer_self_consistency/structural_tsne/tmalign_inputs/length_10_macrocycle_10_0_model_143.pdb
344	10	length_10_macrocycle_10_0_model_144	/home/dkouv/work/tfr1-binder-design/experiments/007_RFD3_macrocycles/monomer_self_consistency/rfd3_backbones/length_10/length_10_macrocycle_10_0_model_144.cif.gz	/home/dkouv/work/tfr1-binder-design/experiments/007_RFD3_macrocycles/monomer_self_consistency/structural_tsne/tmalign_inputs/length_10_macrocycle_10_0_model_144.pdb
345	10	length_10_macrocycle_10_0_model_145	/home/dkouv/work/tfr1-binder-design/experiments/007_RFD3_macrocycles/monomer_self_consistency/rfd3_backbones/length_10/length_10_macrocycle_10_0_model_145.cif.gz	/home/dkouv/work/tfr1-binder-design/experiments/007_RFD3_macrocycles/monomer_self_consistency/structural_tsne/tmalign_inputs/length_10_macrocycle_10_0_model_145.pdb
346	10	length_10_macrocycle_10_0_model_146	/home/dkouv/work/tfr1-binder-design/experiments/007_RFD3_macrocycles/monomer_self_consistency/rfd3_backbones/length_10/length_10_macrocycle_10_0_model_146.cif.gz	/home/dkouv/work/tfr1-binder-design/experiments/007_RFD3_macrocycles/monomer_self_consistency/structural_tsne/tmalign_inputs/length_10_macrocycle_10_0_model_146.pdb
347	10	length_10_macrocycle_10_0_model_147	/home/dkouv/work/tfr1-binder-design/experiments/007_RFD3_macrocycles/monomer_self_consistency/rfd3_backbones/length_10/length_10_macrocycle_10_0_model_147.cif.gz	/home/dkouv/work/tfr1-binder-design/experiments/007_RFD3_macrocycles/monomer_self_consistency/structural_tsne/tmalign_inputs/length_10_macrocycle_10_0_model_147.pdb
348	10	length_10_macrocycle_10_0_model_148	/home/dkouv/work/tfr1-binder-design/experiments/007_RFD3_macrocycles/monomer_self_consistency/rfd3_backbones/length_10/length_10_macrocycle_10_0_model_148.cif.gz	/home/dkouv/work/tfr1-binder-design/experiments/007_RFD3_macrocycles/monomer_self_consistency/structural_tsne/tmalign_inputs/length_10_macrocycle_10_0_model_148.pdb
349	10	length_10_macrocycle_10_0_model_149	/home/dkouv/work/tfr1-binder-design/experiments/007_RFD3_macrocycles/monomer_self_consistency/rfd3_backbones/length_10/length_10_macrocycle_10_0_model_149.cif.gz	/home/dkouv/work/tfr1-binder-design/experiments/007_RFD3_macrocycles/monomer_self_consistency/structural_tsne/tmalign_inputs/length_10_macrocycle_10_0_model_149.pdb
350	10	length_10_macrocycle_10_0_model_150	/home/dkouv/work/tfr1-binder-design/experiments/007_RFD3_macrocycles/monomer_self_consistency/rfd3_backbones/length_10/length_10_macrocycle_10_0_model_150.cif.gz	/home/dkouv/work/tfr1-binder-design/experiments/007_RFD3_macrocycles/monomer_self_consistency/structural_tsne/tmalign_inputs/length_10_macrocycle_10_0_model_150.pdb
351	10	length_10_macrocycle_10_0_model_151	/home/dkouv/work/tfr1-binder-design/experiments/007_RFD3_macrocycles/monomer_self_consistency/rfd3_backbones/length_10/length_10_macrocycle_10_0_model_151.cif.gz	/home/dkouv/work/tfr1-binder-design/experiments/007_RFD3_macrocycles/monomer_self_consistency/structural_tsne/tmalign_inputs/length_10_macrocycle_10_0_model_151.pdb
352	10	length_10_macrocycle_10_0_model_152	/home/dkouv/work/tfr1-binder-design/experiments/007_RFD3_macrocycles/monomer_self_consistency/rfd3_backbones/length_10/length_10_macrocycle_10_0_model_152.cif.gz	/home/dkouv/work/tfr1-binder-design/experiments/007_RFD3_macrocycles/monomer_self_consistency/structural_tsne/tmalign_inputs/length_10_macrocycle_10_0_model_152.pdb
353	10	length_10_macrocycle_10_0_model_153	/home/dkouv/work/tfr1-binder-design/experiments/007_RFD3_macrocycles/monomer_self_consistency/rfd3_backbones/length_10/length_10_macrocycle_10_0_model_153.cif.gz	/home/dkouv/work/tfr1-binder-design/experiments/007_RFD3_macrocycles/monomer_self_consistency/structural_tsne/tmalign_inputs/length_10_macrocycle_10_0_model_153.pdb
354	10	length_10_macrocycle_10_0_model_154	/home/dkouv/work/tfr1-binder-design/experiments/007_RFD3_macrocycles/monomer_self_consistency/rfd3_backbones/length_10/length_10_macrocycle_10_0_model_154.cif.gz	/home/dkouv/work/tfr1-binder-design/experiments/007_RFD3_macrocycles/monomer_self_consistency/structural_tsne/tmalign_inputs/length_10_macrocycle_10_0_model_154.pdb
355	10	length_10_macrocycle_10_0_model_155	/home/dkouv/work/tfr1-binder-design/experiments/007_RFD3_macrocycles/monomer_self_consistency/rfd3_backbones/length_10/length_10_macrocycle_10_0_model_155.cif.gz	/home/dkouv/work/tfr1-binder-design/experiments/007_RFD3_macrocycles/monomer_self_consistency/structural_tsne/tmalign_inputs/length_10_macrocycle_10_0_model_155.pdb
356	10	length_10_macrocycle_10_0_model_156	/home/dkouv/work/tfr1-binder-design/experiments/007_RFD3_macrocycles/monomer_self_consistency/rfd3_backbones/length_10/length_10_macrocycle_10_0_model_156.cif.gz	/home/dkouv/work/tfr1-binder-design/experiments/007_RFD3_macrocycles/monomer_self_consistency/structural_tsne/tmalign_inputs/length_10_macrocycle_10_0_model_156.pdb
357	10	length_10_macrocycle_10_0_model_157	/home/dkouv/work/tfr1-binder-design/experiments/007_RFD3_macrocycles/monomer_self_consistency/rfd3_backbones/length_10/length_10_macrocycle_10_0_model_157.cif.gz	/home/dkouv/work/tfr1-binder-design/experiments/007_RFD3_macrocycles/monomer_self_consistency/structural_tsne/tmalign_inputs/length_10_macrocycle_10_0_model_157.pdb
358	10	length_10_macrocycle_10_0_model_158	/home/dkouv/work/tfr1-binder-design/experiments/007_RFD3_macrocycles/monomer_self_consistency/rfd3_backbones/length_10/length_10_macrocycle_10_0_model_158.cif.gz	/home/dkouv/work/tfr1-binder-design/experiments/007_RFD3_macrocycles/monomer_self_consistency/structural_tsne/tmalign_inputs/length_10_macrocycle_10_0_model_158.pdb
359	10	length_10_macrocycle_10_0_model_159	/home/dkouv/work/tfr1-binder-design/experiments/007_RFD3_macrocycles/monomer_self_consistency/rfd3_backbones/length_10/length_10_macrocycle_10_0_model_159.cif.gz	/home/dkouv/work/tfr1-binder-design/experiments/007_RFD3_macrocycles/monomer_self_consistency/structural_tsne/tmalign_inputs/length_10_macrocycle_10_0_model_159.pdb
360	10	length_10_macrocycle_10_0_model_160	/home/dkouv/work/tfr1-binder-design/experiments/007_RFD3_macrocycles/monomer_self_consistency/rfd3_backbones/length_10/length_10_macrocycle_10_0_model_160.cif.gz	/home/dkouv/work/tfr1-binder-design/experiments/007_RFD3_macrocycles/monomer_self_consistency/structural_tsne/tmalign_inputs/length_10_macrocycle_10_0_model_160.pdb
361	10	length_10_macrocycle_10_0_model_161	/home/dkouv/work/tfr1-binder-design/experiments/007_RFD3_macrocycles/monomer_self_consistency/rfd3_backbones/length_10/length_10_macrocycle_10_0_model_161.cif.gz	/home/dkouv/work/tfr1-binder-design/experiments/007_RFD3_macrocycles/monomer_self_consistency/structural_tsne/tmalign_inputs/length_10_macrocycle_10_0_model_161.pdb
362	10	length_10_macrocycle_10_0_model_162	/home/dkouv/work/tfr1-binder-design/experiments/007_RFD3_macrocycles/monomer_self_consistency/rfd3_backbones/length_10/length_10_macrocycle_10_0_model_162.cif.gz	/home/dkouv/work/tfr1-binder-design/experiments/007_RFD3_macrocycles/monomer_self_consistency/structural_tsne/tmalign_inputs/length_10_macrocycle_10_0_model_162.pdb
363	10	length_10_macrocycle_10_0_model_163	/home/dkouv/work/tfr1-binder-design/experiments/007_RFD3_macrocycles/monomer_self_consistency/rfd3_backbones/length_10/length_10_macrocycle_10_0_model_163.cif.gz	/home/dkouv/work/tfr1-binder-design/experiments/007_RFD3_macrocycles/monomer_self_consistency/structural_tsne/tmalign_inputs/length_10_macrocycle_10_0_model_163.pdb
364	10	length_10_macrocycle_10_0_model_164	/home/dkouv/work/tfr1-binder-design/experiments/007_RFD3_macrocycles/monomer_self_consistency/rfd3_backbones/length_10/length_10_macrocycle_10_0_model_164.cif.gz	/home/dkouv/work/tfr1-binder-design/experiments/007_RFD3_macrocycles/monomer_self_consistency/structural_tsne/tmalign_inputs/length_10_macrocycle_10_0_model_164.pdb
365	10	length_10_macrocycle_10_0_model_165	/home/dkouv/work/tfr1-binder-design/experiments/007_RFD3_macrocycles/monomer_self_consistency/rfd3_backbones/length_10/length_10_macrocycle_10_0_model_165.cif.gz	/home/dkouv/work/tfr1-binder-design/experiments/007_RFD3_macrocycles/monomer_self_consistency/structural_tsne/tmalign_inputs/length_10_macrocycle_10_0_model_165.pdb
366	10	length_10_macrocycle_10_0_model_166	/home/dkouv/work/tfr1-binder-design/experiments/007_RFD3_macrocycles/monomer_self_consistency/rfd3_backbones/length_10/length_10_macrocycle_10_0_model_166.cif.gz	/home/dkouv/work/tfr1-binder-design/experiments/007_RFD3_macrocycles/monomer_self_consistency/structural_tsne/tmalign_inputs/length_10_macrocycle_10_0_model_166.pdb
367	10	length_10_macrocycle_10_0_model_167	/home/dkouv/work/tfr1-binder-design/experiments/007_RFD3_macrocycles/monomer_self_consistency/rfd3_backbones/length_10/length_10_macrocycle_10_0_model_167.cif.gz	/home/dkouv/work/tfr1-binder-design/experiments/007_RFD3_macrocycles/monomer_self_consistency/structural_tsne/tmalign_inputs/length_10_macrocycle_10_0_model_167.pdb
368	10	length_10_macrocycle_10_0_model_168	/home/dkouv/work/tfr1-binder-design/experiments/007_RFD3_macrocycles/monomer_self_consistency/rfd3_backbones/length_10/length_10_macrocycle_10_0_model_168.cif.gz	/home/dkouv/work/tfr1-binder-design/experiments/007_RFD3_macrocycles/monomer_self_consistency/structural_tsne/tmalign_inputs/length_10_macrocycle_10_0_model_168.pdb
369	10	length_10_macrocycle_10_0_model_169	/home/dkouv/work/tfr1-binder-design/experiments/007_RFD3_macrocycles/monomer_self_consistency/rfd3_backbones/length_10/length_10_macrocycle_10_0_model_169.cif.gz	/home/dkouv/work/tfr1-binder-design/experiments/007_RFD3_macrocycles/monomer_self_consistency/structural_tsne/tmalign_inputs/length_10_macrocycle_10_0_model_169.pdb
370	10	length_10_macrocycle_10_0_model_170	/home/dkouv/work/tfr1-binder-design/experiments/007_RFD3_macrocycles/monomer_self_consistency/rfd3_backbones/length_10/length_10_macrocycle_10_0_model_170.cif.gz	/home/dkouv/work/tfr1-binder-design/experiments/007_RFD3_macrocycles/monomer_self_consistency/structural_tsne/tmalign_inputs/length_10_macrocycle_10_0_model_170.pdb
371	10	length_10_macrocycle_10_0_model_171	/home/dkouv/work/tfr1-binder-design/experiments/007_RFD3_macrocycles/monomer_self_consistency/rfd3_backbones/length_10/length_10_macrocycle_10_0_model_171.cif.gz	/home/dkouv/work/tfr1-binder-design/experiments/007_RFD3_macrocycles/monomer_self_consistency/structural_tsne/tmalign_inputs/length_10_macrocycle_10_0_model_171.pdb
372	10	length_10_macrocycle_10_0_model_172	/home/dkouv/work/tfr1-binder-design/experiments/007_RFD3_macrocycles/monomer_self_consistency/rfd3_backbones/length_10/length_10_macrocycle_10_0_model_172.cif.gz	/home/dkouv/work/tfr1-binder-design/experiments/007_RFD3_macrocycles/monomer_self_consistency/structural_tsne/tmalign_inputs/length_10_macrocycle_10_0_model_172.pdb
373	10	length_10_macrocycle_10_0_model_173	/home/dkouv/work/tfr1-binder-design/experiments/007_RFD3_macrocycles/monomer_self_consistency/rfd3_backbones/length_10/length_10_macrocycle_10_0_model_173.cif.gz	/home/dkouv/work/tfr1-binder-design/experiments/007_RFD3_macrocycles/monomer_self_consistency/structural_tsne/tmalign_inputs/length_10_macrocycle_10_0_model_173.pdb
374	10	length_10_macrocycle_10_0_model_174	/home/dkouv/work/tfr1-binder-design/experiments/007_RFD3_macrocycles/monomer_self_consistency/rfd3_backbones/length_10/length_10_macrocycle_10_0_model_174.cif.gz	/home/dkouv/work/tfr1-binder-design/experiments/007_RFD3_macrocycles/monomer_self_consistency/structural_tsne/tmalign_inputs/length_10_macrocycle_10_0_model_174.pdb
375	10	length_10_macrocycle_10_0_model_175	/home/dkouv/work/tfr1-binder-design/experiments/007_RFD3_macrocycles/monomer_self_consistency/rfd3_backbones/length_10/length_10_macrocycle_10_0_model_175.cif.gz	/home/dkouv/work/tfr1-binder-design/experiments/007_RFD3_macrocycles/monomer_self_consistency/structural_tsne/tmalign_inputs/length_10_macrocycle_10_0_model_175.pdb
376	10	length_10_macrocycle_10_0_model_176	/home/dkouv/work/tfr1-binder-design/experiments/007_RFD3_macrocycles/monomer_self_consistency/rfd3_backbones/length_10/length_10_macrocycle_10_0_model_176.cif.gz	/home/dkouv/work/tfr1-binder-design/experiments/007_RFD3_macrocycles/monomer_self_consistency/structural_tsne/tmalign_inputs/length_10_macrocycle_10_0_model_176.pdb
377	10	length_10_macrocycle_10_0_model_177	/home/dkouv/work/tfr1-binder-design/experiments/007_RFD3_macrocycles/monomer_self_consistency/rfd3_backbones/length_10/length_10_macrocycle_10_0_model_177.cif.gz	/home/dkouv/work/tfr1-binder-design/experiments/007_RFD3_macrocycles/monomer_self_consistency/structural_tsne/tmalign_inputs/length_10_macrocycle_10_0_model_177.pdb
378	10	length_10_macrocycle_10_0_model_178	/home/dkouv/work/tfr1-binder-design/experiments/007_RFD3_macrocycles/monomer_self_consistency/rfd3_backbones/length_10/length_10_macrocycle_10_0_model_178.cif.gz	/home/dkouv/work/tfr1-binder-design/experiments/007_RFD3_macrocycles/monomer_self_consistency/structural_tsne/tmalign_inputs/length_10_macrocycle_10_0_model_178.pdb
379	10	length_10_macrocycle_10_0_model_179	/home/dkouv/work/tfr1-binder-design/experiments/007_RFD3_macrocycles/monomer_self_consistency/rfd3_backbones/length_10/length_10_macrocycle_10_0_model_179.cif.gz	/home/dkouv/work/tfr1-binder-design/experiments/007_RFD3_macrocycles/monomer_self_consistency/structural_tsne/tmalign_inputs/length_10_macrocycle_10_0_model_179.pdb
380	10	length_10_macrocycle_10_0_model_180	/home/dkouv/work/tfr1-binder-design/experiments/007_RFD3_macrocycles/monomer_self_consistency/rfd3_backbones/length_10/length_10_macrocycle_10_0_model_180.cif.gz	/home/dkouv/work/tfr1-binder-design/experiments/007_RFD3_macrocycles/monomer_self_consistency/structural_tsne/tmalign_inputs/length_10_macrocycle_10_0_model_180.pdb
381	10	length_10_macrocycle_10_0_model_181	/home/dkouv/work/tfr1-binder-design/experiments/007_RFD3_macrocycles/monomer_self_consistency/rfd3_backbones/length_10/length_10_macrocycle_10_0_model_181.cif.gz	/home/dkouv/work/tfr1-binder-design/experiments/007_RFD3_macrocycles/monomer_self_consistency/structural_tsne/tmalign_inputs/length_10_macrocycle_10_0_model_181.pdb
382	10	length_10_macrocycle_10_0_model_182	/home/dkouv/work/tfr1-binder-design/experiments/007_RFD3_macrocycles/monomer_self_consistency/rfd3_backbones/length_10/length_10_macrocycle_10_0_model_182.cif.gz	/home/dkouv/work/tfr1-binder-design/experiments/007_RFD3_macrocycles/monomer_self_consistency/structural_tsne/tmalign_inputs/length_10_macrocycle_10_0_model_182.pdb
383	10	length_10_macrocycle_10_0_model_183	/home/dkouv/work/tfr1-binder-design/experiments/007_RFD3_macrocycles/monomer_self_consistency/rfd3_backbones/length_10/length_10_macrocycle_10_0_model_183.cif.gz	/home/dkouv/work/tfr1-binder-design/experiments/007_RFD3_macrocycles/monomer_self_consistency/structural_tsne/tmalign_inputs/length_10_macrocycle_10_0_model_183.pdb
384	10	length_10_macrocycle_10_0_model_184	/home/dkouv/work/tfr1-binder-design/experiments/007_RFD3_macrocycles/monomer_self_consistency/rfd3_backbones/length_10/length_10_macrocycle_10_0_model_184.cif.gz	/home/dkouv/work/tfr1-binder-design/experiments/007_RFD3_macrocycles/monomer_self_consistency/structural_tsne/tmalign_inputs/length_10_macrocycle_10_0_model_184.pdb
385	10	length_10_macrocycle_10_0_model_185	/home/dkouv/work/tfr1-binder-design/experiments/007_RFD3_macrocycles/monomer_self_consistency/rfd3_backbones/length_10/length_10_macrocycle_10_0_model_185.cif.gz	/home/dkouv/work/tfr1-binder-design/experiments/007_RFD3_macrocycles/monomer_self_consistency/structural_tsne/tmalign_inputs/length_10_macrocycle_10_0_model_185.pdb
386	10	length_10_macrocycle_10_0_model_186	/home/dkouv/work/tfr1-binder-design/experiments/007_RFD3_macrocycles/monomer_self_consistency/rfd3_backbones/length_10/length_10_macrocycle_10_0_model_186.cif.gz	/home/dkouv/work/tfr1-binder-design/experiments/007_RFD3_macrocycles/monomer_self_consistency/structural_tsne/tmalign_inputs/length_10_macrocycle_10_0_model_186.pdb
387	10	length_10_macrocycle_10_0_model_187	/home/dkouv/work/tfr1-binder-design/experiments/007_RFD3_macrocycles/monomer_self_consistency/rfd3_backbones/length_10/length_10_macrocycle_10_0_model_187.cif.gz	/home/dkouv/work/tfr1-binder-design/experiments/007_RFD3_macrocycles/monomer_self_consistency/structural_tsne/tmalign_inputs/length_10_macrocycle_10_0_model_187.pdb
388	10	length_10_macrocycle_10_0_model_188	/home/dkouv/work/tfr1-binder-design/experiments/007_RFD3_macrocycles/monomer_self_consistency/rfd3_backbones/length_10/length_10_macrocycle_10_0_model_188.cif.gz	/home/dkouv/work/tfr1-binder-design/experiments/007_RFD3_macrocycles/monomer_self_consistency/structural_tsne/tmalign_inputs/length_10_macrocycle_10_0_model_188.pdb
389	10	length_10_macrocycle_10_0_model_189	/home/dkouv/work/tfr1-binder-design/experiments/007_RFD3_macrocycles/monomer_self_consistency/rfd3_backbones/length_10/length_10_macrocycle_10_0_model_189.cif.gz	/home/dkouv/work/tfr1-binder-design/experiments/007_RFD3_macrocycles/monomer_self_consistency/structural_tsne/tmalign_inputs/length_10_macrocycle_10_0_model_189.pdb
390	10	length_10_macrocycle_10_0_model_190	/home/dkouv/work/tfr1-binder-design/experiments/007_RFD3_macrocycles/monomer_self_consistency/rfd3_backbones/length_10/length_10_macrocycle_10_0_model_190.cif.gz	/home/dkouv/work/tfr1-binder-design/experiments/007_RFD3_macrocycles/monomer_self_consistency/structural_tsne/tmalign_inputs/length_10_macrocycle_10_0_model_190.pdb
391	10	length_10_macrocycle_10_0_model_191	/home/dkouv/work/tfr1-binder-design/experiments/007_RFD3_macrocycles/monomer_self_consistency/rfd3_backbones/length_10/length_10_macrocycle_10_0_model_191.cif.gz	/home/dkouv/work/tfr1-binder-design/experiments/007_RFD3_macrocycles/monomer_self_consistency/structural_tsne/tmalign_inputs/length_10_macrocycle_10_0_model_191.pdb
392	10	length_10_macrocycle_10_0_model_192	/home/dkouv/work/tfr1-binder-design/experiments/007_RFD3_macrocycles/monomer_self_consistency/rfd3_backbones/length_10/length_10_macrocycle_10_0_model_192.cif.gz	/home/dkouv/work/tfr1-binder-design/experiments/007_RFD3_macrocycles/monomer_self_consistency/structural_tsne/tmalign_inputs/length_10_macrocycle_10_0_model_192.pdb
393	10	length_10_macrocycle_10_0_model_193	/home/dkouv/work/tfr1-binder-design/experiments/007_RFD3_macrocycles/monomer_self_consistency/rfd3_backbones/length_10/length_10_macrocycle_10_0_model_193.cif.gz	/home/dkouv/work/tfr1-binder-design/experiments/007_RFD3_macrocycles/monomer_self_consistency/structural_tsne/tmalign_inputs/length_10_macrocycle_10_0_model_193.pdb
394	10	length_10_macrocycle_10_0_model_194	/home/dkouv/work/tfr1-binder-design/experiments/007_RFD3_macrocycles/monomer_self_consistency/rfd3_backbones/length_10/length_10_macrocycle_10_0_model_194.cif.gz	/home/dkouv/work/tfr1-binder-design/experiments/007_RFD3_macrocycles/monomer_self_consistency/structural_tsne/tmalign_inputs/length_10_macrocycle_10_0_model_194.pdb
395	10	length_10_macrocycle_10_0_model_195	/home/dkouv/work/tfr1-binder-design/experiments/007_RFD3_macrocycles/monomer_self_consistency/rfd3_backbones/length_10/length_10_macrocycle_10_0_model_195.cif.gz	/home/dkouv/work/tfr1-binder-design/experiments/007_RFD3_macrocycles/monomer_self_consistency/structural_tsne/tmalign_inputs/length_10_macrocycle_10_0_model_195.pdb
396	10	length_10_macrocycle_10_0_model_196	/home/dkouv/work/tfr1-binder-design/experiments/007_RFD3_macrocycles/monomer_self_consistency/rfd3_backbones/length_10/length_10_macrocycle_10_0_model_196.cif.gz	/home/dkouv/work/tfr1-binder-design/experiments/007_RFD3_macrocycles/monomer_self_consistency/structural_tsne/tmalign_inputs/length_10_macrocycle_10_0_model_196.pdb
397	10	length_10_macrocycle_10_0_model_197	/home/dkouv/work/tfr1-binder-design/experiments/007_RFD3_macrocycles/monomer_self_consistency/rfd3_backbones/length_10/length_10_macrocycle_10_0_model_197.cif.gz	/home/dkouv/work/tfr1-binder-design/experiments/007_RFD3_macrocycles/monomer_self_consistency/structural_tsne/tmalign_inputs/length_10_macrocycle_10_0_model_197.pdb
398	10	length_10_macrocycle_10_0_model_198	/home/dkouv/work/tfr1-binder-design/experiments/007_RFD3_macrocycles/monomer_self_consistency/rfd3_backbones/length_10/length_10_macrocycle_10_0_model_198.cif.gz	/home/dkouv/work/tfr1-binder-design/experiments/007_RFD3_macrocycles/monomer_self_consistency/structural_tsne/tmalign_inputs/length_10_macrocycle_10_0_model_198.pdb
399	10	length_10_macrocycle_10_0_model_199	/home/dkouv/work/tfr1-binder-design/experiments/007_RFD3_macrocycles/monomer_self_consistency/rfd3_backbones/length_10/length_10_macrocycle_10_0_model_199.cif.gz	/home/dkouv/work/tfr1-binder-design/experiments/007_RFD3_macrocycles/monomer_self_consistency/structural_tsne/tmalign_inputs/length_10_macrocycle_10_0_model_199.pdb
400	12	length_12_macrocycle_12_0_model_0	/home/dkouv/work/tfr1-binder-design/experiments/007_RFD3_macrocycles/monomer_self_consistency/rfd3_backbones/length_12/length_12_macrocycle_12_0_model_0.cif.gz	/home/dkouv/work/tfr1-binder-design/experiments/007_RFD3_macrocycles/monomer_self_consistency/structural_tsne/tmalign_inputs/length_12_macrocycle_12_0_model_0.pdb
401	12	length_12_macrocycle_12_0_model_1	/home/dkouv/work/tfr1-binder-design/experiments/007_RFD3_macrocycles/monomer_self_consistency/rfd3_backbones/length_12/length_12_macrocycle_12_0_model_1.cif.gz	/home/dkouv/work/tfr1-binder-design/experiments/007_RFD3_macrocycles/monomer_self_consistency/structural_tsne/tmalign_inputs/length_12_macrocycle_12_0_model_1.pdb
402	12	length_12_macrocycle_12_0_model_2	/home/dkouv/work/tfr1-binder-design/experiments/007_RFD3_macrocycles/monomer_self_consistency/rfd3_backbones/length_12/length_12_macrocycle_12_0_model_2.cif.gz	/home/dkouv/work/tfr1-binder-design/experiments/007_RFD3_macrocycles/monomer_self_consistency/structural_tsne/tmalign_inputs/length_12_macrocycle_12_0_model_2.pdb
403	12	length_12_macrocycle_12_0_model_3	/home/dkouv/work/tfr1-binder-design/experiments/007_RFD3_macrocycles/monomer_self_consistency/rfd3_backbones/length_12/length_12_macrocycle_12_0_model_3.cif.gz	/home/dkouv/work/tfr1-binder-design/experiments/007_RFD3_macrocycles/monomer_self_consistency/structural_tsne/tmalign_inputs/length_12_macrocycle_12_0_model_3.pdb
404	12	length_12_macrocycle_12_0_model_4	/home/dkouv/work/tfr1-binder-design/experiments/007_RFD3_macrocycles/monomer_self_consistency/rfd3_backbones/length_12/length_12_macrocycle_12_0_model_4.cif.gz	/home/dkouv/work/tfr1-binder-design/experiments/007_RFD3_macrocycles/monomer_self_consistency/structural_tsne/tmalign_inputs/length_12_macrocycle_12_0_model_4.pdb
405	12	length_12_macrocycle_12_0_model_5	/home/dkouv/work/tfr1-binder-design/experiments/007_RFD3_macrocycles/monomer_self_consistency/rfd3_backbones/length_12/length_12_macrocycle_12_0_model_5.cif.gz	/home/dkouv/work/tfr1-binder-design/experiments/007_RFD3_macrocycles/monomer_self_consistency/structural_tsne/tmalign_inputs/length_12_macrocycle_12_0_model_5.pdb
406	12	length_12_macrocycle_12_0_model_6	/home/dkouv/work/tfr1-binder-design/experiments/007_RFD3_macrocycles/monomer_self_consistency/rfd3_backbones/length_12/length_12_macrocycle_12_0_model_6.cif.gz	/home/dkouv/work/tfr1-binder-design/experiments/007_RFD3_macrocycles/monomer_self_consistency/structural_tsne/tmalign_inputs/length_12_macrocycle_12_0_model_6.pdb
407	12	length_12_macrocycle_12_0_model_7	/home/dkouv/work/tfr1-binder-design/experiments/007_RFD3_macrocycles/monomer_self_consistency/rfd3_backbones/length_12/length_12_macrocycle_12_0_model_7.cif.gz	/home/dkouv/work/tfr1-binder-design/experiments/007_RFD3_macrocycles/monomer_self_consistency/structural_tsne/tmalign_inputs/length_12_macrocycle_12_0_model_7.pdb
408	12	length_12_macrocycle_12_0_model_8	/home/dkouv/work/tfr1-binder-design/experiments/007_RFD3_macrocycles/monomer_self_consistency/rfd3_backbones/length_12/length_12_macrocycle_12_0_model_8.cif.gz	/home/dkouv/work/tfr1-binder-design/experiments/007_RFD3_macrocycles/monomer_self_consistency/structural_tsne/tmalign_inputs/length_12_macrocycle_12_0_model_8.pdb
409	12	length_12_macrocycle_12_0_model_9	/home/dkouv/work/tfr1-binder-design/experiments/007_RFD3_macrocycles/monomer_self_consistency/rfd3_backbones/length_12/length_12_macrocycle_12_0_model_9.cif.gz	/home/dkouv/work/tfr1-binder-design/experiments/007_RFD3_macrocycles/monomer_self_consistency/structural_tsne/tmalign_inputs/length_12_macrocycle_12_0_model_9.pdb
410	12	length_12_macrocycle_12_0_model_10	/home/dkouv/work/tfr1-binder-design/experiments/007_RFD3_macrocycles/monomer_self_consistency/rfd3_backbones/length_12/length_12_macrocycle_12_0_model_10.cif.gz	/home/dkouv/work/tfr1-binder-design/experiments/007_RFD3_macrocycles/monomer_self_consistency/structural_tsne/tmalign_inputs/length_12_macrocycle_12_0_model_10.pdb
411	12	length_12_macrocycle_12_0_model_11	/home/dkouv/work/tfr1-binder-design/experiments/007_RFD3_macrocycles/monomer_self_consistency/rfd3_backbones/length_12/length_12_macrocycle_12_0_model_11.cif.gz	/home/dkouv/work/tfr1-binder-design/experiments/007_RFD3_macrocycles/monomer_self_consistency/structural_tsne/tmalign_inputs/length_12_macrocycle_12_0_model_11.pdb
412	12	length_12_macrocycle_12_0_model_12	/home/dkouv/work/tfr1-binder-design/experiments/007_RFD3_macrocycles/monomer_self_consistency/rfd3_backbones/length_12/length_12_macrocycle_12_0_model_12.cif.gz	/home/dkouv/work/tfr1-binder-design/experiments/007_RFD3_macrocycles/monomer_self_consistency/structural_tsne/tmalign_inputs/length_12_macrocycle_12_0_model_12.pdb
413	12	length_12_macrocycle_12_0_model_13	/home/dkouv/work/tfr1-binder-design/experiments/007_RFD3_macrocycles/monomer_self_consistency/rfd3_backbones/length_12/length_12_macrocycle_12_0_model_13.cif.gz	/home/dkouv/work/tfr1-binder-design/experiments/007_RFD3_macrocycles/monomer_self_consistency/structural_tsne/tmalign_inputs/length_12_macrocycle_12_0_model_13.pdb
414	12	length_12_macrocycle_12_0_model_14	/home/dkouv/work/tfr1-binder-design/experiments/007_RFD3_macrocycles/monomer_self_consistency/rfd3_backbones/length_12/length_12_macrocycle_12_0_model_14.cif.gz	/home/dkouv/work/tfr1-binder-design/experiments/007_RFD3_macrocycles/monomer_self_consistency/structural_tsne/tmalign_inputs/length_12_macrocycle_12_0_model_14.pdb
415	12	length_12_macrocycle_12_0_model_15	/home/dkouv/work/tfr1-binder-design/experiments/007_RFD3_macrocycles/monomer_self_consistency/rfd3_backbones/length_12/length_12_macrocycle_12_0_model_15.cif.gz	/home/dkouv/work/tfr1-binder-design/experiments/007_RFD3_macrocycles/monomer_self_consistency/structural_tsne/tmalign_inputs/length_12_macrocycle_12_0_model_15.pdb
416	12	length_12_macrocycle_12_0_model_16	/home/dkouv/work/tfr1-binder-design/experiments/007_RFD3_macrocycles/monomer_self_consistency/rfd3_backbones/length_12/length_12_macrocycle_12_0_model_16.cif.gz	/home/dkouv/work/tfr1-binder-design/experiments/007_RFD3_macrocycles/monomer_self_consistency/structural_tsne/tmalign_inputs/length_12_macrocycle_12_0_model_16.pdb
417	12	length_12_macrocycle_12_0_model_17	/home/dkouv/work/tfr1-binder-design/experiments/007_RFD3_macrocycles/monomer_self_consistency/rfd3_backbones/length_12/length_12_macrocycle_12_0_model_17.cif.gz	/home/dkouv/work/tfr1-binder-design/experiments/007_RFD3_macrocycles/monomer_self_consistency/structural_tsne/tmalign_inputs/length_12_macrocycle_12_0_model_17.pdb
418	12	length_12_macrocycle_12_0_model_18	/home/dkouv/work/tfr1-binder-design/experiments/007_RFD3_macrocycles/monomer_self_consistency/rfd3_backbones/length_12/length_12_macrocycle_12_0_model_18.cif.gz	/home/dkouv/work/tfr1-binder-design/experiments/007_RFD3_macrocycles/monomer_self_consistency/structural_tsne/tmalign_inputs/length_12_macrocycle_12_0_model_18.pdb
419	12	length_12_macrocycle_12_0_model_19	/home/dkouv/work/tfr1-binder-design/experiments/007_RFD3_macrocycles/monomer_self_consistency/rfd3_backbones/length_12/length_12_macrocycle_12_0_model_19.cif.gz	/home/dkouv/work/tfr1-binder-design/experiments/007_RFD3_macrocycles/monomer_self_consistency/structural_tsne/tmalign_inputs/length_12_macrocycle_12_0_model_19.pdb
420	12	length_12_macrocycle_12_0_model_20	/home/dkouv/work/tfr1-binder-design/experiments/007_RFD3_macrocycles/monomer_self_consistency/rfd3_backbones/length_12/length_12_macrocycle_12_0_model_20.cif.gz	/home/dkouv/work/tfr1-binder-design/experiments/007_RFD3_macrocycles/monomer_self_consistency/structural_tsne/tmalign_inputs/length_12_macrocycle_12_0_model_20.pdb
421	12	length_12_macrocycle_12_0_model_21	/home/dkouv/work/tfr1-binder-design/experiments/007_RFD3_macrocycles/monomer_self_consistency/rfd3_backbones/length_12/length_12_macrocycle_12_0_model_21.cif.gz	/home/dkouv/work/tfr1-binder-design/experiments/007_RFD3_macrocycles/monomer_self_consistency/structural_tsne/tmalign_inputs/length_12_macrocycle_12_0_model_21.pdb
422	12	length_12_macrocycle_12_0_model_22	/home/dkouv/work/tfr1-binder-design/experiments/007_RFD3_macrocycles/monomer_self_consistency/rfd3_backbones/length_12/length_12_macrocycle_12_0_model_22.cif.gz	/home/dkouv/work/tfr1-binder-design/experiments/007_RFD3_macrocycles/monomer_self_consistency/structural_tsne/tmalign_inputs/length_12_macrocycle_12_0_model_22.pdb
423	12	length_12_macrocycle_12_0_model_23	/home/dkouv/work/tfr1-binder-design/experiments/007_RFD3_macrocycles/monomer_self_consistency/rfd3_backbones/length_12/length_12_macrocycle_12_0_model_23.cif.gz	/home/dkouv/work/tfr1-binder-design/experiments/007_RFD3_macrocycles/monomer_self_consistency/structural_tsne/tmalign_inputs/length_12_macrocycle_12_0_model_23.pdb
424	12	length_12_macrocycle_12_0_model_24	/home/dkouv/work/tfr1-binder-design/experiments/007_RFD3_macrocycles/monomer_self_consistency/rfd3_backbones/length_12/length_12_macrocycle_12_0_model_24.cif.gz	/home/dkouv/work/tfr1-binder-design/experiments/007_RFD3_macrocycles/monomer_self_consistency/structural_tsne/tmalign_inputs/length_12_macrocycle_12_0_model_24.pdb
425	12	length_12_macrocycle_12_0_model_25	/home/dkouv/work/tfr1-binder-design/experiments/007_RFD3_macrocycles/monomer_self_consistency/rfd3_backbones/length_12/length_12_macrocycle_12_0_model_25.cif.gz	/home/dkouv/work/tfr1-binder-design/experiments/007_RFD3_macrocycles/monomer_self_consistency/structural_tsne/tmalign_inputs/length_12_macrocycle_12_0_model_25.pdb
426	12	length_12_macrocycle_12_0_model_26	/home/dkouv/work/tfr1-binder-design/experiments/007_RFD3_macrocycles/monomer_self_consistency/rfd3_backbones/length_12/length_12_macrocycle_12_0_model_26.cif.gz	/home/dkouv/work/tfr1-binder-design/experiments/007_RFD3_macrocycles/monomer_self_consistency/structural_tsne/tmalign_inputs/length_12_macrocycle_12_0_model_26.pdb
427	12	length_12_macrocycle_12_0_model_27	/home/dkouv/work/tfr1-binder-design/experiments/007_RFD3_macrocycles/monomer_self_consistency/rfd3_backbones/length_12/length_12_macrocycle_12_0_model_27.cif.gz	/home/dkouv/work/tfr1-binder-design/experiments/007_RFD3_macrocycles/monomer_self_consistency/structural_tsne/tmalign_inputs/length_12_macrocycle_12_0_model_27.pdb
428	12	length_12_macrocycle_12_0_model_28	/home/dkouv/work/tfr1-binder-design/experiments/007_RFD3_macrocycles/monomer_self_consistency/rfd3_backbones/length_12/length_12_macrocycle_12_0_model_28.cif.gz	/home/dkouv/work/tfr1-binder-design/experiments/007_RFD3_macrocycles/monomer_self_consistency/structural_tsne/tmalign_inputs/length_12_macrocycle_12_0_model_28.pdb
429	12	length_12_macrocycle_12_0_model_29	/home/dkouv/work/tfr1-binder-design/experiments/007_RFD3_macrocycles/monomer_self_consistency/rfd3_backbones/length_12/length_12_macrocycle_12_0_model_29.cif.gz	/home/dkouv/work/tfr1-binder-design/experiments/007_RFD3_macrocycles/monomer_self_consistency/structural_tsne/tmalign_inputs/length_12_macrocycle_12_0_model_29.pdb
430	12	length_12_macrocycle_12_0_model_30	/home/dkouv/work/tfr1-binder-design/experiments/007_RFD3_macrocycles/monomer_self_consistency/rfd3_backbones/length_12/length_12_macrocycle_12_0_model_30.cif.gz	/home/dkouv/work/tfr1-binder-design/experiments/007_RFD3_macrocycles/monomer_self_consistency/structural_tsne/tmalign_inputs/length_12_macrocycle_12_0_model_30.pdb
431	12	length_12_macrocycle_12_0_model_31	/home/dkouv/work/tfr1-binder-design/experiments/007_RFD3_macrocycles/monomer_self_consistency/rfd3_backbones/length_12/length_12_macrocycle_12_0_model_31.cif.gz	/home/dkouv/work/tfr1-binder-design/experiments/007_RFD3_macrocycles/monomer_self_consistency/structural_tsne/tmalign_inputs/length_12_macrocycle_12_0_model_31.pdb
432	12	length_12_macrocycle_12_0_model_32	/home/dkouv/work/tfr1-binder-design/experiments/007_RFD3_macrocycles/monomer_self_consistency/rfd3_backbones/length_12/length_12_macrocycle_12_0_model_32.cif.gz	/home/dkouv/work/tfr1-binder-design/experiments/007_RFD3_macrocycles/monomer_self_consistency/structural_tsne/tmalign_inputs/length_12_macrocycle_12_0_model_32.pdb
433	12	length_12_macrocycle_12_0_model_33	/home/dkouv/work/tfr1-binder-design/experiments/007_RFD3_macrocycles/monomer_self_consistency/rfd3_backbones/length_12/length_12_macrocycle_12_0_model_33.cif.gz	/home/dkouv/work/tfr1-binder-design/experiments/007_RFD3_macrocycles/monomer_self_consistency/structural_tsne/tmalign_inputs/length_12_macrocycle_12_0_model_33.pdb
434	12	length_12_macrocycle_12_0_model_34	/home/dkouv/work/tfr1-binder-design/experiments/007_RFD3_macrocycles/monomer_self_consistency/rfd3_backbones/length_12/length_12_macrocycle_12_0_model_34.cif.gz	/home/dkouv/work/tfr1-binder-design/experiments/007_RFD3_macrocycles/monomer_self_consistency/structural_tsne/tmalign_inputs/length_12_macrocycle_12_0_model_34.pdb
435	12	length_12_macrocycle_12_0_model_35	/home/dkouv/work/tfr1-binder-design/experiments/007_RFD3_macrocycles/monomer_self_consistency/rfd3_backbones/length_12/length_12_macrocycle_12_0_model_35.cif.gz	/home/dkouv/work/tfr1-binder-design/experiments/007_RFD3_macrocycles/monomer_self_consistency/structural_tsne/tmalign_inputs/length_12_macrocycle_12_0_model_35.pdb
436	12	length_12_macrocycle_12_0_model_36	/home/dkouv/work/tfr1-binder-design/experiments/007_RFD3_macrocycles/monomer_self_consistency/rfd3_backbones/length_12/length_12_macrocycle_12_0_model_36.cif.gz	/home/dkouv/work/tfr1-binder-design/experiments/007_RFD3_macrocycles/monomer_self_consistency/structural_tsne/tmalign_inputs/length_12_macrocycle_12_0_model_36.pdb
437	12	length_12_macrocycle_12_0_model_37	/home/dkouv/work/tfr1-binder-design/experiments/007_RFD3_macrocycles/monomer_self_consistency/rfd3_backbones/length_12/length_12_macrocycle_12_0_model_37.cif.gz	/home/dkouv/work/tfr1-binder-design/experiments/007_RFD3_macrocycles/monomer_self_consistency/structural_tsne/tmalign_inputs/length_12_macrocycle_12_0_model_37.pdb
438	12	length_12_macrocycle_12_0_model_38	/home/dkouv/work/tfr1-binder-design/experiments/007_RFD3_macrocycles/monomer_self_consistency/rfd3_backbones/length_12/length_12_macrocycle_12_0_model_38.cif.gz	/home/dkouv/work/tfr1-binder-design/experiments/007_RFD3_macrocycles/monomer_self_consistency/structural_tsne/tmalign_inputs/length_12_macrocycle_12_0_model_38.pdb
439	12	length_12_macrocycle_12_0_model_39	/home/dkouv/work/tfr1-binder-design/experiments/007_RFD3_macrocycles/monomer_self_consistency/rfd3_backbones/length_12/length_12_macrocycle_12_0_model_39.cif.gz	/home/dkouv/work/tfr1-binder-design/experiments/007_RFD3_macrocycles/monomer_self_consistency/structural_tsne/tmalign_inputs/length_12_macrocycle_12_0_model_39.pdb
440	12	length_12_macrocycle_12_0_model_40	/home/dkouv/work/tfr1-binder-design/experiments/007_RFD3_macrocycles/monomer_self_consistency/rfd3_backbones/length_12/length_12_macrocycle_12_0_model_40.cif.gz	/home/dkouv/work/tfr1-binder-design/experiments/007_RFD3_macrocycles/monomer_self_consistency/structural_tsne/tmalign_inputs/length_12_macrocycle_12_0_model_40.pdb
441	12	length_12_macrocycle_12_0_model_41	/home/dkouv/work/tfr1-binder-design/experiments/007_RFD3_macrocycles/monomer_self_consistency/rfd3_backbones/length_12/length_12_macrocycle_12_0_model_41.cif.gz	/home/dkouv/work/tfr1-binder-design/experiments/007_RFD3_macrocycles/monomer_self_consistency/structural_tsne/tmalign_inputs/length_12_macrocycle_12_0_model_41.pdb
442	12	length_12_macrocycle_12_0_model_42	/home/dkouv/work/tfr1-binder-design/experiments/007_RFD3_macrocycles/monomer_self_consistency/rfd3_backbones/length_12/length_12_macrocycle_12_0_model_42.cif.gz	/home/dkouv/work/tfr1-binder-design/experiments/007_RFD3_macrocycles/monomer_self_consistency/structural_tsne/tmalign_inputs/length_12_macrocycle_12_0_model_42.pdb
443	12	length_12_macrocycle_12_0_model_43	/home/dkouv/work/tfr1-binder-design/experiments/007_RFD3_macrocycles/monomer_self_consistency/rfd3_backbones/length_12/length_12_macrocycle_12_0_model_43.cif.gz	/home/dkouv/work/tfr1-binder-design/experiments/007_RFD3_macrocycles/monomer_self_consistency/structural_tsne/tmalign_inputs/length_12_macrocycle_12_0_model_43.pdb
444	12	length_12_macrocycle_12_0_model_44	/home/dkouv/work/tfr1-binder-design/experiments/007_RFD3_macrocycles/monomer_self_consistency/rfd3_backbones/length_12/length_12_macrocycle_12_0_model_44.cif.gz	/home/dkouv/work/tfr1-binder-design/experiments/007_RFD3_macrocycles/monomer_self_consistency/structural_tsne/tmalign_inputs/length_12_macrocycle_12_0_model_44.pdb
445	12	length_12_macrocycle_12_0_model_45	/home/dkouv/work/tfr1-binder-design/experiments/007_RFD3_macrocycles/monomer_self_consistency/rfd3_backbones/length_12/length_12_macrocycle_12_0_model_45.cif.gz	/home/dkouv/work/tfr1-binder-design/experiments/007_RFD3_macrocycles/monomer_self_consistency/structural_tsne/tmalign_inputs/length_12_macrocycle_12_0_model_45.pdb
446	12	length_12_macrocycle_12_0_model_46	/home/dkouv/work/tfr1-binder-design/experiments/007_RFD3_macrocycles/monomer_self_consistency/rfd3_backbones/length_12/length_12_macrocycle_12_0_model_46.cif.gz	/home/dkouv/work/tfr1-binder-design/experiments/007_RFD3_macrocycles/monomer_self_consistency/structural_tsne/tmalign_inputs/length_12_macrocycle_12_0_model_46.pdb
447	12	length_12_macrocycle_12_0_model_47	/home/dkouv/work/tfr1-binder-design/experiments/007_RFD3_macrocycles/monomer_self_consistency/rfd3_backbones/length_12/length_12_macrocycle_12_0_model_47.cif.gz	/home/dkouv/work/tfr1-binder-design/experiments/007_RFD3_macrocycles/monomer_self_consistency/structural_tsne/tmalign_inputs/length_12_macrocycle_12_0_model_47.pdb
448	12	length_12_macrocycle_12_0_model_48	/home/dkouv/work/tfr1-binder-design/experiments/007_RFD3_macrocycles/monomer_self_consistency/rfd3_backbones/length_12/length_12_macrocycle_12_0_model_48.cif.gz	/home/dkouv/work/tfr1-binder-design/experiments/007_RFD3_macrocycles/monomer_self_consistency/structural_tsne/tmalign_inputs/length_12_macrocycle_12_0_model_48.pdb
449	12	length_12_macrocycle_12_0_model_49	/home/dkouv/work/tfr1-binder-design/experiments/007_RFD3_macrocycles/monomer_self_consistency/rfd3_backbones/length_12/length_12_macrocycle_12_0_model_49.cif.gz	/home/dkouv/work/tfr1-binder-design/experiments/007_RFD3_macrocycles/monomer_self_consistency/structural_tsne/tmalign_inputs/length_12_macrocycle_12_0_model_49.pdb
450	12	length_12_macrocycle_12_0_model_50	/home/dkouv/work/tfr1-binder-design/experiments/007_RFD3_macrocycles/monomer_self_consistency/rfd3_backbones/length_12/length_12_macrocycle_12_0_model_50.cif.gz	/home/dkouv/work/tfr1-binder-design/experiments/007_RFD3_macrocycles/monomer_self_consistency/structural_tsne/tmalign_inputs/length_12_macrocycle_12_0_model_50.pdb
451	12	length_12_macrocycle_12_0_model_51	/home/dkouv/work/tfr1-binder-design/experiments/007_RFD3_macrocycles/monomer_self_consistency/rfd3_backbones/length_12/length_12_macrocycle_12_0_model_51.cif.gz	/home/dkouv/work/tfr1-binder-design/experiments/007_RFD3_macrocycles/monomer_self_consistency/structural_tsne/tmalign_inputs/length_12_macrocycle_12_0_model_51.pdb
452	12	length_12_macrocycle_12_0_model_52	/home/dkouv/work/tfr1-binder-design/experiments/007_RFD3_macrocycles/monomer_self_consistency/rfd3_backbones/length_12/length_12_macrocycle_12_0_model_52.cif.gz	/home/dkouv/work/tfr1-binder-design/experiments/007_RFD3_macrocycles/monomer_self_consistency/structural_tsne/tmalign_inputs/length_12_macrocycle_12_0_model_52.pdb
453	12	length_12_macrocycle_12_0_model_53	/home/dkouv/work/tfr1-binder-design/experiments/007_RFD3_macrocycles/monomer_self_consistency/rfd3_backbones/length_12/length_12_macrocycle_12_0_model_53.cif.gz	/home/dkouv/work/tfr1-binder-design/experiments/007_RFD3_macrocycles/monomer_self_consistency/structural_tsne/tmalign_inputs/length_12_macrocycle_12_0_model_53.pdb
454	12	length_12_macrocycle_12_0_model_54	/home/dkouv/work/tfr1-binder-design/experiments/007_RFD3_macrocycles/monomer_self_consistency/rfd3_backbones/length_12/length_12_macrocycle_12_0_model_54.cif.gz	/home/dkouv/work/tfr1-binder-design/experiments/007_RFD3_macrocycles/monomer_self_consistency/structural_tsne/tmalign_inputs/length_12_macrocycle_12_0_model_54.pdb
455	12	length_12_macrocycle_12_0_model_55	/home/dkouv/work/tfr1-binder-design/experiments/007_RFD3_macrocycles/monomer_self_consistency/rfd3_backbones/length_12/length_12_macrocycle_12_0_model_55.cif.gz	/home/dkouv/work/tfr1-binder-design/experiments/007_RFD3_macrocycles/monomer_self_consistency/structural_tsne/tmalign_inputs/length_12_macrocycle_12_0_model_55.pdb
456	12	length_12_macrocycle_12_0_model_56	/home/dkouv/work/tfr1-binder-design/experiments/007_RFD3_macrocycles/monomer_self_consistency/rfd3_backbones/length_12/length_12_macrocycle_12_0_model_56.cif.gz	/home/dkouv/work/tfr1-binder-design/experiments/007_RFD3_macrocycles/monomer_self_consistency/structural_tsne/tmalign_inputs/length_12_macrocycle_12_0_model_56.pdb
457	12	length_12_macrocycle_12_0_model_57	/home/dkouv/work/tfr1-binder-design/experiments/007_RFD3_macrocycles/monomer_self_consistency/rfd3_backbones/length_12/length_12_macrocycle_12_0_model_57.cif.gz	/home/dkouv/work/tfr1-binder-design/experiments/007_RFD3_macrocycles/monomer_self_consistency/structural_tsne/tmalign_inputs/length_12_macrocycle_12_0_model_57.pdb
458	12	length_12_macrocycle_12_0_model_58	/home/dkouv/work/tfr1-binder-design/experiments/007_RFD3_macrocycles/monomer_self_consistency/rfd3_backbones/length_12/length_12_macrocycle_12_0_model_58.cif.gz	/home/dkouv/work/tfr1-binder-design/experiments/007_RFD3_macrocycles/monomer_self_consistency/structural_tsne/tmalign_inputs/length_12_macrocycle_12_0_model_58.pdb
459	12	length_12_macrocycle_12_0_model_59	/home/dkouv/work/tfr1-binder-design/experiments/007_RFD3_macrocycles/monomer_self_consistency/rfd3_backbones/length_12/length_12_macrocycle_12_0_model_59.cif.gz	/home/dkouv/work/tfr1-binder-design/experiments/007_RFD3_macrocycles/monomer_self_consistency/structural_tsne/tmalign_inputs/length_12_macrocycle_12_0_model_59.pdb
460	12	length_12_macrocycle_12_0_model_60	/home/dkouv/work/tfr1-binder-design/experiments/007_RFD3_macrocycles/monomer_self_consistency/rfd3_backbones/length_12/length_12_macrocycle_12_0_model_60.cif.gz	/home/dkouv/work/tfr1-binder-design/experiments/007_RFD3_macrocycles/monomer_self_consistency/structural_tsne/tmalign_inputs/length_12_macrocycle_12_0_model_60.pdb
461	12	length_12_macrocycle_12_0_model_61	/home/dkouv/work/tfr1-binder-design/experiments/007_RFD3_macrocycles/monomer_self_consistency/rfd3_backbones/length_12/length_12_macrocycle_12_0_model_61.cif.gz	/home/dkouv/work/tfr1-binder-design/experiments/007_RFD3_macrocycles/monomer_self_consistency/structural_tsne/tmalign_inputs/length_12_macrocycle_12_0_model_61.pdb
462	12	length_12_macrocycle_12_0_model_62	/home/dkouv/work/tfr1-binder-design/experiments/007_RFD3_macrocycles/monomer_self_consistency/rfd3_backbones/length_12/length_12_macrocycle_12_0_model_62.cif.gz	/home/dkouv/work/tfr1-binder-design/experiments/007_RFD3_macrocycles/monomer_self_consistency/structural_tsne/tmalign_inputs/length_12_macrocycle_12_0_model_62.pdb
463	12	length_12_macrocycle_12_0_model_63	/home/dkouv/work/tfr1-binder-design/experiments/007_RFD3_macrocycles/monomer_self_consistency/rfd3_backbones/length_12/length_12_macrocycle_12_0_model_63.cif.gz	/home/dkouv/work/tfr1-binder-design/experiments/007_RFD3_macrocycles/monomer_self_consistency/structural_tsne/tmalign_inputs/length_12_macrocycle_12_0_model_63.pdb
464	12	length_12_macrocycle_12_0_model_64	/home/dkouv/work/tfr1-binder-design/experiments/007_RFD3_macrocycles/monomer_self_consistency/rfd3_backbones/length_12/length_12_macrocycle_12_0_model_64.cif.gz	/home/dkouv/work/tfr1-binder-design/experiments/007_RFD3_macrocycles/monomer_self_consistency/structural_tsne/tmalign_inputs/length_12_macrocycle_12_0_model_64.pdb
465	12	length_12_macrocycle_12_0_model_65	/home/dkouv/work/tfr1-binder-design/experiments/007_RFD3_macrocycles/monomer_self_consistency/rfd3_backbones/length_12/length_12_macrocycle_12_0_model_65.cif.gz	/home/dkouv/work/tfr1-binder-design/experiments/007_RFD3_macrocycles/monomer_self_consistency/structural_tsne/tmalign_inputs/length_12_macrocycle_12_0_model_65.pdb
466	12	length_12_macrocycle_12_0_model_66	/home/dkouv/work/tfr1-binder-design/experiments/007_RFD3_macrocycles/monomer_self_consistency/rfd3_backbones/length_12/length_12_macrocycle_12_0_model_66.cif.gz	/home/dkouv/work/tfr1-binder-design/experiments/007_RFD3_macrocycles/monomer_self_consistency/structural_tsne/tmalign_inputs/length_12_macrocycle_12_0_model_66.pdb
467	12	length_12_macrocycle_12_0_model_67	/home/dkouv/work/tfr1-binder-design/experiments/007_RFD3_macrocycles/monomer_self_consistency/rfd3_backbones/length_12/length_12_macrocycle_12_0_model_67.cif.gz	/home/dkouv/work/tfr1-binder-design/experiments/007_RFD3_macrocycles/monomer_self_consistency/structural_tsne/tmalign_inputs/length_12_macrocycle_12_0_model_67.pdb
468	12	length_12_macrocycle_12_0_model_68	/home/dkouv/work/tfr1-binder-design/experiments/007_RFD3_macrocycles/monomer_self_consistency/rfd3_backbones/length_12/length_12_macrocycle_12_0_model_68.cif.gz	/home/dkouv/work/tfr1-binder-design/experiments/007_RFD3_macrocycles/monomer_self_consistency/structural_tsne/tmalign_inputs/length_12_macrocycle_12_0_model_68.pdb
469	12	length_12_macrocycle_12_0_model_69	/home/dkouv/work/tfr1-binder-design/experiments/007_RFD3_macrocycles/monomer_self_consistency/rfd3_backbones/length_12/length_12_macrocycle_12_0_model_69.cif.gz	/home/dkouv/work/tfr1-binder-design/experiments/007_RFD3_macrocycles/monomer_self_consistency/structural_tsne/tmalign_inputs/length_12_macrocycle_12_0_model_69.pdb
470	12	length_12_macrocycle_12_0_model_70	/home/dkouv/work/tfr1-binder-design/experiments/007_RFD3_macrocycles/monomer_self_consistency/rfd3_backbones/length_12/length_12_macrocycle_12_0_model_70.cif.gz	/home/dkouv/work/tfr1-binder-design/experiments/007_RFD3_macrocycles/monomer_self_consistency/structural_tsne/tmalign_inputs/length_12_macrocycle_12_0_model_70.pdb
471	12	length_12_macrocycle_12_0_model_71	/home/dkouv/work/tfr1-binder-design/experiments/007_RFD3_macrocycles/monomer_self_consistency/rfd3_backbones/length_12/length_12_macrocycle_12_0_model_71.cif.gz	/home/dkouv/work/tfr1-binder-design/experiments/007_RFD3_macrocycles/monomer_self_consistency/structural_tsne/tmalign_inputs/length_12_macrocycle_12_0_model_71.pdb
472	12	length_12_macrocycle_12_0_model_72	/home/dkouv/work/tfr1-binder-design/experiments/007_RFD3_macrocycles/monomer_self_consistency/rfd3_backbones/length_12/length_12_macrocycle_12_0_model_72.cif.gz	/home/dkouv/work/tfr1-binder-design/experiments/007_RFD3_macrocycles/monomer_self_consistency/structural_tsne/tmalign_inputs/length_12_macrocycle_12_0_model_72.pdb
473	12	length_12_macrocycle_12_0_model_73	/home/dkouv/work/tfr1-binder-design/experiments/007_RFD3_macrocycles/monomer_self_consistency/rfd3_backbones/length_12/length_12_macrocycle_12_0_model_73.cif.gz	/home/dkouv/work/tfr1-binder-design/experiments/007_RFD3_macrocycles/monomer_self_consistency/structural_tsne/tmalign_inputs/length_12_macrocycle_12_0_model_73.pdb
474	12	length_12_macrocycle_12_0_model_74	/home/dkouv/work/tfr1-binder-design/experiments/007_RFD3_macrocycles/monomer_self_consistency/rfd3_backbones/length_12/length_12_macrocycle_12_0_model_74.cif.gz	/home/dkouv/work/tfr1-binder-design/experiments/007_RFD3_macrocycles/monomer_self_consistency/structural_tsne/tmalign_inputs/length_12_macrocycle_12_0_model_74.pdb
475	12	length_12_macrocycle_12_0_model_75	/home/dkouv/work/tfr1-binder-design/experiments/007_RFD3_macrocycles/monomer_self_consistency/rfd3_backbones/length_12/length_12_macrocycle_12_0_model_75.cif.gz	/home/dkouv/work/tfr1-binder-design/experiments/007_RFD3_macrocycles/monomer_self_consistency/structural_tsne/tmalign_inputs/length_12_macrocycle_12_0_model_75.pdb
476	12	length_12_macrocycle_12_0_model_76	/home/dkouv/work/tfr1-binder-design/experiments/007_RFD3_macrocycles/monomer_self_consistency/rfd3_backbones/length_12/length_12_macrocycle_12_0_model_76.cif.gz	/home/dkouv/work/tfr1-binder-design/experiments/007_RFD3_macrocycles/monomer_self_consistency/structural_tsne/tmalign_inputs/length_12_macrocycle_12_0_model_76.pdb
477	12	length_12_macrocycle_12_0_model_77	/home/dkouv/work/tfr1-binder-design/experiments/007_RFD3_macrocycles/monomer_self_consistency/rfd3_backbones/length_12/length_12_macrocycle_12_0_model_77.cif.gz	/home/dkouv/work/tfr1-binder-design/experiments/007_RFD3_macrocycles/monomer_self_consistency/structural_tsne/tmalign_inputs/length_12_macrocycle_12_0_model_77.pdb
478	12	length_12_macrocycle_12_0_model_78	/home/dkouv/work/tfr1-binder-design/experiments/007_RFD3_macrocycles/monomer_self_consistency/rfd3_backbones/length_12/length_12_macrocycle_12_0_model_78.cif.gz	/home/dkouv/work/tfr1-binder-design/experiments/007_RFD3_macrocycles/monomer_self_consistency/structural_tsne/tmalign_inputs/length_12_macrocycle_12_0_model_78.pdb
479	12	length_12_macrocycle_12_0_model_79	/home/dkouv/work/tfr1-binder-design/experiments/007_RFD3_macrocycles/monomer_self_consistency/rfd3_backbones/length_12/length_12_macrocycle_12_0_model_79.cif.gz	/home/dkouv/work/tfr1-binder-design/experiments/007_RFD3_macrocycles/monomer_self_consistency/structural_tsne/tmalign_inputs/length_12_macrocycle_12_0_model_79.pdb
480	12	length_12_macrocycle_12_0_model_80	/home/dkouv/work/tfr1-binder-design/experiments/007_RFD3_macrocycles/monomer_self_consistency/rfd3_backbones/length_12/length_12_macrocycle_12_0_model_80.cif.gz	/home/dkouv/work/tfr1-binder-design/experiments/007_RFD3_macrocycles/monomer_self_consistency/structural_tsne/tmalign_inputs/length_12_macrocycle_12_0_model_80.pdb
481	12	length_12_macrocycle_12_0_model_81	/home/dkouv/work/tfr1-binder-design/experiments/007_RFD3_macrocycles/monomer_self_consistency/rfd3_backbones/length_12/length_12_macrocycle_12_0_model_81.cif.gz	/home/dkouv/work/tfr1-binder-design/experiments/007_RFD3_macrocycles/monomer_self_consistency/structural_tsne/tmalign_inputs/length_12_macrocycle_12_0_model_81.pdb
482	12	length_12_macrocycle_12_0_model_82	/home/dkouv/work/tfr1-binder-design/experiments/007_RFD3_macrocycles/monomer_self_consistency/rfd3_backbones/length_12/length_12_macrocycle_12_0_model_82.cif.gz	/home/dkouv/work/tfr1-binder-design/experiments/007_RFD3_macrocycles/monomer_self_consistency/structural_tsne/tmalign_inputs/length_12_macrocycle_12_0_model_82.pdb
483	12	length_12_macrocycle_12_0_model_83	/home/dkouv/work/tfr1-binder-design/experiments/007_RFD3_macrocycles/monomer_self_consistency/rfd3_backbones/length_12/length_12_macrocycle_12_0_model_83.cif.gz	/home/dkouv/work/tfr1-binder-design/experiments/007_RFD3_macrocycles/monomer_self_consistency/structural_tsne/tmalign_inputs/length_12_macrocycle_12_0_model_83.pdb
484	12	length_12_macrocycle_12_0_model_84	/home/dkouv/work/tfr1-binder-design/experiments/007_RFD3_macrocycles/monomer_self_consistency/rfd3_backbones/length_12/length_12_macrocycle_12_0_model_84.cif.gz	/home/dkouv/work/tfr1-binder-design/experiments/007_RFD3_macrocycles/monomer_self_consistency/structural_tsne/tmalign_inputs/length_12_macrocycle_12_0_model_84.pdb
485	12	length_12_macrocycle_12_0_model_85	/home/dkouv/work/tfr1-binder-design/experiments/007_RFD3_macrocycles/monomer_self_consistency/rfd3_backbones/length_12/length_12_macrocycle_12_0_model_85.cif.gz	/home/dkouv/work/tfr1-binder-design/experiments/007_RFD3_macrocycles/monomer_self_consistency/structural_tsne/tmalign_inputs/length_12_macrocycle_12_0_model_85.pdb
486	12	length_12_macrocycle_12_0_model_86	/home/dkouv/work/tfr1-binder-design/experiments/007_RFD3_macrocycles/monomer_self_consistency/rfd3_backbones/length_12/length_12_macrocycle_12_0_model_86.cif.gz	/home/dkouv/work/tfr1-binder-design/experiments/007_RFD3_macrocycles/monomer_self_consistency/structural_tsne/tmalign_inputs/length_12_macrocycle_12_0_model_86.pdb
487	12	length_12_macrocycle_12_0_model_87	/home/dkouv/work/tfr1-binder-design/experiments/007_RFD3_macrocycles/monomer_self_consistency/rfd3_backbones/length_12/length_12_macrocycle_12_0_model_87.cif.gz	/home/dkouv/work/tfr1-binder-design/experiments/007_RFD3_macrocycles/monomer_self_consistency/structural_tsne/tmalign_inputs/length_12_macrocycle_12_0_model_87.pdb
488	12	length_12_macrocycle_12_0_model_88	/home/dkouv/work/tfr1-binder-design/experiments/007_RFD3_macrocycles/monomer_self_consistency/rfd3_backbones/length_12/length_12_macrocycle_12_0_model_88.cif.gz	/home/dkouv/work/tfr1-binder-design/experiments/007_RFD3_macrocycles/monomer_self_consistency/structural_tsne/tmalign_inputs/length_12_macrocycle_12_0_model_88.pdb
489	12	length_12_macrocycle_12_0_model_89	/home/dkouv/work/tfr1-binder-design/experiments/007_RFD3_macrocycles/monomer_self_consistency/rfd3_backbones/length_12/length_12_macrocycle_12_0_model_89.cif.gz	/home/dkouv/work/tfr1-binder-design/experiments/007_RFD3_macrocycles/monomer_self_consistency/structural_tsne/tmalign_inputs/length_12_macrocycle_12_0_model_89.pdb
490	12	length_12_macrocycle_12_0_model_90	/home/dkouv/work/tfr1-binder-design/experiments/007_RFD3_macrocycles/monomer_self_consistency/rfd3_backbones/length_12/length_12_macrocycle_12_0_model_90.cif.gz	/home/dkouv/work/tfr1-binder-design/experiments/007_RFD3_macrocycles/monomer_self_consistency/structural_tsne/tmalign_inputs/length_12_macrocycle_12_0_model_90.pdb
491	12	length_12_macrocycle_12_0_model_91	/home/dkouv/work/tfr1-binder-design/experiments/007_RFD3_macrocycles/monomer_self_consistency/rfd3_backbones/length_12/length_12_macrocycle_12_0_model_91.cif.gz	/home/dkouv/work/tfr1-binder-design/experiments/007_RFD3_macrocycles/monomer_self_consistency/structural_tsne/tmalign_inputs/length_12_macrocycle_12_0_model_91.pdb
492	12	length_12_macrocycle_12_0_model_92	/home/dkouv/work/tfr1-binder-design/experiments/007_RFD3_macrocycles/monomer_self_consistency/rfd3_backbones/length_12/length_12_macrocycle_12_0_model_92.cif.gz	/home/dkouv/work/tfr1-binder-design/experiments/007_RFD3_macrocycles/monomer_self_consistency/structural_tsne/tmalign_inputs/length_12_macrocycle_12_0_model_92.pdb
493	12	length_12_macrocycle_12_0_model_93	/home/dkouv/work/tfr1-binder-design/experiments/007_RFD3_macrocycles/monomer_self_consistency/rfd3_backbones/length_12/length_12_macrocycle_12_0_model_93.cif.gz	/home/dkouv/work/tfr1-binder-design/experiments/007_RFD3_macrocycles/monomer_self_consistency/structural_tsne/tmalign_inputs/length_12_macrocycle_12_0_model_93.pdb
494	12	length_12_macrocycle_12_0_model_94	/home/dkouv/work/tfr1-binder-design/experiments/007_RFD3_macrocycles/monomer_self_consistency/rfd3_backbones/length_12/length_12_macrocycle_12_0_model_94.cif.gz	/home/dkouv/work/tfr1-binder-design/experiments/007_RFD3_macrocycles/monomer_self_consistency/structural_tsne/tmalign_inputs/length_12_macrocycle_12_0_model_94.pdb
495	12	length_12_macrocycle_12_0_model_95	/home/dkouv/work/tfr1-binder-design/experiments/007_RFD3_macrocycles/monomer_self_consistency/rfd3_backbones/length_12/length_12_macrocycle_12_0_model_95.cif.gz	/home/dkouv/work/tfr1-binder-design/experiments/007_RFD3_macrocycles/monomer_self_consistency/structural_tsne/tmalign_inputs/length_12_macrocycle_12_0_model_95.pdb
496	12	length_12_macrocycle_12_0_model_96	/home/dkouv/work/tfr1-binder-design/experiments/007_RFD3_macrocycles/monomer_self_consistency/rfd3_backbones/length_12/length_12_macrocycle_12_0_model_96.cif.gz	/home/dkouv/work/tfr1-binder-design/experiments/007_RFD3_macrocycles/monomer_self_consistency/structural_tsne/tmalign_inputs/length_12_macrocycle_12_0_model_96.pdb
497	12	length_12_macrocycle_12_0_model_97	/home/dkouv/work/tfr1-binder-design/experiments/007_RFD3_macrocycles/monomer_self_consistency/rfd3_backbones/length_12/length_12_macrocycle_12_0_model_97.cif.gz	/home/dkouv/work/tfr1-binder-design/experiments/007_RFD3_macrocycles/monomer_self_consistency/structural_tsne/tmalign_inputs/length_12_macrocycle_12_0_model_97.pdb
498	12	length_12_macrocycle_12_0_model_98	/home/dkouv/work/tfr1-binder-design/experiments/007_RFD3_macrocycles/monomer_self_consistency/rfd3_backbones/length_12/length_12_macrocycle_12_0_model_98.cif.gz	/home/dkouv/work/tfr1-binder-design/experiments/007_RFD3_macrocycles/monomer_self_consistency/structural_tsne/tmalign_inputs/length_12_macrocycle_12_0_model_98.pdb
499	12	length_12_macrocycle_12_0_model_99	/home/dkouv/work/tfr1-binder-design/experiments/007_RFD3_macrocycles/monomer_self_consistency/rfd3_backbones/length_12/length_12_macrocycle_12_0_model_99.cif.gz	/home/dkouv/work/tfr1-binder-design/experiments/007_RFD3_macrocycles/monomer_self_consistency/structural_tsne/tmalign_inputs/length_12_macrocycle_12_0_model_99.pdb
500	12	length_12_macrocycle_12_0_model_100	/home/dkouv/work/tfr1-binder-design/experiments/007_RFD3_macrocycles/monomer_self_consistency/rfd3_backbones/length_12/length_12_macrocycle_12_0_model_100.cif.gz	/home/dkouv/work/tfr1-binder-design/experiments/007_RFD3_macrocycles/monomer_self_consistency/structural_tsne/tmalign_inputs/length_12_macrocycle_12_0_model_100.pdb
501	12	length_12_macrocycle_12_0_model_101	/home/dkouv/work/tfr1-binder-design/experiments/007_RFD3_macrocycles/monomer_self_consistency/rfd3_backbones/length_12/length_12_macrocycle_12_0_model_101.cif.gz	/home/dkouv/work/tfr1-binder-design/experiments/007_RFD3_macrocycles/monomer_self_consistency/structural_tsne/tmalign_inputs/length_12_macrocycle_12_0_model_101.pdb
502	12	length_12_macrocycle_12_0_model_102	/home/dkouv/work/tfr1-binder-design/experiments/007_RFD3_macrocycles/monomer_self_consistency/rfd3_backbones/length_12/length_12_macrocycle_12_0_model_102.cif.gz	/home/dkouv/work/tfr1-binder-design/experiments/007_RFD3_macrocycles/monomer_self_consistency/structural_tsne/tmalign_inputs/length_12_macrocycle_12_0_model_102.pdb
503	12	length_12_macrocycle_12_0_model_103	/home/dkouv/work/tfr1-binder-design/experiments/007_RFD3_macrocycles/monomer_self_consistency/rfd3_backbones/length_12/length_12_macrocycle_12_0_model_103.cif.gz	/home/dkouv/work/tfr1-binder-design/experiments/007_RFD3_macrocycles/monomer_self_consistency/structural_tsne/tmalign_inputs/length_12_macrocycle_12_0_model_103.pdb
504	12	length_12_macrocycle_12_0_model_104	/home/dkouv/work/tfr1-binder-design/experiments/007_RFD3_macrocycles/monomer_self_consistency/rfd3_backbones/length_12/length_12_macrocycle_12_0_model_104.cif.gz	/home/dkouv/work/tfr1-binder-design/experiments/007_RFD3_macrocycles/monomer_self_consistency/structural_tsne/tmalign_inputs/length_12_macrocycle_12_0_model_104.pdb
505	12	length_12_macrocycle_12_0_model_105	/home/dkouv/work/tfr1-binder-design/experiments/007_RFD3_macrocycles/monomer_self_consistency/rfd3_backbones/length_12/length_12_macrocycle_12_0_model_105.cif.gz	/home/dkouv/work/tfr1-binder-design/experiments/007_RFD3_macrocycles/monomer_self_consistency/structural_tsne/tmalign_inputs/length_12_macrocycle_12_0_model_105.pdb
506	12	length_12_macrocycle_12_0_model_106	/home/dkouv/work/tfr1-binder-design/experiments/007_RFD3_macrocycles/monomer_self_consistency/rfd3_backbones/length_12/length_12_macrocycle_12_0_model_106.cif.gz	/home/dkouv/work/tfr1-binder-design/experiments/007_RFD3_macrocycles/monomer_self_consistency/structural_tsne/tmalign_inputs/length_12_macrocycle_12_0_model_106.pdb
507	12	length_12_macrocycle_12_0_model_107	/home/dkouv/work/tfr1-binder-design/experiments/007_RFD3_macrocycles/monomer_self_consistency/rfd3_backbones/length_12/length_12_macrocycle_12_0_model_107.cif.gz	/home/dkouv/work/tfr1-binder-design/experiments/007_RFD3_macrocycles/monomer_self_consistency/structural_tsne/tmalign_inputs/length_12_macrocycle_12_0_model_107.pdb
508	12	length_12_macrocycle_12_0_model_108	/home/dkouv/work/tfr1-binder-design/experiments/007_RFD3_macrocycles/monomer_self_consistency/rfd3_backbones/length_12/length_12_macrocycle_12_0_model_108.cif.gz	/home/dkouv/work/tfr1-binder-design/experiments/007_RFD3_macrocycles/monomer_self_consistency/structural_tsne/tmalign_inputs/length_12_macrocycle_12_0_model_108.pdb
509	12	length_12_macrocycle_12_0_model_109	/home/dkouv/work/tfr1-binder-design/experiments/007_RFD3_macrocycles/monomer_self_consistency/rfd3_backbones/length_12/length_12_macrocycle_12_0_model_109.cif.gz	/home/dkouv/work/tfr1-binder-design/experiments/007_RFD3_macrocycles/monomer_self_consistency/structural_tsne/tmalign_inputs/length_12_macrocycle_12_0_model_109.pdb
510	12	length_12_macrocycle_12_0_model_110	/home/dkouv/work/tfr1-binder-design/experiments/007_RFD3_macrocycles/monomer_self_consistency/rfd3_backbones/length_12/length_12_macrocycle_12_0_model_110.cif.gz	/home/dkouv/work/tfr1-binder-design/experiments/007_RFD3_macrocycles/monomer_self_consistency/structural_tsne/tmalign_inputs/length_12_macrocycle_12_0_model_110.pdb
511	12	length_12_macrocycle_12_0_model_111	/home/dkouv/work/tfr1-binder-design/experiments/007_RFD3_macrocycles/monomer_self_consistency/rfd3_backbones/length_12/length_12_macrocycle_12_0_model_111.cif.gz	/home/dkouv/work/tfr1-binder-design/experiments/007_RFD3_macrocycles/monomer_self_consistency/structural_tsne/tmalign_inputs/length_12_macrocycle_12_0_model_111.pdb
512	12	length_12_macrocycle_12_0_model_112	/home/dkouv/work/tfr1-binder-design/experiments/007_RFD3_macrocycles/monomer_self_consistency/rfd3_backbones/length_12/length_12_macrocycle_12_0_model_112.cif.gz	/home/dkouv/work/tfr1-binder-design/experiments/007_RFD3_macrocycles/monomer_self_consistency/structural_tsne/tmalign_inputs/length_12_macrocycle_12_0_model_112.pdb
513	12	length_12_macrocycle_12_0_model_113	/home/dkouv/work/tfr1-binder-design/experiments/007_RFD3_macrocycles/monomer_self_consistency/rfd3_backbones/length_12/length_12_macrocycle_12_0_model_113.cif.gz	/home/dkouv/work/tfr1-binder-design/experiments/007_RFD3_macrocycles/monomer_self_consistency/structural_tsne/tmalign_inputs/length_12_macrocycle_12_0_model_113.pdb
514	12	length_12_macrocycle_12_0_model_114	/home/dkouv/work/tfr1-binder-design/experiments/007_RFD3_macrocycles/monomer_self_consistency/rfd3_backbones/length_12/length_12_macrocycle_12_0_model_114.cif.gz	/home/dkouv/work/tfr1-binder-design/experiments/007_RFD3_macrocycles/monomer_self_consistency/structural_tsne/tmalign_inputs/length_12_macrocycle_12_0_model_114.pdb
515	12	length_12_macrocycle_12_0_model_115	/home/dkouv/work/tfr1-binder-design/experiments/007_RFD3_macrocycles/monomer_self_consistency/rfd3_backbones/length_12/length_12_macrocycle_12_0_model_115.cif.gz	/home/dkouv/work/tfr1-binder-design/experiments/007_RFD3_macrocycles/monomer_self_consistency/structural_tsne/tmalign_inputs/length_12_macrocycle_12_0_model_115.pdb
516	12	length_12_macrocycle_12_0_model_116	/home/dkouv/work/tfr1-binder-design/experiments/007_RFD3_macrocycles/monomer_self_consistency/rfd3_backbones/length_12/length_12_macrocycle_12_0_model_116.cif.gz	/home/dkouv/work/tfr1-binder-design/experiments/007_RFD3_macrocycles/monomer_self_consistency/structural_tsne/tmalign_inputs/length_12_macrocycle_12_0_model_116.pdb
517	12	length_12_macrocycle_12_0_model_117	/home/dkouv/work/tfr1-binder-design/experiments/007_RFD3_macrocycles/monomer_self_consistency/rfd3_backbones/length_12/length_12_macrocycle_12_0_model_117.cif.gz	/home/dkouv/work/tfr1-binder-design/experiments/007_RFD3_macrocycles/monomer_self_consistency/structural_tsne/tmalign_inputs/length_12_macrocycle_12_0_model_117.pdb
518	12	length_12_macrocycle_12_0_model_118	/home/dkouv/work/tfr1-binder-design/experiments/007_RFD3_macrocycles/monomer_self_consistency/rfd3_backbones/length_12/length_12_macrocycle_12_0_model_118.cif.gz	/home/dkouv/work/tfr1-binder-design/experiments/007_RFD3_macrocycles/monomer_self_consistency/structural_tsne/tmalign_inputs/length_12_macrocycle_12_0_model_118.pdb
519	12	length_12_macrocycle_12_0_model_119	/home/dkouv/work/tfr1-binder-design/experiments/007_RFD3_macrocycles/monomer_self_consistency/rfd3_backbones/length_12/length_12_macrocycle_12_0_model_119.cif.gz	/home/dkouv/work/tfr1-binder-design/experiments/007_RFD3_macrocycles/monomer_self_consistency/structural_tsne/tmalign_inputs/length_12_macrocycle_12_0_model_119.pdb
520	12	length_12_macrocycle_12_0_model_120	/home/dkouv/work/tfr1-binder-design/experiments/007_RFD3_macrocycles/monomer_self_consistency/rfd3_backbones/length_12/length_12_macrocycle_12_0_model_120.cif.gz	/home/dkouv/work/tfr1-binder-design/experiments/007_RFD3_macrocycles/monomer_self_consistency/structural_tsne/tmalign_inputs/length_12_macrocycle_12_0_model_120.pdb
521	12	length_12_macrocycle_12_0_model_121	/home/dkouv/work/tfr1-binder-design/experiments/007_RFD3_macrocycles/monomer_self_consistency/rfd3_backbones/length_12/length_12_macrocycle_12_0_model_121.cif.gz	/home/dkouv/work/tfr1-binder-design/experiments/007_RFD3_macrocycles/monomer_self_consistency/structural_tsne/tmalign_inputs/length_12_macrocycle_12_0_model_121.pdb
522	12	length_12_macrocycle_12_0_model_122	/home/dkouv/work/tfr1-binder-design/experiments/007_RFD3_macrocycles/monomer_self_consistency/rfd3_backbones/length_12/length_12_macrocycle_12_0_model_122.cif.gz	/home/dkouv/work/tfr1-binder-design/experiments/007_RFD3_macrocycles/monomer_self_consistency/structural_tsne/tmalign_inputs/length_12_macrocycle_12_0_model_122.pdb
523	12	length_12_macrocycle_12_0_model_123	/home/dkouv/work/tfr1-binder-design/experiments/007_RFD3_macrocycles/monomer_self_consistency/rfd3_backbones/length_12/length_12_macrocycle_12_0_model_123.cif.gz	/home/dkouv/work/tfr1-binder-design/experiments/007_RFD3_macrocycles/monomer_self_consistency/structural_tsne/tmalign_inputs/length_12_macrocycle_12_0_model_123.pdb
524	12	length_12_macrocycle_12_0_model_124	/home/dkouv/work/tfr1-binder-design/experiments/007_RFD3_macrocycles/monomer_self_consistency/rfd3_backbones/length_12/length_12_macrocycle_12_0_model_124.cif.gz	/home/dkouv/work/tfr1-binder-design/experiments/007_RFD3_macrocycles/monomer_self_consistency/structural_tsne/tmalign_inputs/length_12_macrocycle_12_0_model_124.pdb
525	12	length_12_macrocycle_12_0_model_125	/home/dkouv/work/tfr1-binder-design/experiments/007_RFD3_macrocycles/monomer_self_consistency/rfd3_backbones/length_12/length_12_macrocycle_12_0_model_125.cif.gz	/home/dkouv/work/tfr1-binder-design/experiments/007_RFD3_macrocycles/monomer_self_consistency/structural_tsne/tmalign_inputs/length_12_macrocycle_12_0_model_125.pdb
526	12	length_12_macrocycle_12_0_model_126	/home/dkouv/work/tfr1-binder-design/experiments/007_RFD3_macrocycles/monomer_self_consistency/rfd3_backbones/length_12/length_12_macrocycle_12_0_model_126.cif.gz	/home/dkouv/work/tfr1-binder-design/experiments/007_RFD3_macrocycles/monomer_self_consistency/structural_tsne/tmalign_inputs/length_12_macrocycle_12_0_model_126.pdb
527	12	length_12_macrocycle_12_0_model_127	/home/dkouv/work/tfr1-binder-design/experiments/007_RFD3_macrocycles/monomer_self_consistency/rfd3_backbones/length_12/length_12_macrocycle_12_0_model_127.cif.gz	/home/dkouv/work/tfr1-binder-design/experiments/007_RFD3_macrocycles/monomer_self_consistency/structural_tsne/tmalign_inputs/length_12_macrocycle_12_0_model_127.pdb
528	12	length_12_macrocycle_12_0_model_128	/home/dkouv/work/tfr1-binder-design/experiments/007_RFD3_macrocycles/monomer_self_consistency/rfd3_backbones/length_12/length_12_macrocycle_12_0_model_128.cif.gz	/home/dkouv/work/tfr1-binder-design/experiments/007_RFD3_macrocycles/monomer_self_consistency/structural_tsne/tmalign_inputs/length_12_macrocycle_12_0_model_128.pdb
529	12	length_12_macrocycle_12_0_model_129	/home/dkouv/work/tfr1-binder-design/experiments/007_RFD3_macrocycles/monomer_self_consistency/rfd3_backbones/length_12/length_12_macrocycle_12_0_model_129.cif.gz	/home/dkouv/work/tfr1-binder-design/experiments/007_RFD3_macrocycles/monomer_self_consistency/structural_tsne/tmalign_inputs/length_12_macrocycle_12_0_model_129.pdb
530	12	length_12_macrocycle_12_0_model_130	/home/dkouv/work/tfr1-binder-design/experiments/007_RFD3_macrocycles/monomer_self_consistency/rfd3_backbones/length_12/length_12_macrocycle_12_0_model_130.cif.gz	/home/dkouv/work/tfr1-binder-design/experiments/007_RFD3_macrocycles/monomer_self_consistency/structural_tsne/tmalign_inputs/length_12_macrocycle_12_0_model_130.pdb
531	12	length_12_macrocycle_12_0_model_131	/home/dkouv/work/tfr1-binder-design/experiments/007_RFD3_macrocycles/monomer_self_consistency/rfd3_backbones/length_12/length_12_macrocycle_12_0_model_131.cif.gz	/home/dkouv/work/tfr1-binder-design/experiments/007_RFD3_macrocycles/monomer_self_consistency/structural_tsne/tmalign_inputs/length_12_macrocycle_12_0_model_131.pdb
532	12	length_12_macrocycle_12_0_model_132	/home/dkouv/work/tfr1-binder-design/experiments/007_RFD3_macrocycles/monomer_self_consistency/rfd3_backbones/length_12/length_12_macrocycle_12_0_model_132.cif.gz	/home/dkouv/work/tfr1-binder-design/experiments/007_RFD3_macrocycles/monomer_self_consistency/structural_tsne/tmalign_inputs/length_12_macrocycle_12_0_model_132.pdb
533	12	length_12_macrocycle_12_0_model_133	/home/dkouv/work/tfr1-binder-design/experiments/007_RFD3_macrocycles/monomer_self_consistency/rfd3_backbones/length_12/length_12_macrocycle_12_0_model_133.cif.gz	/home/dkouv/work/tfr1-binder-design/experiments/007_RFD3_macrocycles/monomer_self_consistency/structural_tsne/tmalign_inputs/length_12_macrocycle_12_0_model_133.pdb
534	12	length_12_macrocycle_12_0_model_134	/home/dkouv/work/tfr1-binder-design/experiments/007_RFD3_macrocycles/monomer_self_consistency/rfd3_backbones/length_12/length_12_macrocycle_12_0_model_134.cif.gz	/home/dkouv/work/tfr1-binder-design/experiments/007_RFD3_macrocycles/monomer_self_consistency/structural_tsne/tmalign_inputs/length_12_macrocycle_12_0_model_134.pdb
535	12	length_12_macrocycle_12_0_model_135	/home/dkouv/work/tfr1-binder-design/experiments/007_RFD3_macrocycles/monomer_self_consistency/rfd3_backbones/length_12/length_12_macrocycle_12_0_model_135.cif.gz	/home/dkouv/work/tfr1-binder-design/experiments/007_RFD3_macrocycles/monomer_self_consistency/structural_tsne/tmalign_inputs/length_12_macrocycle_12_0_model_135.pdb
536	12	length_12_macrocycle_12_0_model_136	/home/dkouv/work/tfr1-binder-design/experiments/007_RFD3_macrocycles/monomer_self_consistency/rfd3_backbones/length_12/length_12_macrocycle_12_0_model_136.cif.gz	/home/dkouv/work/tfr1-binder-design/experiments/007_RFD3_macrocycles/monomer_self_consistency/structural_tsne/tmalign_inputs/length_12_macrocycle_12_0_model_136.pdb
537	12	length_12_macrocycle_12_0_model_137	/home/dkouv/work/tfr1-binder-design/experiments/007_RFD3_macrocycles/monomer_self_consistency/rfd3_backbones/length_12/length_12_macrocycle_12_0_model_137.cif.gz	/home/dkouv/work/tfr1-binder-design/experiments/007_RFD3_macrocycles/monomer_self_consistency/structural_tsne/tmalign_inputs/length_12_macrocycle_12_0_model_137.pdb
538	12	length_12_macrocycle_12_0_model_138	/home/dkouv/work/tfr1-binder-design/experiments/007_RFD3_macrocycles/monomer_self_consistency/rfd3_backbones/length_12/length_12_macrocycle_12_0_model_138.cif.gz	/home/dkouv/work/tfr1-binder-design/experiments/007_RFD3_macrocycles/monomer_self_consistency/structural_tsne/tmalign_inputs/length_12_macrocycle_12_0_model_138.pdb
539	12	length_12_macrocycle_12_0_model_139	/home/dkouv/work/tfr1-binder-design/experiments/007_RFD3_macrocycles/monomer_self_consistency/rfd3_backbones/length_12/length_12_macrocycle_12_0_model_139.cif.gz	/home/dkouv/work/tfr1-binder-design/experiments/007_RFD3_macrocycles/monomer_self_consistency/structural_tsne/tmalign_inputs/length_12_macrocycle_12_0_model_139.pdb
540	12	length_12_macrocycle_12_0_model_140	/home/dkouv/work/tfr1-binder-design/experiments/007_RFD3_macrocycles/monomer_self_consistency/rfd3_backbones/length_12/length_12_macrocycle_12_0_model_140.cif.gz	/home/dkouv/work/tfr1-binder-design/experiments/007_RFD3_macrocycles/monomer_self_consistency/structural_tsne/tmalign_inputs/length_12_macrocycle_12_0_model_140.pdb
541	12	length_12_macrocycle_12_0_model_141	/home/dkouv/work/tfr1-binder-design/experiments/007_RFD3_macrocycles/monomer_self_consistency/rfd3_backbones/length_12/length_12_macrocycle_12_0_model_141.cif.gz	/home/dkouv/work/tfr1-binder-design/experiments/007_RFD3_macrocycles/monomer_self_consistency/structural_tsne/tmalign_inputs/length_12_macrocycle_12_0_model_141.pdb
542	12	length_12_macrocycle_12_0_model_142	/home/dkouv/work/tfr1-binder-design/experiments/007_RFD3_macrocycles/monomer_self_consistency/rfd3_backbones/length_12/length_12_macrocycle_12_0_model_142.cif.gz	/home/dkouv/work/tfr1-binder-design/experiments/007_RFD3_macrocycles/monomer_self_consistency/structural_tsne/tmalign_inputs/length_12_macrocycle_12_0_model_142.pdb
543	12	length_12_macrocycle_12_0_model_143	/home/dkouv/work/tfr1-binder-design/experiments/007_RFD3_macrocycles/monomer_self_consistency/rfd3_backbones/length_12/length_12_macrocycle_12_0_model_143.cif.gz	/home/dkouv/work/tfr1-binder-design/experiments/007_RFD3_macrocycles/monomer_self_consistency/structural_tsne/tmalign_inputs/length_12_macrocycle_12_0_model_143.pdb
544	12	length_12_macrocycle_12_0_model_144	/home/dkouv/work/tfr1-binder-design/experiments/007_RFD3_macrocycles/monomer_self_consistency/rfd3_backbones/length_12/length_12_macrocycle_12_0_model_144.cif.gz	/home/dkouv/work/tfr1-binder-design/experiments/007_RFD3_macrocycles/monomer_self_consistency/structural_tsne/tmalign_inputs/length_12_macrocycle_12_0_model_144.pdb
545	12	length_12_macrocycle_12_0_model_145	/home/dkouv/work/tfr1-binder-design/experiments/007_RFD3_macrocycles/monomer_self_consistency/rfd3_backbones/length_12/length_12_macrocycle_12_0_model_145.cif.gz	/home/dkouv/work/tfr1-binder-design/experiments/007_RFD3_macrocycles/monomer_self_consistency/structural_tsne/tmalign_inputs/length_12_macrocycle_12_0_model_145.pdb
546	12	length_12_macrocycle_12_0_model_146	/home/dkouv/work/tfr1-binder-design/experiments/007_RFD3_macrocycles/monomer_self_consistency/rfd3_backbones/length_12/length_12_macrocycle_12_0_model_146.cif.gz	/home/dkouv/work/tfr1-binder-design/experiments/007_RFD3_macrocycles/monomer_self_consistency/structural_tsne/tmalign_inputs/length_12_macrocycle_12_0_model_146.pdb
547	12	length_12_macrocycle_12_0_model_147	/home/dkouv/work/tfr1-binder-design/experiments/007_RFD3_macrocycles/monomer_self_consistency/rfd3_backbones/length_12/length_12_macrocycle_12_0_model_147.cif.gz	/home/dkouv/work/tfr1-binder-design/experiments/007_RFD3_macrocycles/monomer_self_consistency/structural_tsne/tmalign_inputs/length_12_macrocycle_12_0_model_147.pdb
548	12	length_12_macrocycle_12_0_model_148	/home/dkouv/work/tfr1-binder-design/experiments/007_RFD3_macrocycles/monomer_self_consistency/rfd3_backbones/length_12/length_12_macrocycle_12_0_model_148.cif.gz	/home/dkouv/work/tfr1-binder-design/experiments/007_RFD3_macrocycles/monomer_self_consistency/structural_tsne/tmalign_inputs/length_12_macrocycle_12_0_model_148.pdb
549	12	length_12_macrocycle_12_0_model_149	/home/dkouv/work/tfr1-binder-design/experiments/007_RFD3_macrocycles/monomer_self_consistency/rfd3_backbones/length_12/length_12_macrocycle_12_0_model_149.cif.gz	/home/dkouv/work/tfr1-binder-design/experiments/007_RFD3_macrocycles/monomer_self_consistency/structural_tsne/tmalign_inputs/length_12_macrocycle_12_0_model_149.pdb
550	12	length_12_macrocycle_12_0_model_150	/home/dkouv/work/tfr1-binder-design/experiments/007_RFD3_macrocycles/monomer_self_consistency/rfd3_backbones/length_12/length_12_macrocycle_12_0_model_150.cif.gz	/home/dkouv/work/tfr1-binder-design/experiments/007_RFD3_macrocycles/monomer_self_consistency/structural_tsne/tmalign_inputs/length_12_macrocycle_12_0_model_150.pdb
551	12	length_12_macrocycle_12_0_model_151	/home/dkouv/work/tfr1-binder-design/experiments/007_RFD3_macrocycles/monomer_self_consistency/rfd3_backbones/length_12/length_12_macrocycle_12_0_model_151.cif.gz	/home/dkouv/work/tfr1-binder-design/experiments/007_RFD3_macrocycles/monomer_self_consistency/structural_tsne/tmalign_inputs/length_12_macrocycle_12_0_model_151.pdb
552	12	length_12_macrocycle_12_0_model_152	/home/dkouv/work/tfr1-binder-design/experiments/007_RFD3_macrocycles/monomer_self_consistency/rfd3_backbones/length_12/length_12_macrocycle_12_0_model_152.cif.gz	/home/dkouv/work/tfr1-binder-design/experiments/007_RFD3_macrocycles/monomer_self_consistency/structural_tsne/tmalign_inputs/length_12_macrocycle_12_0_model_152.pdb
553	12	length_12_macrocycle_12_0_model_153	/home/dkouv/work/tfr1-binder-design/experiments/007_RFD3_macrocycles/monomer_self_consistency/rfd3_backbones/length_12/length_12_macrocycle_12_0_model_153.cif.gz	/home/dkouv/work/tfr1-binder-design/experiments/007_RFD3_macrocycles/monomer_self_consistency/structural_tsne/tmalign_inputs/length_12_macrocycle_12_0_model_153.pdb
554	12	length_12_macrocycle_12_0_model_154	/home/dkouv/work/tfr1-binder-design/experiments/007_RFD3_macrocycles/monomer_self_consistency/rfd3_backbones/length_12/length_12_macrocycle_12_0_model_154.cif.gz	/home/dkouv/work/tfr1-binder-design/experiments/007_RFD3_macrocycles/monomer_self_consistency/structural_tsne/tmalign_inputs/length_12_macrocycle_12_0_model_154.pdb
555	12	length_12_macrocycle_12_0_model_155	/home/dkouv/work/tfr1-binder-design/experiments/007_RFD3_macrocycles/monomer_self_consistency/rfd3_backbones/length_12/length_12_macrocycle_12_0_model_155.cif.gz	/home/dkouv/work/tfr1-binder-design/experiments/007_RFD3_macrocycles/monomer_self_consistency/structural_tsne/tmalign_inputs/length_12_macrocycle_12_0_model_155.pdb
556	12	length_12_macrocycle_12_0_model_156	/home/dkouv/work/tfr1-binder-design/experiments/007_RFD3_macrocycles/monomer_self_consistency/rfd3_backbones/length_12/length_12_macrocycle_12_0_model_156.cif.gz	/home/dkouv/work/tfr1-binder-design/experiments/007_RFD3_macrocycles/monomer_self_consistency/structural_tsne/tmalign_inputs/length_12_macrocycle_12_0_model_156.pdb
557	12	length_12_macrocycle_12_0_model_157	/home/dkouv/work/tfr1-binder-design/experiments/007_RFD3_macrocycles/monomer_self_consistency/rfd3_backbones/length_12/length_12_macrocycle_12_0_model_157.cif.gz	/home/dkouv/work/tfr1-binder-design/experiments/007_RFD3_macrocycles/monomer_self_consistency/structural_tsne/tmalign_inputs/length_12_macrocycle_12_0_model_157.pdb
558	12	length_12_macrocycle_12_0_model_158	/home/dkouv/work/tfr1-binder-design/experiments/007_RFD3_macrocycles/monomer_self_consistency/rfd3_backbones/length_12/length_12_macrocycle_12_0_model_158.cif.gz	/home/dkouv/work/tfr1-binder-design/experiments/007_RFD3_macrocycles/monomer_self_consistency/structural_tsne/tmalign_inputs/length_12_macrocycle_12_0_model_158.pdb
559	12	length_12_macrocycle_12_0_model_159	/home/dkouv/work/tfr1-binder-design/experiments/007_RFD3_macrocycles/monomer_self_consistency/rfd3_backbones/length_12/length_12_macrocycle_12_0_model_159.cif.gz	/home/dkouv/work/tfr1-binder-design/experiments/007_RFD3_macrocycles/monomer_self_consistency/structural_tsne/tmalign_inputs/length_12_macrocycle_12_0_model_159.pdb
560	12	length_12_macrocycle_12_0_model_160	/home/dkouv/work/tfr1-binder-design/experiments/007_RFD3_macrocycles/monomer_self_consistency/rfd3_backbones/length_12/length_12_macrocycle_12_0_model_160.cif.gz	/home/dkouv/work/tfr1-binder-design/experiments/007_RFD3_macrocycles/monomer_self_consistency/structural_tsne/tmalign_inputs/length_12_macrocycle_12_0_model_160.pdb
561	12	length_12_macrocycle_12_0_model_161	/home/dkouv/work/tfr1-binder-design/experiments/007_RFD3_macrocycles/monomer_self_consistency/rfd3_backbones/length_12/length_12_macrocycle_12_0_model_161.cif.gz	/home/dkouv/work/tfr1-binder-design/experiments/007_RFD3_macrocycles/monomer_self_consistency/structural_tsne/tmalign_inputs/length_12_macrocycle_12_0_model_161.pdb
562	12	length_12_macrocycle_12_0_model_162	/home/dkouv/work/tfr1-binder-design/experiments/007_RFD3_macrocycles/monomer_self_consistency/rfd3_backbones/length_12/length_12_macrocycle_12_0_model_162.cif.gz	/home/dkouv/work/tfr1-binder-design/experiments/007_RFD3_macrocycles/monomer_self_consistency/structural_tsne/tmalign_inputs/length_12_macrocycle_12_0_model_162.pdb
563	12	length_12_macrocycle_12_0_model_163	/home/dkouv/work/tfr1-binder-design/experiments/007_RFD3_macrocycles/monomer_self_consistency/rfd3_backbones/length_12/length_12_macrocycle_12_0_model_163.cif.gz	/home/dkouv/work/tfr1-binder-design/experiments/007_RFD3_macrocycles/monomer_self_consistency/structural_tsne/tmalign_inputs/length_12_macrocycle_12_0_model_163.pdb
564	12	length_12_macrocycle_12_0_model_164	/home/dkouv/work/tfr1-binder-design/experiments/007_RFD3_macrocycles/monomer_self_consistency/rfd3_backbones/length_12/length_12_macrocycle_12_0_model_164.cif.gz	/home/dkouv/work/tfr1-binder-design/experiments/007_RFD3_macrocycles/monomer_self_consistency/structural_tsne/tmalign_inputs/length_12_macrocycle_12_0_model_164.pdb
565	12	length_12_macrocycle_12_0_model_165	/home/dkouv/work/tfr1-binder-design/experiments/007_RFD3_macrocycles/monomer_self_consistency/rfd3_backbones/length_12/length_12_macrocycle_12_0_model_165.cif.gz	/home/dkouv/work/tfr1-binder-design/experiments/007_RFD3_macrocycles/monomer_self_consistency/structural_tsne/tmalign_inputs/length_12_macrocycle_12_0_model_165.pdb
566	12	length_12_macrocycle_12_0_model_166	/home/dkouv/work/tfr1-binder-design/experiments/007_RFD3_macrocycles/monomer_self_consistency/rfd3_backbones/length_12/length_12_macrocycle_12_0_model_166.cif.gz	/home/dkouv/work/tfr1-binder-design/experiments/007_RFD3_macrocycles/monomer_self_consistency/structural_tsne/tmalign_inputs/length_12_macrocycle_12_0_model_166.pdb
567	12	length_12_macrocycle_12_0_model_167	/home/dkouv/work/tfr1-binder-design/experiments/007_RFD3_macrocycles/monomer_self_consistency/rfd3_backbones/length_12/length_12_macrocycle_12_0_model_167.cif.gz	/home/dkouv/work/tfr1-binder-design/experiments/007_RFD3_macrocycles/monomer_self_consistency/structural_tsne/tmalign_inputs/length_12_macrocycle_12_0_model_167.pdb
568	12	length_12_macrocycle_12_0_model_168	/home/dkouv/work/tfr1-binder-design/experiments/007_RFD3_macrocycles/monomer_self_consistency/rfd3_backbones/length_12/length_12_macrocycle_12_0_model_168.cif.gz	/home/dkouv/work/tfr1-binder-design/experiments/007_RFD3_macrocycles/monomer_self_consistency/structural_tsne/tmalign_inputs/length_12_macrocycle_12_0_model_168.pdb
569	12	length_12_macrocycle_12_0_model_169	/home/dkouv/work/tfr1-binder-design/experiments/007_RFD3_macrocycles/monomer_self_consistency/rfd3_backbones/length_12/length_12_macrocycle_12_0_model_169.cif.gz	/home/dkouv/work/tfr1-binder-design/experiments/007_RFD3_macrocycles/monomer_self_consistency/structural_tsne/tmalign_inputs/length_12_macrocycle_12_0_model_169.pdb
570	12	length_12_macrocycle_12_0_model_170	/home/dkouv/work/tfr1-binder-design/experiments/007_RFD3_macrocycles/monomer_self_consistency/rfd3_backbones/length_12/length_12_macrocycle_12_0_model_170.cif.gz	/home/dkouv/work/tfr1-binder-design/experiments/007_RFD3_macrocycles/monomer_self_consistency/structural_tsne/tmalign_inputs/length_12_macrocycle_12_0_model_170.pdb
571	12	length_12_macrocycle_12_0_model_171	/home/dkouv/work/tfr1-binder-design/experiments/007_RFD3_macrocycles/monomer_self_consistency/rfd3_backbones/length_12/length_12_macrocycle_12_0_model_171.cif.gz	/home/dkouv/work/tfr1-binder-design/experiments/007_RFD3_macrocycles/monomer_self_consistency/structural_tsne/tmalign_inputs/length_12_macrocycle_12_0_model_171.pdb
572	12	length_12_macrocycle_12_0_model_172	/home/dkouv/work/tfr1-binder-design/experiments/007_RFD3_macrocycles/monomer_self_consistency/rfd3_backbones/length_12/length_12_macrocycle_12_0_model_172.cif.gz	/home/dkouv/work/tfr1-binder-design/experiments/007_RFD3_macrocycles/monomer_self_consistency/structural_tsne/tmalign_inputs/length_12_macrocycle_12_0_model_172.pdb
573	12	length_12_macrocycle_12_0_model_173	/home/dkouv/work/tfr1-binder-design/experiments/007_RFD3_macrocycles/monomer_self_consistency/rfd3_backbones/length_12/length_12_macrocycle_12_0_model_173.cif.gz	/home/dkouv/work/tfr1-binder-design/experiments/007_RFD3_macrocycles/monomer_self_consistency/structural_tsne/tmalign_inputs/length_12_macrocycle_12_0_model_173.pdb
574	12	length_12_macrocycle_12_0_model_174	/home/dkouv/work/tfr1-binder-design/experiments/007_RFD3_macrocycles/monomer_self_consistency/rfd3_backbones/length_12/length_12_macrocycle_12_0_model_174.cif.gz	/home/dkouv/work/tfr1-binder-design/experiments/007_RFD3_macrocycles/monomer_self_consistency/structural_tsne/tmalign_inputs/length_12_macrocycle_12_0_model_174.pdb
575	12	length_12_macrocycle_12_0_model_175	/home/dkouv/work/tfr1-binder-design/experiments/007_RFD3_macrocycles/monomer_self_consistency/rfd3_backbones/length_12/length_12_macrocycle_12_0_model_175.cif.gz	/home/dkouv/work/tfr1-binder-design/experiments/007_RFD3_macrocycles/monomer_self_consistency/structural_tsne/tmalign_inputs/length_12_macrocycle_12_0_model_175.pdb
576	12	length_12_macrocycle_12_0_model_176	/home/dkouv/work/tfr1-binder-design/experiments/007_RFD3_macrocycles/monomer_self_consistency/rfd3_backbones/length_12/length_12_macrocycle_12_0_model_176.cif.gz	/home/dkouv/work/tfr1-binder-design/experiments/007_RFD3_macrocycles/monomer_self_consistency/structural_tsne/tmalign_inputs/length_12_macrocycle_12_0_model_176.pdb
577	12	length_12_macrocycle_12_0_model_177	/home/dkouv/work/tfr1-binder-design/experiments/007_RFD3_macrocycles/monomer_self_consistency/rfd3_backbones/length_12/length_12_macrocycle_12_0_model_177.cif.gz	/home/dkouv/work/tfr1-binder-design/experiments/007_RFD3_macrocycles/monomer_self_consistency/structural_tsne/tmalign_inputs/length_12_macrocycle_12_0_model_177.pdb
578	12	length_12_macrocycle_12_0_model_178	/home/dkouv/work/tfr1-binder-design/experiments/007_RFD3_macrocycles/monomer_self_consistency/rfd3_backbones/length_12/length_12_macrocycle_12_0_model_178.cif.gz	/home/dkouv/work/tfr1-binder-design/experiments/007_RFD3_macrocycles/monomer_self_consistency/structural_tsne/tmalign_inputs/length_12_macrocycle_12_0_model_178.pdb
579	12	length_12_macrocycle_12_0_model_179	/home/dkouv/work/tfr1-binder-design/experiments/007_RFD3_macrocycles/monomer_self_consistency/rfd3_backbones/length_12/length_12_macrocycle_12_0_model_179.cif.gz	/home/dkouv/work/tfr1-binder-design/experiments/007_RFD3_macrocycles/monomer_self_consistency/structural_tsne/tmalign_inputs/length_12_macrocycle_12_0_model_179.pdb
580	12	length_12_macrocycle_12_0_model_180	/home/dkouv/work/tfr1-binder-design/experiments/007_RFD3_macrocycles/monomer_self_consistency/rfd3_backbones/length_12/length_12_macrocycle_12_0_model_180.cif.gz	/home/dkouv/work/tfr1-binder-design/experiments/007_RFD3_macrocycles/monomer_self_consistency/structural_tsne/tmalign_inputs/length_12_macrocycle_12_0_model_180.pdb
581	12	length_12_macrocycle_12_0_model_181	/home/dkouv/work/tfr1-binder-design/experiments/007_RFD3_macrocycles/monomer_self_consistency/rfd3_backbones/length_12/length_12_macrocycle_12_0_model_181.cif.gz	/home/dkouv/work/tfr1-binder-design/experiments/007_RFD3_macrocycles/monomer_self_consistency/structural_tsne/tmalign_inputs/length_12_macrocycle_12_0_model_181.pdb
582	12	length_12_macrocycle_12_0_model_182	/home/dkouv/work/tfr1-binder-design/experiments/007_RFD3_macrocycles/monomer_self_consistency/rfd3_backbones/length_12/length_12_macrocycle_12_0_model_182.cif.gz	/home/dkouv/work/tfr1-binder-design/experiments/007_RFD3_macrocycles/monomer_self_consistency/structural_tsne/tmalign_inputs/length_12_macrocycle_12_0_model_182.pdb
583	12	length_12_macrocycle_12_0_model_183	/home/dkouv/work/tfr1-binder-design/experiments/007_RFD3_macrocycles/monomer_self_consistency/rfd3_backbones/length_12/length_12_macrocycle_12_0_model_183.cif.gz	/home/dkouv/work/tfr1-binder-design/experiments/007_RFD3_macrocycles/monomer_self_consistency/structural_tsne/tmalign_inputs/length_12_macrocycle_12_0_model_183.pdb
584	12	length_12_macrocycle_12_0_model_184	/home/dkouv/work/tfr1-binder-design/experiments/007_RFD3_macrocycles/monomer_self_consistency/rfd3_backbones/length_12/length_12_macrocycle_12_0_model_184.cif.gz	/home/dkouv/work/tfr1-binder-design/experiments/007_RFD3_macrocycles/monomer_self_consistency/structural_tsne/tmalign_inputs/length_12_macrocycle_12_0_model_184.pdb
585	12	length_12_macrocycle_12_0_model_185	/home/dkouv/work/tfr1-binder-design/experiments/007_RFD3_macrocycles/monomer_self_consistency/rfd3_backbones/length_12/length_12_macrocycle_12_0_model_185.cif.gz	/home/dkouv/work/tfr1-binder-design/experiments/007_RFD3_macrocycles/monomer_self_consistency/structural_tsne/tmalign_inputs/length_12_macrocycle_12_0_model_185.pdb
586	12	length_12_macrocycle_12_0_model_186	/home/dkouv/work/tfr1-binder-design/experiments/007_RFD3_macrocycles/monomer_self_consistency/rfd3_backbones/length_12/length_12_macrocycle_12_0_model_186.cif.gz	/home/dkouv/work/tfr1-binder-design/experiments/007_RFD3_macrocycles/monomer_self_consistency/structural_tsne/tmalign_inputs/length_12_macrocycle_12_0_model_186.pdb
587	12	length_12_macrocycle_12_0_model_187	/home/dkouv/work/tfr1-binder-design/experiments/007_RFD3_macrocycles/monomer_self_consistency/rfd3_backbones/length_12/length_12_macrocycle_12_0_model_187.cif.gz	/home/dkouv/work/tfr1-binder-design/experiments/007_RFD3_macrocycles/monomer_self_consistency/structural_tsne/tmalign_inputs/length_12_macrocycle_12_0_model_187.pdb
588	12	length_12_macrocycle_12_0_model_188	/home/dkouv/work/tfr1-binder-design/experiments/007_RFD3_macrocycles/monomer_self_consistency/rfd3_backbones/length_12/length_12_macrocycle_12_0_model_188.cif.gz	/home/dkouv/work/tfr1-binder-design/experiments/007_RFD3_macrocycles/monomer_self_consistency/structural_tsne/tmalign_inputs/length_12_macrocycle_12_0_model_188.pdb
589	12	length_12_macrocycle_12_0_model_189	/home/dkouv/work/tfr1-binder-design/experiments/007_RFD3_macrocycles/monomer_self_consistency/rfd3_backbones/length_12/length_12_macrocycle_12_0_model_189.cif.gz	/home/dkouv/work/tfr1-binder-design/experiments/007_RFD3_macrocycles/monomer_self_consistency/structural_tsne/tmalign_inputs/length_12_macrocycle_12_0_model_189.pdb
590	12	length_12_macrocycle_12_0_model_190	/home/dkouv/work/tfr1-binder-design/experiments/007_RFD3_macrocycles/monomer_self_consistency/rfd3_backbones/length_12/length_12_macrocycle_12_0_model_190.cif.gz	/home/dkouv/work/tfr1-binder-design/experiments/007_RFD3_macrocycles/monomer_self_consistency/structural_tsne/tmalign_inputs/length_12_macrocycle_12_0_model_190.pdb
591	12	length_12_macrocycle_12_0_model_191	/home/dkouv/work/tfr1-binder-design/experiments/007_RFD3_macrocycles/monomer_self_consistency/rfd3_backbones/length_12/length_12_macrocycle_12_0_model_191.cif.gz	/home/dkouv/work/tfr1-binder-design/experiments/007_RFD3_macrocycles/monomer_self_consistency/structural_tsne/tmalign_inputs/length_12_macrocycle_12_0_model_191.pdb
592	12	length_12_macrocycle_12_0_model_192	/home/dkouv/work/tfr1-binder-design/experiments/007_RFD3_macrocycles/monomer_self_consistency/rfd3_backbones/length_12/length_12_macrocycle_12_0_model_192.cif.gz	/home/dkouv/work/tfr1-binder-design/experiments/007_RFD3_macrocycles/monomer_self_consistency/structural_tsne/tmalign_inputs/length_12_macrocycle_12_0_model_192.pdb
593	12	length_12_macrocycle_12_0_model_193	/home/dkouv/work/tfr1-binder-design/experiments/007_RFD3_macrocycles/monomer_self_consistency/rfd3_backbones/length_12/length_12_macrocycle_12_0_model_193.cif.gz	/home/dkouv/work/tfr1-binder-design/experiments/007_RFD3_macrocycles/monomer_self_consistency/structural_tsne/tmalign_inputs/length_12_macrocycle_12_0_model_193.pdb
594	12	length_12_macrocycle_12_0_model_194	/home/dkouv/work/tfr1-binder-design/experiments/007_RFD3_macrocycles/monomer_self_consistency/rfd3_backbones/length_12/length_12_macrocycle_12_0_model_194.cif.gz	/home/dkouv/work/tfr1-binder-design/experiments/007_RFD3_macrocycles/monomer_self_consistency/structural_tsne/tmalign_inputs/length_12_macrocycle_12_0_model_194.pdb
595	12	length_12_macrocycle_12_0_model_195	/home/dkouv/work/tfr1-binder-design/experiments/007_RFD3_macrocycles/monomer_self_consistency/rfd3_backbones/length_12/length_12_macrocycle_12_0_model_195.cif.gz	/home/dkouv/work/tfr1-binder-design/experiments/007_RFD3_macrocycles/monomer_self_consistency/structural_tsne/tmalign_inputs/length_12_macrocycle_12_0_model_195.pdb
596	12	length_12_macrocycle_12_0_model_196	/home/dkouv/work/tfr1-binder-design/experiments/007_RFD3_macrocycles/monomer_self_consistency/rfd3_backbones/length_12/length_12_macrocycle_12_0_model_196.cif.gz	/home/dkouv/work/tfr1-binder-design/experiments/007_RFD3_macrocycles/monomer_self_consistency/structural_tsne/tmalign_inputs/length_12_macrocycle_12_0_model_196.pdb
597	12	length_12_macrocycle_12_0_model_197	/home/dkouv/work/tfr1-binder-design/experiments/007_RFD3_macrocycles/monomer_self_consistency/rfd3_backbones/length_12/length_12_macrocycle_12_0_model_197.cif.gz	/home/dkouv/work/tfr1-binder-design/experiments/007_RFD3_macrocycles/monomer_self_consistency/structural_tsne/tmalign_inputs/length_12_macrocycle_12_0_model_197.pdb
598	12	length_12_macrocycle_12_0_model_198	/home/dkouv/work/tfr1-binder-design/experiments/007_RFD3_macrocycles/monomer_self_consistency/rfd3_backbones/length_12/length_12_macrocycle_12_0_model_198.cif.gz	/home/dkouv/work/tfr1-binder-design/experiments/007_RFD3_macrocycles/monomer_self_consistency/structural_tsne/tmalign_inputs/length_12_macrocycle_12_0_model_198.pdb
599	12	length_12_macrocycle_12_0_model_199	/home/dkouv/work/tfr1-binder-design/experiments/007_RFD3_macrocycles/monomer_self_consistency/rfd3_backbones/length_12/length_12_macrocycle_12_0_model_199.cif.gz	/home/dkouv/work/tfr1-binder-design/experiments/007_RFD3_macrocycles/monomer_self_consistency/structural_tsne/tmalign_inputs/length_12_macrocycle_12_0_model_199.pdb
600	14	length_14_macrocycle_14_0_model_0	/home/dkouv/work/tfr1-binder-design/experiments/007_RFD3_macrocycles/monomer_self_consistency/rfd3_backbones/length_14/length_14_macrocycle_14_0_model_0.cif.gz	/home/dkouv/work/tfr1-binder-design/experiments/007_RFD3_macrocycles/monomer_self_consistency/structural_tsne/tmalign_inputs/length_14_macrocycle_14_0_model_0.pdb
601	14	length_14_macrocycle_14_0_model_1	/home/dkouv/work/tfr1-binder-design/experiments/007_RFD3_macrocycles/monomer_self_consistency/rfd3_backbones/length_14/length_14_macrocycle_14_0_model_1.cif.gz	/home/dkouv/work/tfr1-binder-design/experiments/007_RFD3_macrocycles/monomer_self_consistency/structural_tsne/tmalign_inputs/length_14_macrocycle_14_0_model_1.pdb
602	14	length_14_macrocycle_14_0_model_2	/home/dkouv/work/tfr1-binder-design/experiments/007_RFD3_macrocycles/monomer_self_consistency/rfd3_backbones/length_14/length_14_macrocycle_14_0_model_2.cif.gz	/home/dkouv/work/tfr1-binder-design/experiments/007_RFD3_macrocycles/monomer_self_consistency/structural_tsne/tmalign_inputs/length_14_macrocycle_14_0_model_2.pdb
603	14	length_14_macrocycle_14_0_model_3	/home/dkouv/work/tfr1-binder-design/experiments/007_RFD3_macrocycles/monomer_self_consistency/rfd3_backbones/length_14/length_14_macrocycle_14_0_model_3.cif.gz	/home/dkouv/work/tfr1-binder-design/experiments/007_RFD3_macrocycles/monomer_self_consistency/structural_tsne/tmalign_inputs/length_14_macrocycle_14_0_model_3.pdb
604	14	length_14_macrocycle_14_0_model_4	/home/dkouv/work/tfr1-binder-design/experiments/007_RFD3_macrocycles/monomer_self_consistency/rfd3_backbones/length_14/length_14_macrocycle_14_0_model_4.cif.gz	/home/dkouv/work/tfr1-binder-design/experiments/007_RFD3_macrocycles/monomer_self_consistency/structural_tsne/tmalign_inputs/length_14_macrocycle_14_0_model_4.pdb
605	14	length_14_macrocycle_14_0_model_5	/home/dkouv/work/tfr1-binder-design/experiments/007_RFD3_macrocycles/monomer_self_consistency/rfd3_backbones/length_14/length_14_macrocycle_14_0_model_5.cif.gz	/home/dkouv/work/tfr1-binder-design/experiments/007_RFD3_macrocycles/monomer_self_consistency/structural_tsne/tmalign_inputs/length_14_macrocycle_14_0_model_5.pdb
606	14	length_14_macrocycle_14_0_model_6	/home/dkouv/work/tfr1-binder-design/experiments/007_RFD3_macrocycles/monomer_self_consistency/rfd3_backbones/length_14/length_14_macrocycle_14_0_model_6.cif.gz	/home/dkouv/work/tfr1-binder-design/experiments/007_RFD3_macrocycles/monomer_self_consistency/structural_tsne/tmalign_inputs/length_14_macrocycle_14_0_model_6.pdb
607	14	length_14_macrocycle_14_0_model_7	/home/dkouv/work/tfr1-binder-design/experiments/007_RFD3_macrocycles/monomer_self_consistency/rfd3_backbones/length_14/length_14_macrocycle_14_0_model_7.cif.gz	/home/dkouv/work/tfr1-binder-design/experiments/007_RFD3_macrocycles/monomer_self_consistency/structural_tsne/tmalign_inputs/length_14_macrocycle_14_0_model_7.pdb
608	14	length_14_macrocycle_14_0_model_8	/home/dkouv/work/tfr1-binder-design/experiments/007_RFD3_macrocycles/monomer_self_consistency/rfd3_backbones/length_14/length_14_macrocycle_14_0_model_8.cif.gz	/home/dkouv/work/tfr1-binder-design/experiments/007_RFD3_macrocycles/monomer_self_consistency/structural_tsne/tmalign_inputs/length_14_macrocycle_14_0_model_8.pdb
609	14	length_14_macrocycle_14_0_model_9	/home/dkouv/work/tfr1-binder-design/experiments/007_RFD3_macrocycles/monomer_self_consistency/rfd3_backbones/length_14/length_14_macrocycle_14_0_model_9.cif.gz	/home/dkouv/work/tfr1-binder-design/experiments/007_RFD3_macrocycles/monomer_self_consistency/structural_tsne/tmalign_inputs/length_14_macrocycle_14_0_model_9.pdb
610	14	length_14_macrocycle_14_0_model_10	/home/dkouv/work/tfr1-binder-design/experiments/007_RFD3_macrocycles/monomer_self_consistency/rfd3_backbones/length_14/length_14_macrocycle_14_0_model_10.cif.gz	/home/dkouv/work/tfr1-binder-design/experiments/007_RFD3_macrocycles/monomer_self_consistency/structural_tsne/tmalign_inputs/length_14_macrocycle_14_0_model_10.pdb
611	14	length_14_macrocycle_14_0_model_11	/home/dkouv/work/tfr1-binder-design/experiments/007_RFD3_macrocycles/monomer_self_consistency/rfd3_backbones/length_14/length_14_macrocycle_14_0_model_11.cif.gz	/home/dkouv/work/tfr1-binder-design/experiments/007_RFD3_macrocycles/monomer_self_consistency/structural_tsne/tmalign_inputs/length_14_macrocycle_14_0_model_11.pdb
612	14	length_14_macrocycle_14_0_model_12	/home/dkouv/work/tfr1-binder-design/experiments/007_RFD3_macrocycles/monomer_self_consistency/rfd3_backbones/length_14/length_14_macrocycle_14_0_model_12.cif.gz	/home/dkouv/work/tfr1-binder-design/experiments/007_RFD3_macrocycles/monomer_self_consistency/structural_tsne/tmalign_inputs/length_14_macrocycle_14_0_model_12.pdb
613	14	length_14_macrocycle_14_0_model_13	/home/dkouv/work/tfr1-binder-design/experiments/007_RFD3_macrocycles/monomer_self_consistency/rfd3_backbones/length_14/length_14_macrocycle_14_0_model_13.cif.gz	/home/dkouv/work/tfr1-binder-design/experiments/007_RFD3_macrocycles/monomer_self_consistency/structural_tsne/tmalign_inputs/length_14_macrocycle_14_0_model_13.pdb
614	14	length_14_macrocycle_14_0_model_14	/home/dkouv/work/tfr1-binder-design/experiments/007_RFD3_macrocycles/monomer_self_consistency/rfd3_backbones/length_14/length_14_macrocycle_14_0_model_14.cif.gz	/home/dkouv/work/tfr1-binder-design/experiments/007_RFD3_macrocycles/monomer_self_consistency/structural_tsne/tmalign_inputs/length_14_macrocycle_14_0_model_14.pdb
615	14	length_14_macrocycle_14_0_model_15	/home/dkouv/work/tfr1-binder-design/experiments/007_RFD3_macrocycles/monomer_self_consistency/rfd3_backbones/length_14/length_14_macrocycle_14_0_model_15.cif.gz	/home/dkouv/work/tfr1-binder-design/experiments/007_RFD3_macrocycles/monomer_self_consistency/structural_tsne/tmalign_inputs/length_14_macrocycle_14_0_model_15.pdb
616	14	length_14_macrocycle_14_0_model_16	/home/dkouv/work/tfr1-binder-design/experiments/007_RFD3_macrocycles/monomer_self_consistency/rfd3_backbones/length_14/length_14_macrocycle_14_0_model_16.cif.gz	/home/dkouv/work/tfr1-binder-design/experiments/007_RFD3_macrocycles/monomer_self_consistency/structural_tsne/tmalign_inputs/length_14_macrocycle_14_0_model_16.pdb
617	14	length_14_macrocycle_14_0_model_17	/home/dkouv/work/tfr1-binder-design/experiments/007_RFD3_macrocycles/monomer_self_consistency/rfd3_backbones/length_14/length_14_macrocycle_14_0_model_17.cif.gz	/home/dkouv/work/tfr1-binder-design/experiments/007_RFD3_macrocycles/monomer_self_consistency/structural_tsne/tmalign_inputs/length_14_macrocycle_14_0_model_17.pdb
618	14	length_14_macrocycle_14_0_model_18	/home/dkouv/work/tfr1-binder-design/experiments/007_RFD3_macrocycles/monomer_self_consistency/rfd3_backbones/length_14/length_14_macrocycle_14_0_model_18.cif.gz	/home/dkouv/work/tfr1-binder-design/experiments/007_RFD3_macrocycles/monomer_self_consistency/structural_tsne/tmalign_inputs/length_14_macrocycle_14_0_model_18.pdb
619	14	length_14_macrocycle_14_0_model_19	/home/dkouv/work/tfr1-binder-design/experiments/007_RFD3_macrocycles/monomer_self_consistency/rfd3_backbones/length_14/length_14_macrocycle_14_0_model_19.cif.gz	/home/dkouv/work/tfr1-binder-design/experiments/007_RFD3_macrocycles/monomer_self_consistency/structural_tsne/tmalign_inputs/length_14_macrocycle_14_0_model_19.pdb
620	14	length_14_macrocycle_14_0_model_20	/home/dkouv/work/tfr1-binder-design/experiments/007_RFD3_macrocycles/monomer_self_consistency/rfd3_backbones/length_14/length_14_macrocycle_14_0_model_20.cif.gz	/home/dkouv/work/tfr1-binder-design/experiments/007_RFD3_macrocycles/monomer_self_consistency/structural_tsne/tmalign_inputs/length_14_macrocycle_14_0_model_20.pdb
621	14	length_14_macrocycle_14_0_model_21	/home/dkouv/work/tfr1-binder-design/experiments/007_RFD3_macrocycles/monomer_self_consistency/rfd3_backbones/length_14/length_14_macrocycle_14_0_model_21.cif.gz	/home/dkouv/work/tfr1-binder-design/experiments/007_RFD3_macrocycles/monomer_self_consistency/structural_tsne/tmalign_inputs/length_14_macrocycle_14_0_model_21.pdb
622	14	length_14_macrocycle_14_0_model_22	/home/dkouv/work/tfr1-binder-design/experiments/007_RFD3_macrocycles/monomer_self_consistency/rfd3_backbones/length_14/length_14_macrocycle_14_0_model_22.cif.gz	/home/dkouv/work/tfr1-binder-design/experiments/007_RFD3_macrocycles/monomer_self_consistency/structural_tsne/tmalign_inputs/length_14_macrocycle_14_0_model_22.pdb
623	14	length_14_macrocycle_14_0_model_23	/home/dkouv/work/tfr1-binder-design/experiments/007_RFD3_macrocycles/monomer_self_consistency/rfd3_backbones/length_14/length_14_macrocycle_14_0_model_23.cif.gz	/home/dkouv/work/tfr1-binder-design/experiments/007_RFD3_macrocycles/monomer_self_consistency/structural_tsne/tmalign_inputs/length_14_macrocycle_14_0_model_23.pdb
624	14	length_14_macrocycle_14_0_model_24	/home/dkouv/work/tfr1-binder-design/experiments/007_RFD3_macrocycles/monomer_self_consistency/rfd3_backbones/length_14/length_14_macrocycle_14_0_model_24.cif.gz	/home/dkouv/work/tfr1-binder-design/experiments/007_RFD3_macrocycles/monomer_self_consistency/structural_tsne/tmalign_inputs/length_14_macrocycle_14_0_model_24.pdb
625	14	length_14_macrocycle_14_0_model_25	/home/dkouv/work/tfr1-binder-design/experiments/007_RFD3_macrocycles/monomer_self_consistency/rfd3_backbones/length_14/length_14_macrocycle_14_0_model_25.cif.gz	/home/dkouv/work/tfr1-binder-design/experiments/007_RFD3_macrocycles/monomer_self_consistency/structural_tsne/tmalign_inputs/length_14_macrocycle_14_0_model_25.pdb
626	14	length_14_macrocycle_14_0_model_26	/home/dkouv/work/tfr1-binder-design/experiments/007_RFD3_macrocycles/monomer_self_consistency/rfd3_backbones/length_14/length_14_macrocycle_14_0_model_26.cif.gz	/home/dkouv/work/tfr1-binder-design/experiments/007_RFD3_macrocycles/monomer_self_consistency/structural_tsne/tmalign_inputs/length_14_macrocycle_14_0_model_26.pdb
627	14	length_14_macrocycle_14_0_model_27	/home/dkouv/work/tfr1-binder-design/experiments/007_RFD3_macrocycles/monomer_self_consistency/rfd3_backbones/length_14/length_14_macrocycle_14_0_model_27.cif.gz	/home/dkouv/work/tfr1-binder-design/experiments/007_RFD3_macrocycles/monomer_self_consistency/structural_tsne/tmalign_inputs/length_14_macrocycle_14_0_model_27.pdb
628	14	length_14_macrocycle_14_0_model_28	/home/dkouv/work/tfr1-binder-design/experiments/007_RFD3_macrocycles/monomer_self_consistency/rfd3_backbones/length_14/length_14_macrocycle_14_0_model_28.cif.gz	/home/dkouv/work/tfr1-binder-design/experiments/007_RFD3_macrocycles/monomer_self_consistency/structural_tsne/tmalign_inputs/length_14_macrocycle_14_0_model_28.pdb
629	14	length_14_macrocycle_14_0_model_29	/home/dkouv/work/tfr1-binder-design/experiments/007_RFD3_macrocycles/monomer_self_consistency/rfd3_backbones/length_14/length_14_macrocycle_14_0_model_29.cif.gz	/home/dkouv/work/tfr1-binder-design/experiments/007_RFD3_macrocycles/monomer_self_consistency/structural_tsne/tmalign_inputs/length_14_macrocycle_14_0_model_29.pdb
630	14	length_14_macrocycle_14_0_model_30	/home/dkouv/work/tfr1-binder-design/experiments/007_RFD3_macrocycles/monomer_self_consistency/rfd3_backbones/length_14/length_14_macrocycle_14_0_model_30.cif.gz	/home/dkouv/work/tfr1-binder-design/experiments/007_RFD3_macrocycles/monomer_self_consistency/structural_tsne/tmalign_inputs/length_14_macrocycle_14_0_model_30.pdb
631	14	length_14_macrocycle_14_0_model_31	/home/dkouv/work/tfr1-binder-design/experiments/007_RFD3_macrocycles/monomer_self_consistency/rfd3_backbones/length_14/length_14_macrocycle_14_0_model_31.cif.gz	/home/dkouv/work/tfr1-binder-design/experiments/007_RFD3_macrocycles/monomer_self_consistency/structural_tsne/tmalign_inputs/length_14_macrocycle_14_0_model_31.pdb
632	14	length_14_macrocycle_14_0_model_32	/home/dkouv/work/tfr1-binder-design/experiments/007_RFD3_macrocycles/monomer_self_consistency/rfd3_backbones/length_14/length_14_macrocycle_14_0_model_32.cif.gz	/home/dkouv/work/tfr1-binder-design/experiments/007_RFD3_macrocycles/monomer_self_consistency/structural_tsne/tmalign_inputs/length_14_macrocycle_14_0_model_32.pdb
633	14	length_14_macrocycle_14_0_model_33	/home/dkouv/work/tfr1-binder-design/experiments/007_RFD3_macrocycles/monomer_self_consistency/rfd3_backbones/length_14/length_14_macrocycle_14_0_model_33.cif.gz	/home/dkouv/work/tfr1-binder-design/experiments/007_RFD3_macrocycles/monomer_self_consistency/structural_tsne/tmalign_inputs/length_14_macrocycle_14_0_model_33.pdb
634	14	length_14_macrocycle_14_0_model_34	/home/dkouv/work/tfr1-binder-design/experiments/007_RFD3_macrocycles/monomer_self_consistency/rfd3_backbones/length_14/length_14_macrocycle_14_0_model_34.cif.gz	/home/dkouv/work/tfr1-binder-design/experiments/007_RFD3_macrocycles/monomer_self_consistency/structural_tsne/tmalign_inputs/length_14_macrocycle_14_0_model_34.pdb
635	14	length_14_macrocycle_14_0_model_35	/home/dkouv/work/tfr1-binder-design/experiments/007_RFD3_macrocycles/monomer_self_consistency/rfd3_backbones/length_14/length_14_macrocycle_14_0_model_35.cif.gz	/home/dkouv/work/tfr1-binder-design/experiments/007_RFD3_macrocycles/monomer_self_consistency/structural_tsne/tmalign_inputs/length_14_macrocycle_14_0_model_35.pdb
636	14	length_14_macrocycle_14_0_model_36	/home/dkouv/work/tfr1-binder-design/experiments/007_RFD3_macrocycles/monomer_self_consistency/rfd3_backbones/length_14/length_14_macrocycle_14_0_model_36.cif.gz	/home/dkouv/work/tfr1-binder-design/experiments/007_RFD3_macrocycles/monomer_self_consistency/structural_tsne/tmalign_inputs/length_14_macrocycle_14_0_model_36.pdb
637	14	length_14_macrocycle_14_0_model_37	/home/dkouv/work/tfr1-binder-design/experiments/007_RFD3_macrocycles/monomer_self_consistency/rfd3_backbones/length_14/length_14_macrocycle_14_0_model_37.cif.gz	/home/dkouv/work/tfr1-binder-design/experiments/007_RFD3_macrocycles/monomer_self_consistency/structural_tsne/tmalign_inputs/length_14_macrocycle_14_0_model_37.pdb
638	14	length_14_macrocycle_14_0_model_38	/home/dkouv/work/tfr1-binder-design/experiments/007_RFD3_macrocycles/monomer_self_consistency/rfd3_backbones/length_14/length_14_macrocycle_14_0_model_38.cif.gz	/home/dkouv/work/tfr1-binder-design/experiments/007_RFD3_macrocycles/monomer_self_consistency/structural_tsne/tmalign_inputs/length_14_macrocycle_14_0_model_38.pdb
639	14	length_14_macrocycle_14_0_model_39	/home/dkouv/work/tfr1-binder-design/experiments/007_RFD3_macrocycles/monomer_self_consistency/rfd3_backbones/length_14/length_14_macrocycle_14_0_model_39.cif.gz	/home/dkouv/work/tfr1-binder-design/experiments/007_RFD3_macrocycles/monomer_self_consistency/structural_tsne/tmalign_inputs/length_14_macrocycle_14_0_model_39.pdb
640	14	length_14_macrocycle_14_0_model_40	/home/dkouv/work/tfr1-binder-design/experiments/007_RFD3_macrocycles/monomer_self_consistency/rfd3_backbones/length_14/length_14_macrocycle_14_0_model_40.cif.gz	/home/dkouv/work/tfr1-binder-design/experiments/007_RFD3_macrocycles/monomer_self_consistency/structural_tsne/tmalign_inputs/length_14_macrocycle_14_0_model_40.pdb
641	14	length_14_macrocycle_14_0_model_41	/home/dkouv/work/tfr1-binder-design/experiments/007_RFD3_macrocycles/monomer_self_consistency/rfd3_backbones/length_14/length_14_macrocycle_14_0_model_41.cif.gz	/home/dkouv/work/tfr1-binder-design/experiments/007_RFD3_macrocycles/monomer_self_consistency/structural_tsne/tmalign_inputs/length_14_macrocycle_14_0_model_41.pdb
642	14	length_14_macrocycle_14_0_model_42	/home/dkouv/work/tfr1-binder-design/experiments/007_RFD3_macrocycles/monomer_self_consistency/rfd3_backbones/length_14/length_14_macrocycle_14_0_model_42.cif.gz	/home/dkouv/work/tfr1-binder-design/experiments/007_RFD3_macrocycles/monomer_self_consistency/structural_tsne/tmalign_inputs/length_14_macrocycle_14_0_model_42.pdb
643	14	length_14_macrocycle_14_0_model_43	/home/dkouv/work/tfr1-binder-design/experiments/007_RFD3_macrocycles/monomer_self_consistency/rfd3_backbones/length_14/length_14_macrocycle_14_0_model_43.cif.gz	/home/dkouv/work/tfr1-binder-design/experiments/007_RFD3_macrocycles/monomer_self_consistency/structural_tsne/tmalign_inputs/length_14_macrocycle_14_0_model_43.pdb
644	14	length_14_macrocycle_14_0_model_44	/home/dkouv/work/tfr1-binder-design/experiments/007_RFD3_macrocycles/monomer_self_consistency/rfd3_backbones/length_14/length_14_macrocycle_14_0_model_44.cif.gz	/home/dkouv/work/tfr1-binder-design/experiments/007_RFD3_macrocycles/monomer_self_consistency/structural_tsne/tmalign_inputs/length_14_macrocycle_14_0_model_44.pdb
645	14	length_14_macrocycle_14_0_model_45	/home/dkouv/work/tfr1-binder-design/experiments/007_RFD3_macrocycles/monomer_self_consistency/rfd3_backbones/length_14/length_14_macrocycle_14_0_model_45.cif.gz	/home/dkouv/work/tfr1-binder-design/experiments/007_RFD3_macrocycles/monomer_self_consistency/structural_tsne/tmalign_inputs/length_14_macrocycle_14_0_model_45.pdb
646	14	length_14_macrocycle_14_0_model_46	/home/dkouv/work/tfr1-binder-design/experiments/007_RFD3_macrocycles/monomer_self_consistency/rfd3_backbones/length_14/length_14_macrocycle_14_0_model_46.cif.gz	/home/dkouv/work/tfr1-binder-design/experiments/007_RFD3_macrocycles/monomer_self_consistency/structural_tsne/tmalign_inputs/length_14_macrocycle_14_0_model_46.pdb
647	14	length_14_macrocycle_14_0_model_47	/home/dkouv/work/tfr1-binder-design/experiments/007_RFD3_macrocycles/monomer_self_consistency/rfd3_backbones/length_14/length_14_macrocycle_14_0_model_47.cif.gz	/home/dkouv/work/tfr1-binder-design/experiments/007_RFD3_macrocycles/monomer_self_consistency/structural_tsne/tmalign_inputs/length_14_macrocycle_14_0_model_47.pdb
648	14	length_14_macrocycle_14_0_model_48	/home/dkouv/work/tfr1-binder-design/experiments/007_RFD3_macrocycles/monomer_self_consistency/rfd3_backbones/length_14/length_14_macrocycle_14_0_model_48.cif.gz	/home/dkouv/work/tfr1-binder-design/experiments/007_RFD3_macrocycles/monomer_self_consistency/structural_tsne/tmalign_inputs/length_14_macrocycle_14_0_model_48.pdb
649	14	length_14_macrocycle_14_0_model_49	/home/dkouv/work/tfr1-binder-design/experiments/007_RFD3_macrocycles/monomer_self_consistency/rfd3_backbones/length_14/length_14_macrocycle_14_0_model_49.cif.gz	/home/dkouv/work/tfr1-binder-design/experiments/007_RFD3_macrocycles/monomer_self_consistency/structural_tsne/tmalign_inputs/length_14_macrocycle_14_0_model_49.pdb
650	14	length_14_macrocycle_14_0_model_50	/home/dkouv/work/tfr1-binder-design/experiments/007_RFD3_macrocycles/monomer_self_consistency/rfd3_backbones/length_14/length_14_macrocycle_14_0_model_50.cif.gz	/home/dkouv/work/tfr1-binder-design/experiments/007_RFD3_macrocycles/monomer_self_consistency/structural_tsne/tmalign_inputs/length_14_macrocycle_14_0_model_50.pdb
651	14	length_14_macrocycle_14_0_model_51	/home/dkouv/work/tfr1-binder-design/experiments/007_RFD3_macrocycles/monomer_self_consistency/rfd3_backbones/length_14/length_14_macrocycle_14_0_model_51.cif.gz	/home/dkouv/work/tfr1-binder-design/experiments/007_RFD3_macrocycles/monomer_self_consistency/structural_tsne/tmalign_inputs/length_14_macrocycle_14_0_model_51.pdb
652	14	length_14_macrocycle_14_0_model_52	/home/dkouv/work/tfr1-binder-design/experiments/007_RFD3_macrocycles/monomer_self_consistency/rfd3_backbones/length_14/length_14_macrocycle_14_0_model_52.cif.gz	/home/dkouv/work/tfr1-binder-design/experiments/007_RFD3_macrocycles/monomer_self_consistency/structural_tsne/tmalign_inputs/length_14_macrocycle_14_0_model_52.pdb
653	14	length_14_macrocycle_14_0_model_53	/home/dkouv/work/tfr1-binder-design/experiments/007_RFD3_macrocycles/monomer_self_consistency/rfd3_backbones/length_14/length_14_macrocycle_14_0_model_53.cif.gz	/home/dkouv/work/tfr1-binder-design/experiments/007_RFD3_macrocycles/monomer_self_consistency/structural_tsne/tmalign_inputs/length_14_macrocycle_14_0_model_53.pdb
654	14	length_14_macrocycle_14_0_model_54	/home/dkouv/work/tfr1-binder-design/experiments/007_RFD3_macrocycles/monomer_self_consistency/rfd3_backbones/length_14/length_14_macrocycle_14_0_model_54.cif.gz	/home/dkouv/work/tfr1-binder-design/experiments/007_RFD3_macrocycles/monomer_self_consistency/structural_tsne/tmalign_inputs/length_14_macrocycle_14_0_model_54.pdb
655	14	length_14_macrocycle_14_0_model_55	/home/dkouv/work/tfr1-binder-design/experiments/007_RFD3_macrocycles/monomer_self_consistency/rfd3_backbones/length_14/length_14_macrocycle_14_0_model_55.cif.gz	/home/dkouv/work/tfr1-binder-design/experiments/007_RFD3_macrocycles/monomer_self_consistency/structural_tsne/tmalign_inputs/length_14_macrocycle_14_0_model_55.pdb
656	14	length_14_macrocycle_14_0_model_56	/home/dkouv/work/tfr1-binder-design/experiments/007_RFD3_macrocycles/monomer_self_consistency/rfd3_backbones/length_14/length_14_macrocycle_14_0_model_56.cif.gz	/home/dkouv/work/tfr1-binder-design/experiments/007_RFD3_macrocycles/monomer_self_consistency/structural_tsne/tmalign_inputs/length_14_macrocycle_14_0_model_56.pdb
657	14	length_14_macrocycle_14_0_model_57	/home/dkouv/work/tfr1-binder-design/experiments/007_RFD3_macrocycles/monomer_self_consistency/rfd3_backbones/length_14/length_14_macrocycle_14_0_model_57.cif.gz	/home/dkouv/work/tfr1-binder-design/experiments/007_RFD3_macrocycles/monomer_self_consistency/structural_tsne/tmalign_inputs/length_14_macrocycle_14_0_model_57.pdb
658	14	length_14_macrocycle_14_0_model_58	/home/dkouv/work/tfr1-binder-design/experiments/007_RFD3_macrocycles/monomer_self_consistency/rfd3_backbones/length_14/length_14_macrocycle_14_0_model_58.cif.gz	/home/dkouv/work/tfr1-binder-design/experiments/007_RFD3_macrocycles/monomer_self_consistency/structural_tsne/tmalign_inputs/length_14_macrocycle_14_0_model_58.pdb
659	14	length_14_macrocycle_14_0_model_59	/home/dkouv/work/tfr1-binder-design/experiments/007_RFD3_macrocycles/monomer_self_consistency/rfd3_backbones/length_14/length_14_macrocycle_14_0_model_59.cif.gz	/home/dkouv/work/tfr1-binder-design/experiments/007_RFD3_macrocycles/monomer_self_consistency/structural_tsne/tmalign_inputs/length_14_macrocycle_14_0_model_59.pdb
660	14	length_14_macrocycle_14_0_model_60	/home/dkouv/work/tfr1-binder-design/experiments/007_RFD3_macrocycles/monomer_self_consistency/rfd3_backbones/length_14/length_14_macrocycle_14_0_model_60.cif.gz	/home/dkouv/work/tfr1-binder-design/experiments/007_RFD3_macrocycles/monomer_self_consistency/structural_tsne/tmalign_inputs/length_14_macrocycle_14_0_model_60.pdb
661	14	length_14_macrocycle_14_0_model_61	/home/dkouv/work/tfr1-binder-design/experiments/007_RFD3_macrocycles/monomer_self_consistency/rfd3_backbones/length_14/length_14_macrocycle_14_0_model_61.cif.gz	/home/dkouv/work/tfr1-binder-design/experiments/007_RFD3_macrocycles/monomer_self_consistency/structural_tsne/tmalign_inputs/length_14_macrocycle_14_0_model_61.pdb
662	14	length_14_macrocycle_14_0_model_62	/home/dkouv/work/tfr1-binder-design/experiments/007_RFD3_macrocycles/monomer_self_consistency/rfd3_backbones/length_14/length_14_macrocycle_14_0_model_62.cif.gz	/home/dkouv/work/tfr1-binder-design/experiments/007_RFD3_macrocycles/monomer_self_consistency/structural_tsne/tmalign_inputs/length_14_macrocycle_14_0_model_62.pdb
663	14	length_14_macrocycle_14_0_model_63	/home/dkouv/work/tfr1-binder-design/experiments/007_RFD3_macrocycles/monomer_self_consistency/rfd3_backbones/length_14/length_14_macrocycle_14_0_model_63.cif.gz	/home/dkouv/work/tfr1-binder-design/experiments/007_RFD3_macrocycles/monomer_self_consistency/structural_tsne/tmalign_inputs/length_14_macrocycle_14_0_model_63.pdb
664	14	length_14_macrocycle_14_0_model_64	/home/dkouv/work/tfr1-binder-design/experiments/007_RFD3_macrocycles/monomer_self_consistency/rfd3_backbones/length_14/length_14_macrocycle_14_0_model_64.cif.gz	/home/dkouv/work/tfr1-binder-design/experiments/007_RFD3_macrocycles/monomer_self_consistency/structural_tsne/tmalign_inputs/length_14_macrocycle_14_0_model_64.pdb
665	14	length_14_macrocycle_14_0_model_65	/home/dkouv/work/tfr1-binder-design/experiments/007_RFD3_macrocycles/monomer_self_consistency/rfd3_backbones/length_14/length_14_macrocycle_14_0_model_65.cif.gz	/home/dkouv/work/tfr1-binder-design/experiments/007_RFD3_macrocycles/monomer_self_consistency/structural_tsne/tmalign_inputs/length_14_macrocycle_14_0_model_65.pdb
666	14	length_14_macrocycle_14_0_model_66	/home/dkouv/work/tfr1-binder-design/experiments/007_RFD3_macrocycles/monomer_self_consistency/rfd3_backbones/length_14/length_14_macrocycle_14_0_model_66.cif.gz	/home/dkouv/work/tfr1-binder-design/experiments/007_RFD3_macrocycles/monomer_self_consistency/structural_tsne/tmalign_inputs/length_14_macrocycle_14_0_model_66.pdb
667	14	length_14_macrocycle_14_0_model_67	/home/dkouv/work/tfr1-binder-design/experiments/007_RFD3_macrocycles/monomer_self_consistency/rfd3_backbones/length_14/length_14_macrocycle_14_0_model_67.cif.gz	/home/dkouv/work/tfr1-binder-design/experiments/007_RFD3_macrocycles/monomer_self_consistency/structural_tsne/tmalign_inputs/length_14_macrocycle_14_0_model_67.pdb
668	14	length_14_macrocycle_14_0_model_68	/home/dkouv/work/tfr1-binder-design/experiments/007_RFD3_macrocycles/monomer_self_consistency/rfd3_backbones/length_14/length_14_macrocycle_14_0_model_68.cif.gz	/home/dkouv/work/tfr1-binder-design/experiments/007_RFD3_macrocycles/monomer_self_consistency/structural_tsne/tmalign_inputs/length_14_macrocycle_14_0_model_68.pdb
669	14	length_14_macrocycle_14_0_model_69	/home/dkouv/work/tfr1-binder-design/experiments/007_RFD3_macrocycles/monomer_self_consistency/rfd3_backbones/length_14/length_14_macrocycle_14_0_model_69.cif.gz	/home/dkouv/work/tfr1-binder-design/experiments/007_RFD3_macrocycles/monomer_self_consistency/structural_tsne/tmalign_inputs/length_14_macrocycle_14_0_model_69.pdb
670	14	length_14_macrocycle_14_0_model_70	/home/dkouv/work/tfr1-binder-design/experiments/007_RFD3_macrocycles/monomer_self_consistency/rfd3_backbones/length_14/length_14_macrocycle_14_0_model_70.cif.gz	/home/dkouv/work/tfr1-binder-design/experiments/007_RFD3_macrocycles/monomer_self_consistency/structural_tsne/tmalign_inputs/length_14_macrocycle_14_0_model_70.pdb
671	14	length_14_macrocycle_14_0_model_71	/home/dkouv/work/tfr1-binder-design/experiments/007_RFD3_macrocycles/monomer_self_consistency/rfd3_backbones/length_14/length_14_macrocycle_14_0_model_71.cif.gz	/home/dkouv/work/tfr1-binder-design/experiments/007_RFD3_macrocycles/monomer_self_consistency/structural_tsne/tmalign_inputs/length_14_macrocycle_14_0_model_71.pdb
672	14	length_14_macrocycle_14_0_model_72	/home/dkouv/work/tfr1-binder-design/experiments/007_RFD3_macrocycles/monomer_self_consistency/rfd3_backbones/length_14/length_14_macrocycle_14_0_model_72.cif.gz	/home/dkouv/work/tfr1-binder-design/experiments/007_RFD3_macrocycles/monomer_self_consistency/structural_tsne/tmalign_inputs/length_14_macrocycle_14_0_model_72.pdb
673	14	length_14_macrocycle_14_0_model_73	/home/dkouv/work/tfr1-binder-design/experiments/007_RFD3_macrocycles/monomer_self_consistency/rfd3_backbones/length_14/length_14_macrocycle_14_0_model_73.cif.gz	/home/dkouv/work/tfr1-binder-design/experiments/007_RFD3_macrocycles/monomer_self_consistency/structural_tsne/tmalign_inputs/length_14_macrocycle_14_0_model_73.pdb
674	14	length_14_macrocycle_14_0_model_74	/home/dkouv/work/tfr1-binder-design/experiments/007_RFD3_macrocycles/monomer_self_consistency/rfd3_backbones/length_14/length_14_macrocycle_14_0_model_74.cif.gz	/home/dkouv/work/tfr1-binder-design/experiments/007_RFD3_macrocycles/monomer_self_consistency/structural_tsne/tmalign_inputs/length_14_macrocycle_14_0_model_74.pdb
675	14	length_14_macrocycle_14_0_model_75	/home/dkouv/work/tfr1-binder-design/experiments/007_RFD3_macrocycles/monomer_self_consistency/rfd3_backbones/length_14/length_14_macrocycle_14_0_model_75.cif.gz	/home/dkouv/work/tfr1-binder-design/experiments/007_RFD3_macrocycles/monomer_self_consistency/structural_tsne/tmalign_inputs/length_14_macrocycle_14_0_model_75.pdb
676	14	length_14_macrocycle_14_0_model_76	/home/dkouv/work/tfr1-binder-design/experiments/007_RFD3_macrocycles/monomer_self_consistency/rfd3_backbones/length_14/length_14_macrocycle_14_0_model_76.cif.gz	/home/dkouv/work/tfr1-binder-design/experiments/007_RFD3_macrocycles/monomer_self_consistency/structural_tsne/tmalign_inputs/length_14_macrocycle_14_0_model_76.pdb
677	14	length_14_macrocycle_14_0_model_77	/home/dkouv/work/tfr1-binder-design/experiments/007_RFD3_macrocycles/monomer_self_consistency/rfd3_backbones/length_14/length_14_macrocycle_14_0_model_77.cif.gz	/home/dkouv/work/tfr1-binder-design/experiments/007_RFD3_macrocycles/monomer_self_consistency/structural_tsne/tmalign_inputs/length_14_macrocycle_14_0_model_77.pdb
678	14	length_14_macrocycle_14_0_model_78	/home/dkouv/work/tfr1-binder-design/experiments/007_RFD3_macrocycles/monomer_self_consistency/rfd3_backbones/length_14/length_14_macrocycle_14_0_model_78.cif.gz	/home/dkouv/work/tfr1-binder-design/experiments/007_RFD3_macrocycles/monomer_self_consistency/structural_tsne/tmalign_inputs/length_14_macrocycle_14_0_model_78.pdb
679	14	length_14_macrocycle_14_0_model_79	/home/dkouv/work/tfr1-binder-design/experiments/007_RFD3_macrocycles/monomer_self_consistency/rfd3_backbones/length_14/length_14_macrocycle_14_0_model_79.cif.gz	/home/dkouv/work/tfr1-binder-design/experiments/007_RFD3_macrocycles/monomer_self_consistency/structural_tsne/tmalign_inputs/length_14_macrocycle_14_0_model_79.pdb
680	14	length_14_macrocycle_14_0_model_80	/home/dkouv/work/tfr1-binder-design/experiments/007_RFD3_macrocycles/monomer_self_consistency/rfd3_backbones/length_14/length_14_macrocycle_14_0_model_80.cif.gz	/home/dkouv/work/tfr1-binder-design/experiments/007_RFD3_macrocycles/monomer_self_consistency/structural_tsne/tmalign_inputs/length_14_macrocycle_14_0_model_80.pdb
681	14	length_14_macrocycle_14_0_model_81	/home/dkouv/work/tfr1-binder-design/experiments/007_RFD3_macrocycles/monomer_self_consistency/rfd3_backbones/length_14/length_14_macrocycle_14_0_model_81.cif.gz	/home/dkouv/work/tfr1-binder-design/experiments/007_RFD3_macrocycles/monomer_self_consistency/structural_tsne/tmalign_inputs/length_14_macrocycle_14_0_model_81.pdb
682	14	length_14_macrocycle_14_0_model_82	/home/dkouv/work/tfr1-binder-design/experiments/007_RFD3_macrocycles/monomer_self_consistency/rfd3_backbones/length_14/length_14_macrocycle_14_0_model_82.cif.gz	/home/dkouv/work/tfr1-binder-design/experiments/007_RFD3_macrocycles/monomer_self_consistency/structural_tsne/tmalign_inputs/length_14_macrocycle_14_0_model_82.pdb
683	14	length_14_macrocycle_14_0_model_83	/home/dkouv/work/tfr1-binder-design/experiments/007_RFD3_macrocycles/monomer_self_consistency/rfd3_backbones/length_14/length_14_macrocycle_14_0_model_83.cif.gz	/home/dkouv/work/tfr1-binder-design/experiments/007_RFD3_macrocycles/monomer_self_consistency/structural_tsne/tmalign_inputs/length_14_macrocycle_14_0_model_83.pdb
684	14	length_14_macrocycle_14_0_model_84	/home/dkouv/work/tfr1-binder-design/experiments/007_RFD3_macrocycles/monomer_self_consistency/rfd3_backbones/length_14/length_14_macrocycle_14_0_model_84.cif.gz	/home/dkouv/work/tfr1-binder-design/experiments/007_RFD3_macrocycles/monomer_self_consistency/structural_tsne/tmalign_inputs/length_14_macrocycle_14_0_model_84.pdb
685	14	length_14_macrocycle_14_0_model_85	/home/dkouv/work/tfr1-binder-design/experiments/007_RFD3_macrocycles/monomer_self_consistency/rfd3_backbones/length_14/length_14_macrocycle_14_0_model_85.cif.gz	/home/dkouv/work/tfr1-binder-design/experiments/007_RFD3_macrocycles/monomer_self_consistency/structural_tsne/tmalign_inputs/length_14_macrocycle_14_0_model_85.pdb
686	14	length_14_macrocycle_14_0_model_86	/home/dkouv/work/tfr1-binder-design/experiments/007_RFD3_macrocycles/monomer_self_consistency/rfd3_backbones/length_14/length_14_macrocycle_14_0_model_86.cif.gz	/home/dkouv/work/tfr1-binder-design/experiments/007_RFD3_macrocycles/monomer_self_consistency/structural_tsne/tmalign_inputs/length_14_macrocycle_14_0_model_86.pdb
687	14	length_14_macrocycle_14_0_model_87	/home/dkouv/work/tfr1-binder-design/experiments/007_RFD3_macrocycles/monomer_self_consistency/rfd3_backbones/length_14/length_14_macrocycle_14_0_model_87.cif.gz	/home/dkouv/work/tfr1-binder-design/experiments/007_RFD3_macrocycles/monomer_self_consistency/structural_tsne/tmalign_inputs/length_14_macrocycle_14_0_model_87.pdb
688	14	length_14_macrocycle_14_0_model_88	/home/dkouv/work/tfr1-binder-design/experiments/007_RFD3_macrocycles/monomer_self_consistency/rfd3_backbones/length_14/length_14_macrocycle_14_0_model_88.cif.gz	/home/dkouv/work/tfr1-binder-design/experiments/007_RFD3_macrocycles/monomer_self_consistency/structural_tsne/tmalign_inputs/length_14_macrocycle_14_0_model_88.pdb
689	14	length_14_macrocycle_14_0_model_89	/home/dkouv/work/tfr1-binder-design/experiments/007_RFD3_macrocycles/monomer_self_consistency/rfd3_backbones/length_14/length_14_macrocycle_14_0_model_89.cif.gz	/home/dkouv/work/tfr1-binder-design/experiments/007_RFD3_macrocycles/monomer_self_consistency/structural_tsne/tmalign_inputs/length_14_macrocycle_14_0_model_89.pdb
690	14	length_14_macrocycle_14_0_model_90	/home/dkouv/work/tfr1-binder-design/experiments/007_RFD3_macrocycles/monomer_self_consistency/rfd3_backbones/length_14/length_14_macrocycle_14_0_model_90.cif.gz	/home/dkouv/work/tfr1-binder-design/experiments/007_RFD3_macrocycles/monomer_self_consistency/structural_tsne/tmalign_inputs/length_14_macrocycle_14_0_model_90.pdb
691	14	length_14_macrocycle_14_0_model_91	/home/dkouv/work/tfr1-binder-design/experiments/007_RFD3_macrocycles/monomer_self_consistency/rfd3_backbones/length_14/length_14_macrocycle_14_0_model_91.cif.gz	/home/dkouv/work/tfr1-binder-design/experiments/007_RFD3_macrocycles/monomer_self_consistency/structural_tsne/tmalign_inputs/length_14_macrocycle_14_0_model_91.pdb
692	14	length_14_macrocycle_14_0_model_92	/home/dkouv/work/tfr1-binder-design/experiments/007_RFD3_macrocycles/monomer_self_consistency/rfd3_backbones/length_14/length_14_macrocycle_14_0_model_92.cif.gz	/home/dkouv/work/tfr1-binder-design/experiments/007_RFD3_macrocycles/monomer_self_consistency/structural_tsne/tmalign_inputs/length_14_macrocycle_14_0_model_92.pdb
693	14	length_14_macrocycle_14_0_model_93	/home/dkouv/work/tfr1-binder-design/experiments/007_RFD3_macrocycles/monomer_self_consistency/rfd3_backbones/length_14/length_14_macrocycle_14_0_model_93.cif.gz	/home/dkouv/work/tfr1-binder-design/experiments/007_RFD3_macrocycles/monomer_self_consistency/structural_tsne/tmalign_inputs/length_14_macrocycle_14_0_model_93.pdb
694	14	length_14_macrocycle_14_0_model_94	/home/dkouv/work/tfr1-binder-design/experiments/007_RFD3_macrocycles/monomer_self_consistency/rfd3_backbones/length_14/length_14_macrocycle_14_0_model_94.cif.gz	/home/dkouv/work/tfr1-binder-design/experiments/007_RFD3_macrocycles/monomer_self_consistency/structural_tsne/tmalign_inputs/length_14_macrocycle_14_0_model_94.pdb
695	14	length_14_macrocycle_14_0_model_95	/home/dkouv/work/tfr1-binder-design/experiments/007_RFD3_macrocycles/monomer_self_consistency/rfd3_backbones/length_14/length_14_macrocycle_14_0_model_95.cif.gz	/home/dkouv/work/tfr1-binder-design/experiments/007_RFD3_macrocycles/monomer_self_consistency/structural_tsne/tmalign_inputs/length_14_macrocycle_14_0_model_95.pdb
696	14	length_14_macrocycle_14_0_model_96	/home/dkouv/work/tfr1-binder-design/experiments/007_RFD3_macrocycles/monomer_self_consistency/rfd3_backbones/length_14/length_14_macrocycle_14_0_model_96.cif.gz	/home/dkouv/work/tfr1-binder-design/experiments/007_RFD3_macrocycles/monomer_self_consistency/structural_tsne/tmalign_inputs/length_14_macrocycle_14_0_model_96.pdb
697	14	length_14_macrocycle_14_0_model_97	/home/dkouv/work/tfr1-binder-design/experiments/007_RFD3_macrocycles/monomer_self_consistency/rfd3_backbones/length_14/length_14_macrocycle_14_0_model_97.cif.gz	/home/dkouv/work/tfr1-binder-design/experiments/007_RFD3_macrocycles/monomer_self_consistency/structural_tsne/tmalign_inputs/length_14_macrocycle_14_0_model_97.pdb
698	14	length_14_macrocycle_14_0_model_98	/home/dkouv/work/tfr1-binder-design/experiments/007_RFD3_macrocycles/monomer_self_consistency/rfd3_backbones/length_14/length_14_macrocycle_14_0_model_98.cif.gz	/home/dkouv/work/tfr1-binder-design/experiments/007_RFD3_macrocycles/monomer_self_consistency/structural_tsne/tmalign_inputs/length_14_macrocycle_14_0_model_98.pdb
699	14	length_14_macrocycle_14_0_model_99	/home/dkouv/work/tfr1-binder-design/experiments/007_RFD3_macrocycles/monomer_self_consistency/rfd3_backbones/length_14/length_14_macrocycle_14_0_model_99.cif.gz	/home/dkouv/work/tfr1-binder-design/experiments/007_RFD3_macrocycles/monomer_self_consistency/structural_tsne/tmalign_inputs/length_14_macrocycle_14_0_model_99.pdb
700	14	length_14_macrocycle_14_0_model_100	/home/dkouv/work/tfr1-binder-design/experiments/007_RFD3_macrocycles/monomer_self_consistency/rfd3_backbones/length_14/length_14_macrocycle_14_0_model_100.cif.gz	/home/dkouv/work/tfr1-binder-design/experiments/007_RFD3_macrocycles/monomer_self_consistency/structural_tsne/tmalign_inputs/length_14_macrocycle_14_0_model_100.pdb
701	14	length_14_macrocycle_14_0_model_101	/home/dkouv/work/tfr1-binder-design/experiments/007_RFD3_macrocycles/monomer_self_consistency/rfd3_backbones/length_14/length_14_macrocycle_14_0_model_101.cif.gz	/home/dkouv/work/tfr1-binder-design/experiments/007_RFD3_macrocycles/monomer_self_consistency/structural_tsne/tmalign_inputs/length_14_macrocycle_14_0_model_101.pdb
702	14	length_14_macrocycle_14_0_model_102	/home/dkouv/work/tfr1-binder-design/experiments/007_RFD3_macrocycles/monomer_self_consistency/rfd3_backbones/length_14/length_14_macrocycle_14_0_model_102.cif.gz	/home/dkouv/work/tfr1-binder-design/experiments/007_RFD3_macrocycles/monomer_self_consistency/structural_tsne/tmalign_inputs/length_14_macrocycle_14_0_model_102.pdb
703	14	length_14_macrocycle_14_0_model_103	/home/dkouv/work/tfr1-binder-design/experiments/007_RFD3_macrocycles/monomer_self_consistency/rfd3_backbones/length_14/length_14_macrocycle_14_0_model_103.cif.gz	/home/dkouv/work/tfr1-binder-design/experiments/007_RFD3_macrocycles/monomer_self_consistency/structural_tsne/tmalign_inputs/length_14_macrocycle_14_0_model_103.pdb
704	14	length_14_macrocycle_14_0_model_104	/home/dkouv/work/tfr1-binder-design/experiments/007_RFD3_macrocycles/monomer_self_consistency/rfd3_backbones/length_14/length_14_macrocycle_14_0_model_104.cif.gz	/home/dkouv/work/tfr1-binder-design/experiments/007_RFD3_macrocycles/monomer_self_consistency/structural_tsne/tmalign_inputs/length_14_macrocycle_14_0_model_104.pdb
705	14	length_14_macrocycle_14_0_model_105	/home/dkouv/work/tfr1-binder-design/experiments/007_RFD3_macrocycles/monomer_self_consistency/rfd3_backbones/length_14/length_14_macrocycle_14_0_model_105.cif.gz	/home/dkouv/work/tfr1-binder-design/experiments/007_RFD3_macrocycles/monomer_self_consistency/structural_tsne/tmalign_inputs/length_14_macrocycle_14_0_model_105.pdb
706	14	length_14_macrocycle_14_0_model_106	/home/dkouv/work/tfr1-binder-design/experiments/007_RFD3_macrocycles/monomer_self_consistency/rfd3_backbones/length_14/length_14_macrocycle_14_0_model_106.cif.gz	/home/dkouv/work/tfr1-binder-design/experiments/007_RFD3_macrocycles/monomer_self_consistency/structural_tsne/tmalign_inputs/length_14_macrocycle_14_0_model_106.pdb
707	14	length_14_macrocycle_14_0_model_107	/home/dkouv/work/tfr1-binder-design/experiments/007_RFD3_macrocycles/monomer_self_consistency/rfd3_backbones/length_14/length_14_macrocycle_14_0_model_107.cif.gz	/home/dkouv/work/tfr1-binder-design/experiments/007_RFD3_macrocycles/monomer_self_consistency/structural_tsne/tmalign_inputs/length_14_macrocycle_14_0_model_107.pdb
708	14	length_14_macrocycle_14_0_model_108	/home/dkouv/work/tfr1-binder-design/experiments/007_RFD3_macrocycles/monomer_self_consistency/rfd3_backbones/length_14/length_14_macrocycle_14_0_model_108.cif.gz	/home/dkouv/work/tfr1-binder-design/experiments/007_RFD3_macrocycles/monomer_self_consistency/structural_tsne/tmalign_inputs/length_14_macrocycle_14_0_model_108.pdb
709	14	length_14_macrocycle_14_0_model_109	/home/dkouv/work/tfr1-binder-design/experiments/007_RFD3_macrocycles/monomer_self_consistency/rfd3_backbones/length_14/length_14_macrocycle_14_0_model_109.cif.gz	/home/dkouv/work/tfr1-binder-design/experiments/007_RFD3_macrocycles/monomer_self_consistency/structural_tsne/tmalign_inputs/length_14_macrocycle_14_0_model_109.pdb
710	14	length_14_macrocycle_14_0_model_110	/home/dkouv/work/tfr1-binder-design/experiments/007_RFD3_macrocycles/monomer_self_consistency/rfd3_backbones/length_14/length_14_macrocycle_14_0_model_110.cif.gz	/home/dkouv/work/tfr1-binder-design/experiments/007_RFD3_macrocycles/monomer_self_consistency/structural_tsne/tmalign_inputs/length_14_macrocycle_14_0_model_110.pdb
711	14	length_14_macrocycle_14_0_model_111	/home/dkouv/work/tfr1-binder-design/experiments/007_RFD3_macrocycles/monomer_self_consistency/rfd3_backbones/length_14/length_14_macrocycle_14_0_model_111.cif.gz	/home/dkouv/work/tfr1-binder-design/experiments/007_RFD3_macrocycles/monomer_self_consistency/structural_tsne/tmalign_inputs/length_14_macrocycle_14_0_model_111.pdb
712	14	length_14_macrocycle_14_0_model_112	/home/dkouv/work/tfr1-binder-design/experiments/007_RFD3_macrocycles/monomer_self_consistency/rfd3_backbones/length_14/length_14_macrocycle_14_0_model_112.cif.gz	/home/dkouv/work/tfr1-binder-design/experiments/007_RFD3_macrocycles/monomer_self_consistency/structural_tsne/tmalign_inputs/length_14_macrocycle_14_0_model_112.pdb
713	14	length_14_macrocycle_14_0_model_113	/home/dkouv/work/tfr1-binder-design/experiments/007_RFD3_macrocycles/monomer_self_consistency/rfd3_backbones/length_14/length_14_macrocycle_14_0_model_113.cif.gz	/home/dkouv/work/tfr1-binder-design/experiments/007_RFD3_macrocycles/monomer_self_consistency/structural_tsne/tmalign_inputs/length_14_macrocycle_14_0_model_113.pdb
714	14	length_14_macrocycle_14_0_model_114	/home/dkouv/work/tfr1-binder-design/experiments/007_RFD3_macrocycles/monomer_self_consistency/rfd3_backbones/length_14/length_14_macrocycle_14_0_model_114.cif.gz	/home/dkouv/work/tfr1-binder-design/experiments/007_RFD3_macrocycles/monomer_self_consistency/structural_tsne/tmalign_inputs/length_14_macrocycle_14_0_model_114.pdb
715	14	length_14_macrocycle_14_0_model_115	/home/dkouv/work/tfr1-binder-design/experiments/007_RFD3_macrocycles/monomer_self_consistency/rfd3_backbones/length_14/length_14_macrocycle_14_0_model_115.cif.gz	/home/dkouv/work/tfr1-binder-design/experiments/007_RFD3_macrocycles/monomer_self_consistency/structural_tsne/tmalign_inputs/length_14_macrocycle_14_0_model_115.pdb
716	14	length_14_macrocycle_14_0_model_116	/home/dkouv/work/tfr1-binder-design/experiments/007_RFD3_macrocycles/monomer_self_consistency/rfd3_backbones/length_14/length_14_macrocycle_14_0_model_116.cif.gz	/home/dkouv/work/tfr1-binder-design/experiments/007_RFD3_macrocycles/monomer_self_consistency/structural_tsne/tmalign_inputs/length_14_macrocycle_14_0_model_116.pdb
717	14	length_14_macrocycle_14_0_model_117	/home/dkouv/work/tfr1-binder-design/experiments/007_RFD3_macrocycles/monomer_self_consistency/rfd3_backbones/length_14/length_14_macrocycle_14_0_model_117.cif.gz	/home/dkouv/work/tfr1-binder-design/experiments/007_RFD3_macrocycles/monomer_self_consistency/structural_tsne/tmalign_inputs/length_14_macrocycle_14_0_model_117.pdb
718	14	length_14_macrocycle_14_0_model_118	/home/dkouv/work/tfr1-binder-design/experiments/007_RFD3_macrocycles/monomer_self_consistency/rfd3_backbones/length_14/length_14_macrocycle_14_0_model_118.cif.gz	/home/dkouv/work/tfr1-binder-design/experiments/007_RFD3_macrocycles/monomer_self_consistency/structural_tsne/tmalign_inputs/length_14_macrocycle_14_0_model_118.pdb
719	14	length_14_macrocycle_14_0_model_119	/home/dkouv/work/tfr1-binder-design/experiments/007_RFD3_macrocycles/monomer_self_consistency/rfd3_backbones/length_14/length_14_macrocycle_14_0_model_119.cif.gz	/home/dkouv/work/tfr1-binder-design/experiments/007_RFD3_macrocycles/monomer_self_consistency/structural_tsne/tmalign_inputs/length_14_macrocycle_14_0_model_119.pdb
720	14	length_14_macrocycle_14_0_model_120	/home/dkouv/work/tfr1-binder-design/experiments/007_RFD3_macrocycles/monomer_self_consistency/rfd3_backbones/length_14/length_14_macrocycle_14_0_model_120.cif.gz	/home/dkouv/work/tfr1-binder-design/experiments/007_RFD3_macrocycles/monomer_self_consistency/structural_tsne/tmalign_inputs/length_14_macrocycle_14_0_model_120.pdb
721	14	length_14_macrocycle_14_0_model_121	/home/dkouv/work/tfr1-binder-design/experiments/007_RFD3_macrocycles/monomer_self_consistency/rfd3_backbones/length_14/length_14_macrocycle_14_0_model_121.cif.gz	/home/dkouv/work/tfr1-binder-design/experiments/007_RFD3_macrocycles/monomer_self_consistency/structural_tsne/tmalign_inputs/length_14_macrocycle_14_0_model_121.pdb
722	14	length_14_macrocycle_14_0_model_122	/home/dkouv/work/tfr1-binder-design/experiments/007_RFD3_macrocycles/monomer_self_consistency/rfd3_backbones/length_14/length_14_macrocycle_14_0_model_122.cif.gz	/home/dkouv/work/tfr1-binder-design/experiments/007_RFD3_macrocycles/monomer_self_consistency/structural_tsne/tmalign_inputs/length_14_macrocycle_14_0_model_122.pdb
723	14	length_14_macrocycle_14_0_model_123	/home/dkouv/work/tfr1-binder-design/experiments/007_RFD3_macrocycles/monomer_self_consistency/rfd3_backbones/length_14/length_14_macrocycle_14_0_model_123.cif.gz	/home/dkouv/work/tfr1-binder-design/experiments/007_RFD3_macrocycles/monomer_self_consistency/structural_tsne/tmalign_inputs/length_14_macrocycle_14_0_model_123.pdb
724	14	length_14_macrocycle_14_0_model_124	/home/dkouv/work/tfr1-binder-design/experiments/007_RFD3_macrocycles/monomer_self_consistency/rfd3_backbones/length_14/length_14_macrocycle_14_0_model_124.cif.gz	/home/dkouv/work/tfr1-binder-design/experiments/007_RFD3_macrocycles/monomer_self_consistency/structural_tsne/tmalign_inputs/length_14_macrocycle_14_0_model_124.pdb
725	14	length_14_macrocycle_14_0_model_125	/home/dkouv/work/tfr1-binder-design/experiments/007_RFD3_macrocycles/monomer_self_consistency/rfd3_backbones/length_14/length_14_macrocycle_14_0_model_125.cif.gz	/home/dkouv/work/tfr1-binder-design/experiments/007_RFD3_macrocycles/monomer_self_consistency/structural_tsne/tmalign_inputs/length_14_macrocycle_14_0_model_125.pdb
726	14	length_14_macrocycle_14_0_model_126	/home/dkouv/work/tfr1-binder-design/experiments/007_RFD3_macrocycles/monomer_self_consistency/rfd3_backbones/length_14/length_14_macrocycle_14_0_model_126.cif.gz	/home/dkouv/work/tfr1-binder-design/experiments/007_RFD3_macrocycles/monomer_self_consistency/structural_tsne/tmalign_inputs/length_14_macrocycle_14_0_model_126.pdb
727	14	length_14_macrocycle_14_0_model_127	/home/dkouv/work/tfr1-binder-design/experiments/007_RFD3_macrocycles/monomer_self_consistency/rfd3_backbones/length_14/length_14_macrocycle_14_0_model_127.cif.gz	/home/dkouv/work/tfr1-binder-design/experiments/007_RFD3_macrocycles/monomer_self_consistency/structural_tsne/tmalign_inputs/length_14_macrocycle_14_0_model_127.pdb
728	14	length_14_macrocycle_14_0_model_128	/home/dkouv/work/tfr1-binder-design/experiments/007_RFD3_macrocycles/monomer_self_consistency/rfd3_backbones/length_14/length_14_macrocycle_14_0_model_128.cif.gz	/home/dkouv/work/tfr1-binder-design/experiments/007_RFD3_macrocycles/monomer_self_consistency/structural_tsne/tmalign_inputs/length_14_macrocycle_14_0_model_128.pdb
729	14	length_14_macrocycle_14_0_model_129	/home/dkouv/work/tfr1-binder-design/experiments/007_RFD3_macrocycles/monomer_self_consistency/rfd3_backbones/length_14/length_14_macrocycle_14_0_model_129.cif.gz	/home/dkouv/work/tfr1-binder-design/experiments/007_RFD3_macrocycles/monomer_self_consistency/structural_tsne/tmalign_inputs/length_14_macrocycle_14_0_model_129.pdb
730	14	length_14_macrocycle_14_0_model_130	/home/dkouv/work/tfr1-binder-design/experiments/007_RFD3_macrocycles/monomer_self_consistency/rfd3_backbones/length_14/length_14_macrocycle_14_0_model_130.cif.gz	/home/dkouv/work/tfr1-binder-design/experiments/007_RFD3_macrocycles/monomer_self_consistency/structural_tsne/tmalign_inputs/length_14_macrocycle_14_0_model_130.pdb
731	14	length_14_macrocycle_14_0_model_131	/home/dkouv/work/tfr1-binder-design/experiments/007_RFD3_macrocycles/monomer_self_consistency/rfd3_backbones/length_14/length_14_macrocycle_14_0_model_131.cif.gz	/home/dkouv/work/tfr1-binder-design/experiments/007_RFD3_macrocycles/monomer_self_consistency/structural_tsne/tmalign_inputs/length_14_macrocycle_14_0_model_131.pdb
732	14	length_14_macrocycle_14_0_model_132	/home/dkouv/work/tfr1-binder-design/experiments/007_RFD3_macrocycles/monomer_self_consistency/rfd3_backbones/length_14/length_14_macrocycle_14_0_model_132.cif.gz	/home/dkouv/work/tfr1-binder-design/experiments/007_RFD3_macrocycles/monomer_self_consistency/structural_tsne/tmalign_inputs/length_14_macrocycle_14_0_model_132.pdb
733	14	length_14_macrocycle_14_0_model_133	/home/dkouv/work/tfr1-binder-design/experiments/007_RFD3_macrocycles/monomer_self_consistency/rfd3_backbones/length_14/length_14_macrocycle_14_0_model_133.cif.gz	/home/dkouv/work/tfr1-binder-design/experiments/007_RFD3_macrocycles/monomer_self_consistency/structural_tsne/tmalign_inputs/length_14_macrocycle_14_0_model_133.pdb
734	14	length_14_macrocycle_14_0_model_134	/home/dkouv/work/tfr1-binder-design/experiments/007_RFD3_macrocycles/monomer_self_consistency/rfd3_backbones/length_14/length_14_macrocycle_14_0_model_134.cif.gz	/home/dkouv/work/tfr1-binder-design/experiments/007_RFD3_macrocycles/monomer_self_consistency/structural_tsne/tmalign_inputs/length_14_macrocycle_14_0_model_134.pdb
735	14	length_14_macrocycle_14_0_model_135	/home/dkouv/work/tfr1-binder-design/experiments/007_RFD3_macrocycles/monomer_self_consistency/rfd3_backbones/length_14/length_14_macrocycle_14_0_model_135.cif.gz	/home/dkouv/work/tfr1-binder-design/experiments/007_RFD3_macrocycles/monomer_self_consistency/structural_tsne/tmalign_inputs/length_14_macrocycle_14_0_model_135.pdb
736	14	length_14_macrocycle_14_0_model_136	/home/dkouv/work/tfr1-binder-design/experiments/007_RFD3_macrocycles/monomer_self_consistency/rfd3_backbones/length_14/length_14_macrocycle_14_0_model_136.cif.gz	/home/dkouv/work/tfr1-binder-design/experiments/007_RFD3_macrocycles/monomer_self_consistency/structural_tsne/tmalign_inputs/length_14_macrocycle_14_0_model_136.pdb
737	14	length_14_macrocycle_14_0_model_137	/home/dkouv/work/tfr1-binder-design/experiments/007_RFD3_macrocycles/monomer_self_consistency/rfd3_backbones/length_14/length_14_macrocycle_14_0_model_137.cif.gz	/home/dkouv/work/tfr1-binder-design/experiments/007_RFD3_macrocycles/monomer_self_consistency/structural_tsne/tmalign_inputs/length_14_macrocycle_14_0_model_137.pdb
738	14	length_14_macrocycle_14_0_model_138	/home/dkouv/work/tfr1-binder-design/experiments/007_RFD3_macrocycles/monomer_self_consistency/rfd3_backbones/length_14/length_14_macrocycle_14_0_model_138.cif.gz	/home/dkouv/work/tfr1-binder-design/experiments/007_RFD3_macrocycles/monomer_self_consistency/structural_tsne/tmalign_inputs/length_14_macrocycle_14_0_model_138.pdb
739	14	length_14_macrocycle_14_0_model_139	/home/dkouv/work/tfr1-binder-design/experiments/007_RFD3_macrocycles/monomer_self_consistency/rfd3_backbones/length_14/length_14_macrocycle_14_0_model_139.cif.gz	/home/dkouv/work/tfr1-binder-design/experiments/007_RFD3_macrocycles/monomer_self_consistency/structural_tsne/tmalign_inputs/length_14_macrocycle_14_0_model_139.pdb
740	14	length_14_macrocycle_14_0_model_140	/home/dkouv/work/tfr1-binder-design/experiments/007_RFD3_macrocycles/monomer_self_consistency/rfd3_backbones/length_14/length_14_macrocycle_14_0_model_140.cif.gz	/home/dkouv/work/tfr1-binder-design/experiments/007_RFD3_macrocycles/monomer_self_consistency/structural_tsne/tmalign_inputs/length_14_macrocycle_14_0_model_140.pdb
741	14	length_14_macrocycle_14_0_model_141	/home/dkouv/work/tfr1-binder-design/experiments/007_RFD3_macrocycles/monomer_self_consistency/rfd3_backbones/length_14/length_14_macrocycle_14_0_model_141.cif.gz	/home/dkouv/work/tfr1-binder-design/experiments/007_RFD3_macrocycles/monomer_self_consistency/structural_tsne/tmalign_inputs/length_14_macrocycle_14_0_model_141.pdb
742	14	length_14_macrocycle_14_0_model_142	/home/dkouv/work/tfr1-binder-design/experiments/007_RFD3_macrocycles/monomer_self_consistency/rfd3_backbones/length_14/length_14_macrocycle_14_0_model_142.cif.gz	/home/dkouv/work/tfr1-binder-design/experiments/007_RFD3_macrocycles/monomer_self_consistency/structural_tsne/tmalign_inputs/length_14_macrocycle_14_0_model_142.pdb
743	14	length_14_macrocycle_14_0_model_143	/home/dkouv/work/tfr1-binder-design/experiments/007_RFD3_macrocycles/monomer_self_consistency/rfd3_backbones/length_14/length_14_macrocycle_14_0_model_143.cif.gz	/home/dkouv/work/tfr1-binder-design/experiments/007_RFD3_macrocycles/monomer_self_consistency/structural_tsne/tmalign_inputs/length_14_macrocycle_14_0_model_143.pdb
744	14	length_14_macrocycle_14_0_model_144	/home/dkouv/work/tfr1-binder-design/experiments/007_RFD3_macrocycles/monomer_self_consistency/rfd3_backbones/length_14/length_14_macrocycle_14_0_model_144.cif.gz	/home/dkouv/work/tfr1-binder-design/experiments/007_RFD3_macrocycles/monomer_self_consistency/structural_tsne/tmalign_inputs/length_14_macrocycle_14_0_model_144.pdb
745	14	length_14_macrocycle_14_0_model_145	/home/dkouv/work/tfr1-binder-design/experiments/007_RFD3_macrocycles/monomer_self_consistency/rfd3_backbones/length_14/length_14_macrocycle_14_0_model_145.cif.gz	/home/dkouv/work/tfr1-binder-design/experiments/007_RFD3_macrocycles/monomer_self_consistency/structural_tsne/tmalign_inputs/length_14_macrocycle_14_0_model_145.pdb
746	14	length_14_macrocycle_14_0_model_146	/home/dkouv/work/tfr1-binder-design/experiments/007_RFD3_macrocycles/monomer_self_consistency/rfd3_backbones/length_14/length_14_macrocycle_14_0_model_146.cif.gz	/home/dkouv/work/tfr1-binder-design/experiments/007_RFD3_macrocycles/monomer_self_consistency/structural_tsne/tmalign_inputs/length_14_macrocycle_14_0_model_146.pdb
747	14	length_14_macrocycle_14_0_model_147	/home/dkouv/work/tfr1-binder-design/experiments/007_RFD3_macrocycles/monomer_self_consistency/rfd3_backbones/length_14/length_14_macrocycle_14_0_model_147.cif.gz	/home/dkouv/work/tfr1-binder-design/experiments/007_RFD3_macrocycles/monomer_self_consistency/structural_tsne/tmalign_inputs/length_14_macrocycle_14_0_model_147.pdb
748	14	length_14_macrocycle_14_0_model_148	/home/dkouv/work/tfr1-binder-design/experiments/007_RFD3_macrocycles/monomer_self_consistency/rfd3_backbones/length_14/length_14_macrocycle_14_0_model_148.cif.gz	/home/dkouv/work/tfr1-binder-design/experiments/007_RFD3_macrocycles/monomer_self_consistency/structural_tsne/tmalign_inputs/length_14_macrocycle_14_0_model_148.pdb
749	14	length_14_macrocycle_14_0_model_149	/home/dkouv/work/tfr1-binder-design/experiments/007_RFD3_macrocycles/monomer_self_consistency/rfd3_backbones/length_14/length_14_macrocycle_14_0_model_149.cif.gz	/home/dkouv/work/tfr1-binder-design/experiments/007_RFD3_macrocycles/monomer_self_consistency/structural_tsne/tmalign_inputs/length_14_macrocycle_14_0_model_149.pdb
750	14	length_14_macrocycle_14_0_model_150	/home/dkouv/work/tfr1-binder-design/experiments/007_RFD3_macrocycles/monomer_self_consistency/rfd3_backbones/length_14/length_14_macrocycle_14_0_model_150.cif.gz	/home/dkouv/work/tfr1-binder-design/experiments/007_RFD3_macrocycles/monomer_self_consistency/structural_tsne/tmalign_inputs/length_14_macrocycle_14_0_model_150.pdb
751	14	length_14_macrocycle_14_0_model_151	/home/dkouv/work/tfr1-binder-design/experiments/007_RFD3_macrocycles/monomer_self_consistency/rfd3_backbones/length_14/length_14_macrocycle_14_0_model_151.cif.gz	/home/dkouv/work/tfr1-binder-design/experiments/007_RFD3_macrocycles/monomer_self_consistency/structural_tsne/tmalign_inputs/length_14_macrocycle_14_0_model_151.pdb
752	14	length_14_macrocycle_14_0_model_152	/home/dkouv/work/tfr1-binder-design/experiments/007_RFD3_macrocycles/monomer_self_consistency/rfd3_backbones/length_14/length_14_macrocycle_14_0_model_152.cif.gz	/home/dkouv/work/tfr1-binder-design/experiments/007_RFD3_macrocycles/monomer_self_consistency/structural_tsne/tmalign_inputs/length_14_macrocycle_14_0_model_152.pdb
753	14	length_14_macrocycle_14_0_model_153	/home/dkouv/work/tfr1-binder-design/experiments/007_RFD3_macrocycles/monomer_self_consistency/rfd3_backbones/length_14/length_14_macrocycle_14_0_model_153.cif.gz	/home/dkouv/work/tfr1-binder-design/experiments/007_RFD3_macrocycles/monomer_self_consistency/structural_tsne/tmalign_inputs/length_14_macrocycle_14_0_model_153.pdb
754	14	length_14_macrocycle_14_0_model_154	/home/dkouv/work/tfr1-binder-design/experiments/007_RFD3_macrocycles/monomer_self_consistency/rfd3_backbones/length_14/length_14_macrocycle_14_0_model_154.cif.gz	/home/dkouv/work/tfr1-binder-design/experiments/007_RFD3_macrocycles/monomer_self_consistency/structural_tsne/tmalign_inputs/length_14_macrocycle_14_0_model_154.pdb
755	14	length_14_macrocycle_14_0_model_155	/home/dkouv/work/tfr1-binder-design/experiments/007_RFD3_macrocycles/monomer_self_consistency/rfd3_backbones/length_14/length_14_macrocycle_14_0_model_155.cif.gz	/home/dkouv/work/tfr1-binder-design/experiments/007_RFD3_macrocycles/monomer_self_consistency/structural_tsne/tmalign_inputs/length_14_macrocycle_14_0_model_155.pdb
756	14	length_14_macrocycle_14_0_model_156	/home/dkouv/work/tfr1-binder-design/experiments/007_RFD3_macrocycles/monomer_self_consistency/rfd3_backbones/length_14/length_14_macrocycle_14_0_model_156.cif.gz	/home/dkouv/work/tfr1-binder-design/experiments/007_RFD3_macrocycles/monomer_self_consistency/structural_tsne/tmalign_inputs/length_14_macrocycle_14_0_model_156.pdb
757	14	length_14_macrocycle_14_0_model_157	/home/dkouv/work/tfr1-binder-design/experiments/007_RFD3_macrocycles/monomer_self_consistency/rfd3_backbones/length_14/length_14_macrocycle_14_0_model_157.cif.gz	/home/dkouv/work/tfr1-binder-design/experiments/007_RFD3_macrocycles/monomer_self_consistency/structural_tsne/tmalign_inputs/length_14_macrocycle_14_0_model_157.pdb
758	14	length_14_macrocycle_14_0_model_158	/home/dkouv/work/tfr1-binder-design/experiments/007_RFD3_macrocycles/monomer_self_consistency/rfd3_backbones/length_14/length_14_macrocycle_14_0_model_158.cif.gz	/home/dkouv/work/tfr1-binder-design/experiments/007_RFD3_macrocycles/monomer_self_consistency/structural_tsne/tmalign_inputs/length_14_macrocycle_14_0_model_158.pdb
759	14	length_14_macrocycle_14_0_model_159	/home/dkouv/work/tfr1-binder-design/experiments/007_RFD3_macrocycles/monomer_self_consistency/rfd3_backbones/length_14/length_14_macrocycle_14_0_model_159.cif.gz	/home/dkouv/work/tfr1-binder-design/experiments/007_RFD3_macrocycles/monomer_self_consistency/structural_tsne/tmalign_inputs/length_14_macrocycle_14_0_model_159.pdb
760	14	length_14_macrocycle_14_0_model_160	/home/dkouv/work/tfr1-binder-design/experiments/007_RFD3_macrocycles/monomer_self_consistency/rfd3_backbones/length_14/length_14_macrocycle_14_0_model_160.cif.gz	/home/dkouv/work/tfr1-binder-design/experiments/007_RFD3_macrocycles/monomer_self_consistency/structural_tsne/tmalign_inputs/length_14_macrocycle_14_0_model_160.pdb
761	14	length_14_macrocycle_14_0_model_161	/home/dkouv/work/tfr1-binder-design/experiments/007_RFD3_macrocycles/monomer_self_consistency/rfd3_backbones/length_14/length_14_macrocycle_14_0_model_161.cif.gz	/home/dkouv/work/tfr1-binder-design/experiments/007_RFD3_macrocycles/monomer_self_consistency/structural_tsne/tmalign_inputs/length_14_macrocycle_14_0_model_161.pdb
762	14	length_14_macrocycle_14_0_model_162	/home/dkouv/work/tfr1-binder-design/experiments/007_RFD3_macrocycles/monomer_self_consistency/rfd3_backbones/length_14/length_14_macrocycle_14_0_model_162.cif.gz	/home/dkouv/work/tfr1-binder-design/experiments/007_RFD3_macrocycles/monomer_self_consistency/structural_tsne/tmalign_inputs/length_14_macrocycle_14_0_model_162.pdb
763	14	length_14_macrocycle_14_0_model_163	/home/dkouv/work/tfr1-binder-design/experiments/007_RFD3_macrocycles/monomer_self_consistency/rfd3_backbones/length_14/length_14_macrocycle_14_0_model_163.cif.gz	/home/dkouv/work/tfr1-binder-design/experiments/007_RFD3_macrocycles/monomer_self_consistency/structural_tsne/tmalign_inputs/length_14_macrocycle_14_0_model_163.pdb
764	14	length_14_macrocycle_14_0_model_164	/home/dkouv/work/tfr1-binder-design/experiments/007_RFD3_macrocycles/monomer_self_consistency/rfd3_backbones/length_14/length_14_macrocycle_14_0_model_164.cif.gz	/home/dkouv/work/tfr1-binder-design/experiments/007_RFD3_macrocycles/monomer_self_consistency/structural_tsne/tmalign_inputs/length_14_macrocycle_14_0_model_164.pdb
765	14	length_14_macrocycle_14_0_model_165	/home/dkouv/work/tfr1-binder-design/experiments/007_RFD3_macrocycles/monomer_self_consistency/rfd3_backbones/length_14/length_14_macrocycle_14_0_model_165.cif.gz	/home/dkouv/work/tfr1-binder-design/experiments/007_RFD3_macrocycles/monomer_self_consistency/structural_tsne/tmalign_inputs/length_14_macrocycle_14_0_model_165.pdb
766	14	length_14_macrocycle_14_0_model_166	/home/dkouv/work/tfr1-binder-design/experiments/007_RFD3_macrocycles/monomer_self_consistency/rfd3_backbones/length_14/length_14_macrocycle_14_0_model_166.cif.gz	/home/dkouv/work/tfr1-binder-design/experiments/007_RFD3_macrocycles/monomer_self_consistency/structural_tsne/tmalign_inputs/length_14_macrocycle_14_0_model_166.pdb
767	14	length_14_macrocycle_14_0_model_167	/home/dkouv/work/tfr1-binder-design/experiments/007_RFD3_macrocycles/monomer_self_consistency/rfd3_backbones/length_14/length_14_macrocycle_14_0_model_167.cif.gz	/home/dkouv/work/tfr1-binder-design/experiments/007_RFD3_macrocycles/monomer_self_consistency/structural_tsne/tmalign_inputs/length_14_macrocycle_14_0_model_167.pdb
768	14	length_14_macrocycle_14_0_model_168	/home/dkouv/work/tfr1-binder-design/experiments/007_RFD3_macrocycles/monomer_self_consistency/rfd3_backbones/length_14/length_14_macrocycle_14_0_model_168.cif.gz	/home/dkouv/work/tfr1-binder-design/experiments/007_RFD3_macrocycles/monomer_self_consistency/structural_tsne/tmalign_inputs/length_14_macrocycle_14_0_model_168.pdb
769	14	length_14_macrocycle_14_0_model_169	/home/dkouv/work/tfr1-binder-design/experiments/007_RFD3_macrocycles/monomer_self_consistency/rfd3_backbones/length_14/length_14_macrocycle_14_0_model_169.cif.gz	/home/dkouv/work/tfr1-binder-design/experiments/007_RFD3_macrocycles/monomer_self_consistency/structural_tsne/tmalign_inputs/length_14_macrocycle_14_0_model_169.pdb
770	14	length_14_macrocycle_14_0_model_170	/home/dkouv/work/tfr1-binder-design/experiments/007_RFD3_macrocycles/monomer_self_consistency/rfd3_backbones/length_14/length_14_macrocycle_14_0_model_170.cif.gz	/home/dkouv/work/tfr1-binder-design/experiments/007_RFD3_macrocycles/monomer_self_consistency/structural_tsne/tmalign_inputs/length_14_macrocycle_14_0_model_170.pdb
771	14	length_14_macrocycle_14_0_model_171	/home/dkouv/work/tfr1-binder-design/experiments/007_RFD3_macrocycles/monomer_self_consistency/rfd3_backbones/length_14/length_14_macrocycle_14_0_model_171.cif.gz	/home/dkouv/work/tfr1-binder-design/experiments/007_RFD3_macrocycles/monomer_self_consistency/structural_tsne/tmalign_inputs/length_14_macrocycle_14_0_model_171.pdb
772	14	length_14_macrocycle_14_0_model_172	/home/dkouv/work/tfr1-binder-design/experiments/007_RFD3_macrocycles/monomer_self_consistency/rfd3_backbones/length_14/length_14_macrocycle_14_0_model_172.cif.gz	/home/dkouv/work/tfr1-binder-design/experiments/007_RFD3_macrocycles/monomer_self_consistency/structural_tsne/tmalign_inputs/length_14_macrocycle_14_0_model_172.pdb
773	14	length_14_macrocycle_14_0_model_173	/home/dkouv/work/tfr1-binder-design/experiments/007_RFD3_macrocycles/monomer_self_consistency/rfd3_backbones/length_14/length_14_macrocycle_14_0_model_173.cif.gz	/home/dkouv/work/tfr1-binder-design/experiments/007_RFD3_macrocycles/monomer_self_consistency/structural_tsne/tmalign_inputs/length_14_macrocycle_14_0_model_173.pdb
774	14	length_14_macrocycle_14_0_model_174	/home/dkouv/work/tfr1-binder-design/experiments/007_RFD3_macrocycles/monomer_self_consistency/rfd3_backbones/length_14/length_14_macrocycle_14_0_model_174.cif.gz	/home/dkouv/work/tfr1-binder-design/experiments/007_RFD3_macrocycles/monomer_self_consistency/structural_tsne/tmalign_inputs/length_14_macrocycle_14_0_model_174.pdb
775	14	length_14_macrocycle_14_0_model_175	/home/dkouv/work/tfr1-binder-design/experiments/007_RFD3_macrocycles/monomer_self_consistency/rfd3_backbones/length_14/length_14_macrocycle_14_0_model_175.cif.gz	/home/dkouv/work/tfr1-binder-design/experiments/007_RFD3_macrocycles/monomer_self_consistency/structural_tsne/tmalign_inputs/length_14_macrocycle_14_0_model_175.pdb
776	14	length_14_macrocycle_14_0_model_176	/home/dkouv/work/tfr1-binder-design/experiments/007_RFD3_macrocycles/monomer_self_consistency/rfd3_backbones/length_14/length_14_macrocycle_14_0_model_176.cif.gz	/home/dkouv/work/tfr1-binder-design/experiments/007_RFD3_macrocycles/monomer_self_consistency/structural_tsne/tmalign_inputs/length_14_macrocycle_14_0_model_176.pdb
777	14	length_14_macrocycle_14_0_model_177	/home/dkouv/work/tfr1-binder-design/experiments/007_RFD3_macrocycles/monomer_self_consistency/rfd3_backbones/length_14/length_14_macrocycle_14_0_model_177.cif.gz	/home/dkouv/work/tfr1-binder-design/experiments/007_RFD3_macrocycles/monomer_self_consistency/structural_tsne/tmalign_inputs/length_14_macrocycle_14_0_model_177.pdb
778	14	length_14_macrocycle_14_0_model_178	/home/dkouv/work/tfr1-binder-design/experiments/007_RFD3_macrocycles/monomer_self_consistency/rfd3_backbones/length_14/length_14_macrocycle_14_0_model_178.cif.gz	/home/dkouv/work/tfr1-binder-design/experiments/007_RFD3_macrocycles/monomer_self_consistency/structural_tsne/tmalign_inputs/length_14_macrocycle_14_0_model_178.pdb
779	14	length_14_macrocycle_14_0_model_179	/home/dkouv/work/tfr1-binder-design/experiments/007_RFD3_macrocycles/monomer_self_consistency/rfd3_backbones/length_14/length_14_macrocycle_14_0_model_179.cif.gz	/home/dkouv/work/tfr1-binder-design/experiments/007_RFD3_macrocycles/monomer_self_consistency/structural_tsne/tmalign_inputs/length_14_macrocycle_14_0_model_179.pdb
780	14	length_14_macrocycle_14_0_model_180	/home/dkouv/work/tfr1-binder-design/experiments/007_RFD3_macrocycles/monomer_self_consistency/rfd3_backbones/length_14/length_14_macrocycle_14_0_model_180.cif.gz	/home/dkouv/work/tfr1-binder-design/experiments/007_RFD3_macrocycles/monomer_self_consistency/structural_tsne/tmalign_inputs/length_14_macrocycle_14_0_model_180.pdb
781	14	length_14_macrocycle_14_0_model_181	/home/dkouv/work/tfr1-binder-design/experiments/007_RFD3_macrocycles/monomer_self_consistency/rfd3_backbones/length_14/length_14_macrocycle_14_0_model_181.cif.gz	/home/dkouv/work/tfr1-binder-design/experiments/007_RFD3_macrocycles/monomer_self_consistency/structural_tsne/tmalign_inputs/length_14_macrocycle_14_0_model_181.pdb
782	14	length_14_macrocycle_14_0_model_182	/home/dkouv/work/tfr1-binder-design/experiments/007_RFD3_macrocycles/monomer_self_consistency/rfd3_backbones/length_14/length_14_macrocycle_14_0_model_182.cif.gz	/home/dkouv/work/tfr1-binder-design/experiments/007_RFD3_macrocycles/monomer_self_consistency/structural_tsne/tmalign_inputs/length_14_macrocycle_14_0_model_182.pdb
783	14	length_14_macrocycle_14_0_model_183	/home/dkouv/work/tfr1-binder-design/experiments/007_RFD3_macrocycles/monomer_self_consistency/rfd3_backbones/length_14/length_14_macrocycle_14_0_model_183.cif.gz	/home/dkouv/work/tfr1-binder-design/experiments/007_RFD3_macrocycles/monomer_self_consistency/structural_tsne/tmalign_inputs/length_14_macrocycle_14_0_model_183.pdb
784	14	length_14_macrocycle_14_0_model_184	/home/dkouv/work/tfr1-binder-design/experiments/007_RFD3_macrocycles/monomer_self_consistency/rfd3_backbones/length_14/length_14_macrocycle_14_0_model_184.cif.gz	/home/dkouv/work/tfr1-binder-design/experiments/007_RFD3_macrocycles/monomer_self_consistency/structural_tsne/tmalign_inputs/length_14_macrocycle_14_0_model_184.pdb
785	14	length_14_macrocycle_14_0_model_185	/home/dkouv/work/tfr1-binder-design/experiments/007_RFD3_macrocycles/monomer_self_consistency/rfd3_backbones/length_14/length_14_macrocycle_14_0_model_185.cif.gz	/home/dkouv/work/tfr1-binder-design/experiments/007_RFD3_macrocycles/monomer_self_consistency/structural_tsne/tmalign_inputs/length_14_macrocycle_14_0_model_185.pdb
786	14	length_14_macrocycle_14_0_model_186	/home/dkouv/work/tfr1-binder-design/experiments/007_RFD3_macrocycles/monomer_self_consistency/rfd3_backbones/length_14/length_14_macrocycle_14_0_model_186.cif.gz	/home/dkouv/work/tfr1-binder-design/experiments/007_RFD3_macrocycles/monomer_self_consistency/structural_tsne/tmalign_inputs/length_14_macrocycle_14_0_model_186.pdb
787	14	length_14_macrocycle_14_0_model_187	/home/dkouv/work/tfr1-binder-design/experiments/007_RFD3_macrocycles/monomer_self_consistency/rfd3_backbones/length_14/length_14_macrocycle_14_0_model_187.cif.gz	/home/dkouv/work/tfr1-binder-design/experiments/007_RFD3_macrocycles/monomer_self_consistency/structural_tsne/tmalign_inputs/length_14_macrocycle_14_0_model_187.pdb
788	14	length_14_macrocycle_14_0_model_188	/home/dkouv/work/tfr1-binder-design/experiments/007_RFD3_macrocycles/monomer_self_consistency/rfd3_backbones/length_14/length_14_macrocycle_14_0_model_188.cif.gz	/home/dkouv/work/tfr1-binder-design/experiments/007_RFD3_macrocycles/monomer_self_consistency/structural_tsne/tmalign_inputs/length_14_macrocycle_14_0_model_188.pdb
789	14	length_14_macrocycle_14_0_model_189	/home/dkouv/work/tfr1-binder-design/experiments/007_RFD3_macrocycles/monomer_self_consistency/rfd3_backbones/length_14/length_14_macrocycle_14_0_model_189.cif.gz	/home/dkouv/work/tfr1-binder-design/experiments/007_RFD3_macrocycles/monomer_self_consistency/structural_tsne/tmalign_inputs/length_14_macrocycle_14_0_model_189.pdb
790	14	length_14_macrocycle_14_0_model_190	/home/dkouv/work/tfr1-binder-design/experiments/007_RFD3_macrocycles/monomer_self_consistency/rfd3_backbones/length_14/length_14_macrocycle_14_0_model_190.cif.gz	/home/dkouv/work/tfr1-binder-design/experiments/007_RFD3_macrocycles/monomer_self_consistency/structural_tsne/tmalign_inputs/length_14_macrocycle_14_0_model_190.pdb
791	14	length_14_macrocycle_14_0_model_191	/home/dkouv/work/tfr1-binder-design/experiments/007_RFD3_macrocycles/monomer_self_consistency/rfd3_backbones/length_14/length_14_macrocycle_14_0_model_191.cif.gz	/home/dkouv/work/tfr1-binder-design/experiments/007_RFD3_macrocycles/monomer_self_consistency/structural_tsne/tmalign_inputs/length_14_macrocycle_14_0_model_191.pdb
792	14	length_14_macrocycle_14_0_model_192	/home/dkouv/work/tfr1-binder-design/experiments/007_RFD3_macrocycles/monomer_self_consistency/rfd3_backbones/length_14/length_14_macrocycle_14_0_model_192.cif.gz	/home/dkouv/work/tfr1-binder-design/experiments/007_RFD3_macrocycles/monomer_self_consistency/structural_tsne/tmalign_inputs/length_14_macrocycle_14_0_model_192.pdb
793	14	length_14_macrocycle_14_0_model_193	/home/dkouv/work/tfr1-binder-design/experiments/007_RFD3_macrocycles/monomer_self_consistency/rfd3_backbones/length_14/length_14_macrocycle_14_0_model_193.cif.gz	/home/dkouv/work/tfr1-binder-design/experiments/007_RFD3_macrocycles/monomer_self_consistency/structural_tsne/tmalign_inputs/length_14_macrocycle_14_0_model_193.pdb
794	14	length_14_macrocycle_14_0_model_194	/home/dkouv/work/tfr1-binder-design/experiments/007_RFD3_macrocycles/monomer_self_consistency/rfd3_backbones/length_14/length_14_macrocycle_14_0_model_194.cif.gz	/home/dkouv/work/tfr1-binder-design/experiments/007_RFD3_macrocycles/monomer_self_consistency/structural_tsne/tmalign_inputs/length_14_macrocycle_14_0_model_194.pdb
795	14	length_14_macrocycle_14_0_model_195	/home/dkouv/work/tfr1-binder-design/experiments/007_RFD3_macrocycles/monomer_self_consistency/rfd3_backbones/length_14/length_14_macrocycle_14_0_model_195.cif.gz	/home/dkouv/work/tfr1-binder-design/experiments/007_RFD3_macrocycles/monomer_self_consistency/structural_tsne/tmalign_inputs/length_14_macrocycle_14_0_model_195.pdb
796	14	length_14_macrocycle_14_0_model_196	/home/dkouv/work/tfr1-binder-design/experiments/007_RFD3_macrocycles/monomer_self_consistency/rfd3_backbones/length_14/length_14_macrocycle_14_0_model_196.cif.gz	/home/dkouv/work/tfr1-binder-design/experiments/007_RFD3_macrocycles/monomer_self_consistency/structural_tsne/tmalign_inputs/length_14_macrocycle_14_0_model_196.pdb
797	14	length_14_macrocycle_14_0_model_197	/home/dkouv/work/tfr1-binder-design/experiments/007_RFD3_macrocycles/monomer_self_consistency/rfd3_backbones/length_14/length_14_macrocycle_14_0_model_197.cif.gz	/home/dkouv/work/tfr1-binder-design/experiments/007_RFD3_macrocycles/monomer_self_consistency/structural_tsne/tmalign_inputs/length_14_macrocycle_14_0_model_197.pdb
798	14	length_14_macrocycle_14_0_model_198	/home/dkouv/work/tfr1-binder-design/experiments/007_RFD3_macrocycles/monomer_self_consistency/rfd3_backbones/length_14/length_14_macrocycle_14_0_model_198.cif.gz	/home/dkouv/work/tfr1-binder-design/experiments/007_RFD3_macrocycles/monomer_self_consistency/structural_tsne/tmalign_inputs/length_14_macrocycle_14_0_model_198.pdb
799	14	length_14_macrocycle_14_0_model_199	/home/dkouv/work/tfr1-binder-design/experiments/007_RFD3_macrocycles/monomer_self_consistency/rfd3_backbones/length_14/length_14_macrocycle_14_0_model_199.cif.gz	/home/dkouv/work/tfr1-binder-design/experiments/007_RFD3_macrocycles/monomer_self_consistency/structural_tsne/tmalign_inputs/length_14_macrocycle_14_0_model_199.pdb
800	16	length_16_macrocycle_16_0_model_0	/home/dkouv/work/tfr1-binder-design/experiments/007_RFD3_macrocycles/monomer_self_consistency/rfd3_backbones/length_16/length_16_macrocycle_16_0_model_0.cif.gz	/home/dkouv/work/tfr1-binder-design/experiments/007_RFD3_macrocycles/monomer_self_consistency/structural_tsne/tmalign_inputs/length_16_macrocycle_16_0_model_0.pdb
801	16	length_16_macrocycle_16_0_model_1	/home/dkouv/work/tfr1-binder-design/experiments/007_RFD3_macrocycles/monomer_self_consistency/rfd3_backbones/length_16/length_16_macrocycle_16_0_model_1.cif.gz	/home/dkouv/work/tfr1-binder-design/experiments/007_RFD3_macrocycles/monomer_self_consistency/structural_tsne/tmalign_inputs/length_16_macrocycle_16_0_model_1.pdb
802	16	length_16_macrocycle_16_0_model_2	/home/dkouv/work/tfr1-binder-design/experiments/007_RFD3_macrocycles/monomer_self_consistency/rfd3_backbones/length_16/length_16_macrocycle_16_0_model_2.cif.gz	/home/dkouv/work/tfr1-binder-design/experiments/007_RFD3_macrocycles/monomer_self_consistency/structural_tsne/tmalign_inputs/length_16_macrocycle_16_0_model_2.pdb
803	16	length_16_macrocycle_16_0_model_3	/home/dkouv/work/tfr1-binder-design/experiments/007_RFD3_macrocycles/monomer_self_consistency/rfd3_backbones/length_16/length_16_macrocycle_16_0_model_3.cif.gz	/home/dkouv/work/tfr1-binder-design/experiments/007_RFD3_macrocycles/monomer_self_consistency/structural_tsne/tmalign_inputs/length_16_macrocycle_16_0_model_3.pdb
804	16	length_16_macrocycle_16_0_model_4	/home/dkouv/work/tfr1-binder-design/experiments/007_RFD3_macrocycles/monomer_self_consistency/rfd3_backbones/length_16/length_16_macrocycle_16_0_model_4.cif.gz	/home/dkouv/work/tfr1-binder-design/experiments/007_RFD3_macrocycles/monomer_self_consistency/structural_tsne/tmalign_inputs/length_16_macrocycle_16_0_model_4.pdb
805	16	length_16_macrocycle_16_0_model_5	/home/dkouv/work/tfr1-binder-design/experiments/007_RFD3_macrocycles/monomer_self_consistency/rfd3_backbones/length_16/length_16_macrocycle_16_0_model_5.cif.gz	/home/dkouv/work/tfr1-binder-design/experiments/007_RFD3_macrocycles/monomer_self_consistency/structural_tsne/tmalign_inputs/length_16_macrocycle_16_0_model_5.pdb
806	16	length_16_macrocycle_16_0_model_6	/home/dkouv/work/tfr1-binder-design/experiments/007_RFD3_macrocycles/monomer_self_consistency/rfd3_backbones/length_16/length_16_macrocycle_16_0_model_6.cif.gz	/home/dkouv/work/tfr1-binder-design/experiments/007_RFD3_macrocycles/monomer_self_consistency/structural_tsne/tmalign_inputs/length_16_macrocycle_16_0_model_6.pdb
807	16	length_16_macrocycle_16_0_model_7	/home/dkouv/work/tfr1-binder-design/experiments/007_RFD3_macrocycles/monomer_self_consistency/rfd3_backbones/length_16/length_16_macrocycle_16_0_model_7.cif.gz	/home/dkouv/work/tfr1-binder-design/experiments/007_RFD3_macrocycles/monomer_self_consistency/structural_tsne/tmalign_inputs/length_16_macrocycle_16_0_model_7.pdb
808	16	length_16_macrocycle_16_0_model_8	/home/dkouv/work/tfr1-binder-design/experiments/007_RFD3_macrocycles/monomer_self_consistency/rfd3_backbones/length_16/length_16_macrocycle_16_0_model_8.cif.gz	/home/dkouv/work/tfr1-binder-design/experiments/007_RFD3_macrocycles/monomer_self_consistency/structural_tsne/tmalign_inputs/length_16_macrocycle_16_0_model_8.pdb
809	16	length_16_macrocycle_16_0_model_9	/home/dkouv/work/tfr1-binder-design/experiments/007_RFD3_macrocycles/monomer_self_consistency/rfd3_backbones/length_16/length_16_macrocycle_16_0_model_9.cif.gz	/home/dkouv/work/tfr1-binder-design/experiments/007_RFD3_macrocycles/monomer_self_consistency/structural_tsne/tmalign_inputs/length_16_macrocycle_16_0_model_9.pdb
810	16	length_16_macrocycle_16_0_model_10	/home/dkouv/work/tfr1-binder-design/experiments/007_RFD3_macrocycles/monomer_self_consistency/rfd3_backbones/length_16/length_16_macrocycle_16_0_model_10.cif.gz	/home/dkouv/work/tfr1-binder-design/experiments/007_RFD3_macrocycles/monomer_self_consistency/structural_tsne/tmalign_inputs/length_16_macrocycle_16_0_model_10.pdb
811	16	length_16_macrocycle_16_0_model_11	/home/dkouv/work/tfr1-binder-design/experiments/007_RFD3_macrocycles/monomer_self_consistency/rfd3_backbones/length_16/length_16_macrocycle_16_0_model_11.cif.gz	/home/dkouv/work/tfr1-binder-design/experiments/007_RFD3_macrocycles/monomer_self_consistency/structural_tsne/tmalign_inputs/length_16_macrocycle_16_0_model_11.pdb
812	16	length_16_macrocycle_16_0_model_12	/home/dkouv/work/tfr1-binder-design/experiments/007_RFD3_macrocycles/monomer_self_consistency/rfd3_backbones/length_16/length_16_macrocycle_16_0_model_12.cif.gz	/home/dkouv/work/tfr1-binder-design/experiments/007_RFD3_macrocycles/monomer_self_consistency/structural_tsne/tmalign_inputs/length_16_macrocycle_16_0_model_12.pdb
813	16	length_16_macrocycle_16_0_model_13	/home/dkouv/work/tfr1-binder-design/experiments/007_RFD3_macrocycles/monomer_self_consistency/rfd3_backbones/length_16/length_16_macrocycle_16_0_model_13.cif.gz	/home/dkouv/work/tfr1-binder-design/experiments/007_RFD3_macrocycles/monomer_self_consistency/structural_tsne/tmalign_inputs/length_16_macrocycle_16_0_model_13.pdb
814	16	length_16_macrocycle_16_0_model_14	/home/dkouv/work/tfr1-binder-design/experiments/007_RFD3_macrocycles/monomer_self_consistency/rfd3_backbones/length_16/length_16_macrocycle_16_0_model_14.cif.gz	/home/dkouv/work/tfr1-binder-design/experiments/007_RFD3_macrocycles/monomer_self_consistency/structural_tsne/tmalign_inputs/length_16_macrocycle_16_0_model_14.pdb
815	16	length_16_macrocycle_16_0_model_15	/home/dkouv/work/tfr1-binder-design/experiments/007_RFD3_macrocycles/monomer_self_consistency/rfd3_backbones/length_16/length_16_macrocycle_16_0_model_15.cif.gz	/home/dkouv/work/tfr1-binder-design/experiments/007_RFD3_macrocycles/monomer_self_consistency/structural_tsne/tmalign_inputs/length_16_macrocycle_16_0_model_15.pdb
816	16	length_16_macrocycle_16_0_model_16	/home/dkouv/work/tfr1-binder-design/experiments/007_RFD3_macrocycles/monomer_self_consistency/rfd3_backbones/length_16/length_16_macrocycle_16_0_model_16.cif.gz	/home/dkouv/work/tfr1-binder-design/experiments/007_RFD3_macrocycles/monomer_self_consistency/structural_tsne/tmalign_inputs/length_16_macrocycle_16_0_model_16.pdb
817	16	length_16_macrocycle_16_0_model_17	/home/dkouv/work/tfr1-binder-design/experiments/007_RFD3_macrocycles/monomer_self_consistency/rfd3_backbones/length_16/length_16_macrocycle_16_0_model_17.cif.gz	/home/dkouv/work/tfr1-binder-design/experiments/007_RFD3_macrocycles/monomer_self_consistency/structural_tsne/tmalign_inputs/length_16_macrocycle_16_0_model_17.pdb
818	16	length_16_macrocycle_16_0_model_18	/home/dkouv/work/tfr1-binder-design/experiments/007_RFD3_macrocycles/monomer_self_consistency/rfd3_backbones/length_16/length_16_macrocycle_16_0_model_18.cif.gz	/home/dkouv/work/tfr1-binder-design/experiments/007_RFD3_macrocycles/monomer_self_consistency/structural_tsne/tmalign_inputs/length_16_macrocycle_16_0_model_18.pdb
819	16	length_16_macrocycle_16_0_model_19	/home/dkouv/work/tfr1-binder-design/experiments/007_RFD3_macrocycles/monomer_self_consistency/rfd3_backbones/length_16/length_16_macrocycle_16_0_model_19.cif.gz	/home/dkouv/work/tfr1-binder-design/experiments/007_RFD3_macrocycles/monomer_self_consistency/structural_tsne/tmalign_inputs/length_16_macrocycle_16_0_model_19.pdb
820	16	length_16_macrocycle_16_0_model_20	/home/dkouv/work/tfr1-binder-design/experiments/007_RFD3_macrocycles/monomer_self_consistency/rfd3_backbones/length_16/length_16_macrocycle_16_0_model_20.cif.gz	/home/dkouv/work/tfr1-binder-design/experiments/007_RFD3_macrocycles/monomer_self_consistency/structural_tsne/tmalign_inputs/length_16_macrocycle_16_0_model_20.pdb
821	16	length_16_macrocycle_16_0_model_21	/home/dkouv/work/tfr1-binder-design/experiments/007_RFD3_macrocycles/monomer_self_consistency/rfd3_backbones/length_16/length_16_macrocycle_16_0_model_21.cif.gz	/home/dkouv/work/tfr1-binder-design/experiments/007_RFD3_macrocycles/monomer_self_consistency/structural_tsne/tmalign_inputs/length_16_macrocycle_16_0_model_21.pdb
822	16	length_16_macrocycle_16_0_model_22	/home/dkouv/work/tfr1-binder-design/experiments/007_RFD3_macrocycles/monomer_self_consistency/rfd3_backbones/length_16/length_16_macrocycle_16_0_model_22.cif.gz	/home/dkouv/work/tfr1-binder-design/experiments/007_RFD3_macrocycles/monomer_self_consistency/structural_tsne/tmalign_inputs/length_16_macrocycle_16_0_model_22.pdb
823	16	length_16_macrocycle_16_0_model_23	/home/dkouv/work/tfr1-binder-design/experiments/007_RFD3_macrocycles/monomer_self_consistency/rfd3_backbones/length_16/length_16_macrocycle_16_0_model_23.cif.gz	/home/dkouv/work/tfr1-binder-design/experiments/007_RFD3_macrocycles/monomer_self_consistency/structural_tsne/tmalign_inputs/length_16_macrocycle_16_0_model_23.pdb
824	16	length_16_macrocycle_16_0_model_24	/home/dkouv/work/tfr1-binder-design/experiments/007_RFD3_macrocycles/monomer_self_consistency/rfd3_backbones/length_16/length_16_macrocycle_16_0_model_24.cif.gz	/home/dkouv/work/tfr1-binder-design/experiments/007_RFD3_macrocycles/monomer_self_consistency/structural_tsne/tmalign_inputs/length_16_macrocycle_16_0_model_24.pdb
825	16	length_16_macrocycle_16_0_model_25	/home/dkouv/work/tfr1-binder-design/experiments/007_RFD3_macrocycles/monomer_self_consistency/rfd3_backbones/length_16/length_16_macrocycle_16_0_model_25.cif.gz	/home/dkouv/work/tfr1-binder-design/experiments/007_RFD3_macrocycles/monomer_self_consistency/structural_tsne/tmalign_inputs/length_16_macrocycle_16_0_model_25.pdb
826	16	length_16_macrocycle_16_0_model_26	/home/dkouv/work/tfr1-binder-design/experiments/007_RFD3_macrocycles/monomer_self_consistency/rfd3_backbones/length_16/length_16_macrocycle_16_0_model_26.cif.gz	/home/dkouv/work/tfr1-binder-design/experiments/007_RFD3_macrocycles/monomer_self_consistency/structural_tsne/tmalign_inputs/length_16_macrocycle_16_0_model_26.pdb
827	16	length_16_macrocycle_16_0_model_27	/home/dkouv/work/tfr1-binder-design/experiments/007_RFD3_macrocycles/monomer_self_consistency/rfd3_backbones/length_16/length_16_macrocycle_16_0_model_27.cif.gz	/home/dkouv/work/tfr1-binder-design/experiments/007_RFD3_macrocycles/monomer_self_consistency/structural_tsne/tmalign_inputs/length_16_macrocycle_16_0_model_27.pdb
828	16	length_16_macrocycle_16_0_model_28	/home/dkouv/work/tfr1-binder-design/experiments/007_RFD3_macrocycles/monomer_self_consistency/rfd3_backbones/length_16/length_16_macrocycle_16_0_model_28.cif.gz	/home/dkouv/work/tfr1-binder-design/experiments/007_RFD3_macrocycles/monomer_self_consistency/structural_tsne/tmalign_inputs/length_16_macrocycle_16_0_model_28.pdb
829	16	length_16_macrocycle_16_0_model_29	/home/dkouv/work/tfr1-binder-design/experiments/007_RFD3_macrocycles/monomer_self_consistency/rfd3_backbones/length_16/length_16_macrocycle_16_0_model_29.cif.gz	/home/dkouv/work/tfr1-binder-design/experiments/007_RFD3_macrocycles/monomer_self_consistency/structural_tsne/tmalign_inputs/length_16_macrocycle_16_0_model_29.pdb
830	16	length_16_macrocycle_16_0_model_30	/home/dkouv/work/tfr1-binder-design/experiments/007_RFD3_macrocycles/monomer_self_consistency/rfd3_backbones/length_16/length_16_macrocycle_16_0_model_30.cif.gz	/home/dkouv/work/tfr1-binder-design/experiments/007_RFD3_macrocycles/monomer_self_consistency/structural_tsne/tmalign_inputs/length_16_macrocycle_16_0_model_30.pdb
831	16	length_16_macrocycle_16_0_model_31	/home/dkouv/work/tfr1-binder-design/experiments/007_RFD3_macrocycles/monomer_self_consistency/rfd3_backbones/length_16/length_16_macrocycle_16_0_model_31.cif.gz	/home/dkouv/work/tfr1-binder-design/experiments/007_RFD3_macrocycles/monomer_self_consistency/structural_tsne/tmalign_inputs/length_16_macrocycle_16_0_model_31.pdb
832	16	length_16_macrocycle_16_0_model_32	/home/dkouv/work/tfr1-binder-design/experiments/007_RFD3_macrocycles/monomer_self_consistency/rfd3_backbones/length_16/length_16_macrocycle_16_0_model_32.cif.gz	/home/dkouv/work/tfr1-binder-design/experiments/007_RFD3_macrocycles/monomer_self_consistency/structural_tsne/tmalign_inputs/length_16_macrocycle_16_0_model_32.pdb
833	16	length_16_macrocycle_16_0_model_33	/home/dkouv/work/tfr1-binder-design/experiments/007_RFD3_macrocycles/monomer_self_consistency/rfd3_backbones/length_16/length_16_macrocycle_16_0_model_33.cif.gz	/home/dkouv/work/tfr1-binder-design/experiments/007_RFD3_macrocycles/monomer_self_consistency/structural_tsne/tmalign_inputs/length_16_macrocycle_16_0_model_33.pdb
834	16	length_16_macrocycle_16_0_model_34	/home/dkouv/work/tfr1-binder-design/experiments/007_RFD3_macrocycles/monomer_self_consistency/rfd3_backbones/length_16/length_16_macrocycle_16_0_model_34.cif.gz	/home/dkouv/work/tfr1-binder-design/experiments/007_RFD3_macrocycles/monomer_self_consistency/structural_tsne/tmalign_inputs/length_16_macrocycle_16_0_model_34.pdb
835	16	length_16_macrocycle_16_0_model_35	/home/dkouv/work/tfr1-binder-design/experiments/007_RFD3_macrocycles/monomer_self_consistency/rfd3_backbones/length_16/length_16_macrocycle_16_0_model_35.cif.gz	/home/dkouv/work/tfr1-binder-design/experiments/007_RFD3_macrocycles/monomer_self_consistency/structural_tsne/tmalign_inputs/length_16_macrocycle_16_0_model_35.pdb
836	16	length_16_macrocycle_16_0_model_36	/home/dkouv/work/tfr1-binder-design/experiments/007_RFD3_macrocycles/monomer_self_consistency/rfd3_backbones/length_16/length_16_macrocycle_16_0_model_36.cif.gz	/home/dkouv/work/tfr1-binder-design/experiments/007_RFD3_macrocycles/monomer_self_consistency/structural_tsne/tmalign_inputs/length_16_macrocycle_16_0_model_36.pdb
837	16	length_16_macrocycle_16_0_model_37	/home/dkouv/work/tfr1-binder-design/experiments/007_RFD3_macrocycles/monomer_self_consistency/rfd3_backbones/length_16/length_16_macrocycle_16_0_model_37.cif.gz	/home/dkouv/work/tfr1-binder-design/experiments/007_RFD3_macrocycles/monomer_self_consistency/structural_tsne/tmalign_inputs/length_16_macrocycle_16_0_model_37.pdb
838	16	length_16_macrocycle_16_0_model_38	/home/dkouv/work/tfr1-binder-design/experiments/007_RFD3_macrocycles/monomer_self_consistency/rfd3_backbones/length_16/length_16_macrocycle_16_0_model_38.cif.gz	/home/dkouv/work/tfr1-binder-design/experiments/007_RFD3_macrocycles/monomer_self_consistency/structural_tsne/tmalign_inputs/length_16_macrocycle_16_0_model_38.pdb
839	16	length_16_macrocycle_16_0_model_39	/home/dkouv/work/tfr1-binder-design/experiments/007_RFD3_macrocycles/monomer_self_consistency/rfd3_backbones/length_16/length_16_macrocycle_16_0_model_39.cif.gz	/home/dkouv/work/tfr1-binder-design/experiments/007_RFD3_macrocycles/monomer_self_consistency/structural_tsne/tmalign_inputs/length_16_macrocycle_16_0_model_39.pdb
840	16	length_16_macrocycle_16_0_model_40	/home/dkouv/work/tfr1-binder-design/experiments/007_RFD3_macrocycles/monomer_self_consistency/rfd3_backbones/length_16/length_16_macrocycle_16_0_model_40.cif.gz	/home/dkouv/work/tfr1-binder-design/experiments/007_RFD3_macrocycles/monomer_self_consistency/structural_tsne/tmalign_inputs/length_16_macrocycle_16_0_model_40.pdb
841	16	length_16_macrocycle_16_0_model_41	/home/dkouv/work/tfr1-binder-design/experiments/007_RFD3_macrocycles/monomer_self_consistency/rfd3_backbones/length_16/length_16_macrocycle_16_0_model_41.cif.gz	/home/dkouv/work/tfr1-binder-design/experiments/007_RFD3_macrocycles/monomer_self_consistency/structural_tsne/tmalign_inputs/length_16_macrocycle_16_0_model_41.pdb
842	16	length_16_macrocycle_16_0_model_42	/home/dkouv/work/tfr1-binder-design/experiments/007_RFD3_macrocycles/monomer_self_consistency/rfd3_backbones/length_16/length_16_macrocycle_16_0_model_42.cif.gz	/home/dkouv/work/tfr1-binder-design/experiments/007_RFD3_macrocycles/monomer_self_consistency/structural_tsne/tmalign_inputs/length_16_macrocycle_16_0_model_42.pdb
843	16	length_16_macrocycle_16_0_model_43	/home/dkouv/work/tfr1-binder-design/experiments/007_RFD3_macrocycles/monomer_self_consistency/rfd3_backbones/length_16/length_16_macrocycle_16_0_model_43.cif.gz	/home/dkouv/work/tfr1-binder-design/experiments/007_RFD3_macrocycles/monomer_self_consistency/structural_tsne/tmalign_inputs/length_16_macrocycle_16_0_model_43.pdb
844	16	length_16_macrocycle_16_0_model_44	/home/dkouv/work/tfr1-binder-design/experiments/007_RFD3_macrocycles/monomer_self_consistency/rfd3_backbones/length_16/length_16_macrocycle_16_0_model_44.cif.gz	/home/dkouv/work/tfr1-binder-design/experiments/007_RFD3_macrocycles/monomer_self_consistency/structural_tsne/tmalign_inputs/length_16_macrocycle_16_0_model_44.pdb
845	16	length_16_macrocycle_16_0_model_45	/home/dkouv/work/tfr1-binder-design/experiments/007_RFD3_macrocycles/monomer_self_consistency/rfd3_backbones/length_16/length_16_macrocycle_16_0_model_45.cif.gz	/home/dkouv/work/tfr1-binder-design/experiments/007_RFD3_macrocycles/monomer_self_consistency/structural_tsne/tmalign_inputs/length_16_macrocycle_16_0_model_45.pdb
846	16	length_16_macrocycle_16_0_model_46	/home/dkouv/work/tfr1-binder-design/experiments/007_RFD3_macrocycles/monomer_self_consistency/rfd3_backbones/length_16/length_16_macrocycle_16_0_model_46.cif.gz	/home/dkouv/work/tfr1-binder-design/experiments/007_RFD3_macrocycles/monomer_self_consistency/structural_tsne/tmalign_inputs/length_16_macrocycle_16_0_model_46.pdb
847	16	length_16_macrocycle_16_0_model_47	/home/dkouv/work/tfr1-binder-design/experiments/007_RFD3_macrocycles/monomer_self_consistency/rfd3_backbones/length_16/length_16_macrocycle_16_0_model_47.cif.gz	/home/dkouv/work/tfr1-binder-design/experiments/007_RFD3_macrocycles/monomer_self_consistency/structural_tsne/tmalign_inputs/length_16_macrocycle_16_0_model_47.pdb
848	16	length_16_macrocycle_16_0_model_48	/home/dkouv/work/tfr1-binder-design/experiments/007_RFD3_macrocycles/monomer_self_consistency/rfd3_backbones/length_16/length_16_macrocycle_16_0_model_48.cif.gz	/home/dkouv/work/tfr1-binder-design/experiments/007_RFD3_macrocycles/monomer_self_consistency/structural_tsne/tmalign_inputs/length_16_macrocycle_16_0_model_48.pdb
849	16	length_16_macrocycle_16_0_model_49	/home/dkouv/work/tfr1-binder-design/experiments/007_RFD3_macrocycles/monomer_self_consistency/rfd3_backbones/length_16/length_16_macrocycle_16_0_model_49.cif.gz	/home/dkouv/work/tfr1-binder-design/experiments/007_RFD3_macrocycles/monomer_self_consistency/structural_tsne/tmalign_inputs/length_16_macrocycle_16_0_model_49.pdb
850	16	length_16_macrocycle_16_0_model_50	/home/dkouv/work/tfr1-binder-design/experiments/007_RFD3_macrocycles/monomer_self_consistency/rfd3_backbones/length_16/length_16_macrocycle_16_0_model_50.cif.gz	/home/dkouv/work/tfr1-binder-design/experiments/007_RFD3_macrocycles/monomer_self_consistency/structural_tsne/tmalign_inputs/length_16_macrocycle_16_0_model_50.pdb
851	16	length_16_macrocycle_16_0_model_51	/home/dkouv/work/tfr1-binder-design/experiments/007_RFD3_macrocycles/monomer_self_consistency/rfd3_backbones/length_16/length_16_macrocycle_16_0_model_51.cif.gz	/home/dkouv/work/tfr1-binder-design/experiments/007_RFD3_macrocycles/monomer_self_consistency/structural_tsne/tmalign_inputs/length_16_macrocycle_16_0_model_51.pdb
852	16	length_16_macrocycle_16_0_model_52	/home/dkouv/work/tfr1-binder-design/experiments/007_RFD3_macrocycles/monomer_self_consistency/rfd3_backbones/length_16/length_16_macrocycle_16_0_model_52.cif.gz	/home/dkouv/work/tfr1-binder-design/experiments/007_RFD3_macrocycles/monomer_self_consistency/structural_tsne/tmalign_inputs/length_16_macrocycle_16_0_model_52.pdb
853	16	length_16_macrocycle_16_0_model_53	/home/dkouv/work/tfr1-binder-design/experiments/007_RFD3_macrocycles/monomer_self_consistency/rfd3_backbones/length_16/length_16_macrocycle_16_0_model_53.cif.gz	/home/dkouv/work/tfr1-binder-design/experiments/007_RFD3_macrocycles/monomer_self_consistency/structural_tsne/tmalign_inputs/length_16_macrocycle_16_0_model_53.pdb
854	16	length_16_macrocycle_16_0_model_54	/home/dkouv/work/tfr1-binder-design/experiments/007_RFD3_macrocycles/monomer_self_consistency/rfd3_backbones/length_16/length_16_macrocycle_16_0_model_54.cif.gz	/home/dkouv/work/tfr1-binder-design/experiments/007_RFD3_macrocycles/monomer_self_consistency/structural_tsne/tmalign_inputs/length_16_macrocycle_16_0_model_54.pdb
855	16	length_16_macrocycle_16_0_model_55	/home/dkouv/work/tfr1-binder-design/experiments/007_RFD3_macrocycles/monomer_self_consistency/rfd3_backbones/length_16/length_16_macrocycle_16_0_model_55.cif.gz	/home/dkouv/work/tfr1-binder-design/experiments/007_RFD3_macrocycles/monomer_self_consistency/structural_tsne/tmalign_inputs/length_16_macrocycle_16_0_model_55.pdb
856	16	length_16_macrocycle_16_0_model_56	/home/dkouv/work/tfr1-binder-design/experiments/007_RFD3_macrocycles/monomer_self_consistency/rfd3_backbones/length_16/length_16_macrocycle_16_0_model_56.cif.gz	/home/dkouv/work/tfr1-binder-design/experiments/007_RFD3_macrocycles/monomer_self_consistency/structural_tsne/tmalign_inputs/length_16_macrocycle_16_0_model_56.pdb
857	16	length_16_macrocycle_16_0_model_57	/home/dkouv/work/tfr1-binder-design/experiments/007_RFD3_macrocycles/monomer_self_consistency/rfd3_backbones/length_16/length_16_macrocycle_16_0_model_57.cif.gz	/home/dkouv/work/tfr1-binder-design/experiments/007_RFD3_macrocycles/monomer_self_consistency/structural_tsne/tmalign_inputs/length_16_macrocycle_16_0_model_57.pdb
858	16	length_16_macrocycle_16_0_model_58	/home/dkouv/work/tfr1-binder-design/experiments/007_RFD3_macrocycles/monomer_self_consistency/rfd3_backbones/length_16/length_16_macrocycle_16_0_model_58.cif.gz	/home/dkouv/work/tfr1-binder-design/experiments/007_RFD3_macrocycles/monomer_self_consistency/structural_tsne/tmalign_inputs/length_16_macrocycle_16_0_model_58.pdb
859	16	length_16_macrocycle_16_0_model_59	/home/dkouv/work/tfr1-binder-design/experiments/007_RFD3_macrocycles/monomer_self_consistency/rfd3_backbones/length_16/length_16_macrocycle_16_0_model_59.cif.gz	/home/dkouv/work/tfr1-binder-design/experiments/007_RFD3_macrocycles/monomer_self_consistency/structural_tsne/tmalign_inputs/length_16_macrocycle_16_0_model_59.pdb
860	16	length_16_macrocycle_16_0_model_60	/home/dkouv/work/tfr1-binder-design/experiments/007_RFD3_macrocycles/monomer_self_consistency/rfd3_backbones/length_16/length_16_macrocycle_16_0_model_60.cif.gz	/home/dkouv/work/tfr1-binder-design/experiments/007_RFD3_macrocycles/monomer_self_consistency/structural_tsne/tmalign_inputs/length_16_macrocycle_16_0_model_60.pdb
861	16	length_16_macrocycle_16_0_model_61	/home/dkouv/work/tfr1-binder-design/experiments/007_RFD3_macrocycles/monomer_self_consistency/rfd3_backbones/length_16/length_16_macrocycle_16_0_model_61.cif.gz	/home/dkouv/work/tfr1-binder-design/experiments/007_RFD3_macrocycles/monomer_self_consistency/structural_tsne/tmalign_inputs/length_16_macrocycle_16_0_model_61.pdb
862	16	length_16_macrocycle_16_0_model_62	/home/dkouv/work/tfr1-binder-design/experiments/007_RFD3_macrocycles/monomer_self_consistency/rfd3_backbones/length_16/length_16_macrocycle_16_0_model_62.cif.gz	/home/dkouv/work/tfr1-binder-design/experiments/007_RFD3_macrocycles/monomer_self_consistency/structural_tsne/tmalign_inputs/length_16_macrocycle_16_0_model_62.pdb
863	16	length_16_macrocycle_16_0_model_63	/home/dkouv/work/tfr1-binder-design/experiments/007_RFD3_macrocycles/monomer_self_consistency/rfd3_backbones/length_16/length_16_macrocycle_16_0_model_63.cif.gz	/home/dkouv/work/tfr1-binder-design/experiments/007_RFD3_macrocycles/monomer_self_consistency/structural_tsne/tmalign_inputs/length_16_macrocycle_16_0_model_63.pdb
864	16	length_16_macrocycle_16_0_model_64	/home/dkouv/work/tfr1-binder-design/experiments/007_RFD3_macrocycles/monomer_self_consistency/rfd3_backbones/length_16/length_16_macrocycle_16_0_model_64.cif.gz	/home/dkouv/work/tfr1-binder-design/experiments/007_RFD3_macrocycles/monomer_self_consistency/structural_tsne/tmalign_inputs/length_16_macrocycle_16_0_model_64.pdb
865	16	length_16_macrocycle_16_0_model_65	/home/dkouv/work/tfr1-binder-design/experiments/007_RFD3_macrocycles/monomer_self_consistency/rfd3_backbones/length_16/length_16_macrocycle_16_0_model_65.cif.gz	/home/dkouv/work/tfr1-binder-design/experiments/007_RFD3_macrocycles/monomer_self_consistency/structural_tsne/tmalign_inputs/length_16_macrocycle_16_0_model_65.pdb
866	16	length_16_macrocycle_16_0_model_66	/home/dkouv/work/tfr1-binder-design/experiments/007_RFD3_macrocycles/monomer_self_consistency/rfd3_backbones/length_16/length_16_macrocycle_16_0_model_66.cif.gz	/home/dkouv/work/tfr1-binder-design/experiments/007_RFD3_macrocycles/monomer_self_consistency/structural_tsne/tmalign_inputs/length_16_macrocycle_16_0_model_66.pdb
867	16	length_16_macrocycle_16_0_model_67	/home/dkouv/work/tfr1-binder-design/experiments/007_RFD3_macrocycles/monomer_self_consistency/rfd3_backbones/length_16/length_16_macrocycle_16_0_model_67.cif.gz	/home/dkouv/work/tfr1-binder-design/experiments/007_RFD3_macrocycles/monomer_self_consistency/structural_tsne/tmalign_inputs/length_16_macrocycle_16_0_model_67.pdb
868	16	length_16_macrocycle_16_0_model_68	/home/dkouv/work/tfr1-binder-design/experiments/007_RFD3_macrocycles/monomer_self_consistency/rfd3_backbones/length_16/length_16_macrocycle_16_0_model_68.cif.gz	/home/dkouv/work/tfr1-binder-design/experiments/007_RFD3_macrocycles/monomer_self_consistency/structural_tsne/tmalign_inputs/length_16_macrocycle_16_0_model_68.pdb
869	16	length_16_macrocycle_16_0_model_69	/home/dkouv/work/tfr1-binder-design/experiments/007_RFD3_macrocycles/monomer_self_consistency/rfd3_backbones/length_16/length_16_macrocycle_16_0_model_69.cif.gz	/home/dkouv/work/tfr1-binder-design/experiments/007_RFD3_macrocycles/monomer_self_consistency/structural_tsne/tmalign_inputs/length_16_macrocycle_16_0_model_69.pdb
870	16	length_16_macrocycle_16_0_model_70	/home/dkouv/work/tfr1-binder-design/experiments/007_RFD3_macrocycles/monomer_self_consistency/rfd3_backbones/length_16/length_16_macrocycle_16_0_model_70.cif.gz	/home/dkouv/work/tfr1-binder-design/experiments/007_RFD3_macrocycles/monomer_self_consistency/structural_tsne/tmalign_inputs/length_16_macrocycle_16_0_model_70.pdb
871	16	length_16_macrocycle_16_0_model_71	/home/dkouv/work/tfr1-binder-design/experiments/007_RFD3_macrocycles/monomer_self_consistency/rfd3_backbones/length_16/length_16_macrocycle_16_0_model_71.cif.gz	/home/dkouv/work/tfr1-binder-design/experiments/007_RFD3_macrocycles/monomer_self_consistency/structural_tsne/tmalign_inputs/length_16_macrocycle_16_0_model_71.pdb
872	16	length_16_macrocycle_16_0_model_72	/home/dkouv/work/tfr1-binder-design/experiments/007_RFD3_macrocycles/monomer_self_consistency/rfd3_backbones/length_16/length_16_macrocycle_16_0_model_72.cif.gz	/home/dkouv/work/tfr1-binder-design/experiments/007_RFD3_macrocycles/monomer_self_consistency/structural_tsne/tmalign_inputs/length_16_macrocycle_16_0_model_72.pdb
873	16	length_16_macrocycle_16_0_model_73	/home/dkouv/work/tfr1-binder-design/experiments/007_RFD3_macrocycles/monomer_self_consistency/rfd3_backbones/length_16/length_16_macrocycle_16_0_model_73.cif.gz	/home/dkouv/work/tfr1-binder-design/experiments/007_RFD3_macrocycles/monomer_self_consistency/structural_tsne/tmalign_inputs/length_16_macrocycle_16_0_model_73.pdb
874	16	length_16_macrocycle_16_0_model_74	/home/dkouv/work/tfr1-binder-design/experiments/007_RFD3_macrocycles/monomer_self_consistency/rfd3_backbones/length_16/length_16_macrocycle_16_0_model_74.cif.gz	/home/dkouv/work/tfr1-binder-design/experiments/007_RFD3_macrocycles/monomer_self_consistency/structural_tsne/tmalign_inputs/length_16_macrocycle_16_0_model_74.pdb
875	16	length_16_macrocycle_16_0_model_75	/home/dkouv/work/tfr1-binder-design/experiments/007_RFD3_macrocycles/monomer_self_consistency/rfd3_backbones/length_16/length_16_macrocycle_16_0_model_75.cif.gz	/home/dkouv/work/tfr1-binder-design/experiments/007_RFD3_macrocycles/monomer_self_consistency/structural_tsne/tmalign_inputs/length_16_macrocycle_16_0_model_75.pdb
876	16	length_16_macrocycle_16_0_model_76	/home/dkouv/work/tfr1-binder-design/experiments/007_RFD3_macrocycles/monomer_self_consistency/rfd3_backbones/length_16/length_16_macrocycle_16_0_model_76.cif.gz	/home/dkouv/work/tfr1-binder-design/experiments/007_RFD3_macrocycles/monomer_self_consistency/structural_tsne/tmalign_inputs/length_16_macrocycle_16_0_model_76.pdb
877	16	length_16_macrocycle_16_0_model_77	/home/dkouv/work/tfr1-binder-design/experiments/007_RFD3_macrocycles/monomer_self_consistency/rfd3_backbones/length_16/length_16_macrocycle_16_0_model_77.cif.gz	/home/dkouv/work/tfr1-binder-design/experiments/007_RFD3_macrocycles/monomer_self_consistency/structural_tsne/tmalign_inputs/length_16_macrocycle_16_0_model_77.pdb
878	16	length_16_macrocycle_16_0_model_78	/home/dkouv/work/tfr1-binder-design/experiments/007_RFD3_macrocycles/monomer_self_consistency/rfd3_backbones/length_16/length_16_macrocycle_16_0_model_78.cif.gz	/home/dkouv/work/tfr1-binder-design/experiments/007_RFD3_macrocycles/monomer_self_consistency/structural_tsne/tmalign_inputs/length_16_macrocycle_16_0_model_78.pdb
879	16	length_16_macrocycle_16_0_model_79	/home/dkouv/work/tfr1-binder-design/experiments/007_RFD3_macrocycles/monomer_self_consistency/rfd3_backbones/length_16/length_16_macrocycle_16_0_model_79.cif.gz	/home/dkouv/work/tfr1-binder-design/experiments/007_RFD3_macrocycles/monomer_self_consistency/structural_tsne/tmalign_inputs/length_16_macrocycle_16_0_model_79.pdb
880	16	length_16_macrocycle_16_0_model_80	/home/dkouv/work/tfr1-binder-design/experiments/007_RFD3_macrocycles/monomer_self_consistency/rfd3_backbones/length_16/length_16_macrocycle_16_0_model_80.cif.gz	/home/dkouv/work/tfr1-binder-design/experiments/007_RFD3_macrocycles/monomer_self_consistency/structural_tsne/tmalign_inputs/length_16_macrocycle_16_0_model_80.pdb
881	16	length_16_macrocycle_16_0_model_81	/home/dkouv/work/tfr1-binder-design/experiments/007_RFD3_macrocycles/monomer_self_consistency/rfd3_backbones/length_16/length_16_macrocycle_16_0_model_81.cif.gz	/home/dkouv/work/tfr1-binder-design/experiments/007_RFD3_macrocycles/monomer_self_consistency/structural_tsne/tmalign_inputs/length_16_macrocycle_16_0_model_81.pdb
882	16	length_16_macrocycle_16_0_model_82	/home/dkouv/work/tfr1-binder-design/experiments/007_RFD3_macrocycles/monomer_self_consistency/rfd3_backbones/length_16/length_16_macrocycle_16_0_model_82.cif.gz	/home/dkouv/work/tfr1-binder-design/experiments/007_RFD3_macrocycles/monomer_self_consistency/structural_tsne/tmalign_inputs/length_16_macrocycle_16_0_model_82.pdb
883	16	length_16_macrocycle_16_0_model_83	/home/dkouv/work/tfr1-binder-design/experiments/007_RFD3_macrocycles/monomer_self_consistency/rfd3_backbones/length_16/length_16_macrocycle_16_0_model_83.cif.gz	/home/dkouv/work/tfr1-binder-design/experiments/007_RFD3_macrocycles/monomer_self_consistency/structural_tsne/tmalign_inputs/length_16_macrocycle_16_0_model_83.pdb
884	16	length_16_macrocycle_16_0_model_84	/home/dkouv/work/tfr1-binder-design/experiments/007_RFD3_macrocycles/monomer_self_consistency/rfd3_backbones/length_16/length_16_macrocycle_16_0_model_84.cif.gz	/home/dkouv/work/tfr1-binder-design/experiments/007_RFD3_macrocycles/monomer_self_consistency/structural_tsne/tmalign_inputs/length_16_macrocycle_16_0_model_84.pdb
885	16	length_16_macrocycle_16_0_model_85	/home/dkouv/work/tfr1-binder-design/experiments/007_RFD3_macrocycles/monomer_self_consistency/rfd3_backbones/length_16/length_16_macrocycle_16_0_model_85.cif.gz	/home/dkouv/work/tfr1-binder-design/experiments/007_RFD3_macrocycles/monomer_self_consistency/structural_tsne/tmalign_inputs/length_16_macrocycle_16_0_model_85.pdb
886	16	length_16_macrocycle_16_0_model_86	/home/dkouv/work/tfr1-binder-design/experiments/007_RFD3_macrocycles/monomer_self_consistency/rfd3_backbones/length_16/length_16_macrocycle_16_0_model_86.cif.gz	/home/dkouv/work/tfr1-binder-design/experiments/007_RFD3_macrocycles/monomer_self_consistency/structural_tsne/tmalign_inputs/length_16_macrocycle_16_0_model_86.pdb
887	16	length_16_macrocycle_16_0_model_87	/home/dkouv/work/tfr1-binder-design/experiments/007_RFD3_macrocycles/monomer_self_consistency/rfd3_backbones/length_16/length_16_macrocycle_16_0_model_87.cif.gz	/home/dkouv/work/tfr1-binder-design/experiments/007_RFD3_macrocycles/monomer_self_consistency/structural_tsne/tmalign_inputs/length_16_macrocycle_16_0_model_87.pdb
888	16	length_16_macrocycle_16_0_model_88	/home/dkouv/work/tfr1-binder-design/experiments/007_RFD3_macrocycles/monomer_self_consistency/rfd3_backbones/length_16/length_16_macrocycle_16_0_model_88.cif.gz	/home/dkouv/work/tfr1-binder-design/experiments/007_RFD3_macrocycles/monomer_self_consistency/structural_tsne/tmalign_inputs/length_16_macrocycle_16_0_model_88.pdb
889	16	length_16_macrocycle_16_0_model_89	/home/dkouv/work/tfr1-binder-design/experiments/007_RFD3_macrocycles/monomer_self_consistency/rfd3_backbones/length_16/length_16_macrocycle_16_0_model_89.cif.gz	/home/dkouv/work/tfr1-binder-design/experiments/007_RFD3_macrocycles/monomer_self_consistency/structural_tsne/tmalign_inputs/length_16_macrocycle_16_0_model_89.pdb
890	16	length_16_macrocycle_16_0_model_90	/home/dkouv/work/tfr1-binder-design/experiments/007_RFD3_macrocycles/monomer_self_consistency/rfd3_backbones/length_16/length_16_macrocycle_16_0_model_90.cif.gz	/home/dkouv/work/tfr1-binder-design/experiments/007_RFD3_macrocycles/monomer_self_consistency/structural_tsne/tmalign_inputs/length_16_macrocycle_16_0_model_90.pdb
891	16	length_16_macrocycle_16_0_model_91	/home/dkouv/work/tfr1-binder-design/experiments/007_RFD3_macrocycles/monomer_self_consistency/rfd3_backbones/length_16/length_16_macrocycle_16_0_model_91.cif.gz	/home/dkouv/work/tfr1-binder-design/experiments/007_RFD3_macrocycles/monomer_self_consistency/structural_tsne/tmalign_inputs/length_16_macrocycle_16_0_model_91.pdb
892	16	length_16_macrocycle_16_0_model_92	/home/dkouv/work/tfr1-binder-design/experiments/007_RFD3_macrocycles/monomer_self_consistency/rfd3_backbones/length_16/length_16_macrocycle_16_0_model_92.cif.gz	/home/dkouv/work/tfr1-binder-design/experiments/007_RFD3_macrocycles/monomer_self_consistency/structural_tsne/tmalign_inputs/length_16_macrocycle_16_0_model_92.pdb
893	16	length_16_macrocycle_16_0_model_93	/home/dkouv/work/tfr1-binder-design/experiments/007_RFD3_macrocycles/monomer_self_consistency/rfd3_backbones/length_16/length_16_macrocycle_16_0_model_93.cif.gz	/home/dkouv/work/tfr1-binder-design/experiments/007_RFD3_macrocycles/monomer_self_consistency/structural_tsne/tmalign_inputs/length_16_macrocycle_16_0_model_93.pdb
894	16	length_16_macrocycle_16_0_model_94	/home/dkouv/work/tfr1-binder-design/experiments/007_RFD3_macrocycles/monomer_self_consistency/rfd3_backbones/length_16/length_16_macrocycle_16_0_model_94.cif.gz	/home/dkouv/work/tfr1-binder-design/experiments/007_RFD3_macrocycles/monomer_self_consistency/structural_tsne/tmalign_inputs/length_16_macrocycle_16_0_model_94.pdb
895	16	length_16_macrocycle_16_0_model_95	/home/dkouv/work/tfr1-binder-design/experiments/007_RFD3_macrocycles/monomer_self_consistency/rfd3_backbones/length_16/length_16_macrocycle_16_0_model_95.cif.gz	/home/dkouv/work/tfr1-binder-design/experiments/007_RFD3_macrocycles/monomer_self_consistency/structural_tsne/tmalign_inputs/length_16_macrocycle_16_0_model_95.pdb
896	16	length_16_macrocycle_16_0_model_96	/home/dkouv/work/tfr1-binder-design/experiments/007_RFD3_macrocycles/monomer_self_consistency/rfd3_backbones/length_16/length_16_macrocycle_16_0_model_96.cif.gz	/home/dkouv/work/tfr1-binder-design/experiments/007_RFD3_macrocycles/monomer_self_consistency/structural_tsne/tmalign_inputs/length_16_macrocycle_16_0_model_96.pdb
897	16	length_16_macrocycle_16_0_model_97	/home/dkouv/work/tfr1-binder-design/experiments/007_RFD3_macrocycles/monomer_self_consistency/rfd3_backbones/length_16/length_16_macrocycle_16_0_model_97.cif.gz	/home/dkouv/work/tfr1-binder-design/experiments/007_RFD3_macrocycles/monomer_self_consistency/structural_tsne/tmalign_inputs/length_16_macrocycle_16_0_model_97.pdb
898	16	length_16_macrocycle_16_0_model_98	/home/dkouv/work/tfr1-binder-design/experiments/007_RFD3_macrocycles/monomer_self_consistency/rfd3_backbones/length_16/length_16_macrocycle_16_0_model_98.cif.gz	/home/dkouv/work/tfr1-binder-design/experiments/007_RFD3_macrocycles/monomer_self_consistency/structural_tsne/tmalign_inputs/length_16_macrocycle_16_0_model_98.pdb
899	16	length_16_macrocycle_16_0_model_99	/home/dkouv/work/tfr1-binder-design/experiments/007_RFD3_macrocycles/monomer_self_consistency/rfd3_backbones/length_16/length_16_macrocycle_16_0_model_99.cif.gz	/home/dkouv/work/tfr1-binder-design/experiments/007_RFD3_macrocycles/monomer_self_consistency/structural_tsne/tmalign_inputs/length_16_macrocycle_16_0_model_99.pdb
900	16	length_16_macrocycle_16_0_model_100	/home/dkouv/work/tfr1-binder-design/experiments/007_RFD3_macrocycles/monomer_self_consistency/rfd3_backbones/length_16/length_16_macrocycle_16_0_model_100.cif.gz	/home/dkouv/work/tfr1-binder-design/experiments/007_RFD3_macrocycles/monomer_self_consistency/structural_tsne/tmalign_inputs/length_16_macrocycle_16_0_model_100.pdb
901	16	length_16_macrocycle_16_0_model_101	/home/dkouv/work/tfr1-binder-design/experiments/007_RFD3_macrocycles/monomer_self_consistency/rfd3_backbones/length_16/length_16_macrocycle_16_0_model_101.cif.gz	/home/dkouv/work/tfr1-binder-design/experiments/007_RFD3_macrocycles/monomer_self_consistency/structural_tsne/tmalign_inputs/length_16_macrocycle_16_0_model_101.pdb
902	16	length_16_macrocycle_16_0_model_102	/home/dkouv/work/tfr1-binder-design/experiments/007_RFD3_macrocycles/monomer_self_consistency/rfd3_backbones/length_16/length_16_macrocycle_16_0_model_102.cif.gz	/home/dkouv/work/tfr1-binder-design/experiments/007_RFD3_macrocycles/monomer_self_consistency/structural_tsne/tmalign_inputs/length_16_macrocycle_16_0_model_102.pdb
903	16	length_16_macrocycle_16_0_model_103	/home/dkouv/work/tfr1-binder-design/experiments/007_RFD3_macrocycles/monomer_self_consistency/rfd3_backbones/length_16/length_16_macrocycle_16_0_model_103.cif.gz	/home/dkouv/work/tfr1-binder-design/experiments/007_RFD3_macrocycles/monomer_self_consistency/structural_tsne/tmalign_inputs/length_16_macrocycle_16_0_model_103.pdb
904	16	length_16_macrocycle_16_0_model_104	/home/dkouv/work/tfr1-binder-design/experiments/007_RFD3_macrocycles/monomer_self_consistency/rfd3_backbones/length_16/length_16_macrocycle_16_0_model_104.cif.gz	/home/dkouv/work/tfr1-binder-design/experiments/007_RFD3_macrocycles/monomer_self_consistency/structural_tsne/tmalign_inputs/length_16_macrocycle_16_0_model_104.pdb
905	16	length_16_macrocycle_16_0_model_105	/home/dkouv/work/tfr1-binder-design/experiments/007_RFD3_macrocycles/monomer_self_consistency/rfd3_backbones/length_16/length_16_macrocycle_16_0_model_105.cif.gz	/home/dkouv/work/tfr1-binder-design/experiments/007_RFD3_macrocycles/monomer_self_consistency/structural_tsne/tmalign_inputs/length_16_macrocycle_16_0_model_105.pdb
906	16	length_16_macrocycle_16_0_model_106	/home/dkouv/work/tfr1-binder-design/experiments/007_RFD3_macrocycles/monomer_self_consistency/rfd3_backbones/length_16/length_16_macrocycle_16_0_model_106.cif.gz	/home/dkouv/work/tfr1-binder-design/experiments/007_RFD3_macrocycles/monomer_self_consistency/structural_tsne/tmalign_inputs/length_16_macrocycle_16_0_model_106.pdb
907	16	length_16_macrocycle_16_0_model_107	/home/dkouv/work/tfr1-binder-design/experiments/007_RFD3_macrocycles/monomer_self_consistency/rfd3_backbones/length_16/length_16_macrocycle_16_0_model_107.cif.gz	/home/dkouv/work/tfr1-binder-design/experiments/007_RFD3_macrocycles/monomer_self_consistency/structural_tsne/tmalign_inputs/length_16_macrocycle_16_0_model_107.pdb
908	16	length_16_macrocycle_16_0_model_108	/home/dkouv/work/tfr1-binder-design/experiments/007_RFD3_macrocycles/monomer_self_consistency/rfd3_backbones/length_16/length_16_macrocycle_16_0_model_108.cif.gz	/home/dkouv/work/tfr1-binder-design/experiments/007_RFD3_macrocycles/monomer_self_consistency/structural_tsne/tmalign_inputs/length_16_macrocycle_16_0_model_108.pdb
909	16	length_16_macrocycle_16_0_model_109	/home/dkouv/work/tfr1-binder-design/experiments/007_RFD3_macrocycles/monomer_self_consistency/rfd3_backbones/length_16/length_16_macrocycle_16_0_model_109.cif.gz	/home/dkouv/work/tfr1-binder-design/experiments/007_RFD3_macrocycles/monomer_self_consistency/structural_tsne/tmalign_inputs/length_16_macrocycle_16_0_model_109.pdb
910	16	length_16_macrocycle_16_0_model_110	/home/dkouv/work/tfr1-binder-design/experiments/007_RFD3_macrocycles/monomer_self_consistency/rfd3_backbones/length_16/length_16_macrocycle_16_0_model_110.cif.gz	/home/dkouv/work/tfr1-binder-design/experiments/007_RFD3_macrocycles/monomer_self_consistency/structural_tsne/tmalign_inputs/length_16_macrocycle_16_0_model_110.pdb
911	16	length_16_macrocycle_16_0_model_111	/home/dkouv/work/tfr1-binder-design/experiments/007_RFD3_macrocycles/monomer_self_consistency/rfd3_backbones/length_16/length_16_macrocycle_16_0_model_111.cif.gz	/home/dkouv/work/tfr1-binder-design/experiments/007_RFD3_macrocycles/monomer_self_consistency/structural_tsne/tmalign_inputs/length_16_macrocycle_16_0_model_111.pdb
912	16	length_16_macrocycle_16_0_model_112	/home/dkouv/work/tfr1-binder-design/experiments/007_RFD3_macrocycles/monomer_self_consistency/rfd3_backbones/length_16/length_16_macrocycle_16_0_model_112.cif.gz	/home/dkouv/work/tfr1-binder-design/experiments/007_RFD3_macrocycles/monomer_self_consistency/structural_tsne/tmalign_inputs/length_16_macrocycle_16_0_model_112.pdb
913	16	length_16_macrocycle_16_0_model_113	/home/dkouv/work/tfr1-binder-design/experiments/007_RFD3_macrocycles/monomer_self_consistency/rfd3_backbones/length_16/length_16_macrocycle_16_0_model_113.cif.gz	/home/dkouv/work/tfr1-binder-design/experiments/007_RFD3_macrocycles/monomer_self_consistency/structural_tsne/tmalign_inputs/length_16_macrocycle_16_0_model_113.pdb
914	16	length_16_macrocycle_16_0_model_114	/home/dkouv/work/tfr1-binder-design/experiments/007_RFD3_macrocycles/monomer_self_consistency/rfd3_backbones/length_16/length_16_macrocycle_16_0_model_114.cif.gz	/home/dkouv/work/tfr1-binder-design/experiments/007_RFD3_macrocycles/monomer_self_consistency/structural_tsne/tmalign_inputs/length_16_macrocycle_16_0_model_114.pdb
915	16	length_16_macrocycle_16_0_model_115	/home/dkouv/work/tfr1-binder-design/experiments/007_RFD3_macrocycles/monomer_self_consistency/rfd3_backbones/length_16/length_16_macrocycle_16_0_model_115.cif.gz	/home/dkouv/work/tfr1-binder-design/experiments/007_RFD3_macrocycles/monomer_self_consistency/structural_tsne/tmalign_inputs/length_16_macrocycle_16_0_model_115.pdb
916	16	length_16_macrocycle_16_0_model_116	/home/dkouv/work/tfr1-binder-design/experiments/007_RFD3_macrocycles/monomer_self_consistency/rfd3_backbones/length_16/length_16_macrocycle_16_0_model_116.cif.gz	/home/dkouv/work/tfr1-binder-design/experiments/007_RFD3_macrocycles/monomer_self_consistency/structural_tsne/tmalign_inputs/length_16_macrocycle_16_0_model_116.pdb
917	16	length_16_macrocycle_16_0_model_117	/home/dkouv/work/tfr1-binder-design/experiments/007_RFD3_macrocycles/monomer_self_consistency/rfd3_backbones/length_16/length_16_macrocycle_16_0_model_117.cif.gz	/home/dkouv/work/tfr1-binder-design/experiments/007_RFD3_macrocycles/monomer_self_consistency/structural_tsne/tmalign_inputs/length_16_macrocycle_16_0_model_117.pdb
918	16	length_16_macrocycle_16_0_model_118	/home/dkouv/work/tfr1-binder-design/experiments/007_RFD3_macrocycles/monomer_self_consistency/rfd3_backbones/length_16/length_16_macrocycle_16_0_model_118.cif.gz	/home/dkouv/work/tfr1-binder-design/experiments/007_RFD3_macrocycles/monomer_self_consistency/structural_tsne/tmalign_inputs/length_16_macrocycle_16_0_model_118.pdb
919	16	length_16_macrocycle_16_0_model_119	/home/dkouv/work/tfr1-binder-design/experiments/007_RFD3_macrocycles/monomer_self_consistency/rfd3_backbones/length_16/length_16_macrocycle_16_0_model_119.cif.gz	/home/dkouv/work/tfr1-binder-design/experiments/007_RFD3_macrocycles/monomer_self_consistency/structural_tsne/tmalign_inputs/length_16_macrocycle_16_0_model_119.pdb
920	16	length_16_macrocycle_16_0_model_120	/home/dkouv/work/tfr1-binder-design/experiments/007_RFD3_macrocycles/monomer_self_consistency/rfd3_backbones/length_16/length_16_macrocycle_16_0_model_120.cif.gz	/home/dkouv/work/tfr1-binder-design/experiments/007_RFD3_macrocycles/monomer_self_consistency/structural_tsne/tmalign_inputs/length_16_macrocycle_16_0_model_120.pdb
921	16	length_16_macrocycle_16_0_model_121	/home/dkouv/work/tfr1-binder-design/experiments/007_RFD3_macrocycles/monomer_self_consistency/rfd3_backbones/length_16/length_16_macrocycle_16_0_model_121.cif.gz	/home/dkouv/work/tfr1-binder-design/experiments/007_RFD3_macrocycles/monomer_self_consistency/structural_tsne/tmalign_inputs/length_16_macrocycle_16_0_model_121.pdb
922	16	length_16_macrocycle_16_0_model_122	/home/dkouv/work/tfr1-binder-design/experiments/007_RFD3_macrocycles/monomer_self_consistency/rfd3_backbones/length_16/length_16_macrocycle_16_0_model_122.cif.gz	/home/dkouv/work/tfr1-binder-design/experiments/007_RFD3_macrocycles/monomer_self_consistency/structural_tsne/tmalign_inputs/length_16_macrocycle_16_0_model_122.pdb
923	16	length_16_macrocycle_16_0_model_123	/home/dkouv/work/tfr1-binder-design/experiments/007_RFD3_macrocycles/monomer_self_consistency/rfd3_backbones/length_16/length_16_macrocycle_16_0_model_123.cif.gz	/home/dkouv/work/tfr1-binder-design/experiments/007_RFD3_macrocycles/monomer_self_consistency/structural_tsne/tmalign_inputs/length_16_macrocycle_16_0_model_123.pdb
924	16	length_16_macrocycle_16_0_model_124	/home/dkouv/work/tfr1-binder-design/experiments/007_RFD3_macrocycles/monomer_self_consistency/rfd3_backbones/length_16/length_16_macrocycle_16_0_model_124.cif.gz	/home/dkouv/work/tfr1-binder-design/experiments/007_RFD3_macrocycles/monomer_self_consistency/structural_tsne/tmalign_inputs/length_16_macrocycle_16_0_model_124.pdb
925	16	length_16_macrocycle_16_0_model_125	/home/dkouv/work/tfr1-binder-design/experiments/007_RFD3_macrocycles/monomer_self_consistency/rfd3_backbones/length_16/length_16_macrocycle_16_0_model_125.cif.gz	/home/dkouv/work/tfr1-binder-design/experiments/007_RFD3_macrocycles/monomer_self_consistency/structural_tsne/tmalign_inputs/length_16_macrocycle_16_0_model_125.pdb
926	16	length_16_macrocycle_16_0_model_126	/home/dkouv/work/tfr1-binder-design/experiments/007_RFD3_macrocycles/monomer_self_consistency/rfd3_backbones/length_16/length_16_macrocycle_16_0_model_126.cif.gz	/home/dkouv/work/tfr1-binder-design/experiments/007_RFD3_macrocycles/monomer_self_consistency/structural_tsne/tmalign_inputs/length_16_macrocycle_16_0_model_126.pdb
927	16	length_16_macrocycle_16_0_model_127	/home/dkouv/work/tfr1-binder-design/experiments/007_RFD3_macrocycles/monomer_self_consistency/rfd3_backbones/length_16/length_16_macrocycle_16_0_model_127.cif.gz	/home/dkouv/work/tfr1-binder-design/experiments/007_RFD3_macrocycles/monomer_self_consistency/structural_tsne/tmalign_inputs/length_16_macrocycle_16_0_model_127.pdb
928	16	length_16_macrocycle_16_0_model_128	/home/dkouv/work/tfr1-binder-design/experiments/007_RFD3_macrocycles/monomer_self_consistency/rfd3_backbones/length_16/length_16_macrocycle_16_0_model_128.cif.gz	/home/dkouv/work/tfr1-binder-design/experiments/007_RFD3_macrocycles/monomer_self_consistency/structural_tsne/tmalign_inputs/length_16_macrocycle_16_0_model_128.pdb
929	16	length_16_macrocycle_16_0_model_129	/home/dkouv/work/tfr1-binder-design/experiments/007_RFD3_macrocycles/monomer_self_consistency/rfd3_backbones/length_16/length_16_macrocycle_16_0_model_129.cif.gz	/home/dkouv/work/tfr1-binder-design/experiments/007_RFD3_macrocycles/monomer_self_consistency/structural_tsne/tmalign_inputs/length_16_macrocycle_16_0_model_129.pdb
930	16	length_16_macrocycle_16_0_model_130	/home/dkouv/work/tfr1-binder-design/experiments/007_RFD3_macrocycles/monomer_self_consistency/rfd3_backbones/length_16/length_16_macrocycle_16_0_model_130.cif.gz	/home/dkouv/work/tfr1-binder-design/experiments/007_RFD3_macrocycles/monomer_self_consistency/structural_tsne/tmalign_inputs/length_16_macrocycle_16_0_model_130.pdb
931	16	length_16_macrocycle_16_0_model_131	/home/dkouv/work/tfr1-binder-design/experiments/007_RFD3_macrocycles/monomer_self_consistency/rfd3_backbones/length_16/length_16_macrocycle_16_0_model_131.cif.gz	/home/dkouv/work/tfr1-binder-design/experiments/007_RFD3_macrocycles/monomer_self_consistency/structural_tsne/tmalign_inputs/length_16_macrocycle_16_0_model_131.pdb
932	16	length_16_macrocycle_16_0_model_132	/home/dkouv/work/tfr1-binder-design/experiments/007_RFD3_macrocycles/monomer_self_consistency/rfd3_backbones/length_16/length_16_macrocycle_16_0_model_132.cif.gz	/home/dkouv/work/tfr1-binder-design/experiments/007_RFD3_macrocycles/monomer_self_consistency/structural_tsne/tmalign_inputs/length_16_macrocycle_16_0_model_132.pdb
933	16	length_16_macrocycle_16_0_model_133	/home/dkouv/work/tfr1-binder-design/experiments/007_RFD3_macrocycles/monomer_self_consistency/rfd3_backbones/length_16/length_16_macrocycle_16_0_model_133.cif.gz	/home/dkouv/work/tfr1-binder-design/experiments/007_RFD3_macrocycles/monomer_self_consistency/structural_tsne/tmalign_inputs/length_16_macrocycle_16_0_model_133.pdb
934	16	length_16_macrocycle_16_0_model_134	/home/dkouv/work/tfr1-binder-design/experiments/007_RFD3_macrocycles/monomer_self_consistency/rfd3_backbones/length_16/length_16_macrocycle_16_0_model_134.cif.gz	/home/dkouv/work/tfr1-binder-design/experiments/007_RFD3_macrocycles/monomer_self_consistency/structural_tsne/tmalign_inputs/length_16_macrocycle_16_0_model_134.pdb
935	16	length_16_macrocycle_16_0_model_135	/home/dkouv/work/tfr1-binder-design/experiments/007_RFD3_macrocycles/monomer_self_consistency/rfd3_backbones/length_16/length_16_macrocycle_16_0_model_135.cif.gz	/home/dkouv/work/tfr1-binder-design/experiments/007_RFD3_macrocycles/monomer_self_consistency/structural_tsne/tmalign_inputs/length_16_macrocycle_16_0_model_135.pdb
936	16	length_16_macrocycle_16_0_model_136	/home/dkouv/work/tfr1-binder-design/experiments/007_RFD3_macrocycles/monomer_self_consistency/rfd3_backbones/length_16/length_16_macrocycle_16_0_model_136.cif.gz	/home/dkouv/work/tfr1-binder-design/experiments/007_RFD3_macrocycles/monomer_self_consistency/structural_tsne/tmalign_inputs/length_16_macrocycle_16_0_model_136.pdb
937	16	length_16_macrocycle_16_0_model_137	/home/dkouv/work/tfr1-binder-design/experiments/007_RFD3_macrocycles/monomer_self_consistency/rfd3_backbones/length_16/length_16_macrocycle_16_0_model_137.cif.gz	/home/dkouv/work/tfr1-binder-design/experiments/007_RFD3_macrocycles/monomer_self_consistency/structural_tsne/tmalign_inputs/length_16_macrocycle_16_0_model_137.pdb
938	16	length_16_macrocycle_16_0_model_138	/home/dkouv/work/tfr1-binder-design/experiments/007_RFD3_macrocycles/monomer_self_consistency/rfd3_backbones/length_16/length_16_macrocycle_16_0_model_138.cif.gz	/home/dkouv/work/tfr1-binder-design/experiments/007_RFD3_macrocycles/monomer_self_consistency/structural_tsne/tmalign_inputs/length_16_macrocycle_16_0_model_138.pdb
939	16	length_16_macrocycle_16_0_model_139	/home/dkouv/work/tfr1-binder-design/experiments/007_RFD3_macrocycles/monomer_self_consistency/rfd3_backbones/length_16/length_16_macrocycle_16_0_model_139.cif.gz	/home/dkouv/work/tfr1-binder-design/experiments/007_RFD3_macrocycles/monomer_self_consistency/structural_tsne/tmalign_inputs/length_16_macrocycle_16_0_model_139.pdb
940	16	length_16_macrocycle_16_0_model_140	/home/dkouv/work/tfr1-binder-design/experiments/007_RFD3_macrocycles/monomer_self_consistency/rfd3_backbones/length_16/length_16_macrocycle_16_0_model_140.cif.gz	/home/dkouv/work/tfr1-binder-design/experiments/007_RFD3_macrocycles/monomer_self_consistency/structural_tsne/tmalign_inputs/length_16_macrocycle_16_0_model_140.pdb
941	16	length_16_macrocycle_16_0_model_141	/home/dkouv/work/tfr1-binder-design/experiments/007_RFD3_macrocycles/monomer_self_consistency/rfd3_backbones/length_16/length_16_macrocycle_16_0_model_141.cif.gz	/home/dkouv/work/tfr1-binder-design/experiments/007_RFD3_macrocycles/monomer_self_consistency/structural_tsne/tmalign_inputs/length_16_macrocycle_16_0_model_141.pdb
942	16	length_16_macrocycle_16_0_model_142	/home/dkouv/work/tfr1-binder-design/experiments/007_RFD3_macrocycles/monomer_self_consistency/rfd3_backbones/length_16/length_16_macrocycle_16_0_model_142.cif.gz	/home/dkouv/work/tfr1-binder-design/experiments/007_RFD3_macrocycles/monomer_self_consistency/structural_tsne/tmalign_inputs/length_16_macrocycle_16_0_model_142.pdb
943	16	length_16_macrocycle_16_0_model_143	/home/dkouv/work/tfr1-binder-design/experiments/007_RFD3_macrocycles/monomer_self_consistency/rfd3_backbones/length_16/length_16_macrocycle_16_0_model_143.cif.gz	/home/dkouv/work/tfr1-binder-design/experiments/007_RFD3_macrocycles/monomer_self_consistency/structural_tsne/tmalign_inputs/length_16_macrocycle_16_0_model_143.pdb
944	16	length_16_macrocycle_16_0_model_144	/home/dkouv/work/tfr1-binder-design/experiments/007_RFD3_macrocycles/monomer_self_consistency/rfd3_backbones/length_16/length_16_macrocycle_16_0_model_144.cif.gz	/home/dkouv/work/tfr1-binder-design/experiments/007_RFD3_macrocycles/monomer_self_consistency/structural_tsne/tmalign_inputs/length_16_macrocycle_16_0_model_144.pdb
945	16	length_16_macrocycle_16_0_model_145	/home/dkouv/work/tfr1-binder-design/experiments/007_RFD3_macrocycles/monomer_self_consistency/rfd3_backbones/length_16/length_16_macrocycle_16_0_model_145.cif.gz	/home/dkouv/work/tfr1-binder-design/experiments/007_RFD3_macrocycles/monomer_self_consistency/structural_tsne/tmalign_inputs/length_16_macrocycle_16_0_model_145.pdb
946	16	length_16_macrocycle_16_0_model_146	/home/dkouv/work/tfr1-binder-design/experiments/007_RFD3_macrocycles/monomer_self_consistency/rfd3_backbones/length_16/length_16_macrocycle_16_0_model_146.cif.gz	/home/dkouv/work/tfr1-binder-design/experiments/007_RFD3_macrocycles/monomer_self_consistency/structural_tsne/tmalign_inputs/length_16_macrocycle_16_0_model_146.pdb
947	16	length_16_macrocycle_16_0_model_147	/home/dkouv/work/tfr1-binder-design/experiments/007_RFD3_macrocycles/monomer_self_consistency/rfd3_backbones/length_16/length_16_macrocycle_16_0_model_147.cif.gz	/home/dkouv/work/tfr1-binder-design/experiments/007_RFD3_macrocycles/monomer_self_consistency/structural_tsne/tmalign_inputs/length_16_macrocycle_16_0_model_147.pdb
948	16	length_16_macrocycle_16_0_model_148	/home/dkouv/work/tfr1-binder-design/experiments/007_RFD3_macrocycles/monomer_self_consistency/rfd3_backbones/length_16/length_16_macrocycle_16_0_model_148.cif.gz	/home/dkouv/work/tfr1-binder-design/experiments/007_RFD3_macrocycles/monomer_self_consistency/structural_tsne/tmalign_inputs/length_16_macrocycle_16_0_model_148.pdb
949	16	length_16_macrocycle_16_0_model_149	/home/dkouv/work/tfr1-binder-design/experiments/007_RFD3_macrocycles/monomer_self_consistency/rfd3_backbones/length_16/length_16_macrocycle_16_0_model_149.cif.gz	/home/dkouv/work/tfr1-binder-design/experiments/007_RFD3_macrocycles/monomer_self_consistency/structural_tsne/tmalign_inputs/length_16_macrocycle_16_0_model_149.pdb
950	16	length_16_macrocycle_16_0_model_150	/home/dkouv/work/tfr1-binder-design/experiments/007_RFD3_macrocycles/monomer_self_consistency/rfd3_backbones/length_16/length_16_macrocycle_16_0_model_150.cif.gz	/home/dkouv/work/tfr1-binder-design/experiments/007_RFD3_macrocycles/monomer_self_consistency/structural_tsne/tmalign_inputs/length_16_macrocycle_16_0_model_150.pdb
951	16	length_16_macrocycle_16_0_model_151	/home/dkouv/work/tfr1-binder-design/experiments/007_RFD3_macrocycles/monomer_self_consistency/rfd3_backbones/length_16/length_16_macrocycle_16_0_model_151.cif.gz	/home/dkouv/work/tfr1-binder-design/experiments/007_RFD3_macrocycles/monomer_self_consistency/structural_tsne/tmalign_inputs/length_16_macrocycle_16_0_model_151.pdb
952	16	length_16_macrocycle_16_0_model_152	/home/dkouv/work/tfr1-binder-design/experiments/007_RFD3_macrocycles/monomer_self_consistency/rfd3_backbones/length_16/length_16_macrocycle_16_0_model_152.cif.gz	/home/dkouv/work/tfr1-binder-design/experiments/007_RFD3_macrocycles/monomer_self_consistency/structural_tsne/tmalign_inputs/length_16_macrocycle_16_0_model_152.pdb
953	16	length_16_macrocycle_16_0_model_153	/home/dkouv/work/tfr1-binder-design/experiments/007_RFD3_macrocycles/monomer_self_consistency/rfd3_backbones/length_16/length_16_macrocycle_16_0_model_153.cif.gz	/home/dkouv/work/tfr1-binder-design/experiments/007_RFD3_macrocycles/monomer_self_consistency/structural_tsne/tmalign_inputs/length_16_macrocycle_16_0_model_153.pdb
954	16	length_16_macrocycle_16_0_model_154	/home/dkouv/work/tfr1-binder-design/experiments/007_RFD3_macrocycles/monomer_self_consistency/rfd3_backbones/length_16/length_16_macrocycle_16_0_model_154.cif.gz	/home/dkouv/work/tfr1-binder-design/experiments/007_RFD3_macrocycles/monomer_self_consistency/structural_tsne/tmalign_inputs/length_16_macrocycle_16_0_model_154.pdb
955	16	length_16_macrocycle_16_0_model_155	/home/dkouv/work/tfr1-binder-design/experiments/007_RFD3_macrocycles/monomer_self_consistency/rfd3_backbones/length_16/length_16_macrocycle_16_0_model_155.cif.gz	/home/dkouv/work/tfr1-binder-design/experiments/007_RFD3_macrocycles/monomer_self_consistency/structural_tsne/tmalign_inputs/length_16_macrocycle_16_0_model_155.pdb
956	16	length_16_macrocycle_16_0_model_156	/home/dkouv/work/tfr1-binder-design/experiments/007_RFD3_macrocycles/monomer_self_consistency/rfd3_backbones/length_16/length_16_macrocycle_16_0_model_156.cif.gz	/home/dkouv/work/tfr1-binder-design/experiments/007_RFD3_macrocycles/monomer_self_consistency/structural_tsne/tmalign_inputs/length_16_macrocycle_16_0_model_156.pdb
957	16	length_16_macrocycle_16_0_model_157	/home/dkouv/work/tfr1-binder-design/experiments/007_RFD3_macrocycles/monomer_self_consistency/rfd3_backbones/length_16/length_16_macrocycle_16_0_model_157.cif.gz	/home/dkouv/work/tfr1-binder-design/experiments/007_RFD3_macrocycles/monomer_self_consistency/structural_tsne/tmalign_inputs/length_16_macrocycle_16_0_model_157.pdb
958	16	length_16_macrocycle_16_0_model_158	/home/dkouv/work/tfr1-binder-design/experiments/007_RFD3_macrocycles/monomer_self_consistency/rfd3_backbones/length_16/length_16_macrocycle_16_0_model_158.cif.gz	/home/dkouv/work/tfr1-binder-design/experiments/007_RFD3_macrocycles/monomer_self_consistency/structural_tsne/tmalign_inputs/length_16_macrocycle_16_0_model_158.pdb
959	16	length_16_macrocycle_16_0_model_159	/home/dkouv/work/tfr1-binder-design/experiments/007_RFD3_macrocycles/monomer_self_consistency/rfd3_backbones/length_16/length_16_macrocycle_16_0_model_159.cif.gz	/home/dkouv/work/tfr1-binder-design/experiments/007_RFD3_macrocycles/monomer_self_consistency/structural_tsne/tmalign_inputs/length_16_macrocycle_16_0_model_159.pdb
960	16	length_16_macrocycle_16_0_model_160	/home/dkouv/work/tfr1-binder-design/experiments/007_RFD3_macrocycles/monomer_self_consistency/rfd3_backbones/length_16/length_16_macrocycle_16_0_model_160.cif.gz	/home/dkouv/work/tfr1-binder-design/experiments/007_RFD3_macrocycles/monomer_self_consistency/structural_tsne/tmalign_inputs/length_16_macrocycle_16_0_model_160.pdb
961	16	length_16_macrocycle_16_0_model_161	/home/dkouv/work/tfr1-binder-design/experiments/007_RFD3_macrocycles/monomer_self_consistency/rfd3_backbones/length_16/length_16_macrocycle_16_0_model_161.cif.gz	/home/dkouv/work/tfr1-binder-design/experiments/007_RFD3_macrocycles/monomer_self_consistency/structural_tsne/tmalign_inputs/length_16_macrocycle_16_0_model_161.pdb
962	16	length_16_macrocycle_16_0_model_162	/home/dkouv/work/tfr1-binder-design/experiments/007_RFD3_macrocycles/monomer_self_consistency/rfd3_backbones/length_16/length_16_macrocycle_16_0_model_162.cif.gz	/home/dkouv/work/tfr1-binder-design/experiments/007_RFD3_macrocycles/monomer_self_consistency/structural_tsne/tmalign_inputs/length_16_macrocycle_16_0_model_162.pdb
963	16	length_16_macrocycle_16_0_model_163	/home/dkouv/work/tfr1-binder-design/experiments/007_RFD3_macrocycles/monomer_self_consistency/rfd3_backbones/length_16/length_16_macrocycle_16_0_model_163.cif.gz	/home/dkouv/work/tfr1-binder-design/experiments/007_RFD3_macrocycles/monomer_self_consistency/structural_tsne/tmalign_inputs/length_16_macrocycle_16_0_model_163.pdb
964	16	length_16_macrocycle_16_0_model_164	/home/dkouv/work/tfr1-binder-design/experiments/007_RFD3_macrocycles/monomer_self_consistency/rfd3_backbones/length_16/length_16_macrocycle_16_0_model_164.cif.gz	/home/dkouv/work/tfr1-binder-design/experiments/007_RFD3_macrocycles/monomer_self_consistency/structural_tsne/tmalign_inputs/length_16_macrocycle_16_0_model_164.pdb
965	16	length_16_macrocycle_16_0_model_165	/home/dkouv/work/tfr1-binder-design/experiments/007_RFD3_macrocycles/monomer_self_consistency/rfd3_backbones/length_16/length_16_macrocycle_16_0_model_165.cif.gz	/home/dkouv/work/tfr1-binder-design/experiments/007_RFD3_macrocycles/monomer_self_consistency/structural_tsne/tmalign_inputs/length_16_macrocycle_16_0_model_165.pdb
966	16	length_16_macrocycle_16_0_model_166	/home/dkouv/work/tfr1-binder-design/experiments/007_RFD3_macrocycles/monomer_self_consistency/rfd3_backbones/length_16/length_16_macrocycle_16_0_model_166.cif.gz	/home/dkouv/work/tfr1-binder-design/experiments/007_RFD3_macrocycles/monomer_self_consistency/structural_tsne/tmalign_inputs/length_16_macrocycle_16_0_model_166.pdb
967	16	length_16_macrocycle_16_0_model_167	/home/dkouv/work/tfr1-binder-design/experiments/007_RFD3_macrocycles/monomer_self_consistency/rfd3_backbones/length_16/length_16_macrocycle_16_0_model_167.cif.gz	/home/dkouv/work/tfr1-binder-design/experiments/007_RFD3_macrocycles/monomer_self_consistency/structural_tsne/tmalign_inputs/length_16_macrocycle_16_0_model_167.pdb
968	16	length_16_macrocycle_16_0_model_168	/home/dkouv/work/tfr1-binder-design/experiments/007_RFD3_macrocycles/monomer_self_consistency/rfd3_backbones/length_16/length_16_macrocycle_16_0_model_168.cif.gz	/home/dkouv/work/tfr1-binder-design/experiments/007_RFD3_macrocycles/monomer_self_consistency/structural_tsne/tmalign_inputs/length_16_macrocycle_16_0_model_168.pdb
969	16	length_16_macrocycle_16_0_model_169	/home/dkouv/work/tfr1-binder-design/experiments/007_RFD3_macrocycles/monomer_self_consistency/rfd3_backbones/length_16/length_16_macrocycle_16_0_model_169.cif.gz	/home/dkouv/work/tfr1-binder-design/experiments/007_RFD3_macrocycles/monomer_self_consistency/structural_tsne/tmalign_inputs/length_16_macrocycle_16_0_model_169.pdb
970	16	length_16_macrocycle_16_0_model_170	/home/dkouv/work/tfr1-binder-design/experiments/007_RFD3_macrocycles/monomer_self_consistency/rfd3_backbones/length_16/length_16_macrocycle_16_0_model_170.cif.gz	/home/dkouv/work/tfr1-binder-design/experiments/007_RFD3_macrocycles/monomer_self_consistency/structural_tsne/tmalign_inputs/length_16_macrocycle_16_0_model_170.pdb
971	16	length_16_macrocycle_16_0_model_171	/home/dkouv/work/tfr1-binder-design/experiments/007_RFD3_macrocycles/monomer_self_consistency/rfd3_backbones/length_16/length_16_macrocycle_16_0_model_171.cif.gz	/home/dkouv/work/tfr1-binder-design/experiments/007_RFD3_macrocycles/monomer_self_consistency/structural_tsne/tmalign_inputs/length_16_macrocycle_16_0_model_171.pdb
972	16	length_16_macrocycle_16_0_model_172	/home/dkouv/work/tfr1-binder-design/experiments/007_RFD3_macrocycles/monomer_self_consistency/rfd3_backbones/length_16/length_16_macrocycle_16_0_model_172.cif.gz	/home/dkouv/work/tfr1-binder-design/experiments/007_RFD3_macrocycles/monomer_self_consistency/structural_tsne/tmalign_inputs/length_16_macrocycle_16_0_model_172.pdb
973	16	length_16_macrocycle_16_0_model_173	/home/dkouv/work/tfr1-binder-design/experiments/007_RFD3_macrocycles/monomer_self_consistency/rfd3_backbones/length_16/length_16_macrocycle_16_0_model_173.cif.gz	/home/dkouv/work/tfr1-binder-design/experiments/007_RFD3_macrocycles/monomer_self_consistency/structural_tsne/tmalign_inputs/length_16_macrocycle_16_0_model_173.pdb
974	16	length_16_macrocycle_16_0_model_174	/home/dkouv/work/tfr1-binder-design/experiments/007_RFD3_macrocycles/monomer_self_consistency/rfd3_backbones/length_16/length_16_macrocycle_16_0_model_174.cif.gz	/home/dkouv/work/tfr1-binder-design/experiments/007_RFD3_macrocycles/monomer_self_consistency/structural_tsne/tmalign_inputs/length_16_macrocycle_16_0_model_174.pdb
975	16	length_16_macrocycle_16_0_model_175	/home/dkouv/work/tfr1-binder-design/experiments/007_RFD3_macrocycles/monomer_self_consistency/rfd3_backbones/length_16/length_16_macrocycle_16_0_model_175.cif.gz	/home/dkouv/work/tfr1-binder-design/experiments/007_RFD3_macrocycles/monomer_self_consistency/structural_tsne/tmalign_inputs/length_16_macrocycle_16_0_model_175.pdb
976	16	length_16_macrocycle_16_0_model_176	/home/dkouv/work/tfr1-binder-design/experiments/007_RFD3_macrocycles/monomer_self_consistency/rfd3_backbones/length_16/length_16_macrocycle_16_0_model_176.cif.gz	/home/dkouv/work/tfr1-binder-design/experiments/007_RFD3_macrocycles/monomer_self_consistency/structural_tsne/tmalign_inputs/length_16_macrocycle_16_0_model_176.pdb
977	16	length_16_macrocycle_16_0_model_177	/home/dkouv/work/tfr1-binder-design/experiments/007_RFD3_macrocycles/monomer_self_consistency/rfd3_backbones/length_16/length_16_macrocycle_16_0_model_177.cif.gz	/home/dkouv/work/tfr1-binder-design/experiments/007_RFD3_macrocycles/monomer_self_consistency/structural_tsne/tmalign_inputs/length_16_macrocycle_16_0_model_177.pdb
978	16	length_16_macrocycle_16_0_model_178	/home/dkouv/work/tfr1-binder-design/experiments/007_RFD3_macrocycles/monomer_self_consistency/rfd3_backbones/length_16/length_16_macrocycle_16_0_model_178.cif.gz	/home/dkouv/work/tfr1-binder-design/experiments/007_RFD3_macrocycles/monomer_self_consistency/structural_tsne/tmalign_inputs/length_16_macrocycle_16_0_model_178.pdb
979	16	length_16_macrocycle_16_0_model_179	/home/dkouv/work/tfr1-binder-design/experiments/007_RFD3_macrocycles/monomer_self_consistency/rfd3_backbones/length_16/length_16_macrocycle_16_0_model_179.cif.gz	/home/dkouv/work/tfr1-binder-design/experiments/007_RFD3_macrocycles/monomer_self_consistency/structural_tsne/tmalign_inputs/length_16_macrocycle_16_0_model_179.pdb
980	16	length_16_macrocycle_16_0_model_180	/home/dkouv/work/tfr1-binder-design/experiments/007_RFD3_macrocycles/monomer_self_consistency/rfd3_backbones/length_16/length_16_macrocycle_16_0_model_180.cif.gz	/home/dkouv/work/tfr1-binder-design/experiments/007_RFD3_macrocycles/monomer_self_consistency/structural_tsne/tmalign_inputs/length_16_macrocycle_16_0_model_180.pdb
981	16	length_16_macrocycle_16_0_model_181	/home/dkouv/work/tfr1-binder-design/experiments/007_RFD3_macrocycles/monomer_self_consistency/rfd3_backbones/length_16/length_16_macrocycle_16_0_model_181.cif.gz	/home/dkouv/work/tfr1-binder-design/experiments/007_RFD3_macrocycles/monomer_self_consistency/structural_tsne/tmalign_inputs/length_16_macrocycle_16_0_model_181.pdb
982	16	length_16_macrocycle_16_0_model_182	/home/dkouv/work/tfr1-binder-design/experiments/007_RFD3_macrocycles/monomer_self_consistency/rfd3_backbones/length_16/length_16_macrocycle_16_0_model_182.cif.gz	/home/dkouv/work/tfr1-binder-design/experiments/007_RFD3_macrocycles/monomer_self_consistency/structural_tsne/tmalign_inputs/length_16_macrocycle_16_0_model_182.pdb
983	16	length_16_macrocycle_16_0_model_183	/home/dkouv/work/tfr1-binder-design/experiments/007_RFD3_macrocycles/monomer_self_consistency/rfd3_backbones/length_16/length_16_macrocycle_16_0_model_183.cif.gz	/home/dkouv/work/tfr1-binder-design/experiments/007_RFD3_macrocycles/monomer_self_consistency/structural_tsne/tmalign_inputs/length_16_macrocycle_16_0_model_183.pdb
984	16	length_16_macrocycle_16_0_model_184	/home/dkouv/work/tfr1-binder-design/experiments/007_RFD3_macrocycles/monomer_self_consistency/rfd3_backbones/length_16/length_16_macrocycle_16_0_model_184.cif.gz	/home/dkouv/work/tfr1-binder-design/experiments/007_RFD3_macrocycles/monomer_self_consistency/structural_tsne/tmalign_inputs/length_16_macrocycle_16_0_model_184.pdb
985	16	length_16_macrocycle_16_0_model_185	/home/dkouv/work/tfr1-binder-design/experiments/007_RFD3_macrocycles/monomer_self_consistency/rfd3_backbones/length_16/length_16_macrocycle_16_0_model_185.cif.gz	/home/dkouv/work/tfr1-binder-design/experiments/007_RFD3_macrocycles/monomer_self_consistency/structural_tsne/tmalign_inputs/length_16_macrocycle_16_0_model_185.pdb
986	16	length_16_macrocycle_16_0_model_186	/home/dkouv/work/tfr1-binder-design/experiments/007_RFD3_macrocycles/monomer_self_consistency/rfd3_backbones/length_16/length_16_macrocycle_16_0_model_186.cif.gz	/home/dkouv/work/tfr1-binder-design/experiments/007_RFD3_macrocycles/monomer_self_consistency/structural_tsne/tmalign_inputs/length_16_macrocycle_16_0_model_186.pdb
987	16	length_16_macrocycle_16_0_model_187	/home/dkouv/work/tfr1-binder-design/experiments/007_RFD3_macrocycles/monomer_self_consistency/rfd3_backbones/length_16/length_16_macrocycle_16_0_model_187.cif.gz	/home/dkouv/work/tfr1-binder-design/experiments/007_RFD3_macrocycles/monomer_self_consistency/structural_tsne/tmalign_inputs/length_16_macrocycle_16_0_model_187.pdb
988	16	length_16_macrocycle_16_0_model_188	/home/dkouv/work/tfr1-binder-design/experiments/007_RFD3_macrocycles/monomer_self_consistency/rfd3_backbones/length_16/length_16_macrocycle_16_0_model_188.cif.gz	/home/dkouv/work/tfr1-binder-design/experiments/007_RFD3_macrocycles/monomer_self_consistency/structural_tsne/tmalign_inputs/length_16_macrocycle_16_0_model_188.pdb
989	16	length_16_macrocycle_16_0_model_189	/home/dkouv/work/tfr1-binder-design/experiments/007_RFD3_macrocycles/monomer_self_consistency/rfd3_backbones/length_16/length_16_macrocycle_16_0_model_189.cif.gz	/home/dkouv/work/tfr1-binder-design/experiments/007_RFD3_macrocycles/monomer_self_consistency/structural_tsne/tmalign_inputs/length_16_macrocycle_16_0_model_189.pdb
990	16	length_16_macrocycle_16_0_model_190	/home/dkouv/work/tfr1-binder-design/experiments/007_RFD3_macrocycles/monomer_self_consistency/rfd3_backbones/length_16/length_16_macrocycle_16_0_model_190.cif.gz	/home/dkouv/work/tfr1-binder-design/experiments/007_RFD3_macrocycles/monomer_self_consistency/structural_tsne/tmalign_inputs/length_16_macrocycle_16_0_model_190.pdb
991	16	length_16_macrocycle_16_0_model_191	/home/dkouv/work/tfr1-binder-design/experiments/007_RFD3_macrocycles/monomer_self_consistency/rfd3_backbones/length_16/length_16_macrocycle_16_0_model_191.cif.gz	/home/dkouv/work/tfr1-binder-design/experiments/007_RFD3_macrocycles/monomer_self_consistency/structural_tsne/tmalign_inputs/length_16_macrocycle_16_0_model_191.pdb
992	16	length_16_macrocycle_16_0_model_192	/home/dkouv/work/tfr1-binder-design/experiments/007_RFD3_macrocycles/monomer_self_consistency/rfd3_backbones/length_16/length_16_macrocycle_16_0_model_192.cif.gz	/home/dkouv/work/tfr1-binder-design/experiments/007_RFD3_macrocycles/monomer_self_consistency/structural_tsne/tmalign_inputs/length_16_macrocycle_16_0_model_192.pdb
993	16	length_16_macrocycle_16_0_model_193	/home/dkouv/work/tfr1-binder-design/experiments/007_RFD3_macrocycles/monomer_self_consistency/rfd3_backbones/length_16/length_16_macrocycle_16_0_model_193.cif.gz	/home/dkouv/work/tfr1-binder-design/experiments/007_RFD3_macrocycles/monomer_self_consistency/structural_tsne/tmalign_inputs/length_16_macrocycle_16_0_model_193.pdb
994	16	length_16_macrocycle_16_0_model_194	/home/dkouv/work/tfr1-binder-design/experiments/007_RFD3_macrocycles/monomer_self_consistency/rfd3_backbones/length_16/length_16_macrocycle_16_0_model_194.cif.gz	/home/dkouv/work/tfr1-binder-design/experiments/007_RFD3_macrocycles/monomer_self_consistency/structural_tsne/tmalign_inputs/length_16_macrocycle_16_0_model_194.pdb
995	16	length_16_macrocycle_16_0_model_195	/home/dkouv/work/tfr1-binder-design/experiments/007_RFD3_macrocycles/monomer_self_consistency/rfd3_backbones/length_16/length_16_macrocycle_16_0_model_195.cif.gz	/home/dkouv/work/tfr1-binder-design/experiments/007_RFD3_macrocycles/monomer_self_consistency/structural_tsne/tmalign_inputs/length_16_macrocycle_16_0_model_195.pdb
996	16	length_16_macrocycle_16_0_model_196	/home/dkouv/work/tfr1-binder-design/experiments/007_RFD3_macrocycles/monomer_self_consistency/rfd3_backbones/length_16/length_16_macrocycle_16_0_model_196.cif.gz	/home/dkouv/work/tfr1-binder-design/experiments/007_RFD3_macrocycles/monomer_self_consistency/structural_tsne/tmalign_inputs/length_16_macrocycle_16_0_model_196.pdb
997	16	length_16_macrocycle_16_0_model_197	/home/dkouv/work/tfr1-binder-design/experiments/007_RFD3_macrocycles/monomer_self_consistency/rfd3_backbones/length_16/length_16_macrocycle_16_0_model_197.cif.gz	/home/dkouv/work/tfr1-binder-design/experiments/007_RFD3_macrocycles/monomer_self_consistency/structural_tsne/tmalign_inputs/length_16_macrocycle_16_0_model_197.pdb
998	16	length_16_macrocycle_16_0_model_198	/home/dkouv/work/tfr1-binder-design/experiments/007_RFD3_macrocycles/monomer_self_consistency/rfd3_backbones/length_16/length_16_macrocycle_16_0_model_198.cif.gz	/home/dkouv/work/tfr1-binder-design/experiments/007_RFD3_macrocycles/monomer_self_consistency/structural_tsne/tmalign_inputs/length_16_macrocycle_16_0_model_198.pdb
999	16	length_16_macrocycle_16_0_model_199	/home/dkouv/work/tfr1-binder-design/experiments/007_RFD3_macrocycles/monomer_self_consistency/rfd3_backbones/length_16/length_16_macrocycle_16_0_model_199.cif.gz	/home/dkouv/work/tfr1-binder-design/experiments/007_RFD3_macrocycles/monomer_self_consistency/structural_tsne/tmalign_inputs/length_16_macrocycle_16_0_model_199.pdb
1000	18	length_18_macrocycle_18_0_model_0	/home/dkouv/work/tfr1-binder-design/experiments/007_RFD3_macrocycles/monomer_self_consistency/rfd3_backbones/length_18/length_18_macrocycle_18_0_model_0.cif.gz	/home/dkouv/work/tfr1-binder-design/experiments/007_RFD3_macrocycles/monomer_self_consistency/structural_tsne/tmalign_inputs/length_18_macrocycle_18_0_model_0.pdb
1001	18	length_18_macrocycle_18_0_model_1	/home/dkouv/work/tfr1-binder-design/experiments/007_RFD3_macrocycles/monomer_self_consistency/rfd3_backbones/length_18/length_18_macrocycle_18_0_model_1.cif.gz	/home/dkouv/work/tfr1-binder-design/experiments/007_RFD3_macrocycles/monomer_self_consistency/structural_tsne/tmalign_inputs/length_18_macrocycle_18_0_model_1.pdb
1002	18	length_18_macrocycle_18_0_model_2	/home/dkouv/work/tfr1-binder-design/experiments/007_RFD3_macrocycles/monomer_self_consistency/rfd3_backbones/length_18/length_18_macrocycle_18_0_model_2.cif.gz	/home/dkouv/work/tfr1-binder-design/experiments/007_RFD3_macrocycles/monomer_self_consistency/structural_tsne/tmalign_inputs/length_18_macrocycle_18_0_model_2.pdb
1003	18	length_18_macrocycle_18_0_model_3	/home/dkouv/work/tfr1-binder-design/experiments/007_RFD3_macrocycles/monomer_self_consistency/rfd3_backbones/length_18/length_18_macrocycle_18_0_model_3.cif.gz	/home/dkouv/work/tfr1-binder-design/experiments/007_RFD3_macrocycles/monomer_self_consistency/structural_tsne/tmalign_inputs/length_18_macrocycle_18_0_model_3.pdb
1004	18	length_18_macrocycle_18_0_model_4	/home/dkouv/work/tfr1-binder-design/experiments/007_RFD3_macrocycles/monomer_self_consistency/rfd3_backbones/length_18/length_18_macrocycle_18_0_model_4.cif.gz	/home/dkouv/work/tfr1-binder-design/experiments/007_RFD3_macrocycles/monomer_self_consistency/structural_tsne/tmalign_inputs/length_18_macrocycle_18_0_model_4.pdb
1005	18	length_18_macrocycle_18_0_model_5	/home/dkouv/work/tfr1-binder-design/experiments/007_RFD3_macrocycles/monomer_self_consistency/rfd3_backbones/length_18/length_18_macrocycle_18_0_model_5.cif.gz	/home/dkouv/work/tfr1-binder-design/experiments/007_RFD3_macrocycles/monomer_self_consistency/structural_tsne/tmalign_inputs/length_18_macrocycle_18_0_model_5.pdb
1006	18	length_18_macrocycle_18_0_model_6	/home/dkouv/work/tfr1-binder-design/experiments/007_RFD3_macrocycles/monomer_self_consistency/rfd3_backbones/length_18/length_18_macrocycle_18_0_model_6.cif.gz	/home/dkouv/work/tfr1-binder-design/experiments/007_RFD3_macrocycles/monomer_self_consistency/structural_tsne/tmalign_inputs/length_18_macrocycle_18_0_model_6.pdb
1007	18	length_18_macrocycle_18_0_model_7	/home/dkouv/work/tfr1-binder-design/experiments/007_RFD3_macrocycles/monomer_self_consistency/rfd3_backbones/length_18/length_18_macrocycle_18_0_model_7.cif.gz	/home/dkouv/work/tfr1-binder-design/experiments/007_RFD3_macrocycles/monomer_self_consistency/structural_tsne/tmalign_inputs/length_18_macrocycle_18_0_model_7.pdb
1008	18	length_18_macrocycle_18_0_model_8	/home/dkouv/work/tfr1-binder-design/experiments/007_RFD3_macrocycles/monomer_self_consistency/rfd3_backbones/length_18/length_18_macrocycle_18_0_model_8.cif.gz	/home/dkouv/work/tfr1-binder-design/experiments/007_RFD3_macrocycles/monomer_self_consistency/structural_tsne/tmalign_inputs/length_18_macrocycle_18_0_model_8.pdb
1009	18	length_18_macrocycle_18_0_model_9	/home/dkouv/work/tfr1-binder-design/experiments/007_RFD3_macrocycles/monomer_self_consistency/rfd3_backbones/length_18/length_18_macrocycle_18_0_model_9.cif.gz	/home/dkouv/work/tfr1-binder-design/experiments/007_RFD3_macrocycles/monomer_self_consistency/structural_tsne/tmalign_inputs/length_18_macrocycle_18_0_model_9.pdb
1010	18	length_18_macrocycle_18_0_model_10	/home/dkouv/work/tfr1-binder-design/experiments/007_RFD3_macrocycles/monomer_self_consistency/rfd3_backbones/length_18/length_18_macrocycle_18_0_model_10.cif.gz	/home/dkouv/work/tfr1-binder-design/experiments/007_RFD3_macrocycles/monomer_self_consistency/structural_tsne/tmalign_inputs/length_18_macrocycle_18_0_model_10.pdb
1011	18	length_18_macrocycle_18_0_model_11	/home/dkouv/work/tfr1-binder-design/experiments/007_RFD3_macrocycles/monomer_self_consistency/rfd3_backbones/length_18/length_18_macrocycle_18_0_model_11.cif.gz	/home/dkouv/work/tfr1-binder-design/experiments/007_RFD3_macrocycles/monomer_self_consistency/structural_tsne/tmalign_inputs/length_18_macrocycle_18_0_model_11.pdb
1012	18	length_18_macrocycle_18_0_model_12	/home/dkouv/work/tfr1-binder-design/experiments/007_RFD3_macrocycles/monomer_self_consistency/rfd3_backbones/length_18/length_18_macrocycle_18_0_model_12.cif.gz	/home/dkouv/work/tfr1-binder-design/experiments/007_RFD3_macrocycles/monomer_self_consistency/structural_tsne/tmalign_inputs/length_18_macrocycle_18_0_model_12.pdb
1013	18	length_18_macrocycle_18_0_model_13	/home/dkouv/work/tfr1-binder-design/experiments/007_RFD3_macrocycles/monomer_self_consistency/rfd3_backbones/length_18/length_18_macrocycle_18_0_model_13.cif.gz	/home/dkouv/work/tfr1-binder-design/experiments/007_RFD3_macrocycles/monomer_self_consistency/structural_tsne/tmalign_inputs/length_18_macrocycle_18_0_model_13.pdb
1014	18	length_18_macrocycle_18_0_model_14	/home/dkouv/work/tfr1-binder-design/experiments/007_RFD3_macrocycles/monomer_self_consistency/rfd3_backbones/length_18/length_18_macrocycle_18_0_model_14.cif.gz	/home/dkouv/work/tfr1-binder-design/experiments/007_RFD3_macrocycles/monomer_self_consistency/structural_tsne/tmalign_inputs/length_18_macrocycle_18_0_model_14.pdb
1015	18	length_18_macrocycle_18_0_model_15	/home/dkouv/work/tfr1-binder-design/experiments/007_RFD3_macrocycles/monomer_self_consistency/rfd3_backbones/length_18/length_18_macrocycle_18_0_model_15.cif.gz	/home/dkouv/work/tfr1-binder-design/experiments/007_RFD3_macrocycles/monomer_self_consistency/structural_tsne/tmalign_inputs/length_18_macrocycle_18_0_model_15.pdb
1016	18	length_18_macrocycle_18_0_model_16	/home/dkouv/work/tfr1-binder-design/experiments/007_RFD3_macrocycles/monomer_self_consistency/rfd3_backbones/length_18/length_18_macrocycle_18_0_model_16.cif.gz	/home/dkouv/work/tfr1-binder-design/experiments/007_RFD3_macrocycles/monomer_self_consistency/structural_tsne/tmalign_inputs/length_18_macrocycle_18_0_model_16.pdb
1017	18	length_18_macrocycle_18_0_model_17	/home/dkouv/work/tfr1-binder-design/experiments/007_RFD3_macrocycles/monomer_self_consistency/rfd3_backbones/length_18/length_18_macrocycle_18_0_model_17.cif.gz	/home/dkouv/work/tfr1-binder-design/experiments/007_RFD3_macrocycles/monomer_self_consistency/structural_tsne/tmalign_inputs/length_18_macrocycle_18_0_model_17.pdb
1018	18	length_18_macrocycle_18_0_model_18	/home/dkouv/work/tfr1-binder-design/experiments/007_RFD3_macrocycles/monomer_self_consistency/rfd3_backbones/length_18/length_18_macrocycle_18_0_model_18.cif.gz	/home/dkouv/work/tfr1-binder-design/experiments/007_RFD3_macrocycles/monomer_self_consistency/structural_tsne/tmalign_inputs/length_18_macrocycle_18_0_model_18.pdb
1019	18	length_18_macrocycle_18_0_model_19	/home/dkouv/work/tfr1-binder-design/experiments/007_RFD3_macrocycles/monomer_self_consistency/rfd3_backbones/length_18/length_18_macrocycle_18_0_model_19.cif.gz	/home/dkouv/work/tfr1-binder-design/experiments/007_RFD3_macrocycles/monomer_self_consistency/structural_tsne/tmalign_inputs/length_18_macrocycle_18_0_model_19.pdb
1020	18	length_18_macrocycle_18_0_model_20	/home/dkouv/work/tfr1-binder-design/experiments/007_RFD3_macrocycles/monomer_self_consistency/rfd3_backbones/length_18/length_18_macrocycle_18_0_model_20.cif.gz	/home/dkouv/work/tfr1-binder-design/experiments/007_RFD3_macrocycles/monomer_self_consistency/structural_tsne/tmalign_inputs/length_18_macrocycle_18_0_model_20.pdb
1021	18	length_18_macrocycle_18_0_model_21	/home/dkouv/work/tfr1-binder-design/experiments/007_RFD3_macrocycles/monomer_self_consistency/rfd3_backbones/length_18/length_18_macrocycle_18_0_model_21.cif.gz	/home/dkouv/work/tfr1-binder-design/experiments/007_RFD3_macrocycles/monomer_self_consistency/structural_tsne/tmalign_inputs/length_18_macrocycle_18_0_model_21.pdb
1022	18	length_18_macrocycle_18_0_model_22	/home/dkouv/work/tfr1-binder-design/experiments/007_RFD3_macrocycles/monomer_self_consistency/rfd3_backbones/length_18/length_18_macrocycle_18_0_model_22.cif.gz	/home/dkouv/work/tfr1-binder-design/experiments/007_RFD3_macrocycles/monomer_self_consistency/structural_tsne/tmalign_inputs/length_18_macrocycle_18_0_model_22.pdb
1023	18	length_18_macrocycle_18_0_model_23	/home/dkouv/work/tfr1-binder-design/experiments/007_RFD3_macrocycles/monomer_self_consistency/rfd3_backbones/length_18/length_18_macrocycle_18_0_model_23.cif.gz	/home/dkouv/work/tfr1-binder-design/experiments/007_RFD3_macrocycles/monomer_self_consistency/structural_tsne/tmalign_inputs/length_18_macrocycle_18_0_model_23.pdb
1024	18	length_18_macrocycle_18_0_model_24	/home/dkouv/work/tfr1-binder-design/experiments/007_RFD3_macrocycles/monomer_self_consistency/rfd3_backbones/length_18/length_18_macrocycle_18_0_model_24.cif.gz	/home/dkouv/work/tfr1-binder-design/experiments/007_RFD3_macrocycles/monomer_self_consistency/structural_tsne/tmalign_inputs/length_18_macrocycle_18_0_model_24.pdb
1025	18	length_18_macrocycle_18_0_model_25	/home/dkouv/work/tfr1-binder-design/experiments/007_RFD3_macrocycles/monomer_self_consistency/rfd3_backbones/length_18/length_18_macrocycle_18_0_model_25.cif.gz	/home/dkouv/work/tfr1-binder-design/experiments/007_RFD3_macrocycles/monomer_self_consistency/structural_tsne/tmalign_inputs/length_18_macrocycle_18_0_model_25.pdb
1026	18	length_18_macrocycle_18_0_model_26	/home/dkouv/work/tfr1-binder-design/experiments/007_RFD3_macrocycles/monomer_self_consistency/rfd3_backbones/length_18/length_18_macrocycle_18_0_model_26.cif.gz	/home/dkouv/work/tfr1-binder-design/experiments/007_RFD3_macrocycles/monomer_self_consistency/structural_tsne/tmalign_inputs/length_18_macrocycle_18_0_model_26.pdb
1027	18	length_18_macrocycle_18_0_model_27	/home/dkouv/work/tfr1-binder-design/experiments/007_RFD3_macrocycles/monomer_self_consistency/rfd3_backbones/length_18/length_18_macrocycle_18_0_model_27.cif.gz	/home/dkouv/work/tfr1-binder-design/experiments/007_RFD3_macrocycles/monomer_self_consistency/structural_tsne/tmalign_inputs/length_18_macrocycle_18_0_model_27.pdb
1028	18	length_18_macrocycle_18_0_model_28	/home/dkouv/work/tfr1-binder-design/experiments/007_RFD3_macrocycles/monomer_self_consistency/rfd3_backbones/length_18/length_18_macrocycle_18_0_model_28.cif.gz	/home/dkouv/work/tfr1-binder-design/experiments/007_RFD3_macrocycles/monomer_self_consistency/structural_tsne/tmalign_inputs/length_18_macrocycle_18_0_model_28.pdb
1029	18	length_18_macrocycle_18_0_model_29	/home/dkouv/work/tfr1-binder-design/experiments/007_RFD3_macrocycles/monomer_self_consistency/rfd3_backbones/length_18/length_18_macrocycle_18_0_model_29.cif.gz	/home/dkouv/work/tfr1-binder-design/experiments/007_RFD3_macrocycles/monomer_self_consistency/structural_tsne/tmalign_inputs/length_18_macrocycle_18_0_model_29.pdb
1030	18	length_18_macrocycle_18_0_model_30	/home/dkouv/work/tfr1-binder-design/experiments/007_RFD3_macrocycles/monomer_self_consistency/rfd3_backbones/length_18/length_18_macrocycle_18_0_model_30.cif.gz	/home/dkouv/work/tfr1-binder-design/experiments/007_RFD3_macrocycles/monomer_self_consistency/structural_tsne/tmalign_inputs/length_18_macrocycle_18_0_model_30.pdb
1031	18	length_18_macrocycle_18_0_model_31	/home/dkouv/work/tfr1-binder-design/experiments/007_RFD3_macrocycles/monomer_self_consistency/rfd3_backbones/length_18/length_18_macrocycle_18_0_model_31.cif.gz	/home/dkouv/work/tfr1-binder-design/experiments/007_RFD3_macrocycles/monomer_self_consistency/structural_tsne/tmalign_inputs/length_18_macrocycle_18_0_model_31.pdb
1032	18	length_18_macrocycle_18_0_model_32	/home/dkouv/work/tfr1-binder-design/experiments/007_RFD3_macrocycles/monomer_self_consistency/rfd3_backbones/length_18/length_18_macrocycle_18_0_model_32.cif.gz	/home/dkouv/work/tfr1-binder-design/experiments/007_RFD3_macrocycles/monomer_self_consistency/structural_tsne/tmalign_inputs/length_18_macrocycle_18_0_model_32.pdb
1033	18	length_18_macrocycle_18_0_model_33	/home/dkouv/work/tfr1-binder-design/experiments/007_RFD3_macrocycles/monomer_self_consistency/rfd3_backbones/length_18/length_18_macrocycle_18_0_model_33.cif.gz	/home/dkouv/work/tfr1-binder-design/experiments/007_RFD3_macrocycles/monomer_self_consistency/structural_tsne/tmalign_inputs/length_18_macrocycle_18_0_model_33.pdb
1034	18	length_18_macrocycle_18_0_model_34	/home/dkouv/work/tfr1-binder-design/experiments/007_RFD3_macrocycles/monomer_self_consistency/rfd3_backbones/length_18/length_18_macrocycle_18_0_model_34.cif.gz	/home/dkouv/work/tfr1-binder-design/experiments/007_RFD3_macrocycles/monomer_self_consistency/structural_tsne/tmalign_inputs/length_18_macrocycle_18_0_model_34.pdb
1035	18	length_18_macrocycle_18_0_model_35	/home/dkouv/work/tfr1-binder-design/experiments/007_RFD3_macrocycles/monomer_self_consistency/rfd3_backbones/length_18/length_18_macrocycle_18_0_model_35.cif.gz	/home/dkouv/work/tfr1-binder-design/experiments/007_RFD3_macrocycles/monomer_self_consistency/structural_tsne/tmalign_inputs/length_18_macrocycle_18_0_model_35.pdb
1036	18	length_18_macrocycle_18_0_model_36	/home/dkouv/work/tfr1-binder-design/experiments/007_RFD3_macrocycles/monomer_self_consistency/rfd3_backbones/length_18/length_18_macrocycle_18_0_model_36.cif.gz	/home/dkouv/work/tfr1-binder-design/experiments/007_RFD3_macrocycles/monomer_self_consistency/structural_tsne/tmalign_inputs/length_18_macrocycle_18_0_model_36.pdb
1037	18	length_18_macrocycle_18_0_model_37	/home/dkouv/work/tfr1-binder-design/experiments/007_RFD3_macrocycles/monomer_self_consistency/rfd3_backbones/length_18/length_18_macrocycle_18_0_model_37.cif.gz	/home/dkouv/work/tfr1-binder-design/experiments/007_RFD3_macrocycles/monomer_self_consistency/structural_tsne/tmalign_inputs/length_18_macrocycle_18_0_model_37.pdb
1038	18	length_18_macrocycle_18_0_model_38	/home/dkouv/work/tfr1-binder-design/experiments/007_RFD3_macrocycles/monomer_self_consistency/rfd3_backbones/length_18/length_18_macrocycle_18_0_model_38.cif.gz	/home/dkouv/work/tfr1-binder-design/experiments/007_RFD3_macrocycles/monomer_self_consistency/structural_tsne/tmalign_inputs/length_18_macrocycle_18_0_model_38.pdb
1039	18	length_18_macrocycle_18_0_model_39	/home/dkouv/work/tfr1-binder-design/experiments/007_RFD3_macrocycles/monomer_self_consistency/rfd3_backbones/length_18/length_18_macrocycle_18_0_model_39.cif.gz	/home/dkouv/work/tfr1-binder-design/experiments/007_RFD3_macrocycles/monomer_self_consistency/structural_tsne/tmalign_inputs/length_18_macrocycle_18_0_model_39.pdb
1040	18	length_18_macrocycle_18_0_model_40	/home/dkouv/work/tfr1-binder-design/experiments/007_RFD3_macrocycles/monomer_self_consistency/rfd3_backbones/length_18/length_18_macrocycle_18_0_model_40.cif.gz	/home/dkouv/work/tfr1-binder-design/experiments/007_RFD3_macrocycles/monomer_self_consistency/structural_tsne/tmalign_inputs/length_18_macrocycle_18_0_model_40.pdb
1041	18	length_18_macrocycle_18_0_model_41	/home/dkouv/work/tfr1-binder-design/experiments/007_RFD3_macrocycles/monomer_self_consistency/rfd3_backbones/length_18/length_18_macrocycle_18_0_model_41.cif.gz	/home/dkouv/work/tfr1-binder-design/experiments/007_RFD3_macrocycles/monomer_self_consistency/structural_tsne/tmalign_inputs/length_18_macrocycle_18_0_model_41.pdb
1042	18	length_18_macrocycle_18_0_model_42	/home/dkouv/work/tfr1-binder-design/experiments/007_RFD3_macrocycles/monomer_self_consistency/rfd3_backbones/length_18/length_18_macrocycle_18_0_model_42.cif.gz	/home/dkouv/work/tfr1-binder-design/experiments/007_RFD3_macrocycles/monomer_self_consistency/structural_tsne/tmalign_inputs/length_18_macrocycle_18_0_model_42.pdb
1043	18	length_18_macrocycle_18_0_model_43	/home/dkouv/work/tfr1-binder-design/experiments/007_RFD3_macrocycles/monomer_self_consistency/rfd3_backbones/length_18/length_18_macrocycle_18_0_model_43.cif.gz	/home/dkouv/work/tfr1-binder-design/experiments/007_RFD3_macrocycles/monomer_self_consistency/structural_tsne/tmalign_inputs/length_18_macrocycle_18_0_model_43.pdb
1044	18	length_18_macrocycle_18_0_model_44	/home/dkouv/work/tfr1-binder-design/experiments/007_RFD3_macrocycles/monomer_self_consistency/rfd3_backbones/length_18/length_18_macrocycle_18_0_model_44.cif.gz	/home/dkouv/work/tfr1-binder-design/experiments/007_RFD3_macrocycles/monomer_self_consistency/structural_tsne/tmalign_inputs/length_18_macrocycle_18_0_model_44.pdb
1045	18	length_18_macrocycle_18_0_model_45	/home/dkouv/work/tfr1-binder-design/experiments/007_RFD3_macrocycles/monomer_self_consistency/rfd3_backbones/length_18/length_18_macrocycle_18_0_model_45.cif.gz	/home/dkouv/work/tfr1-binder-design/experiments/007_RFD3_macrocycles/monomer_self_consistency/structural_tsne/tmalign_inputs/length_18_macrocycle_18_0_model_45.pdb
1046	18	length_18_macrocycle_18_0_model_46	/home/dkouv/work/tfr1-binder-design/experiments/007_RFD3_macrocycles/monomer_self_consistency/rfd3_backbones/length_18/length_18_macrocycle_18_0_model_46.cif.gz	/home/dkouv/work/tfr1-binder-design/experiments/007_RFD3_macrocycles/monomer_self_consistency/structural_tsne/tmalign_inputs/length_18_macrocycle_18_0_model_46.pdb
1047	18	length_18_macrocycle_18_0_model_47	/home/dkouv/work/tfr1-binder-design/experiments/007_RFD3_macrocycles/monomer_self_consistency/rfd3_backbones/length_18/length_18_macrocycle_18_0_model_47.cif.gz	/home/dkouv/work/tfr1-binder-design/experiments/007_RFD3_macrocycles/monomer_self_consistency/structural_tsne/tmalign_inputs/length_18_macrocycle_18_0_model_47.pdb
1048	18	length_18_macrocycle_18_0_model_48	/home/dkouv/work/tfr1-binder-design/experiments/007_RFD3_macrocycles/monomer_self_consistency/rfd3_backbones/length_18/length_18_macrocycle_18_0_model_48.cif.gz	/home/dkouv/work/tfr1-binder-design/experiments/007_RFD3_macrocycles/monomer_self_consistency/structural_tsne/tmalign_inputs/length_18_macrocycle_18_0_model_48.pdb
1049	18	length_18_macrocycle_18_0_model_49	/home/dkouv/work/tfr1-binder-design/experiments/007_RFD3_macrocycles/monomer_self_consistency/rfd3_backbones/length_18/length_18_macrocycle_18_0_model_49.cif.gz	/home/dkouv/work/tfr1-binder-design/experiments/007_RFD3_macrocycles/monomer_self_consistency/structural_tsne/tmalign_inputs/length_18_macrocycle_18_0_model_49.pdb
1050	18	length_18_macrocycle_18_0_model_50	/home/dkouv/work/tfr1-binder-design/experiments/007_RFD3_macrocycles/monomer_self_consistency/rfd3_backbones/length_18/length_18_macrocycle_18_0_model_50.cif.gz	/home/dkouv/work/tfr1-binder-design/experiments/007_RFD3_macrocycles/monomer_self_consistency/structural_tsne/tmalign_inputs/length_18_macrocycle_18_0_model_50.pdb
1051	18	length_18_macrocycle_18_0_model_51	/home/dkouv/work/tfr1-binder-design/experiments/007_RFD3_macrocycles/monomer_self_consistency/rfd3_backbones/length_18/length_18_macrocycle_18_0_model_51.cif.gz	/home/dkouv/work/tfr1-binder-design/experiments/007_RFD3_macrocycles/monomer_self_consistency/structural_tsne/tmalign_inputs/length_18_macrocycle_18_0_model_51.pdb
1052	18	length_18_macrocycle_18_0_model_52	/home/dkouv/work/tfr1-binder-design/experiments/007_RFD3_macrocycles/monomer_self_consistency/rfd3_backbones/length_18/length_18_macrocycle_18_0_model_52.cif.gz	/home/dkouv/work/tfr1-binder-design/experiments/007_RFD3_macrocycles/monomer_self_consistency/structural_tsne/tmalign_inputs/length_18_macrocycle_18_0_model_52.pdb
1053	18	length_18_macrocycle_18_0_model_53	/home/dkouv/work/tfr1-binder-design/experiments/007_RFD3_macrocycles/monomer_self_consistency/rfd3_backbones/length_18/length_18_macrocycle_18_0_model_53.cif.gz	/home/dkouv/work/tfr1-binder-design/experiments/007_RFD3_macrocycles/monomer_self_consistency/structural_tsne/tmalign_inputs/length_18_macrocycle_18_0_model_53.pdb
1054	18	length_18_macrocycle_18_0_model_54	/home/dkouv/work/tfr1-binder-design/experiments/007_RFD3_macrocycles/monomer_self_consistency/rfd3_backbones/length_18/length_18_macrocycle_18_0_model_54.cif.gz	/home/dkouv/work/tfr1-binder-design/experiments/007_RFD3_macrocycles/monomer_self_consistency/structural_tsne/tmalign_inputs/length_18_macrocycle_18_0_model_54.pdb
1055	18	length_18_macrocycle_18_0_model_55	/home/dkouv/work/tfr1-binder-design/experiments/007_RFD3_macrocycles/monomer_self_consistency/rfd3_backbones/length_18/length_18_macrocycle_18_0_model_55.cif.gz	/home/dkouv/work/tfr1-binder-design/experiments/007_RFD3_macrocycles/monomer_self_consistency/structural_tsne/tmalign_inputs/length_18_macrocycle_18_0_model_55.pdb
1056	18	length_18_macrocycle_18_0_model_56	/home/dkouv/work/tfr1-binder-design/experiments/007_RFD3_macrocycles/monomer_self_consistency/rfd3_backbones/length_18/length_18_macrocycle_18_0_model_56.cif.gz	/home/dkouv/work/tfr1-binder-design/experiments/007_RFD3_macrocycles/monomer_self_consistency/structural_tsne/tmalign_inputs/length_18_macrocycle_18_0_model_56.pdb
1057	18	length_18_macrocycle_18_0_model_57	/home/dkouv/work/tfr1-binder-design/experiments/007_RFD3_macrocycles/monomer_self_consistency/rfd3_backbones/length_18/length_18_macrocycle_18_0_model_57.cif.gz	/home/dkouv/work/tfr1-binder-design/experiments/007_RFD3_macrocycles/monomer_self_consistency/structural_tsne/tmalign_inputs/length_18_macrocycle_18_0_model_57.pdb
1058	18	length_18_macrocycle_18_0_model_58	/home/dkouv/work/tfr1-binder-design/experiments/007_RFD3_macrocycles/monomer_self_consistency/rfd3_backbones/length_18/length_18_macrocycle_18_0_model_58.cif.gz	/home/dkouv/work/tfr1-binder-design/experiments/007_RFD3_macrocycles/monomer_self_consistency/structural_tsne/tmalign_inputs/length_18_macrocycle_18_0_model_58.pdb
1059	18	length_18_macrocycle_18_0_model_59	/home/dkouv/work/tfr1-binder-design/experiments/007_RFD3_macrocycles/monomer_self_consistency/rfd3_backbones/length_18/length_18_macrocycle_18_0_model_59.cif.gz	/home/dkouv/work/tfr1-binder-design/experiments/007_RFD3_macrocycles/monomer_self_consistency/structural_tsne/tmalign_inputs/length_18_macrocycle_18_0_model_59.pdb
1060	18	length_18_macrocycle_18_0_model_60	/home/dkouv/work/tfr1-binder-design/experiments/007_RFD3_macrocycles/monomer_self_consistency/rfd3_backbones/length_18/length_18_macrocycle_18_0_model_60.cif.gz	/home/dkouv/work/tfr1-binder-design/experiments/007_RFD3_macrocycles/monomer_self_consistency/structural_tsne/tmalign_inputs/length_18_macrocycle_18_0_model_60.pdb
1061	18	length_18_macrocycle_18_0_model_61	/home/dkouv/work/tfr1-binder-design/experiments/007_RFD3_macrocycles/monomer_self_consistency/rfd3_backbones/length_18/length_18_macrocycle_18_0_model_61.cif.gz	/home/dkouv/work/tfr1-binder-design/experiments/007_RFD3_macrocycles/monomer_self_consistency/structural_tsne/tmalign_inputs/length_18_macrocycle_18_0_model_61.pdb
1062	18	length_18_macrocycle_18_0_model_62	/home/dkouv/work/tfr1-binder-design/experiments/007_RFD3_macrocycles/monomer_self_consistency/rfd3_backbones/length_18/length_18_macrocycle_18_0_model_62.cif.gz	/home/dkouv/work/tfr1-binder-design/experiments/007_RFD3_macrocycles/monomer_self_consistency/structural_tsne/tmalign_inputs/length_18_macrocycle_18_0_model_62.pdb
1063	18	length_18_macrocycle_18_0_model_63	/home/dkouv/work/tfr1-binder-design/experiments/007_RFD3_macrocycles/monomer_self_consistency/rfd3_backbones/length_18/length_18_macrocycle_18_0_model_63.cif.gz	/home/dkouv/work/tfr1-binder-design/experiments/007_RFD3_macrocycles/monomer_self_consistency/structural_tsne/tmalign_inputs/length_18_macrocycle_18_0_model_63.pdb
1064	18	length_18_macrocycle_18_0_model_64	/home/dkouv/work/tfr1-binder-design/experiments/007_RFD3_macrocycles/monomer_self_consistency/rfd3_backbones/length_18/length_18_macrocycle_18_0_model_64.cif.gz	/home/dkouv/work/tfr1-binder-design/experiments/007_RFD3_macrocycles/monomer_self_consistency/structural_tsne/tmalign_inputs/length_18_macrocycle_18_0_model_64.pdb
1065	18	length_18_macrocycle_18_0_model_65	/home/dkouv/work/tfr1-binder-design/experiments/007_RFD3_macrocycles/monomer_self_consistency/rfd3_backbones/length_18/length_18_macrocycle_18_0_model_65.cif.gz	/home/dkouv/work/tfr1-binder-design/experiments/007_RFD3_macrocycles/monomer_self_consistency/structural_tsne/tmalign_inputs/length_18_macrocycle_18_0_model_65.pdb
1066	18	length_18_macrocycle_18_0_model_66	/home/dkouv/work/tfr1-binder-design/experiments/007_RFD3_macrocycles/monomer_self_consistency/rfd3_backbones/length_18/length_18_macrocycle_18_0_model_66.cif.gz	/home/dkouv/work/tfr1-binder-design/experiments/007_RFD3_macrocycles/monomer_self_consistency/structural_tsne/tmalign_inputs/length_18_macrocycle_18_0_model_66.pdb
1067	18	length_18_macrocycle_18_0_model_67	/home/dkouv/work/tfr1-binder-design/experiments/007_RFD3_macrocycles/monomer_self_consistency/rfd3_backbones/length_18/length_18_macrocycle_18_0_model_67.cif.gz	/home/dkouv/work/tfr1-binder-design/experiments/007_RFD3_macrocycles/monomer_self_consistency/structural_tsne/tmalign_inputs/length_18_macrocycle_18_0_model_67.pdb
1068	18	length_18_macrocycle_18_0_model_68	/home/dkouv/work/tfr1-binder-design/experiments/007_RFD3_macrocycles/monomer_self_consistency/rfd3_backbones/length_18/length_18_macrocycle_18_0_model_68.cif.gz	/home/dkouv/work/tfr1-binder-design/experiments/007_RFD3_macrocycles/monomer_self_consistency/structural_tsne/tmalign_inputs/length_18_macrocycle_18_0_model_68.pdb
1069	18	length_18_macrocycle_18_0_model_69	/home/dkouv/work/tfr1-binder-design/experiments/007_RFD3_macrocycles/monomer_self_consistency/rfd3_backbones/length_18/length_18_macrocycle_18_0_model_69.cif.gz	/home/dkouv/work/tfr1-binder-design/experiments/007_RFD3_macrocycles/monomer_self_consistency/structural_tsne/tmalign_inputs/length_18_macrocycle_18_0_model_69.pdb
1070	18	length_18_macrocycle_18_0_model_70	/home/dkouv/work/tfr1-binder-design/experiments/007_RFD3_macrocycles/monomer_self_consistency/rfd3_backbones/length_18/length_18_macrocycle_18_0_model_70.cif.gz	/home/dkouv/work/tfr1-binder-design/experiments/007_RFD3_macrocycles/monomer_self_consistency/structural_tsne/tmalign_inputs/length_18_macrocycle_18_0_model_70.pdb
1071	18	length_18_macrocycle_18_0_model_71	/home/dkouv/work/tfr1-binder-design/experiments/007_RFD3_macrocycles/monomer_self_consistency/rfd3_backbones/length_18/length_18_macrocycle_18_0_model_71.cif.gz	/home/dkouv/work/tfr1-binder-design/experiments/007_RFD3_macrocycles/monomer_self_consistency/structural_tsne/tmalign_inputs/length_18_macrocycle_18_0_model_71.pdb
1072	18	length_18_macrocycle_18_0_model_72	/home/dkouv/work/tfr1-binder-design/experiments/007_RFD3_macrocycles/monomer_self_consistency/rfd3_backbones/length_18/length_18_macrocycle_18_0_model_72.cif.gz	/home/dkouv/work/tfr1-binder-design/experiments/007_RFD3_macrocycles/monomer_self_consistency/structural_tsne/tmalign_inputs/length_18_macrocycle_18_0_model_72.pdb
1073	18	length_18_macrocycle_18_0_model_73	/home/dkouv/work/tfr1-binder-design/experiments/007_RFD3_macrocycles/monomer_self_consistency/rfd3_backbones/length_18/length_18_macrocycle_18_0_model_73.cif.gz	/home/dkouv/work/tfr1-binder-design/experiments/007_RFD3_macrocycles/monomer_self_consistency/structural_tsne/tmalign_inputs/length_18_macrocycle_18_0_model_73.pdb
1074	18	length_18_macrocycle_18_0_model_74	/home/dkouv/work/tfr1-binder-design/experiments/007_RFD3_macrocycles/monomer_self_consistency/rfd3_backbones/length_18/length_18_macrocycle_18_0_model_74.cif.gz	/home/dkouv/work/tfr1-binder-design/experiments/007_RFD3_macrocycles/monomer_self_consistency/structural_tsne/tmalign_inputs/length_18_macrocycle_18_0_model_74.pdb
1075	18	length_18_macrocycle_18_0_model_75	/home/dkouv/work/tfr1-binder-design/experiments/007_RFD3_macrocycles/monomer_self_consistency/rfd3_backbones/length_18/length_18_macrocycle_18_0_model_75.cif.gz	/home/dkouv/work/tfr1-binder-design/experiments/007_RFD3_macrocycles/monomer_self_consistency/structural_tsne/tmalign_inputs/length_18_macrocycle_18_0_model_75.pdb
1076	18	length_18_macrocycle_18_0_model_76	/home/dkouv/work/tfr1-binder-design/experiments/007_RFD3_macrocycles/monomer_self_consistency/rfd3_backbones/length_18/length_18_macrocycle_18_0_model_76.cif.gz	/home/dkouv/work/tfr1-binder-design/experiments/007_RFD3_macrocycles/monomer_self_consistency/structural_tsne/tmalign_inputs/length_18_macrocycle_18_0_model_76.pdb
1077	18	length_18_macrocycle_18_0_model_77	/home/dkouv/work/tfr1-binder-design/experiments/007_RFD3_macrocycles/monomer_self_consistency/rfd3_backbones/length_18/length_18_macrocycle_18_0_model_77.cif.gz	/home/dkouv/work/tfr1-binder-design/experiments/007_RFD3_macrocycles/monomer_self_consistency/structural_tsne/tmalign_inputs/length_18_macrocycle_18_0_model_77.pdb
1078	18	length_18_macrocycle_18_0_model_78	/home/dkouv/work/tfr1-binder-design/experiments/007_RFD3_macrocycles/monomer_self_consistency/rfd3_backbones/length_18/length_18_macrocycle_18_0_model_78.cif.gz	/home/dkouv/work/tfr1-binder-design/experiments/007_RFD3_macrocycles/monomer_self_consistency/structural_tsne/tmalign_inputs/length_18_macrocycle_18_0_model_78.pdb
1079	18	length_18_macrocycle_18_0_model_79	/home/dkouv/work/tfr1-binder-design/experiments/007_RFD3_macrocycles/monomer_self_consistency/rfd3_backbones/length_18/length_18_macrocycle_18_0_model_79.cif.gz	/home/dkouv/work/tfr1-binder-design/experiments/007_RFD3_macrocycles/monomer_self_consistency/structural_tsne/tmalign_inputs/length_18_macrocycle_18_0_model_79.pdb
1080	18	length_18_macrocycle_18_0_model_80	/home/dkouv/work/tfr1-binder-design/experiments/007_RFD3_macrocycles/monomer_self_consistency/rfd3_backbones/length_18/length_18_macrocycle_18_0_model_80.cif.gz	/home/dkouv/work/tfr1-binder-design/experiments/007_RFD3_macrocycles/monomer_self_consistency/structural_tsne/tmalign_inputs/length_18_macrocycle_18_0_model_80.pdb
1081	18	length_18_macrocycle_18_0_model_81	/home/dkouv/work/tfr1-binder-design/experiments/007_RFD3_macrocycles/monomer_self_consistency/rfd3_backbones/length_18/length_18_macrocycle_18_0_model_81.cif.gz	/home/dkouv/work/tfr1-binder-design/experiments/007_RFD3_macrocycles/monomer_self_consistency/structural_tsne/tmalign_inputs/length_18_macrocycle_18_0_model_81.pdb
1082	18	length_18_macrocycle_18_0_model_82	/home/dkouv/work/tfr1-binder-design/experiments/007_RFD3_macrocycles/monomer_self_consistency/rfd3_backbones/length_18/length_18_macrocycle_18_0_model_82.cif.gz	/home/dkouv/work/tfr1-binder-design/experiments/007_RFD3_macrocycles/monomer_self_consistency/structural_tsne/tmalign_inputs/length_18_macrocycle_18_0_model_82.pdb
1083	18	length_18_macrocycle_18_0_model_83	/home/dkouv/work/tfr1-binder-design/experiments/007_RFD3_macrocycles/monomer_self_consistency/rfd3_backbones/length_18/length_18_macrocycle_18_0_model_83.cif.gz	/home/dkouv/work/tfr1-binder-design/experiments/007_RFD3_macrocycles/monomer_self_consistency/structural_tsne/tmalign_inputs/length_18_macrocycle_18_0_model_83.pdb
1084	18	length_18_macrocycle_18_0_model_84	/home/dkouv/work/tfr1-binder-design/experiments/007_RFD3_macrocycles/monomer_self_consistency/rfd3_backbones/length_18/length_18_macrocycle_18_0_model_84.cif.gz	/home/dkouv/work/tfr1-binder-design/experiments/007_RFD3_macrocycles/monomer_self_consistency/structural_tsne/tmalign_inputs/length_18_macrocycle_18_0_model_84.pdb
1085	18	length_18_macrocycle_18_0_model_85	/home/dkouv/work/tfr1-binder-design/experiments/007_RFD3_macrocycles/monomer_self_consistency/rfd3_backbones/length_18/length_18_macrocycle_18_0_model_85.cif.gz	/home/dkouv/work/tfr1-binder-design/experiments/007_RFD3_macrocycles/monomer_self_consistency/structural_tsne/tmalign_inputs/length_18_macrocycle_18_0_model_85.pdb
1086	18	length_18_macrocycle_18_0_model_86	/home/dkouv/work/tfr1-binder-design/experiments/007_RFD3_macrocycles/monomer_self_consistency/rfd3_backbones/length_18/length_18_macrocycle_18_0_model_86.cif.gz	/home/dkouv/work/tfr1-binder-design/experiments/007_RFD3_macrocycles/monomer_self_consistency/structural_tsne/tmalign_inputs/length_18_macrocycle_18_0_model_86.pdb
1087	18	length_18_macrocycle_18_0_model_87	/home/dkouv/work/tfr1-binder-design/experiments/007_RFD3_macrocycles/monomer_self_consistency/rfd3_backbones/length_18/length_18_macrocycle_18_0_model_87.cif.gz	/home/dkouv/work/tfr1-binder-design/experiments/007_RFD3_macrocycles/monomer_self_consistency/structural_tsne/tmalign_inputs/length_18_macrocycle_18_0_model_87.pdb
1088	18	length_18_macrocycle_18_0_model_88	/home/dkouv/work/tfr1-binder-design/experiments/007_RFD3_macrocycles/monomer_self_consistency/rfd3_backbones/length_18/length_18_macrocycle_18_0_model_88.cif.gz	/home/dkouv/work/tfr1-binder-design/experiments/007_RFD3_macrocycles/monomer_self_consistency/structural_tsne/tmalign_inputs/length_18_macrocycle_18_0_model_88.pdb
1089	18	length_18_macrocycle_18_0_model_89	/home/dkouv/work/tfr1-binder-design/experiments/007_RFD3_macrocycles/monomer_self_consistency/rfd3_backbones/length_18/length_18_macrocycle_18_0_model_89.cif.gz	/home/dkouv/work/tfr1-binder-design/experiments/007_RFD3_macrocycles/monomer_self_consistency/structural_tsne/tmalign_inputs/length_18_macrocycle_18_0_model_89.pdb
1090	18	length_18_macrocycle_18_0_model_90	/home/dkouv/work/tfr1-binder-design/experiments/007_RFD3_macrocycles/monomer_self_consistency/rfd3_backbones/length_18/length_18_macrocycle_18_0_model_90.cif.gz	/home/dkouv/work/tfr1-binder-design/experiments/007_RFD3_macrocycles/monomer_self_consistency/structural_tsne/tmalign_inputs/length_18_macrocycle_18_0_model_90.pdb
1091	18	length_18_macrocycle_18_0_model_91	/home/dkouv/work/tfr1-binder-design/experiments/007_RFD3_macrocycles/monomer_self_consistency/rfd3_backbones/length_18/length_18_macrocycle_18_0_model_91.cif.gz	/home/dkouv/work/tfr1-binder-design/experiments/007_RFD3_macrocycles/monomer_self_consistency/structural_tsne/tmalign_inputs/length_18_macrocycle_18_0_model_91.pdb
1092	18	length_18_macrocycle_18_0_model_92	/home/dkouv/work/tfr1-binder-design/experiments/007_RFD3_macrocycles/monomer_self_consistency/rfd3_backbones/length_18/length_18_macrocycle_18_0_model_92.cif.gz	/home/dkouv/work/tfr1-binder-design/experiments/007_RFD3_macrocycles/monomer_self_consistency/structural_tsne/tmalign_inputs/length_18_macrocycle_18_0_model_92.pdb
1093	18	length_18_macrocycle_18_0_model_93	/home/dkouv/work/tfr1-binder-design/experiments/007_RFD3_macrocycles/monomer_self_consistency/rfd3_backbones/length_18/length_18_macrocycle_18_0_model_93.cif.gz	/home/dkouv/work/tfr1-binder-design/experiments/007_RFD3_macrocycles/monomer_self_consistency/structural_tsne/tmalign_inputs/length_18_macrocycle_18_0_model_93.pdb
1094	18	length_18_macrocycle_18_0_model_94	/home/dkouv/work/tfr1-binder-design/experiments/007_RFD3_macrocycles/monomer_self_consistency/rfd3_backbones/length_18/length_18_macrocycle_18_0_model_94.cif.gz	/home/dkouv/work/tfr1-binder-design/experiments/007_RFD3_macrocycles/monomer_self_consistency/structural_tsne/tmalign_inputs/length_18_macrocycle_18_0_model_94.pdb
1095	18	length_18_macrocycle_18_0_model_95	/home/dkouv/work/tfr1-binder-design/experiments/007_RFD3_macrocycles/monomer_self_consistency/rfd3_backbones/length_18/length_18_macrocycle_18_0_model_95.cif.gz	/home/dkouv/work/tfr1-binder-design/experiments/007_RFD3_macrocycles/monomer_self_consistency/structural_tsne/tmalign_inputs/length_18_macrocycle_18_0_model_95.pdb
1096	18	length_18_macrocycle_18_0_model_96	/home/dkouv/work/tfr1-binder-design/experiments/007_RFD3_macrocycles/monomer_self_consistency/rfd3_backbones/length_18/length_18_macrocycle_18_0_model_96.cif.gz	/home/dkouv/work/tfr1-binder-design/experiments/007_RFD3_macrocycles/monomer_self_consistency/structural_tsne/tmalign_inputs/length_18_macrocycle_18_0_model_96.pdb
1097	18	length_18_macrocycle_18_0_model_97	/home/dkouv/work/tfr1-binder-design/experiments/007_RFD3_macrocycles/monomer_self_consistency/rfd3_backbones/length_18/length_18_macrocycle_18_0_model_97.cif.gz	/home/dkouv/work/tfr1-binder-design/experiments/007_RFD3_macrocycles/monomer_self_consistency/structural_tsne/tmalign_inputs/length_18_macrocycle_18_0_model_97.pdb
1098	18	length_18_macrocycle_18_0_model_98	/home/dkouv/work/tfr1-binder-design/experiments/007_RFD3_macrocycles/monomer_self_consistency/rfd3_backbones/length_18/length_18_macrocycle_18_0_model_98.cif.gz	/home/dkouv/work/tfr1-binder-design/experiments/007_RFD3_macrocycles/monomer_self_consistency/structural_tsne/tmalign_inputs/length_18_macrocycle_18_0_model_98.pdb
1099	18	length_18_macrocycle_18_0_model_99	/home/dkouv/work/tfr1-binder-design/experiments/007_RFD3_macrocycles/monomer_self_consistency/rfd3_backbones/length_18/length_18_macrocycle_18_0_model_99.cif.gz	/home/dkouv/work/tfr1-binder-design/experiments/007_RFD3_macrocycles/monomer_self_consistency/structural_tsne/tmalign_inputs/length_18_macrocycle_18_0_model_99.pdb
1100	18	length_18_macrocycle_18_0_model_100	/home/dkouv/work/tfr1-binder-design/experiments/007_RFD3_macrocycles/monomer_self_consistency/rfd3_backbones/length_18/length_18_macrocycle_18_0_model_100.cif.gz	/home/dkouv/work/tfr1-binder-design/experiments/007_RFD3_macrocycles/monomer_self_consistency/structural_tsne/tmalign_inputs/length_18_macrocycle_18_0_model_100.pdb
1101	18	length_18_macrocycle_18_0_model_101	/home/dkouv/work/tfr1-binder-design/experiments/007_RFD3_macrocycles/monomer_self_consistency/rfd3_backbones/length_18/length_18_macrocycle_18_0_model_101.cif.gz	/home/dkouv/work/tfr1-binder-design/experiments/007_RFD3_macrocycles/monomer_self_consistency/structural_tsne/tmalign_inputs/length_18_macrocycle_18_0_model_101.pdb
1102	18	length_18_macrocycle_18_0_model_102	/home/dkouv/work/tfr1-binder-design/experiments/007_RFD3_macrocycles/monomer_self_consistency/rfd3_backbones/length_18/length_18_macrocycle_18_0_model_102.cif.gz	/home/dkouv/work/tfr1-binder-design/experiments/007_RFD3_macrocycles/monomer_self_consistency/structural_tsne/tmalign_inputs/length_18_macrocycle_18_0_model_102.pdb
1103	18	length_18_macrocycle_18_0_model_103	/home/dkouv/work/tfr1-binder-design/experiments/007_RFD3_macrocycles/monomer_self_consistency/rfd3_backbones/length_18/length_18_macrocycle_18_0_model_103.cif.gz	/home/dkouv/work/tfr1-binder-design/experiments/007_RFD3_macrocycles/monomer_self_consistency/structural_tsne/tmalign_inputs/length_18_macrocycle_18_0_model_103.pdb
1104	18	length_18_macrocycle_18_0_model_104	/home/dkouv/work/tfr1-binder-design/experiments/007_RFD3_macrocycles/monomer_self_consistency/rfd3_backbones/length_18/length_18_macrocycle_18_0_model_104.cif.gz	/home/dkouv/work/tfr1-binder-design/experiments/007_RFD3_macrocycles/monomer_self_consistency/structural_tsne/tmalign_inputs/length_18_macrocycle_18_0_model_104.pdb
1105	18	length_18_macrocycle_18_0_model_105	/home/dkouv/work/tfr1-binder-design/experiments/007_RFD3_macrocycles/monomer_self_consistency/rfd3_backbones/length_18/length_18_macrocycle_18_0_model_105.cif.gz	/home/dkouv/work/tfr1-binder-design/experiments/007_RFD3_macrocycles/monomer_self_consistency/structural_tsne/tmalign_inputs/length_18_macrocycle_18_0_model_105.pdb
1106	18	length_18_macrocycle_18_0_model_106	/home/dkouv/work/tfr1-binder-design/experiments/007_RFD3_macrocycles/monomer_self_consistency/rfd3_backbones/length_18/length_18_macrocycle_18_0_model_106.cif.gz	/home/dkouv/work/tfr1-binder-design/experiments/007_RFD3_macrocycles/monomer_self_consistency/structural_tsne/tmalign_inputs/length_18_macrocycle_18_0_model_106.pdb
1107	18	length_18_macrocycle_18_0_model_107	/home/dkouv/work/tfr1-binder-design/experiments/007_RFD3_macrocycles/monomer_self_consistency/rfd3_backbones/length_18/length_18_macrocycle_18_0_model_107.cif.gz	/home/dkouv/work/tfr1-binder-design/experiments/007_RFD3_macrocycles/monomer_self_consistency/structural_tsne/tmalign_inputs/length_18_macrocycle_18_0_model_107.pdb
1108	18	length_18_macrocycle_18_0_model_108	/home/dkouv/work/tfr1-binder-design/experiments/007_RFD3_macrocycles/monomer_self_consistency/rfd3_backbones/length_18/length_18_macrocycle_18_0_model_108.cif.gz	/home/dkouv/work/tfr1-binder-design/experiments/007_RFD3_macrocycles/monomer_self_consistency/structural_tsne/tmalign_inputs/length_18_macrocycle_18_0_model_108.pdb
1109	18	length_18_macrocycle_18_0_model_109	/home/dkouv/work/tfr1-binder-design/experiments/007_RFD3_macrocycles/monomer_self_consistency/rfd3_backbones/length_18/length_18_macrocycle_18_0_model_109.cif.gz	/home/dkouv/work/tfr1-binder-design/experiments/007_RFD3_macrocycles/monomer_self_consistency/structural_tsne/tmalign_inputs/length_18_macrocycle_18_0_model_109.pdb
1110	18	length_18_macrocycle_18_0_model_110	/home/dkouv/work/tfr1-binder-design/experiments/007_RFD3_macrocycles/monomer_self_consistency/rfd3_backbones/length_18/length_18_macrocycle_18_0_model_110.cif.gz	/home/dkouv/work/tfr1-binder-design/experiments/007_RFD3_macrocycles/monomer_self_consistency/structural_tsne/tmalign_inputs/length_18_macrocycle_18_0_model_110.pdb
1111	18	length_18_macrocycle_18_0_model_111	/home/dkouv/work/tfr1-binder-design/experiments/007_RFD3_macrocycles/monomer_self_consistency/rfd3_backbones/length_18/length_18_macrocycle_18_0_model_111.cif.gz	/home/dkouv/work/tfr1-binder-design/experiments/007_RFD3_macrocycles/monomer_self_consistency/structural_tsne/tmalign_inputs/length_18_macrocycle_18_0_model_111.pdb
1112	18	length_18_macrocycle_18_0_model_112	/home/dkouv/work/tfr1-binder-design/experiments/007_RFD3_macrocycles/monomer_self_consistency/rfd3_backbones/length_18/length_18_macrocycle_18_0_model_112.cif.gz	/home/dkouv/work/tfr1-binder-design/experiments/007_RFD3_macrocycles/monomer_self_consistency/structural_tsne/tmalign_inputs/length_18_macrocycle_18_0_model_112.pdb
1113	18	length_18_macrocycle_18_0_model_113	/home/dkouv/work/tfr1-binder-design/experiments/007_RFD3_macrocycles/monomer_self_consistency/rfd3_backbones/length_18/length_18_macrocycle_18_0_model_113.cif.gz	/home/dkouv/work/tfr1-binder-design/experiments/007_RFD3_macrocycles/monomer_self_consistency/structural_tsne/tmalign_inputs/length_18_macrocycle_18_0_model_113.pdb
1114	18	length_18_macrocycle_18_0_model_114	/home/dkouv/work/tfr1-binder-design/experiments/007_RFD3_macrocycles/monomer_self_consistency/rfd3_backbones/length_18/length_18_macrocycle_18_0_model_114.cif.gz	/home/dkouv/work/tfr1-binder-design/experiments/007_RFD3_macrocycles/monomer_self_consistency/structural_tsne/tmalign_inputs/length_18_macrocycle_18_0_model_114.pdb
1115	18	length_18_macrocycle_18_0_model_115	/home/dkouv/work/tfr1-binder-design/experiments/007_RFD3_macrocycles/monomer_self_consistency/rfd3_backbones/length_18/length_18_macrocycle_18_0_model_115.cif.gz	/home/dkouv/work/tfr1-binder-design/experiments/007_RFD3_macrocycles/monomer_self_consistency/structural_tsne/tmalign_inputs/length_18_macrocycle_18_0_model_115.pdb
1116	18	length_18_macrocycle_18_0_model_116	/home/dkouv/work/tfr1-binder-design/experiments/007_RFD3_macrocycles/monomer_self_consistency/rfd3_backbones/length_18/length_18_macrocycle_18_0_model_116.cif.gz	/home/dkouv/work/tfr1-binder-design/experiments/007_RFD3_macrocycles/monomer_self_consistency/structural_tsne/tmalign_inputs/length_18_macrocycle_18_0_model_116.pdb
1117	18	length_18_macrocycle_18_0_model_117	/home/dkouv/work/tfr1-binder-design/experiments/007_RFD3_macrocycles/monomer_self_consistency/rfd3_backbones/length_18/length_18_macrocycle_18_0_model_117.cif.gz	/home/dkouv/work/tfr1-binder-design/experiments/007_RFD3_macrocycles/monomer_self_consistency/structural_tsne/tmalign_inputs/length_18_macrocycle_18_0_model_117.pdb
1118	18	length_18_macrocycle_18_0_model_118	/home/dkouv/work/tfr1-binder-design/experiments/007_RFD3_macrocycles/monomer_self_consistency/rfd3_backbones/length_18/length_18_macrocycle_18_0_model_118.cif.gz	/home/dkouv/work/tfr1-binder-design/experiments/007_RFD3_macrocycles/monomer_self_consistency/structural_tsne/tmalign_inputs/length_18_macrocycle_18_0_model_118.pdb
1119	18	length_18_macrocycle_18_0_model_119	/home/dkouv/work/tfr1-binder-design/experiments/007_RFD3_macrocycles/monomer_self_consistency/rfd3_backbones/length_18/length_18_macrocycle_18_0_model_119.cif.gz	/home/dkouv/work/tfr1-binder-design/experiments/007_RFD3_macrocycles/monomer_self_consistency/structural_tsne/tmalign_inputs/length_18_macrocycle_18_0_model_119.pdb
1120	18	length_18_macrocycle_18_0_model_120	/home/dkouv/work/tfr1-binder-design/experiments/007_RFD3_macrocycles/monomer_self_consistency/rfd3_backbones/length_18/length_18_macrocycle_18_0_model_120.cif.gz	/home/dkouv/work/tfr1-binder-design/experiments/007_RFD3_macrocycles/monomer_self_consistency/structural_tsne/tmalign_inputs/length_18_macrocycle_18_0_model_120.pdb
1121	18	length_18_macrocycle_18_0_model_121	/home/dkouv/work/tfr1-binder-design/experiments/007_RFD3_macrocycles/monomer_self_consistency/rfd3_backbones/length_18/length_18_macrocycle_18_0_model_121.cif.gz	/home/dkouv/work/tfr1-binder-design/experiments/007_RFD3_macrocycles/monomer_self_consistency/structural_tsne/tmalign_inputs/length_18_macrocycle_18_0_model_121.pdb
1122	18	length_18_macrocycle_18_0_model_122	/home/dkouv/work/tfr1-binder-design/experiments/007_RFD3_macrocycles/monomer_self_consistency/rfd3_backbones/length_18/length_18_macrocycle_18_0_model_122.cif.gz	/home/dkouv/work/tfr1-binder-design/experiments/007_RFD3_macrocycles/monomer_self_consistency/structural_tsne/tmalign_inputs/length_18_macrocycle_18_0_model_122.pdb
1123	18	length_18_macrocycle_18_0_model_123	/home/dkouv/work/tfr1-binder-design/experiments/007_RFD3_macrocycles/monomer_self_consistency/rfd3_backbones/length_18/length_18_macrocycle_18_0_model_123.cif.gz	/home/dkouv/work/tfr1-binder-design/experiments/007_RFD3_macrocycles/monomer_self_consistency/structural_tsne/tmalign_inputs/length_18_macrocycle_18_0_model_123.pdb
1124	18	length_18_macrocycle_18_0_model_124	/home/dkouv/work/tfr1-binder-design/experiments/007_RFD3_macrocycles/monomer_self_consistency/rfd3_backbones/length_18/length_18_macrocycle_18_0_model_124.cif.gz	/home/dkouv/work/tfr1-binder-design/experiments/007_RFD3_macrocycles/monomer_self_consistency/structural_tsne/tmalign_inputs/length_18_macrocycle_18_0_model_124.pdb
1125	18	length_18_macrocycle_18_0_model_125	/home/dkouv/work/tfr1-binder-design/experiments/007_RFD3_macrocycles/monomer_self_consistency/rfd3_backbones/length_18/length_18_macrocycle_18_0_model_125.cif.gz	/home/dkouv/work/tfr1-binder-design/experiments/007_RFD3_macrocycles/monomer_self_consistency/structural_tsne/tmalign_inputs/length_18_macrocycle_18_0_model_125.pdb
1126	18	length_18_macrocycle_18_0_model_126	/home/dkouv/work/tfr1-binder-design/experiments/007_RFD3_macrocycles/monomer_self_consistency/rfd3_backbones/length_18/length_18_macrocycle_18_0_model_126.cif.gz	/home/dkouv/work/tfr1-binder-design/experiments/007_RFD3_macrocycles/monomer_self_consistency/structural_tsne/tmalign_inputs/length_18_macrocycle_18_0_model_126.pdb
1127	18	length_18_macrocycle_18_0_model_127	/home/dkouv/work/tfr1-binder-design/experiments/007_RFD3_macrocycles/monomer_self_consistency/rfd3_backbones/length_18/length_18_macrocycle_18_0_model_127.cif.gz	/home/dkouv/work/tfr1-binder-design/experiments/007_RFD3_macrocycles/monomer_self_consistency/structural_tsne/tmalign_inputs/length_18_macrocycle_18_0_model_127.pdb
1128	18	length_18_macrocycle_18_0_model_128	/home/dkouv/work/tfr1-binder-design/experiments/007_RFD3_macrocycles/monomer_self_consistency/rfd3_backbones/length_18/length_18_macrocycle_18_0_model_128.cif.gz	/home/dkouv/work/tfr1-binder-design/experiments/007_RFD3_macrocycles/monomer_self_consistency/structural_tsne/tmalign_inputs/length_18_macrocycle_18_0_model_128.pdb
1129	18	length_18_macrocycle_18_0_model_129	/home/dkouv/work/tfr1-binder-design/experiments/007_RFD3_macrocycles/monomer_self_consistency/rfd3_backbones/length_18/length_18_macrocycle_18_0_model_129.cif.gz	/home/dkouv/work/tfr1-binder-design/experiments/007_RFD3_macrocycles/monomer_self_consistency/structural_tsne/tmalign_inputs/length_18_macrocycle_18_0_model_129.pdb
1130	18	length_18_macrocycle_18_0_model_130	/home/dkouv/work/tfr1-binder-design/experiments/007_RFD3_macrocycles/monomer_self_consistency/rfd3_backbones/length_18/length_18_macrocycle_18_0_model_130.cif.gz	/home/dkouv/work/tfr1-binder-design/experiments/007_RFD3_macrocycles/monomer_self_consistency/structural_tsne/tmalign_inputs/length_18_macrocycle_18_0_model_130.pdb
1131	18	length_18_macrocycle_18_0_model_131	/home/dkouv/work/tfr1-binder-design/experiments/007_RFD3_macrocycles/monomer_self_consistency/rfd3_backbones/length_18/length_18_macrocycle_18_0_model_131.cif.gz	/home/dkouv/work/tfr1-binder-design/experiments/007_RFD3_macrocycles/monomer_self_consistency/structural_tsne/tmalign_inputs/length_18_macrocycle_18_0_model_131.pdb
1132	18	length_18_macrocycle_18_0_model_132	/home/dkouv/work/tfr1-binder-design/experiments/007_RFD3_macrocycles/monomer_self_consistency/rfd3_backbones/length_18/length_18_macrocycle_18_0_model_132.cif.gz	/home/dkouv/work/tfr1-binder-design/experiments/007_RFD3_macrocycles/monomer_self_consistency/structural_tsne/tmalign_inputs/length_18_macrocycle_18_0_model_132.pdb
1133	18	length_18_macrocycle_18_0_model_133	/home/dkouv/work/tfr1-binder-design/experiments/007_RFD3_macrocycles/monomer_self_consistency/rfd3_backbones/length_18/length_18_macrocycle_18_0_model_133.cif.gz	/home/dkouv/work/tfr1-binder-design/experiments/007_RFD3_macrocycles/monomer_self_consistency/structural_tsne/tmalign_inputs/length_18_macrocycle_18_0_model_133.pdb
1134	18	length_18_macrocycle_18_0_model_134	/home/dkouv/work/tfr1-binder-design/experiments/007_RFD3_macrocycles/monomer_self_consistency/rfd3_backbones/length_18/length_18_macrocycle_18_0_model_134.cif.gz	/home/dkouv/work/tfr1-binder-design/experiments/007_RFD3_macrocycles/monomer_self_consistency/structural_tsne/tmalign_inputs/length_18_macrocycle_18_0_model_134.pdb
1135	18	length_18_macrocycle_18_0_model_135	/home/dkouv/work/tfr1-binder-design/experiments/007_RFD3_macrocycles/monomer_self_consistency/rfd3_backbones/length_18/length_18_macrocycle_18_0_model_135.cif.gz	/home/dkouv/work/tfr1-binder-design/experiments/007_RFD3_macrocycles/monomer_self_consistency/structural_tsne/tmalign_inputs/length_18_macrocycle_18_0_model_135.pdb
1136	18	length_18_macrocycle_18_0_model_136	/home/dkouv/work/tfr1-binder-design/experiments/007_RFD3_macrocycles/monomer_self_consistency/rfd3_backbones/length_18/length_18_macrocycle_18_0_model_136.cif.gz	/home/dkouv/work/tfr1-binder-design/experiments/007_RFD3_macrocycles/monomer_self_consistency/structural_tsne/tmalign_inputs/length_18_macrocycle_18_0_model_136.pdb
1137	18	length_18_macrocycle_18_0_model_137	/home/dkouv/work/tfr1-binder-design/experiments/007_RFD3_macrocycles/monomer_self_consistency/rfd3_backbones/length_18/length_18_macrocycle_18_0_model_137.cif.gz	/home/dkouv/work/tfr1-binder-design/experiments/007_RFD3_macrocycles/monomer_self_consistency/structural_tsne/tmalign_inputs/length_18_macrocycle_18_0_model_137.pdb
1138	18	length_18_macrocycle_18_0_model_138	/home/dkouv/work/tfr1-binder-design/experiments/007_RFD3_macrocycles/monomer_self_consistency/rfd3_backbones/length_18/length_18_macrocycle_18_0_model_138.cif.gz	/home/dkouv/work/tfr1-binder-design/experiments/007_RFD3_macrocycles/monomer_self_consistency/structural_tsne/tmalign_inputs/length_18_macrocycle_18_0_model_138.pdb
1139	18	length_18_macrocycle_18_0_model_139	/home/dkouv/work/tfr1-binder-design/experiments/007_RFD3_macrocycles/monomer_self_consistency/rfd3_backbones/length_18/length_18_macrocycle_18_0_model_139.cif.gz	/home/dkouv/work/tfr1-binder-design/experiments/007_RFD3_macrocycles/monomer_self_consistency/structural_tsne/tmalign_inputs/length_18_macrocycle_18_0_model_139.pdb
1140	18	length_18_macrocycle_18_0_model_140	/home/dkouv/work/tfr1-binder-design/experiments/007_RFD3_macrocycles/monomer_self_consistency/rfd3_backbones/length_18/length_18_macrocycle_18_0_model_140.cif.gz	/home/dkouv/work/tfr1-binder-design/experiments/007_RFD3_macrocycles/monomer_self_consistency/structural_tsne/tmalign_inputs/length_18_macrocycle_18_0_model_140.pdb
1141	18	length_18_macrocycle_18_0_model_141	/home/dkouv/work/tfr1-binder-design/experiments/007_RFD3_macrocycles/monomer_self_consistency/rfd3_backbones/length_18/length_18_macrocycle_18_0_model_141.cif.gz	/home/dkouv/work/tfr1-binder-design/experiments/007_RFD3_macrocycles/monomer_self_consistency/structural_tsne/tmalign_inputs/length_18_macrocycle_18_0_model_141.pdb
1142	18	length_18_macrocycle_18_0_model_142	/home/dkouv/work/tfr1-binder-design/experiments/007_RFD3_macrocycles/monomer_self_consistency/rfd3_backbones/length_18/length_18_macrocycle_18_0_model_142.cif.gz	/home/dkouv/work/tfr1-binder-design/experiments/007_RFD3_macrocycles/monomer_self_consistency/structural_tsne/tmalign_inputs/length_18_macrocycle_18_0_model_142.pdb
1143	18	length_18_macrocycle_18_0_model_143	/home/dkouv/work/tfr1-binder-design/experiments/007_RFD3_macrocycles/monomer_self_consistency/rfd3_backbones/length_18/length_18_macrocycle_18_0_model_143.cif.gz	/home/dkouv/work/tfr1-binder-design/experiments/007_RFD3_macrocycles/monomer_self_consistency/structural_tsne/tmalign_inputs/length_18_macrocycle_18_0_model_143.pdb
1144	18	length_18_macrocycle_18_0_model_144	/home/dkouv/work/tfr1-binder-design/experiments/007_RFD3_macrocycles/monomer_self_consistency/rfd3_backbones/length_18/length_18_macrocycle_18_0_model_144.cif.gz	/home/dkouv/work/tfr1-binder-design/experiments/007_RFD3_macrocycles/monomer_self_consistency/structural_tsne/tmalign_inputs/length_18_macrocycle_18_0_model_144.pdb
1145	18	length_18_macrocycle_18_0_model_145	/home/dkouv/work/tfr1-binder-design/experiments/007_RFD3_macrocycles/monomer_self_consistency/rfd3_backbones/length_18/length_18_macrocycle_18_0_model_145.cif.gz	/home/dkouv/work/tfr1-binder-design/experiments/007_RFD3_macrocycles/monomer_self_consistency/structural_tsne/tmalign_inputs/length_18_macrocycle_18_0_model_145.pdb
1146	18	length_18_macrocycle_18_0_model_146	/home/dkouv/work/tfr1-binder-design/experiments/007_RFD3_macrocycles/monomer_self_consistency/rfd3_backbones/length_18/length_18_macrocycle_18_0_model_146.cif.gz	/home/dkouv/work/tfr1-binder-design/experiments/007_RFD3_macrocycles/monomer_self_consistency/structural_tsne/tmalign_inputs/length_18_macrocycle_18_0_model_146.pdb
1147	18	length_18_macrocycle_18_0_model_147	/home/dkouv/work/tfr1-binder-design/experiments/007_RFD3_macrocycles/monomer_self_consistency/rfd3_backbones/length_18/length_18_macrocycle_18_0_model_147.cif.gz	/home/dkouv/work/tfr1-binder-design/experiments/007_RFD3_macrocycles/monomer_self_consistency/structural_tsne/tmalign_inputs/length_18_macrocycle_18_0_model_147.pdb
1148	18	length_18_macrocycle_18_0_model_148	/home/dkouv/work/tfr1-binder-design/experiments/007_RFD3_macrocycles/monomer_self_consistency/rfd3_backbones/length_18/length_18_macrocycle_18_0_model_148.cif.gz	/home/dkouv/work/tfr1-binder-design/experiments/007_RFD3_macrocycles/monomer_self_consistency/structural_tsne/tmalign_inputs/length_18_macrocycle_18_0_model_148.pdb
1149	18	length_18_macrocycle_18_0_model_149	/home/dkouv/work/tfr1-binder-design/experiments/007_RFD3_macrocycles/monomer_self_consistency/rfd3_backbones/length_18/length_18_macrocycle_18_0_model_149.cif.gz	/home/dkouv/work/tfr1-binder-design/experiments/007_RFD3_macrocycles/monomer_self_consistency/structural_tsne/tmalign_inputs/length_18_macrocycle_18_0_model_149.pdb
1150	18	length_18_macrocycle_18_0_model_150	/home/dkouv/work/tfr1-binder-design/experiments/007_RFD3_macrocycles/monomer_self_consistency/rfd3_backbones/length_18/length_18_macrocycle_18_0_model_150.cif.gz	/home/dkouv/work/tfr1-binder-design/experiments/007_RFD3_macrocycles/monomer_self_consistency/structural_tsne/tmalign_inputs/length_18_macrocycle_18_0_model_150.pdb
1151	18	length_18_macrocycle_18_0_model_151	/home/dkouv/work/tfr1-binder-design/experiments/007_RFD3_macrocycles/monomer_self_consistency/rfd3_backbones/length_18/length_18_macrocycle_18_0_model_151.cif.gz	/home/dkouv/work/tfr1-binder-design/experiments/007_RFD3_macrocycles/monomer_self_consistency/structural_tsne/tmalign_inputs/length_18_macrocycle_18_0_model_151.pdb
1152	18	length_18_macrocycle_18_0_model_152	/home/dkouv/work/tfr1-binder-design/experiments/007_RFD3_macrocycles/monomer_self_consistency/rfd3_backbones/length_18/length_18_macrocycle_18_0_model_152.cif.gz	/home/dkouv/work/tfr1-binder-design/experiments/007_RFD3_macrocycles/monomer_self_consistency/structural_tsne/tmalign_inputs/length_18_macrocycle_18_0_model_152.pdb
1153	18	length_18_macrocycle_18_0_model_153	/home/dkouv/work/tfr1-binder-design/experiments/007_RFD3_macrocycles/monomer_self_consistency/rfd3_backbones/length_18/length_18_macrocycle_18_0_model_153.cif.gz	/home/dkouv/work/tfr1-binder-design/experiments/007_RFD3_macrocycles/monomer_self_consistency/structural_tsne/tmalign_inputs/length_18_macrocycle_18_0_model_153.pdb
1154	18	length_18_macrocycle_18_0_model_154	/home/dkouv/work/tfr1-binder-design/experiments/007_RFD3_macrocycles/monomer_self_consistency/rfd3_backbones/length_18/length_18_macrocycle_18_0_model_154.cif.gz	/home/dkouv/work/tfr1-binder-design/experiments/007_RFD3_macrocycles/monomer_self_consistency/structural_tsne/tmalign_inputs/length_18_macrocycle_18_0_model_154.pdb
1155	18	length_18_macrocycle_18_0_model_155	/home/dkouv/work/tfr1-binder-design/experiments/007_RFD3_macrocycles/monomer_self_consistency/rfd3_backbones/length_18/length_18_macrocycle_18_0_model_155.cif.gz	/home/dkouv/work/tfr1-binder-design/experiments/007_RFD3_macrocycles/monomer_self_consistency/structural_tsne/tmalign_inputs/length_18_macrocycle_18_0_model_155.pdb
1156	18	length_18_macrocycle_18_0_model_156	/home/dkouv/work/tfr1-binder-design/experiments/007_RFD3_macrocycles/monomer_self_consistency/rfd3_backbones/length_18/length_18_macrocycle_18_0_model_156.cif.gz	/home/dkouv/work/tfr1-binder-design/experiments/007_RFD3_macrocycles/monomer_self_consistency/structural_tsne/tmalign_inputs/length_18_macrocycle_18_0_model_156.pdb
1157	18	length_18_macrocycle_18_0_model_157	/home/dkouv/work/tfr1-binder-design/experiments/007_RFD3_macrocycles/monomer_self_consistency/rfd3_backbones/length_18/length_18_macrocycle_18_0_model_157.cif.gz	/home/dkouv/work/tfr1-binder-design/experiments/007_RFD3_macrocycles/monomer_self_consistency/structural_tsne/tmalign_inputs/length_18_macrocycle_18_0_model_157.pdb
1158	18	length_18_macrocycle_18_0_model_158	/home/dkouv/work/tfr1-binder-design/experiments/007_RFD3_macrocycles/monomer_self_consistency/rfd3_backbones/length_18/length_18_macrocycle_18_0_model_158.cif.gz	/home/dkouv/work/tfr1-binder-design/experiments/007_RFD3_macrocycles/monomer_self_consistency/structural_tsne/tmalign_inputs/length_18_macrocycle_18_0_model_158.pdb
1159	18	length_18_macrocycle_18_0_model_159	/home/dkouv/work/tfr1-binder-design/experiments/007_RFD3_macrocycles/monomer_self_consistency/rfd3_backbones/length_18/length_18_macrocycle_18_0_model_159.cif.gz	/home/dkouv/work/tfr1-binder-design/experiments/007_RFD3_macrocycles/monomer_self_consistency/structural_tsne/tmalign_inputs/length_18_macrocycle_18_0_model_159.pdb
1160	18	length_18_macrocycle_18_0_model_160	/home/dkouv/work/tfr1-binder-design/experiments/007_RFD3_macrocycles/monomer_self_consistency/rfd3_backbones/length_18/length_18_macrocycle_18_0_model_160.cif.gz	/home/dkouv/work/tfr1-binder-design/experiments/007_RFD3_macrocycles/monomer_self_consistency/structural_tsne/tmalign_inputs/length_18_macrocycle_18_0_model_160.pdb
1161	18	length_18_macrocycle_18_0_model_161	/home/dkouv/work/tfr1-binder-design/experiments/007_RFD3_macrocycles/monomer_self_consistency/rfd3_backbones/length_18/length_18_macrocycle_18_0_model_161.cif.gz	/home/dkouv/work/tfr1-binder-design/experiments/007_RFD3_macrocycles/monomer_self_consistency/structural_tsne/tmalign_inputs/length_18_macrocycle_18_0_model_161.pdb
1162	18	length_18_macrocycle_18_0_model_162	/home/dkouv/work/tfr1-binder-design/experiments/007_RFD3_macrocycles/monomer_self_consistency/rfd3_backbones/length_18/length_18_macrocycle_18_0_model_162.cif.gz	/home/dkouv/work/tfr1-binder-design/experiments/007_RFD3_macrocycles/monomer_self_consistency/structural_tsne/tmalign_inputs/length_18_macrocycle_18_0_model_162.pdb
1163	18	length_18_macrocycle_18_0_model_163	/home/dkouv/work/tfr1-binder-design/experiments/007_RFD3_macrocycles/monomer_self_consistency/rfd3_backbones/length_18/length_18_macrocycle_18_0_model_163.cif.gz	/home/dkouv/work/tfr1-binder-design/experiments/007_RFD3_macrocycles/monomer_self_consistency/structural_tsne/tmalign_inputs/length_18_macrocycle_18_0_model_163.pdb
1164	18	length_18_macrocycle_18_0_model_164	/home/dkouv/work/tfr1-binder-design/experiments/007_RFD3_macrocycles/monomer_self_consistency/rfd3_backbones/length_18/length_18_macrocycle_18_0_model_164.cif.gz	/home/dkouv/work/tfr1-binder-design/experiments/007_RFD3_macrocycles/monomer_self_consistency/structural_tsne/tmalign_inputs/length_18_macrocycle_18_0_model_164.pdb
1165	18	length_18_macrocycle_18_0_model_165	/home/dkouv/work/tfr1-binder-design/experiments/007_RFD3_macrocycles/monomer_self_consistency/rfd3_backbones/length_18/length_18_macrocycle_18_0_model_165.cif.gz	/home/dkouv/work/tfr1-binder-design/experiments/007_RFD3_macrocycles/monomer_self_consistency/structural_tsne/tmalign_inputs/length_18_macrocycle_18_0_model_165.pdb
1166	18	length_18_macrocycle_18_0_model_166	/home/dkouv/work/tfr1-binder-design/experiments/007_RFD3_macrocycles/monomer_self_consistency/rfd3_backbones/length_18/length_18_macrocycle_18_0_model_166.cif.gz	/home/dkouv/work/tfr1-binder-design/experiments/007_RFD3_macrocycles/monomer_self_consistency/structural_tsne/tmalign_inputs/length_18_macrocycle_18_0_model_166.pdb
1167	18	length_18_macrocycle_18_0_model_167	/home/dkouv/work/tfr1-binder-design/experiments/007_RFD3_macrocycles/monomer_self_consistency/rfd3_backbones/length_18/length_18_macrocycle_18_0_model_167.cif.gz	/home/dkouv/work/tfr1-binder-design/experiments/007_RFD3_macrocycles/monomer_self_consistency/structural_tsne/tmalign_inputs/length_18_macrocycle_18_0_model_167.pdb
1168	18	length_18_macrocycle_18_0_model_168	/home/dkouv/work/tfr1-binder-design/experiments/007_RFD3_macrocycles/monomer_self_consistency/rfd3_backbones/length_18/length_18_macrocycle_18_0_model_168.cif.gz	/home/dkouv/work/tfr1-binder-design/experiments/007_RFD3_macrocycles/monomer_self_consistency/structural_tsne/tmalign_inputs/length_18_macrocycle_18_0_model_168.pdb
1169	18	length_18_macrocycle_18_0_model_169	/home/dkouv/work/tfr1-binder-design/experiments/007_RFD3_macrocycles/monomer_self_consistency/rfd3_backbones/length_18/length_18_macrocycle_18_0_model_169.cif.gz	/home/dkouv/work/tfr1-binder-design/experiments/007_RFD3_macrocycles/monomer_self_consistency/structural_tsne/tmalign_inputs/length_18_macrocycle_18_0_model_169.pdb
1170	18	length_18_macrocycle_18_0_model_170	/home/dkouv/work/tfr1-binder-design/experiments/007_RFD3_macrocycles/monomer_self_consistency/rfd3_backbones/length_18/length_18_macrocycle_18_0_model_170.cif.gz	/home/dkouv/work/tfr1-binder-design/experiments/007_RFD3_macrocycles/monomer_self_consistency/structural_tsne/tmalign_inputs/length_18_macrocycle_18_0_model_170.pdb
1171	18	length_18_macrocycle_18_0_model_171	/home/dkouv/work/tfr1-binder-design/experiments/007_RFD3_macrocycles/monomer_self_consistency/rfd3_backbones/length_18/length_18_macrocycle_18_0_model_171.cif.gz	/home/dkouv/work/tfr1-binder-design/experiments/007_RFD3_macrocycles/monomer_self_consistency/structural_tsne/tmalign_inputs/length_18_macrocycle_18_0_model_171.pdb
1172	18	length_18_macrocycle_18_0_model_172	/home/dkouv/work/tfr1-binder-design/experiments/007_RFD3_macrocycles/monomer_self_consistency/rfd3_backbones/length_18/length_18_macrocycle_18_0_model_172.cif.gz	/home/dkouv/work/tfr1-binder-design/experiments/007_RFD3_macrocycles/monomer_self_consistency/structural_tsne/tmalign_inputs/length_18_macrocycle_18_0_model_172.pdb
1173	18	length_18_macrocycle_18_0_model_173	/home/dkouv/work/tfr1-binder-design/experiments/007_RFD3_macrocycles/monomer_self_consistency/rfd3_backbones/length_18/length_18_macrocycle_18_0_model_173.cif.gz	/home/dkouv/work/tfr1-binder-design/experiments/007_RFD3_macrocycles/monomer_self_consistency/structural_tsne/tmalign_inputs/length_18_macrocycle_18_0_model_173.pdb
1174	18	length_18_macrocycle_18_0_model_174	/home/dkouv/work/tfr1-binder-design/experiments/007_RFD3_macrocycles/monomer_self_consistency/rfd3_backbones/length_18/length_18_macrocycle_18_0_model_174.cif.gz	/home/dkouv/work/tfr1-binder-design/experiments/007_RFD3_macrocycles/monomer_self_consistency/structural_tsne/tmalign_inputs/length_18_macrocycle_18_0_model_174.pdb
1175	18	length_18_macrocycle_18_0_model_175	/home/dkouv/work/tfr1-binder-design/experiments/007_RFD3_macrocycles/monomer_self_consistency/rfd3_backbones/length_18/length_18_macrocycle_18_0_model_175.cif.gz	/home/dkouv/work/tfr1-binder-design/experiments/007_RFD3_macrocycles/monomer_self_consistency/structural_tsne/tmalign_inputs/length_18_macrocycle_18_0_model_175.pdb
1176	18	length_18_macrocycle_18_0_model_176	/home/dkouv/work/tfr1-binder-design/experiments/007_RFD3_macrocycles/monomer_self_consistency/rfd3_backbones/length_18/length_18_macrocycle_18_0_model_176.cif.gz	/home/dkouv/work/tfr1-binder-design/experiments/007_RFD3_macrocycles/monomer_self_consistency/structural_tsne/tmalign_inputs/length_18_macrocycle_18_0_model_176.pdb
1177	18	length_18_macrocycle_18_0_model_177	/home/dkouv/work/tfr1-binder-design/experiments/007_RFD3_macrocycles/monomer_self_consistency/rfd3_backbones/length_18/length_18_macrocycle_18_0_model_177.cif.gz	/home/dkouv/work/tfr1-binder-design/experiments/007_RFD3_macrocycles/monomer_self_consistency/structural_tsne/tmalign_inputs/length_18_macrocycle_18_0_model_177.pdb
1178	18	length_18_macrocycle_18_0_model_178	/home/dkouv/work/tfr1-binder-design/experiments/007_RFD3_macrocycles/monomer_self_consistency/rfd3_backbones/length_18/length_18_macrocycle_18_0_model_178.cif.gz	/home/dkouv/work/tfr1-binder-design/experiments/007_RFD3_macrocycles/monomer_self_consistency/structural_tsne/tmalign_inputs/length_18_macrocycle_18_0_model_178.pdb
1179	18	length_18_macrocycle_18_0_model_179	/home/dkouv/work/tfr1-binder-design/experiments/007_RFD3_macrocycles/monomer_self_consistency/rfd3_backbones/length_18/length_18_macrocycle_18_0_model_179.cif.gz	/home/dkouv/work/tfr1-binder-design/experiments/007_RFD3_macrocycles/monomer_self_consistency/structural_tsne/tmalign_inputs/length_18_macrocycle_18_0_model_179.pdb
1180	18	length_18_macrocycle_18_0_model_180	/home/dkouv/work/tfr1-binder-design/experiments/007_RFD3_macrocycles/monomer_self_consistency/rfd3_backbones/length_18/length_18_macrocycle_18_0_model_180.cif.gz	/home/dkouv/work/tfr1-binder-design/experiments/007_RFD3_macrocycles/monomer_self_consistency/structural_tsne/tmalign_inputs/length_18_macrocycle_18_0_model_180.pdb
1181	18	length_18_macrocycle_18_0_model_181	/home/dkouv/work/tfr1-binder-design/experiments/007_RFD3_macrocycles/monomer_self_consistency/rfd3_backbones/length_18/length_18_macrocycle_18_0_model_181.cif.gz	/home/dkouv/work/tfr1-binder-design/experiments/007_RFD3_macrocycles/monomer_self_consistency/structural_tsne/tmalign_inputs/length_18_macrocycle_18_0_model_181.pdb
1182	18	length_18_macrocycle_18_0_model_182	/home/dkouv/work/tfr1-binder-design/experiments/007_RFD3_macrocycles/monomer_self_consistency/rfd3_backbones/length_18/length_18_macrocycle_18_0_model_182.cif.gz	/home/dkouv/work/tfr1-binder-design/experiments/007_RFD3_macrocycles/monomer_self_consistency/structural_tsne/tmalign_inputs/length_18_macrocycle_18_0_model_182.pdb
1183	18	length_18_macrocycle_18_0_model_183	/home/dkouv/work/tfr1-binder-design/experiments/007_RFD3_macrocycles/monomer_self_consistency/rfd3_backbones/length_18/length_18_macrocycle_18_0_model_183.cif.gz	/home/dkouv/work/tfr1-binder-design/experiments/007_RFD3_macrocycles/monomer_self_consistency/structural_tsne/tmalign_inputs/length_18_macrocycle_18_0_model_183.pdb
1184	18	length_18_macrocycle_18_0_model_184	/home/dkouv/work/tfr1-binder-design/experiments/007_RFD3_macrocycles/monomer_self_consistency/rfd3_backbones/length_18/length_18_macrocycle_18_0_model_184.cif.gz	/home/dkouv/work/tfr1-binder-design/experiments/007_RFD3_macrocycles/monomer_self_consistency/structural_tsne/tmalign_inputs/length_18_macrocycle_18_0_model_184.pdb
1185	18	length_18_macrocycle_18_0_model_185	/home/dkouv/work/tfr1-binder-design/experiments/007_RFD3_macrocycles/monomer_self_consistency/rfd3_backbones/length_18/length_18_macrocycle_18_0_model_185.cif.gz	/home/dkouv/work/tfr1-binder-design/experiments/007_RFD3_macrocycles/monomer_self_consistency/structural_tsne/tmalign_inputs/length_18_macrocycle_18_0_model_185.pdb
1186	18	length_18_macrocycle_18_0_model_186	/home/dkouv/work/tfr1-binder-design/experiments/007_RFD3_macrocycles/monomer_self_consistency/rfd3_backbones/length_18/length_18_macrocycle_18_0_model_186.cif.gz	/home/dkouv/work/tfr1-binder-design/experiments/007_RFD3_macrocycles/monomer_self_consistency/structural_tsne/tmalign_inputs/length_18_macrocycle_18_0_model_186.pdb
1187	18	length_18_macrocycle_18_0_model_187	/home/dkouv/work/tfr1-binder-design/experiments/007_RFD3_macrocycles/monomer_self_consistency/rfd3_backbones/length_18/length_18_macrocycle_18_0_model_187.cif.gz	/home/dkouv/work/tfr1-binder-design/experiments/007_RFD3_macrocycles/monomer_self_consistency/structural_tsne/tmalign_inputs/length_18_macrocycle_18_0_model_187.pdb
1188	18	length_18_macrocycle_18_0_model_188	/home/dkouv/work/tfr1-binder-design/experiments/007_RFD3_macrocycles/monomer_self_consistency/rfd3_backbones/length_18/length_18_macrocycle_18_0_model_188.cif.gz	/home/dkouv/work/tfr1-binder-design/experiments/007_RFD3_macrocycles/monomer_self_consistency/structural_tsne/tmalign_inputs/length_18_macrocycle_18_0_model_188.pdb
1189	18	length_18_macrocycle_18_0_model_189	/home/dkouv/work/tfr1-binder-design/experiments/007_RFD3_macrocycles/monomer_self_consistency/rfd3_backbones/length_18/length_18_macrocycle_18_0_model_189.cif.gz	/home/dkouv/work/tfr1-binder-design/experiments/007_RFD3_macrocycles/monomer_self_consistency/structural_tsne/tmalign_inputs/length_18_macrocycle_18_0_model_189.pdb
1190	18	length_18_macrocycle_18_0_model_190	/home/dkouv/work/tfr1-binder-design/experiments/007_RFD3_macrocycles/monomer_self_consistency/rfd3_backbones/length_18/length_18_macrocycle_18_0_model_190.cif.gz	/home/dkouv/work/tfr1-binder-design/experiments/007_RFD3_macrocycles/monomer_self_consistency/structural_tsne/tmalign_inputs/length_18_macrocycle_18_0_model_190.pdb
1191	18	length_18_macrocycle_18_0_model_191	/home/dkouv/work/tfr1-binder-design/experiments/007_RFD3_macrocycles/monomer_self_consistency/rfd3_backbones/length_18/length_18_macrocycle_18_0_model_191.cif.gz	/home/dkouv/work/tfr1-binder-design/experiments/007_RFD3_macrocycles/monomer_self_consistency/structural_tsne/tmalign_inputs/length_18_macrocycle_18_0_model_191.pdb
1192	18	length_18_macrocycle_18_0_model_192	/home/dkouv/work/tfr1-binder-design/experiments/007_RFD3_macrocycles/monomer_self_consistency/rfd3_backbones/length_18/length_18_macrocycle_18_0_model_192.cif.gz	/home/dkouv/work/tfr1-binder-design/experiments/007_RFD3_macrocycles/monomer_self_consistency/structural_tsne/tmalign_inputs/length_18_macrocycle_18_0_model_192.pdb
1193	18	length_18_macrocycle_18_0_model_193	/home/dkouv/work/tfr1-binder-design/experiments/007_RFD3_macrocycles/monomer_self_consistency/rfd3_backbones/length_18/length_18_macrocycle_18_0_model_193.cif.gz	/home/dkouv/work/tfr1-binder-design/experiments/007_RFD3_macrocycles/monomer_self_consistency/structural_tsne/tmalign_inputs/length_18_macrocycle_18_0_model_193.pdb
1194	18	length_18_macrocycle_18_0_model_194	/home/dkouv/work/tfr1-binder-design/experiments/007_RFD3_macrocycles/monomer_self_consistency/rfd3_backbones/length_18/length_18_macrocycle_18_0_model_194.cif.gz	/home/dkouv/work/tfr1-binder-design/experiments/007_RFD3_macrocycles/monomer_self_consistency/structural_tsne/tmalign_inputs/length_18_macrocycle_18_0_model_194.pdb
1195	18	length_18_macrocycle_18_0_model_195	/home/dkouv/work/tfr1-binder-design/experiments/007_RFD3_macrocycles/monomer_self_consistency/rfd3_backbones/length_18/length_18_macrocycle_18_0_model_195.cif.gz	/home/dkouv/work/tfr1-binder-design/experiments/007_RFD3_macrocycles/monomer_self_consistency/structural_tsne/tmalign_inputs/length_18_macrocycle_18_0_model_195.pdb
1196	18	length_18_macrocycle_18_0_model_196	/home/dkouv/work/tfr1-binder-design/experiments/007_RFD3_macrocycles/monomer_self_consistency/rfd3_backbones/length_18/length_18_macrocycle_18_0_model_196.cif.gz	/home/dkouv/work/tfr1-binder-design/experiments/007_RFD3_macrocycles/monomer_self_consistency/structural_tsne/tmalign_inputs/length_18_macrocycle_18_0_model_196.pdb
1197	18	length_18_macrocycle_18_0_model_197	/home/dkouv/work/tfr1-binder-design/experiments/007_RFD3_macrocycles/monomer_self_consistency/rfd3_backbones/length_18/length_18_macrocycle_18_0_model_197.cif.gz	/home/dkouv/work/tfr1-binder-design/experiments/007_RFD3_macrocycles/monomer_self_consistency/structural_tsne/tmalign_inputs/length_18_macrocycle_18_0_model_197.pdb
1198	18	length_18_macrocycle_18_0_model_198	/home/dkouv/work/tfr1-binder-design/experiments/007_RFD3_macrocycles/monomer_self_consistency/rfd3_backbones/length_18/length_18_macrocycle_18_0_model_198.cif.gz	/home/dkouv/work/tfr1-binder-design/experiments/007_RFD3_macrocycles/monomer_self_consistency/structural_tsne/tmalign_inputs/length_18_macrocycle_18_0_model_198.pdb
1199	18	length_18_macrocycle_18_0_model_199	/home/dkouv/work/tfr1-binder-design/experiments/007_RFD3_macrocycles/monomer_self_consistency/rfd3_backbones/length_18/length_18_macrocycle_18_0_model_199.cif.gz	/home/dkouv/work/tfr1-binder-design/experiments/007_RFD3_macrocycles/monomer_self_consistency/structural_tsne/tmalign_inputs/length_18_macrocycle_18_0_model_199.pdb
